region_id,sheet_number,bid_item,text,llm_region_type,llm_association_strength,final_validation,llm_confidence,llm_reason
region_000204,A-005,Furnish & Install Self-Adhered Single-Ply Roofing Membrane,"F. WHERE ROOF TO VERTICAL WALL INTERSECTIONS OCCUR, RUN MEMBRANE MINIMUM 8"" UP WALL. REFER TO DETAILS FOR TERMINATION.",GENERAL_NOTE,DIRECT,RIGHT,HIGH,"The highlighted region contains a general roof-plan note that directly references membrane installation (RUN MEMBRANE) on the roof. This directly identifies the material/work (roofing membrane) to be furnished/installed and is located on the roof plan, providing explicit evidence tying it to the bid item rather than relying on indirect associations."
region_000205,A-005,Furnish & Install Self-Adhered Single-Ply Roofing Membrane,G. ROOF MEMBRANE TO BE 80 MIL MINIMUM THICKNESS UNLESS NOTED OTHERWISE.,SPECIFICATION_TEXT,INDIRECT,WRONG,MEDIUM,"The region contains a general specification note about roof membranes and thickness. It does not explicitly identify or label the bid item (self-adhered single-ply membrane) or its installation work. This is a SPECIFICATION_TEXT/GENERAL_NOTE, which by rule does not directly establish the bid item, even though it mentions membranes. Therefore, the association is INDIRECT at best, and the correct decision is WRONG."
region_000206,A-005,Furnish & Install Tapered Rigid Insulation,"D. PROVIDE BUILT-UP TAPERED INSULATION ROOF CRICKETS AT ALL LOCATIONS OF CURBS, ROOFTOP EQUIPMENT, ETC. TO ALLOW POSITIVE DRAINAGE AND PREVENT PONDING.",GENERAL_NOTE,NONE,WRONG,HIGH,"The highlighted general-note text discusses built-up tapered insulation crickets for drainage but does not directly identify or reference the bid item. The exact bid item specifies tapered rigid insulation; the region uses ""BUILT-UP"" insulation and does not explicitly reference rigid insulation or a specific installation action for the bid item. Therefore, there is no direct evidence linking this region to the original bid item."
region_000207,A-005,Furnish & Install Tapered Rigid Insulation,"E. TAPERED INSULATION SLOPE TO BE 1/4"" PER FOOT MINIMUM. SLOPE AS INDICATED ON PLANS.",GENERAL_NOTE,NONE,WRONG,HIGH,"The region visibly contains a general roof-note about tapered insulation slope, not an explicit reference to the bid item 'Furnish & Install Tapered Rigid Insulation'. There is no direct identification of the bid item (no text like 'Furnish & Install', 'Rigid Insulation', or a detail/schedule explicitly tied to the bid item). Per the guidelines, a general note or specification text does not constitute a DIRECT association to the bid item. Therefore, the association is NONE/INDIRECT at best, and the correct decision is WRONG."
region_000208,A-005,Furnish & Install Tapered Rigid Insulation,"H. SLOPE ALL CRICKETS AS SHOWN AT A MINIMUM OF 1/4"" PER FOOT, UNLESS NOTED OTHERWISE.",GENERAL_NOTE,NONE,WRONG,HIGH,"The highlighted region is a general notes block on the roof plans. It does not directly identify or label the bid item 'Furnish & Install Tapered Rigid Insulation' (no explicit reference to 'Rigid Insulation' or installation of that material). It only provides general guidance about tapered insulation in notes, which is indirect at best and does not constitute direct evidence of the bid item per the required criteria."
region_000209,A-005,Furnish & Install Wall Partition Assemblies As Per Wall Type Schedules And Tags,A1,GRID_REFERENCE,NONE,WRONG,HIGH,"The highlighted region visibly contains a grid reference bubble labeled 'A1' along the grid line. This is a grid reference indicator, not a bid item or a direct indication of wall partition assemblies (metal framing). Special rule for grid references states this is not a bid item and should not be considered direct evidence for the bid item. Therefore, the region does not directly reference the original bid item."
region_000210,A-005,Furnish & Install Wall Partition Assemblies As Per Wall Type Schedules And Tags,A1,GRID_REFERENCE,NONE,WRONG,HIGH,The highlighted region is a grid reference bubble ('A1'). Grid references do not constitute a bid item or directly reference wall partition assemblies; there is no direct evidence linking this region to the original bid item.
region_000211,A-005,Furnish & Install Wall Partition Assemblies As Per Wall Type Schedules And Tags,A4,GRID_REFERENCE,NONE,WRONG,HIGH,"The highlighted region shows grid reference callouts (A2, A3, A4) rather than any finishes, materials, or components. There is no direct evidence identifying or referencing the bid item 'Furnish & Install Wall Partition Assemblies As Per Wall Type Schedules And Tags' (Metal Framing). Grid references are not bid items themselves, so this region does not directly associate to the bid item. No indirect justification is present that would convert this into a direct association."
region_000212,A-005,Furnish & Install Wall Partition Assemblies As Per Wall Type Schedules And Tags,A4,GRID_REFERENCE,NONE,WRONG,HIGH,"The highlighted region contains a grid bubble/label 'A4' with dashed grid lines, indicating plan geometry location on the roof plan sheet. This is a grid reference, not a wall partition assembly reference. There is no label, tag, schedule, or detail in this region that directly identifies or locates the original bid item (Furnish & Install Wall Partition Assemblies As Per Wall Type Schedules And Tags). Therefore, there is NO DIRECT association to the bid item."
region_000213,A-005,Furnish & Install Wall Partition Assemblies As Per Wall Type Schedules And Tags,AX,PLAN_GEOMETRY,NONE,WRONG,HIGH,"The region is a plan geometry fragment of walls and openings and shows finish tags, but it does not visibly identify a specific wall partition assembly or map to Wall Type S schedules/tags. There is no explicit bid item reference within the region itself, so no direct association with 'Furnish & Install Wall Partition Assemblies As Per Wall Type Schedules And Tags' can be established. Relying on nearby features or OCR is not allowed for a direct association."
region_000214,A-005,Furnish & Install Wall Partition Assemblies As Per Wall Type Schedules And Tags,AX,GRID_REFERENCE,NONE,WRONG,HIGH,"The highlighted region contains a grid/reference label (AX) rather than a finish, wall type tag, or explicit partition-related annotation. Grid references do not directly identify or reference the Bid Item (Furnish & Install Wall Partition Assemblies As Per Wall Type Schedules And Tags). Therefore, there is no direct evidence linking this region to the bid item."
region_000215,A-005,Furnish & Install Wall Partition Assemblies As Per Wall Type Schedules And Tags,AV,PLAN_GEOMETRY,NONE,WRONG,HIGH,"Direct association requires the region itself to identify the wall partition work (material/work, finish, or a schedule/detail entry explicitly tied to the bid item). The highlighted region on the roof plan shows geometry of a core/shaft with no partition tags or wall-type references. OCR hints (e.g., 'AV') do not establish a direct connection to 'Furnish & Install Wall Partition Assemblies As Per Wall Type Schedules And Tags'. Therefore, there is NO direct evidence linking this region to the bid item, and the association is WRONG."
region_000216,A-005,Furnish & Install Wall Partition Assemblies As Per Wall Type Schedules And Tags,AV,EQUIPMENT_TAG,NONE,WRONG,HIGH,"Direct evidence tying the region to the bid item (Furnish & Install Wall Partition Assemblies As Per Wall Type Schedules And Tags, Metal Framing) is not present. The region is an equipment tag on a Roof Plan, not a wall partition detail, tag, or schedule that explicitly identifies or references the bid item."
region_000217,A-005,Furnish & Install Wall Partition Assemblies As Per Wall Type Schedules And Tags,AZ,PLAN_GEOMETRY,NONE,WRONG,HIGH,"The highlighted region resides on a roof plan (Plan Geometry) and does not display any direct reference to wall partition assemblies, metal framing, or wall-type schedules/tags. There is no finish/tag indication, room label, schedule entry, or detail that explicitly identifies a wall partition work. The bid item specifies Furnish & Install Wall Partition Assemblies per wall type schedules and tags, which would require direct labeling or tagging in this region. OCR hints are unreliable here, and the image evidence shows only general plan geometry, not the specific bid-item evidence, so the association is not direct."
region_000218,A-005,Furnish & Install Wall Partition Assemblies As Per Wall Type Schedules And Tags,AZ,GRID_REFERENCE,NONE,WRONG,HIGH,"The highlighted region is a grid reference (AZ) used to locate drawing content. It does not directly identify any wall partition assembly, finish, material, or any bid-item work. GRID_REFERENCE references are not bid items and do not provide direct drawing evidence for Furnish & Install Wall Partition Assemblies (Metal Framing)."
region_000219,A-005,Furnish & Install Wall Partition Assemblies As Per Wall Type Schedules And Tags,A2,GRID_REFERENCE,NONE,WRONG,HIGH,"The highlighted region shows grid reference callouts on the roof plan and does not contain any direct reference to wall partition assemblies, wall type schedules, or metal framing. There is no visual element that explicitly identifies or references the bid item; therefore there is no direct association."
region_000220,A-005,Furnish & Install Wall Partition Assemblies As Per Wall Type Schedules And Tags,A2,GRID_REFERENCE,NONE,WRONG,HIGH,"The highlighted region visibly contains the grid reference label 'A2' (grid bubble) and not any material/finish tag, room label, or schedule entry that directly identifies the bid item. Grid references are not bid-item evidence and do not explicitly reference 'Furnish & Install Wall Partition Assemblies As Per Wall Type Schedules And Tags' or 'Metal Framing'. Therefore there is no direct evidence linking this region to the bid item; the association is NONE (not DIRECT)."
region_000221,A-005,Furnish & Install Wall Partition Assemblies As Per Wall Type Schedules And Tags,A3,GRID_REFERENCE,NONE,WRONG,HIGH,"The region visually contains a grid reference (A3) and does not directly identify or reference the bid item (Furnish & Install Wall Partition Assemblies). For a direct association, the region would need to show a wall tag/type label or a schedule entry tied to wall partitions."
region_000222,A-005,Furnish & Install Wall Partition Assemblies As Per Wall Type Schedules And Tags,A3,PLAN_GEOMETRY,NONE,WRONG,HIGH,"The highlighted region is a roof-plan plan-geometry area with grid and wall outlines and does not contain any explicit reference to Furnish & Install Wall Partition Assemblies, Wall Type Schedules, or Metal Framing. There is no direct evidence tying this specific region to the bid item; relying on indirect cues (same trade, same sheet) would be incorrect per the required audit rules."
region_000223,A-005,Furnish & Install Wall Partition Assemblies As Per Wall Type Schedules And Tags,A1,GRID_REFERENCE,NONE,WRONG,HIGH,"The highlighted region is a grid reference bubble ('A1'), which is a plan/grid reference literal. It does not directly identify, locate, or reference the original bid item (Furnish & Install Wall Partition Assemblies ..., Metal Framing). There is no direct evidence linking this region to the bid item; it is not a finish/work tag, a wall type tag, or a schedule entry."
region_000224,A-005,Furnish & Install Wall Partition Assemblies As Per Wall Type Schedules And Tags,A1,GRID_REFERENCE,NONE,WRONG,HIGH,"The highlighted region visibly contains a circular grid reference tag 'A1' with adjacent grid-line markers. This is a grid reference, not a bid item. There is no direct indication of wall partition assemblies or metal framing, no wall-type tag, finish, schedule, or detail explicitly referencing the bid item. Per the special rule, grid references are not bid items, so there is no direct association to the original bid item."
region_000225,A-005,Furnish & Install Wall Partition Assemblies As Per Wall Type Schedules And Tags,A4,GRID_REFERENCE,NONE,WRONG,HIGH,"The region primarily shows grid reference callouts (A2, A3, A4) and associated grid lines. There is no explicit indication of a wall partition assembly, wall type tag, finish schedule, or detail that directly identifies or references the Bid Item 'Furnish & Install Wall Partition Assemblies As Per Wall Type Schedules And Tags'. A grid reference by itself does not constitute direct evidence for the bid item; no explicit wall-type/partition information is shown in this region."
region_000226,A-005,Furnish & Install Wall Partition Assemblies As Per Wall Type Schedules And Tags,A4,GRID_REFERENCE,NONE,WRONG,HIGH,"The highlighted region contains grid reference markers (A2, A3, A4) and grid lines. There is no visible bid item identification (no wall partition material, finish tag, schedule, or detail) within this region. Grid references are location coordinates and do not directly identify or reference the Bid Item 'Furnish & Install Wall Partition Assemblies As Per Wall Type Schedules And Tags' (Metal Framing). Therefore, no direct association is evidenced."
region_000227,A-005,Furnish & Install Wall Partition Assemblies As Per Wall Type Schedules And Tags,AX,FINISH_TAG,INDIRECT,WRONG,HIGH,"The highlighted region shows FX finish-tag callouts, which indicate finishes, not a direct reference to furnishing/installation of wall partition assemblies per the 'Wall Type Schedules And Tags' requirement. There is no explicit partition assembly label, schedule entry, or component that directly identifies the bid item in this region; finish tags alone are insufficient for direct association."
region_000228,A-005,Furnish & Install Wall Partition Assemblies As Per Wall Type Schedules And Tags,AX,GRID_REFERENCE,NONE,WRONG,HIGH,"The highlighted region contains a blue circled tag 'AX' with a leader line, which is consistent with a grid/axis reference tag rather than a wall partition/work item. There is no explicit indication of a wall type, metal framing, or a finish/work entry directly referencing the bid item (Furnish & Install Wall Partition Assemblies As Per Wall Type Schedules And Tags). According to the GRID REFERENCES special rule, a grid bubble/reference is NOT a bid item and does not provide direct evidence for the bid item. Therefore there is NO direct association to the bid item (association_strength = NONE), and the correct decision is WRONG."
region_000229,A-005,Furnish & Install Wall Partition Assemblies As Per Wall Type Schedules And Tags,AV,EQUIPMENT_TAG,NONE,WRONG,HIGH,"The highlighted area contains elevator equipment tags ('EV') and core plan elements, not any direct indication of wall partition assemblies or wall type schedules. There is no explicit detail, tag, or schedule in this region that references the bid item; thus the association is not direct."
region_000230,A-005,Furnish & Install Wall Partition Assemblies As Per Wall Type Schedules And Tags,AV,EQUIPMENT_TAG,NONE,WRONG,HIGH,"The highlighted region contains an equipment tag 'AV' on a roof plan (Architectural sheet A-005 Roof Plan), not a wall partition or metal framing element. There is no wall type, finish tag, partition symbol, or wall-type schedule reference in this region. The sheet itself is a roof plan, not a wall-type scheduling page. Therefore there is no direct evidence that this region identifies or locates the bid item 'Furnish & Install Wall Partition Assemblies As Per Wall Type Schedules And Tags'."
region_000231,A-005,Furnish & Install Wall Partition Assemblies As Per Wall Type Schedules And Tags,AZ,PLAN_GEOMETRY,NONE,WRONG,HIGH,"The highlighted region shows only plan geometry of a wall/partition area without a wall type tag, schedule entry, or explicit reference to a wall partition assembly (no W-type tag, no finish/assembly note). It is located on a roof plan sheet (A-005) where interior partitions are not directly identified by a bid-item tag. There is no direct evidence linking this region to the Bid Item “Furnish & Install Wall Partition Assemblies As Per Wall Type Schedules And Tags.” Therefore, the association is NOT DIRECT and the correct decision is WRONG."
region_000232,A-005,Furnish & Install Wall Partition Assemblies As Per Wall Type Schedules And Tags,AZ,GRID_REFERENCE,NONE,WRONG,HIGH,"The region visibly contains a circular marker with 'AZ' (grid reference) and a leader line to a grid line. This is a grid-reference element, not a bid-item identifier. The original bid item is 'Furnish & Install Wall Partition Assemblies As Per Wall Type Schedules And Tags' (Metal Framing). There is no direct visual evidence within this region that identifies, locates, or explicitly references that bid item (no material, finish, room label, or schedule entry linking to wall partitions). Therefore, this region does not directly associate with the bid item."
region_000233,A-005,Furnish & Install Wall Partition Assemblies As Per Wall Type Schedules And Tags,A2,PLAN_GEOMETRY,NONE,WRONG,HIGH,"The highlighted region does not contain any direct reference to wall partition assemblies or metal framing (no Wall Type S tag, schedule, or detail). It shows roof-plan geometry and generic callouts, which do not directly identify or locate the bid item."
region_000234,A-005,Furnish & Install Wall Partition Assemblies As Per Wall Type Schedules And Tags,A2,GRID_REFERENCE,NONE,WRONG,HIGH,"The highlighted region contains a grid reference bubble (A2). Grid references are not bid items and do not directly identify, locate, or reference the Furnish & Install Wall Partition Assemblies (Wall Type Schedules and Tags) bid item. No direct evidence (finish, material, partition label, or schedule entry) linking this region to the bid item is visible. Therefore, this region does not have a DIRECT association to the bid item; its relevance would be indirect at best (and is considered WRONG per the rules)."
region_000235,A-005,Furnish & Install Wall Partition Assemblies As Per Wall Type Schedules And Tags,A3,GRID_REFERENCE,NONE,WRONG,HIGH,"The highlighted region shows a blue circular tag with the text 'A3', which is a grid reference bubble used for location, not for identifying work. According to the GRID_REFERENCE rule, a grid bubble is not a bid-item indicator. There is no visible wall-type tag, finish schedule reference, or any explicit indication of 'Furnish & Install Wall Partition Assemblies' or 'Metal Framing' in this region. Therefore, there is no direct evidence linking this region to the original bid item; the association is not direct, and the correct decision is WRONG."
region_000236,A-005,Furnish & Install Wall Partition Assemblies As Per Wall Type Schedules And Tags,A3,PLAN_GEOMETRY,NONE,WRONG,HIGH,"The highlighted region displays general plan geometry and grid references, but there is no explicit indication of wall partition assemblies or wall-type schedules/tags that would directly identify the bid item. Therefore, there is no direct association to the original bid item in this region."
region_000237,A-005,Furnish & Install Wall Partition Assemblies As Per Wall Type Schedules And Tags,A1,EQUIPMENT_TAG,DIRECT,RIGHT,HIGH,"The region visibly contains a wall-type tag (A1) directly labeling a wall element, which corresponds to the wall type required by the bid item. No inference from OCR or indirect reasoning is needed."
region_000238,A-005,Furnish & Install Wall Partition Assemblies As Per Wall Type Schedules And Tags,A1,GRID_REFERENCE,NONE,WRONG,HIGH,"The highlighted region visually contains grid reference bubbles (A1, A2, A3, etc.) which are used for locating elements on the plan. There is no visible wall partition tag, wall type schedule, or partition-related symbol that directly identifies or references the original bid item (Furnish & Install Wall Partition Assemblies As Per Wall Type Schedules And Tags). Therefore, there is no direct association with the bid item; at best it is contextual plan geometry, not a direct bid-item evidence."
region_000239,A-005,Furnish & Install Wall Partition Assemblies As Per Wall Type Schedules And Tags,A4,GRID_REFERENCE,NONE,WRONG,HIGH,"The highlighted region contains a grid bubble labeled 'A4' along a dashed grid line. A grid reference is not a bid item and does not directly identify, locate, or reference the Furnish & Install Wall Partition Assemblies (Wall Type Schedules and Tags) for Metal Framing. There is no explicit finish, material, or partition assembly information in the region. Therefore there is no direct association with the bid item; the correct decision is WRONG."
region_000240,A-005,Furnish & Install Wall Partition Assemblies As Per Wall Type Schedules And Tags,A4,GRID_REFERENCE,NONE,WRONG,HIGH,"The region visually contains a grid bubble (A4) with a leader line, which is a grid reference, not a bid item. Grid references are explicitly excluded as direct evidence for a bid item. There is no visible element in this region that directly identifies, labels, or references the original bid item (Furnish & Install Wall Partition Assemblies As Per Wall Type Schedules And Tags / Metal Framing)."
region_000241,A-005,Furnish & Install Wall Partition Assemblies As Per Wall Type Schedules And Tags,AX,FINISH_TAG,INDIRECT,WRONG,MEDIUM,"The region contains finish tags (FX) which indicate finishes rather than directly identifying or labeling the specific bid item (Furnish & Install Wall Partition Assemblies). There is no visible wall-type schedule, wall tag, or explicit reference to a wall partition assembly in this region; the evidence is thus indirect at best and not a direct match to the bid item."
region_000242,A-005,Furnish & Install Wall Partition Assemblies As Per Wall Type Schedules And Tags,AX,GRID_REFERENCE,NONE,WRONG,HIGH,"The highlighted region visually contains a grid reference tag 'AX' with a leader, not a label, schedule, detail, or finish indication that directly identifies or references the bid item 'Furnish & Install Wall Partition Assemblies As Per Wall Type Schedules And Tags'. Grid references are not bid-item evidence and do not establish direct association to wall partition work."
region_000243,A-005,Furnish & Install Wall Partition Assemblies As Per Wall Type Schedules And Tags,AV,FINISH_TAG,NONE,WRONG,MEDIUM,"The region visually contains finish-tag indicators (FZ) rather than a wall-type/partition label or detailed wall-assembly reference. There is no explicit reference to Wall Type S or a partition assembly in this region. It is on a roof plan sheet and lacks evidence directly identifying the bid-item work (furnish & install wall partition assemblies with metal framing). Therefore, no direct association to the bid item is shown; OCR alone is not sufficient to change this."
region_000244,A-005,Furnish & Install Wall Partition Assemblies As Per Wall Type Schedules And Tags,AV,EQUIPMENT_TAG,NONE,WRONG,HIGH,The highlighted region is a generic annotation tag ('AV') without a direct reference to a wall partition assembly or the Wall Type Schedule/Tags required by the bid item. The bid item requires explicit identification of wall partition assemblies via wall type schedules and tags; this region does not provide that direct linkage.
region_000245,A-005,Furnish & Install Wall Partition Assemblies As Per Wall Type Schedules And Tags,AZ,PLAN_GEOMETRY,NONE,WRONG,HIGH,"The highlighted region shows generic plan geometry (walls and a doorway/shaft) on the roof plan and does not contain any wall-type tag, partition assembly reference, finish tag, or schedule entry that explicitly identifies or references the original bid item (Furnish & Install Wall Partition Assemblies As Per Wall Type Schedules And Tags). There is no direct indication that this region represents or details a wall partition assembly per the bid item; OCR/text present is not sufficient to establish a direct association."
region_000246,A-005,Furnish & Install Wall Partition Assemblies As Per Wall Type Schedules And Tags,AZ,GRID_REFERENCE,NONE,WRONG,HIGH,"The highlighted region shows a blue circular tag labeled 'AZ' connected by a dashed leader. This is a grid reference bubble, not a bid-item identifier. Grid references do not directly identify or locate the original bid item (Furnish & Install Wall Partition Assemblies As Per Wall Type Schedules And Tags, Metal Framing) and provide no explicit evidence of wall partitions, finishes, or associated work. Therefore the region has no direct association with the bid item. The evidence is visually unambiguous and not dependent on OCR."
region_000247,A-005,Furnish & Install Wall Partition Assemblies As Per Wall Type Schedules And Tags,A2,GRID_REFERENCE,NONE,WRONG,HIGH,"The highlighted region shows a grid reference bubble (A2) used for locating grid lines on the plan. Grid references are explicitly NOT bid items and do not directly identify the wall partition work described in the original bid item. There is no other direct evidence (e.g., wall type tag or schedule) in this region that ties to 'Furnish & Install Wall Partition Assemblies As Per Wall Type Schedules And Tags'."
region_000248,A-005,Furnish & Install Wall Partition Assemblies As Per Wall Type Schedules And Tags,A2,PLAN_GEOMETRY,NONE,WRONG,HIGH,"The highlighted region shows roof-plan geometry with grid references (e.g., A1, A2, AZ) and wall outlines, but there is no direct evidence of wall partition assemblies, wall type schedules, or tags that explicitly identify or reference the bid item 'Furnish & Install Wall Partition Assemblies As Per Wall Type Schedules And Tags (Metal Framing)'. A direct association would require visible wall-type tags, partition assembly labels, or a corresponding wall type schedule/detail within this region, none of which are present. Therefore the region does not directly represent the bid item, and the association is WRONG."
region_000249,A-005,Furnish & Install Wall Partition Assemblies As Per Wall Type Schedules And Tags,A3,PLAN_GEOMETRY,NONE,WRONG,HIGH,"The region visually contains plan geometry of walls on a roof plan sheet (A-005) with grid callouts, but there is no explicit reference to 'Furnish & Install Wall Partition Assemblies As Per Wall Type Schedules And Tags' or any 'Wall Type' tag. Without a direct tag/schedule to the bid item, there is no direct association. The Special Rule indicates that generic references or OCR/text are not sufficient without explicit labeling; there is no schedule or tag here. Therefore the association is not direct."
region_000250,A-005,Furnish & Install Wall Partition Assemblies As Per Wall Type Schedules And Tags,A3,PLAN_GEOMETRY,NONE,WRONG,HIGH,"The highlighted region shows general plan geometry on a roof plan with grid references and no explicit wall partition tag or schedule. There is no direct evidence identifying or linking this region to the bid item 'Furnish & Install Wall Partition Assemblies As Per Wall Type Schedules And Tags'. The association would be INDIRECT at best if any, but there is no explicit labeling to support a direct association."
region_000251,A-005,Furnish & Install Wall Partition Assemblies As Per Wall Type Schedules And Tags,A1,GRID_REFERENCE,NONE,WRONG,HIGH,"The highlighted region contains grid reference callouts (A1, A2, A3, F2, B1, B2) which are used to locate elements on the plan. This does not directly identify, locate, or reference the bid item 'Furnish & Install Wall Partition Assemblies As Per Wall Type Schedules And Tags' (Metal Framing). There is no explicit wall partition, finish, schedule, or tag directly tied to the bid item in this region, so there is no direct association."
region_000252,A-005,Furnish & Install Wall Partition Assemblies As Per Wall Type Schedules And Tags,A1,GRID_REFERENCE,NONE,WRONG,HIGH,"The highlighted region contains a blue circular grid reference bubble with the label 'A1'. Grid references are not bid items and do not directly identify or reference wall partition assemblies. The original bid item requires wall partition assemblies per wall type schedules/tags, which would be evidenced by wall-type tags, partition details, or finish schedules, not by a grid reference bubble on a roof plan sheet."
region_000253,A-005,Furnish & Install Wall Partition Assemblies As Per Wall Type Schedules And Tags,A4,GRID_REFERENCE,NONE,WRONG,HIGH,"The highlighted region contains grid reference bubbles (A4, A3, A2) used to locate grid lines on the roof plan. There is no visible wall type tag, partition tag, schedule entry, or any other direct indication of wall partition assemblies. Therefore, the region does not directly identify, locate, or reference the Original Bid Item (Furnish & Install Wall Partition Assemblies As Per Wall Type Schedules And Tags). Grid references are indirect locational markers and do not constitute direct evidence for the bid item per the audit rules."
region_000254,A-005,Furnish & Install Wall Partition Assemblies As Per Wall Type Schedules And Tags,A4,GRID_REFERENCE,NONE,WRONG,HIGH,"The highlighted region shows grid reference bubbles (e.g., A4) and plan geometry only, with no wall partition assembly identifier, wall type tag, or schedule/detail entry that directly corresponds to the bid item “Furnish & Install Wall Partition Assemblies As Per Wall Type Schedules And Tags.” Therefore there is no direct association to the bid item."
region_000255,A-005,Furnish & Install Wall Partition Assemblies As Per Wall Type Schedules And Tags,AX,FINISH_TAG,INDIRECT,WRONG,MEDIUM,"The region contains finish-tag markers (FX) along a partition line, which indicate surface finishes rather than the actual wall partition assembly. The Bid Item requires furnishing and installing wall partition assemblies per wall type schedules/tags. The region does not directly identify, locate, or reference a specific wall partition assembly or its type (no wall-type tag or schedule visible). Therefore, while finishes are implied, there is no direct evidence linking this region to the Bid Item."
region_000256,A-005,Furnish & Install Wall Partition Assemblies As Per Wall Type Schedules And Tags,AX,GRID_REFERENCE,NONE,WRONG,HIGH,A grid reference bubble/label is not a bid-item indication. It does not directly identify or reference the wall partition assemblies or metal framing required by the bid item. Therefore there is no direct association to the original bid item.
region_000257,A-005,Furnish & Install Wall Partition Assemblies As Per Wall Type Schedules And Tags,AV,PLAN_GEOMETRY,NONE,WRONG,HIGH,"The region shows general plan geometry of interior partitions and a doorway with grid references and miscellaneous callouts, but it does not display any direct tag, schedule reference, or detail that explicitly identifies or references the wall partition assemblies (as per wall type schedules and tags) required by the bid item. There is no visible linkage to a wall-type schedule or metal-framing specification in this region; OCR hints do not substitute for direct drawing evidence. Therefore, no direct association to the bid item is present."
region_000258,A-005,Furnish & Install Wall Partition Assemblies As Per Wall Type Schedules And Tags,AV,PLAN_GEOMETRY,NONE,WRONG,HIGH,"The highlighted region is a roof-plan geometry area showing grid lines and generic walls, not a wall-type partition assembly or metal-framing tag/reference. There is no explicit evidence tying this region directly to the bid item."
region_000259,A-005,Furnish & Install Wall Partition Assemblies As Per Wall Type Schedules And Tags,AZ,PLAN_GEOMETRY,NONE,WRONG,HIGH,"There is no direct evidence in the highlighted region that identifies or references the original bid item (Furnish & Install Wall Partition Assemblies As Per Wall Type Schedules And Tags). The region shows generic wall geometry and a door opening without wall-type tags, schedules, or finish associations that would directly tie it to wall partition assemblies with metal framing. OCR alone is not considered evidence; the image must show a direct label or schedule item, which is absent here."
region_000260,A-005,Furnish & Install Wall Partition Assemblies As Per Wall Type Schedules And Tags,AZ,GRID_REFERENCE,NONE,WRONG,HIGH,"The highlighted region is a circular grid reference bubble containing the text 'AZ' with a dashed leader. This is a grid/zone reference annotation, not a wall partition, finish, or bid-item identifier. Per the Special Rule for GRID REFERENCES, grid bubbles/labels do not establish direct bid-item association. Therefore there is no direct evidence linking this region to the Bid Item 'Furnish & Install Wall Partition Assemblies As Per Wall Type Schedules And Tags' (Metal Framing)."
region_000261,A-005,Furnish & Install Wall Partition Assemblies As Per Wall Type Schedules And Tags,A2,GRID_REFERENCE,NONE,WRONG,HIGH,"The highlighted region contains grid reference markings (A2) on the roof plan. There is no text or symbol that directly identifies a wall partition assembly, wall type, or metal framing as required by the bid item. According to the GRID REFERENCES rule, grid references are not bid-item evidence and cannot directly satisfy the bid item association. Therefore, there is no direct association to the bid item."
region_000262,A-005,Furnish & Install Wall Partition Assemblies As Per Wall Type Schedules And Tags,A2,GRID_REFERENCE,NONE,WRONG,HIGH,"The highlighted region shows grid reference bubbles/lines (A4, A3, A2, A1, F2, B1). There is no tag, label, finish, schedule entry, or detail that directly identifies or references the bid item “Furnish & Install Wall Partition Assemblies As Per Wall Type Schedules And Tags” (Metal Framing). The region does not contain any wall-type tag or partition assembly reference; OCR evidence is ancillary and does not establish a direct association. Therefore the region does not directly prove the original bid item and the association is WRONG. The red locator box is not itself evidence."
region_000263,A-005,Furnish & Install Wall Partition Assemblies As Per Wall Type Schedules And Tags,A3,GRID_REFERENCE,NONE,WRONG,HIGH,"1) The region visibly contains a grid reference bubble 'A3' (a standard locating marker) rather than any bid-item specific label. 2) It does not depict or reference wall partition assemblies, wall type schedules, or metal framing as a direct element. 3) Therefore there is no direct evidence linking this region to the Bid Item; the relationship would be indirect at best (location context), which is not sufficient for a direct association. 4) No reliance on OCR alone; the visual evidence supports GRID_REFERENCE, not bid-item content."
region_000264,A-005,Furnish & Install Wall Partition Assemblies As Per Wall Type Schedules And Tags,A3,PLAN_GEOMETRY,NONE,WRONG,HIGH,"The highlighted region shows generic plan geometry (roof plan/wall outlines with grid references) and does not contain any direct evidence of 'Furnish & Install Wall Partition Assemblies As Per Wall Type Schedules And Tags' or any wall-type tag/schedule. There is no explicit reference to metal framing or a wall partition assembly within this specific region, nor any tag/designation that directly identifies the bid item. OCR hints are not considered as primary evidence; the visual content provides no direct association."
region_000265,A-005,Furnish & Install Wall Partition Assemblies As Per Wall Type Schedules And Tags,A1,GRID_REFERENCE,NONE,WRONG,HIGH,"The highlighted region visibly contains a grid reference bubble with 'A1'. This is a location reference, not a finish, material, or partition entry. Special Rule for GRID REFERENCES states that grid bubbles are NOT bid items. Therefore there is NO direct association with the Bid Item 'Furnish & Install Wall Partition Assemblies As Per Wall Type Schedules And Tags' (Metal Framing). The evidence is unambiguous and does not rely on OCR alone."
region_000266,A-005,Furnish & Install Wall Partition Assemblies As Per Wall Type Schedules And Tags,A1,GRID_REFERENCE,NONE,WRONG,HIGH,"The highlighted region shows a grid reference label 'A1' (blue circled tag) used for location referencing on the Roof Plan. It does not depict or label any wall partition assembly, metal framing, finish, schedule entry, or any element that directly corresponds to the bid item 'Furnish & Install Wall Partition Assemblies As Per Wall Type Schedules And Tags'. Grid references are not bid-item evidence, and there is no explicit drawing evidence tying this region to the bid item. Therefore, no direct association exists."
region_000267,A-005,Furnish & Install Wall Partition Assemblies As Per Wall Type Schedules And Tags,A4,DETAIL,NONE,WRONG,HIGH,"The highlighted region visually presents a detail callout marker (A4) with reference to detail A-210 on sheet A-005 (ROOF - BLDG TYPES). It does not identify, locate, or explicitly reference any wall partition assembly work or metal framing per the original bid item. There is no finish, material, or partition-specific tag present in the region itself. Therefore, there is no direct association to the bid item; reliance on same-trade or indirect connections would be insufficient per the guidelines."
region_000268,A-005,Furnish & Install Wall Partition Assemblies As Per Wall Type Schedules And Tags,A4,GRID_REFERENCE,NONE,WRONG,HIGH,"The highlighted region visually shows a grid reference bubble (A4) and grid lines, which is a grid reference element. Grid references are explicitly NOT bid items and do not directly identify or reference wall partition assemblies, wall types, or schedules. Therefore there is no direct evidence connecting this region to the original bid item; the association is NONE, not INDIRECT. "
region_000269,A-005,Furnish & Install Wall Partition Assemblies As Per Wall Type Schedules And Tags,AX,GRID_REFERENCE,NONE,WRONG,HIGH,"The highlighted region contains a grid reference AX, which is a plan/navigation aid, not a bid item. The bid item specifies Furnish & Install Wall Partition Assemblies (Metal Framing) and would require direct evidence of a partition/metal framing element or a corresponding wall-type tag/schedule in the region. The grid reference does not provide that direct association."
region_000270,A-005,Furnish & Install Wall Partition Assemblies As Per Wall Type Schedules And Tags,AX,SCHEDULE,DIRECT,RIGHT,HIGH,The region contains a wall-type tag (AX) that maps to a Wall Type AX entry in the wall type schedules. This is explicit evidence of the bid item requirement (furnish & install wall partition assemblies per wall type schedules/tags) and is not inferred from indirect cues.
region_000271,A-005,Furnish & Install Wall Partition Assemblies As Per Wall Type Schedules And Tags,AV,PLAN_GEOMETRY,NONE,WRONG,HIGH,"The region is a portion of Sheet A-005 (Roof Plan / Bldg Types) showing generic roof-plan geometry and FZ callouts, not any wall partition assembly, wall type schedule, or partition tagging. There is no explicit label, symbol, or detail identifying wall partitions or metal framing as required by the Bid Item 'Furnish & Install Wall Partition Assemblies As Per Wall Type Schedules And Tags'. Therefore there is no direct evidence linking this region to the bid item; it is not a direct representation of the bid item."
region_000272,A-005,Furnish & Install Wall Partition Assemblies As Per Wall Type Schedules And Tags,AV,EQUIPMENT_TAG,NONE,WRONG,HIGH,"The highlighted region contains a circular blue-tag with the letters 'AV' on Sheet A-005 (Roof Plan). This is an equipment/feature tag, not a wall partition element. There is no direct evidence of a wall partition assembly, metal framing, or any wall-type schedule/detail within this region. The bid item is Furnish & Install Wall Partition Assemblies As Per Wall Type Schedules And Tags (Metal Framing), which would require a tag, schedule, or detail explicitly referencing a wall partition or its metal framing. Instead, the region appears to label a roof/mechanical feature (e.g., an air vent/equipment tag), not a partition. Therefore, there is no direct association with the bid item; the association is WRONG."
region_000273,A-005,Furnish & Install Wall Partition Assemblies As Per Wall Type Schedules And Tags,AZ,PLAN_GEOMETRY,NONE,WRONG,HIGH,"The highlighted region is a roof-plan core/shaft area with a door, not a labeled wall partition assembly or a finish/work tag. There is no direct indication of wall partitions or metal framing in this region, nor any wall-type schedule or tag visible that explicitly references the bid item. OCR hints do not establish a direct association, and the evidence is visually incongruent with the bid item."
region_000274,A-005,Furnish & Install Wall Partition Assemblies As Per Wall Type Schedules And Tags,AZ,ROOM_LABEL,NONE,WRONG,HIGH,"The highlighted region contains a circled 'AZ' room/area label with a dashed leader. This is a room label, not a wall partition assembly reference or wall-type tag. The Original Bid Item requires furnishing and installing wall partition assemblies per wall type schedules and tags, which would require a wall-type tag or schedule reference visible in the region. There is no direct evidence within the region that identifies, locates, or explicitly references the bid item; therefore no direct association."
region_000275,A-005,Furnish & Install Wall Partition Assemblies As Per Wall Type Schedules And Tags,A2,GRID_REFERENCE,NONE,WRONG,HIGH,"The highlighted region visually contains a blue circular badge with the grid reference 'A2'. Grid references are used for location on the plan and do not represent or identify the wall partition assemblies or metal framing bid item. There is no direct evidence within this region that labels, denotes, or references the assigned bid item; thus the association is not direct."
region_000276,A-005,Furnish & Install Wall Partition Assemblies As Per Wall Type Schedules And Tags,A2,PLAN_GEOMETRY,NONE,WRONG,HIGH,"The highlighted region is a generic plan geometry fragment from a roof plan showing interior wall lines and an opening with grid references. There is no explicit tag, schedule, or detail in the region that directly identifies or references a wall partition assembly or metal framing as required by the Bid Item. OCR hints are secondary and do not establish direct evidence. Therefore, the region does not directly associate with the original bid item."
region_000277,A-005,Furnish & Install Wall Partition Assemblies As Per Wall Type Schedules And Tags,A3,PLAN_GEOMETRY,NONE,WRONG,HIGH,"The highlighted region depicts roof plan geometry and plan labeling, not wall partition assemblies or metal framing. There is no direct indication of wall type schedules, tags, or any finish/work item that would directly identify Furnish & Install Wall Partition Assemblies as per the bid item. Therefore it does not provide direct evidence for the original bid item."
region_000278,A-005,Furnish & Install Wall Partition Assemblies As Per Wall Type Schedules And Tags,A3,GRID_REFERENCE,NONE,WRONG,HIGH,"The highlighted region visibly contains a grid reference bubble labeled 'A3'. Grid references are not bid items and do not directly identify wall partitions or metal framing. There is no wall-type tag, finish tag, wall partition schedule, or detail entry that explicitly references the Bid Item 'Furnish & Install Wall Partition Assemblies As Per Wall Type Schedules And Tags' on this roof plan sheet. Per the SPECIAL RULES for GRID_REFERENCE and the need for a direct association, this region provides no direct evidence for the bid item."
region_000279,A-005,Furnish & Install Wall Partition Assemblies As Per Wall Type Schedules And Tags,A1,DETAIL,NONE,WRONG,HIGH,"The region shows a detail callout marker with a sheet/detail reference (A-202) rather than any explicit labeling, tag, or schedule for a wall partition assembly. It does not directly identify or reference the specified bid item (Furnish & Install Wall Partition Assemblies) or its metal framing components. As such, there is no direct evidence tying this region to the bid item; any relationship would be indirect at best and not sufficient for a RIGHT association."
region_000280,A-005,Furnish & Install Wall Partition Assemblies As Per Wall Type Schedules And Tags,A1,DETAIL,DIRECT,RIGHT,HIGH,"The highlighted region visibly shows a detail callout labeled 'A-202'. This is a direct pointer to a detail that would define the wall partition assembly (the Bid Item scope). It is not a room label, grid reference, or generic finish text; it explicitly identifies the work area by pointing to the corresponding detail sheet that governs the wall partition assembly. No assumption about the bid item is needed beyond recognizing the detail reference."
region_000281,A-005,Furnish & Install Wall Partition Assemblies As Per Wall Type Schedules And Tags,A4,GRID_REFERENCE,NONE,WRONG,HIGH,"The highlighted region visually shows grid reference markers (A2, A3, A4) and not any wall partition component, finish, or schedule. Grid references are not bid items and do not directly identify Furnish & Install Wall Partition Assemblies. Therefore there is no direct association with the bid item."
region_000282,A-005,Furnish & Install Wall Partition Assemblies As Per Wall Type Schedules And Tags,A4,GRID_REFERENCE,NONE,WRONG,HIGH,"The highlighted region visually shows grid reference bubbles (A2, A3, A4) used to locate elements on the sheet. There is no direct evidence of bid-item content (wall partition assemblies, wall type schedules, or metal framing) within this region. Grid references are not bid items and do not explicitly identify or locate the bid item. Therefore, there is no direct association to the original bid item."
region_000283,A-005,Furnish & Install Wall Partition Assemblies As Per Wall Type Schedules And Tags,AX,FINISH_TAG,INDIRECT,WRONG,HIGH,"A direct association would require the region itself to visibly identify the wall partition assembly (e.g., a wall type tag, partition assembly callout, or metal framing reference). The region only contains generic finish tags ('FX') on walls, which do not constitute direct evidence of the required wall partition assembly work. Therefore, the region does not directly represent the original bid item and is categorized as INDIRECT/NO direct association."
region_000284,A-005,Furnish & Install Wall Partition Assemblies As Per Wall Type Schedules And Tags,AX,GRID_REFERENCE,NONE,WRONG,HIGH,"The region shows a circular grid reference tag 'AX' with a leader, which is used for locating grid lines on the sheet. It does not identify, locate, or explicitly reference the original bid item (Furnish & Install Wall Partition Assemblies As Per Wall Type Schedules And Tags). No direct evidence connects this region to wall partitions or the wall-type tagging schedule."
region_000285,A-005,Furnish & Install Wall Partition Assemblies As Per Wall Type Schedules And Tags,AV,EQUIPMENT_TAG,NONE,WRONG,HIGH,"The highlighted region contains elevator equipment tag balloons (EV) on a roof plan. There is no explicit wall partition information (wall types, schedules, or wall tags) that directly identifies or references the bid item 'Furnish & Install Wall Partition Assemblies As Per Wall Type Schedules And Tags'. The region does not visually establish wall partitions, finishes, or any material/work associated with the bid item; it only shows service/equipment elements."
region_000286,A-005,Furnish & Install Wall Partition Assemblies As Per Wall Type Schedules And Tags,AV,EQUIPMENT_TAG,NONE,WRONG,HIGH,"The region contains a circular blue-tag with the label 'AV' connected to a roof-plan element. This is indicative of an equipment tag (likely an air vent or AV item) rather than a wall partition assembly or wall type reference. The original bid item is for furnishing & installing wall partition assemblies per wall type schedules and tags (metal framing). There is no explicit finish/work indication, label, schedule, or detail in this region that directly identifies or references a wall partition assembly or its wall type. Therefore the region does not have a direct association with the bid item."
region_000287,A-005,Furnish & Install Wall Partition Assemblies As Per Wall Type Schedules And Tags,AZ,DETAIL,NONE,WRONG,HIGH,"The highlighted region contains a circular callout labeled A-403, which is a cross-reference to a detail drawing. It does not display a wall type tag, finish schedule, or any explicit indication of a wall partition assembly or metal framing as required to directly satisfy the Bid Item (Furnish & Install Wall Partition Assemblies As Per Wall Type Schedules And Tags). Therefore, there is no direct evidence connecting this region to the bid item; it is a non-direct (none) association."
region_000288,A-005,Furnish & Install Wall Partition Assemblies As Per Wall Type Schedules And Tags,AZ,PLAN_GEOMETRY,NONE,WRONG,HIGH,"The highlighted area depicts roof plan geometry and does not contain any direct indication of wall partitions, metal framing, or wall type schedules/tags that would explicitly correspond to the bid item “Furnish & Install Wall Partition Assemblies As Per Wall Type Schedules And Tags.” There is no labeling, tag, schedule, or detail in this region that directly identifies the bid item."
region_000289,A-005,Furnish & Install Wall Partition Assemblies As Per Wall Type Schedules And Tags,A2,DETAIL,NONE,WRONG,HIGH,"The highlighted region is a detail callout bubble (B1 A-202) on the Roof Plan (Sheet A-005). It only references a detail on another sheet and does not itself identify, locate, or reference a wall partition assembly with metal framing. The original bid item is Furnish & Install Wall Partition Assemblies (Metal Framing) and would require direct evidence such as a wall type tag, finish/partition notation, or a schedule entry on the current region. There is no such direct association visible in this region; the evidence is a cross-reference detail tag, not a direct depiction or labeling of the bid item."
region_000290,A-005,Furnish & Install Wall Partition Assemblies As Per Wall Type Schedules And Tags,A2,GRID_REFERENCE,NONE,WRONG,HIGH,"The highlighted region contains a grid reference bubble 'A2' used for locating positions on the sheet. It does not identify or reference the original bid item (Furnish & Install Wall Partition Assemblies...). The Bid Item would require a direct indicator such as a wall type tag, partition symbol, or a corresponding wall schedule; a grid reference alone is not a bid-item-specific indication."
region_000291,A-005,Furnish & Install Wall Partition Assemblies As Per Wall Type Schedules And Tags,A3,GRID_REFERENCE,NONE,WRONG,HIGH,DIRECT evidence linking the region to the Bid Item is absent. The region is a grid reference on a roof plan (Sheet A-005) and does not contain any direct indication of Furnish & Install Wall Partition Assemblies or Metal Framing. No finish/work identifiers or schedules are visible in this region; OCR hints do not override the visual evidence.
region_000292,A-005,Furnish & Install Wall Partition Assemblies As Per Wall Type Schedules And Tags,A3,PLAN_GEOMETRY,NONE,WRONG,HIGH,"The highlighted region is from Sheet A-005 (Roof Plan) and shows generic plan geometry with grid references (e.g., A1, A2, A3) and wall lines. There is no explicit reference to Furnish & Install Wall Partition Assemblies, Wall Type Schedules, Tags, or Metal Framing. Without a direct marker or schedule entry tying this region to the bid item, it cannot be considered a direct association."
region_000293,A-005,Furnish & Install Wall Partition Assemblies As Per Wall Type Schedules And Tags,A1,GRID_REFERENCE,NONE,WRONG,HIGH,"The highlighted region shows a grid coordinate label 'A1' (blue circle grid markers). This functions as plan geometry/grid reference, not as a direct indicator of the bid item. There is no tag, schedule, or symbol identifying wall partitions or metal framing per the bid item; therefore there is no direct association with 'Furnish & Install Wall Partition Assemblies As Per Wall Type Schedules And Tags'."
region_000294,A-005,Furnish & Install Wall Partition Assemblies As Per Wall Type Schedules And Tags,A1,GRID_REFERENCE,NONE,WRONG,HIGH,The highlighted region shows a grid reference bubble with the label 'A1'. Grid references are explicitly NOT bid items and do not directly identify or reference work such as wall partitions or metal framing. There is no finish/tag/schedule evidence within the region that directly ties to the bid item.
region_000295,A-005,Furnish & Install Wall Partition Assemblies As Per Wall Type Schedules And Tags,A4,EQUIPMENT_TAG,DIRECT,RIGHT,HIGH,"The region visibly contains a balloon tag (A4) attached to the partition, which directly references a wall type in the schedules (per the bid item requirement to furnish & install wall partitions per wall type schedules and tags). This is a direct evidentiary link (not an indirect or generic association) to the bid item."
region_000296,A-005,Furnish & Install Wall Partition Assemblies As Per Wall Type Schedules And Tags,A4,GRID_REFERENCE,NONE,WRONG,HIGH,"The highlighted region contains grid reference markers (A2, A3, A4) and dashed grid lines, which are used for locating elements on the plan. There is no visible label, tag, schedule entry, or detail reference that directly identifies or maps to the Bid Item: 'Furnish & Install Wall Partition Assemblies As Per Wall Type Schedules And Tags' (Metal Framing). Per the SPECIAL RULES, a GRID_REFERENCE is not a bid item and cannot provide direct evidence for the bid item. Therefore, the association is NONE and the decision is WRONG."
region_000297,A-005,Furnish & Install Wall Partition Assemblies As Per Wall Type Schedules And Tags,AX,PLAN_GEOMETRY,NONE,WRONG,HIGH,"The highlighted region shows a building core/shaft area on a roof plan, not a wall partition assembly. There are no wall type tags (e.g., W- tags), partition lines, or finishes indicators that would directly identify or reference a wall partition assembly with metal framing. The region does not visually represent or label the bid item; there is no direct evidence linking this region to Furnish & Install Wall Partition Assemblies per Wall Type Schedules and Tags."
region_000298,A-005,Furnish & Install Wall Partition Assemblies As Per Wall Type Schedules And Tags,AX,GRID_REFERENCE,NONE,WRONG,HIGH,"The highlighted region contains a grid reference annotation (AX) and does not visibly identify or reference a wall partition assembly, its wall type, or any wall type schedule/tags. No direct indication of the Bid Item is present in the region; grid references are considered indirect/unsupported evidence for this Bid Item."
region_000299,A-005,Furnish & Install Wall Partition Assemblies As Per Wall Type Schedules And Tags,AV,PLAN_GEOMETRY,NONE,WRONG,HIGH,"The highlighted region appears to be a vertical building core (elevator/stair shaft) shown on the roof plan. There are no direct references to wall partition assemblies, metal framing, or wall-type schedules/tags in this region. Therefore, it does not directly identify or reference the original bid item (Furnish & Install Wall Partition Assemblies As Per Wall Type Schedules And Tags)."
region_000300,A-005,Furnish & Install Wall Partition Assemblies As Per Wall Type Schedules And Tags,AV,EQUIPMENT_TAG,NONE,WRONG,HIGH,"The highlighted region shows a circular tag labeled 'AV' on a roof plan (Sheet A-005). This is an equipment tag, not a label identifying or referencing a wall partition assembly or metal framing. There is no direct indication that this 'AV' tag corresponds to the Bid Item 'Furnish & Install Wall Partition Assemblies As Per Wall Type Schedules And Tags'; any link would be indirect and not sufficient for a direct association."
region_000301,A-005,Furnish & Install Wall Partition Assemblies As Per Wall Type Schedules And Tags,AZ,GRID_REFERENCE,NONE,WRONG,HIGH,"The highlighted region shows a grid reference bubble 'AZ' (plan grid label). Grid references are not bid items and do not identify, locate, or reference wall partition assemblies. There is no direct evidence tying this region to 'Furnish & Install Wall Partition Assemblies As Per Wall Type Schedules And Tags (Metal Framing)'."
region_000302,A-005,Furnish & Install Wall Partition Assemblies As Per Wall Type Schedules And Tags,AZ,PLAN_GEOMETRY,NONE,WRONG,HIGH,"The region visually shows roof-plan geometry with callouts but contains no explicit references to wall partitions or wall-type schedules/tags. There is no direct evidence that this specific region identifies, locates, or references the original bid item (Furnish & Install Wall Partition Assemblies As Per Wall Type Schedules And Tags). OCR hints do not provide a direct association, and the image evidence does not show any partition-related labeling in this region."
region_000303,A-005,Furnish & Install Wall Partition Assemblies As Per Wall Type Schedules And Tags,A2,GRID_REFERENCE,NONE,WRONG,HIGH,"The highlighted region visually shows a grid reference bubble labeled A2 on a roof-plan sheet. There is no direct indication of wall partitions, metal framing, or any finish/work that would correspond to the Bid Item “Furnish & Install Wall Partition Assemblies As Per Wall Type Schedules And Tags.” Grid references are not bid items, and the region does not display any schedule, detail, label, or conductor that explicitly references the wall partition work. Therefore there is no direct association with the bid item for this specific region."
region_000304,A-005,Furnish & Install Wall Partition Assemblies As Per Wall Type Schedules And Tags,A2,GRID_REFERENCE,NONE,WRONG,HIGH,"The highlighted region contains only a grid reference (A2). It does not identify or reference any wall partition work, finish, or related bid item. Per the rules, a grid reference is not a direct bid item indicator and cannot satisfy the bid item association."
region_000305,A-005,Furnish & Install Wall Partition Assemblies As Per Wall Type Schedules And Tags,A3,PLAN_GEOMETRY,NONE,WRONG,HIGH,"The highlighted region contains roof-plan geometry and grid callouts, not any wall partition assembly details. There are no labels, tags, schedules, or symbols explicitly referencing wall partitions, metal framing, or a wall type schedule as required to directly identify Furnish & Install Wall Partition Assemblies. Therefore there is no direct evidence that this region represents the Original Bid Item; OCR hints do not change the visual evidence on the drawing. "
region_000306,A-005,Furnish & Install Wall Partition Assemblies As Per Wall Type Schedules And Tags,A3,PLAN_GEOMETRY,NONE,WRONG,MEDIUM,"The region contains only generic plan geometry (walls/ openings on a roof plan) with grid references; it does not display any direct evidence of a wall partition assembly, wall type tag, or schedule that ties to the bid item. Without a direct label or schedule entry referencing wall partitions, the region cannot be considered a direct representation of the bid item."
region_000307,A-005,Furnish & Install Wall Partition Assemblies As Per Wall Type Schedules And Tags,A1,GRID_REFERENCE,NONE,WRONG,HIGH,"The highlighted region is a grid reference bubble/label on Roof Plan (Sheet A-005). It does not contain any direct indication of the bid item 'Furnish & Install Wall Partition Assemblies As Per Wall Type Schedules And Tags' (no wall type tag, partition symbol, or explicit reference to wall assemblies). Per the GRID REFERENCES special rule, a grid reference is not a bid item and cannot directly establish the bid item."
region_000308,A-005,Furnish & Install Wall Partition Assemblies As Per Wall Type Schedules And Tags,A1,GRID_REFERENCE,NONE,WRONG,HIGH,The highlighted area shows a grid reference tag 'A1' (blue circled). A grid reference is not a bid item and provides no direct evidence of wall partitions or metal framing. Therefore it does not directly associate with the original bid item.
region_000309,A-005,Furnish & Install Wall Partition Assemblies As Per Wall Type Schedules And Tags,A4,GRID_REFERENCE,NONE,WRONG,HIGH,"The highlighted region visually contains grid reference callouts (A2, A3, A4) and general plan geometry. There is no direct indication of a wall partition assembly, metal framing, wall type schedule, or finish reference. A wall partition bid item would require direct identification of the wall assembly or tag within the region (e.g., a wall type label or schedule entry). The region is part of a Roof Plan and does not contain explicit evidence linking to 'Furnish & Install Wall Partition Assemblies As Per Wall Type Schedules And Tags'."
region_000310,A-005,Furnish & Install Wall Partition Assemblies As Per Wall Type Schedules And Tags,A4,PLAN_GEOMETRY,NONE,WRONG,HIGH,"The highlighted region on the roof plan (A-005) displays plan geometry with walls/partitions but there is no direct evidence of Furnish & Install Wall Partition Assemblies or any Wall Type Schedule/Tag that would identify a specific partition assembly or metal framing. A DIRECT association would require a visible wall-type tag, schedule entry, or detail explicitly mapping to the bid item. Since such evidence is absent, the association is NONE, resulting in a WRONG decision."
region_000311,A-005,Furnish & Install Wall Partition Assemblies As Per Wall Type Schedules And Tags,AX,PLAN_GEOMETRY,NONE,WRONG,HIGH,"The region is taken from a roof plan sheet (A-005 Roof Plan) and does not contain any explicit wall partition assembly label, wall type schedule, or tag that directly identifies the wall partition work. The 'FX' tags seen are not verifiable as direct references to the bid item, and there is no visible evidence of metal framing or partition details specific to the bid item in this region."
region_000312,A-005,Furnish & Install Wall Partition Assemblies As Per Wall Type Schedules And Tags,AX,EQUIPMENT_TAG,DIRECT,RIGHT,HIGH,"The highlighted region contains a circular callout label 'AX' with a leader pointing to a specific wall section. This is a wall-type tag used to reference the corresponding wall type entry in the Wall Type Schedule. Since the bid item is to furnish & install wall partition assemblies per wall type schedules and tags, the 'AX' tag directly evidences the required bid item for that region, not merely an indirect or related element."
region_000313,A-005,Furnish & Install Wall Partition Assemblies As Per Wall Type Schedules And Tags,AV,PLAN_GEOMETRY,NONE,WRONG,HIGH,"The region contains plan geometry (wall lines and a door) without any direct label or schedule entry referencing a wall partition assembly, wall type S, or metal framing as required by the Bid Item. No wall-type tag, schedule line, or explicit reference to the partition assembly is visible in this region. Therefore it does not provide direct evidence for the bid item; any relation would be indirect at best and not acceptable for a direct association."
region_000314,A-005,Furnish & Install Wall Partition Assemblies As Per Wall Type Schedules And Tags,AV,EQUIPMENT_TAG,NONE,WRONG,HIGH,"The highlighted region shows a circular label 'AV' (equipment tag) with leader lines on a roof plan. This is a non-partition equipment reference, not a finish, wall partition, or metal framing detail. It does not directly identify or reference the original bid item (Furnish & Install Wall Partition Assemblies As Per Wall Type Schedules And Tags / Metal Framing). Therefore there is no direct association."
region_000315,A-005,Furnish & Install Wall Partition Assemblies As Per Wall Type Schedules And Tags,AZ,PLAN_GEOMETRY,NONE,WRONG,HIGH,"The region is a plan-view of roof-level geometry showing walls and an opening (likely shaft/door area) but contains no explicit wall-type designation, partition assembly tag, or schedule that directly identifies a wall partition assembly as specified by the bid item. The bid item requires a direct association to wall type schedules/tags (e.g., Wall Type S) or similar explicit labeling, which is not visible in this region. OCR hints do not override missing visual evidence. Therefore, no direct association is established."
region_000316,A-005,Furnish & Install Wall Partition Assemblies As Per Wall Type Schedules And Tags,AZ,GRID_REFERENCE,NONE,WRONG,HIGH,"The highlighted region shows a grid reference bubble with the label 'AZ' connected by a dashed line. This is a GRID_REFERENCE and does not directly identify or label the bid item (Furnish & Install Wall Partition Assemblies As Per Wall Type Schedules And Tags — Metal Framing). There is no finish/material tag, wall type tag, schedule, or detail entry visible in this region that explicitly references the bid item. Therefore, there is NO direct evidence linking this region to the bid item; the association is WRONG."
region_000317,A-005,Furnish & Install Wall Partition Assemblies As Per Wall Type Schedules And Tags,A2,GRID_REFERENCE,NONE,WRONG,HIGH,"The highlighted region contains a circular blue callout reading 'A2', which is a grid reference marker. This is part of plan geometry and not a bid item. There is no visible indication of a wall partition assembly, metal framing, or wall-type schedule/tag within this region. Per the special rule for grid references, this does not directly establish the bid item and should be considered no direct association."
region_000318,A-005,Furnish & Install Wall Partition Assemblies As Per Wall Type Schedules And Tags,A2,GRID_REFERENCE,NONE,WRONG,HIGH,"Grid references are not bid items and do not directly identify or reference the wall partition assemblies bid item. The region shows only a grid marker (A2) on the Roof Plan, providing no direct evidence of the bid item."
region_000319,A-005,Furnish & Install Wall Partition Assemblies As Per Wall Type Schedules And Tags,A3,GRID_REFERENCE,NONE,WRONG,HIGH,"The highlighted region contains grid reference marks (A3) and grid lines, not a wall type, partition assembly tag, schedule, or detail that would directly identify the bid item. There is no visible evidence of wall partitions, wall type tagging, or a wall schedule within this region."
region_000320,A-005,Furnish & Install Wall Partition Assemblies As Per Wall Type Schedules And Tags,A3,PLAN_GEOMETRY,NONE,WRONG,HIGH,"The region shows a roof plan fragment with grid references and a central feature, not any direct indication of wall partition assemblies, wall type schedules, or metal framing tags. The bid item requires a direct identification of wall partitions or related assemblies; there is no such direct evidence in this region. OCR hints are secondary and do not alter the visual evidence. Therefore, the association is not direct and the decision is WRONG."
region_000321,A-005,Furnish & Install Roof Protection at Rooftop Equipment,C. PROVIDE ROOF PROTECTION TO ALL ROOF TOP EQUIPMENT.,GENERAL_NOTE,DIRECT,RIGHT,HIGH,"The highlighted region contains a General Note that explicitly references providing roof protection to rooftop equipment. This matches the scope of the ORIGINAL BID ITEM (roof protection at rooftop equipment). It is a direct textual reference to the work, not merely a related concept, schedule, or room tag. No assumption needed; evidence is visual and direct."
region_000322,A-005,Furnish & Install Unspecified Floor Finish From Schedule,F1,FINISH_TAG,DIRECT,RIGHT,HIGH,The region visibly contains explicit FINISH_TAG markers (F1/F2) on the architectural floor plan. These finish callouts are standard in finish schedules and provide a direct reference to the floor finish work required by the bid item. No inference from OCR or indirect cues; the evidence is explicit in the drawing itself.
region_000323,A-005,Furnish & Install Unspecified Floor Finish From Schedule,F1,FINISH_TAG,INDIRECT,WRONG,MEDIUM,"The region contains a finish tag 'F1', which is a tag that would normally reference a finish in a separate schedule. However, the region itself does not identify a specific floor finish material or a direct finish entry from the schedule. No explicit finish material or bid-item-specific labeling is visible within the region. As a result, there is no direct evidence that this exact highlighted region furnishes & installs the specified floor finish; at best it would require cross-reference to the finish schedule. This constitutes an indirect association, not a direct one, and given the bid item refers to an unspecified floor finish from a schedule, the region does not directly satisfy the bid item.”} } } } } } } } } } } } } } } } } } } } } } } } } } } } } } } } } } } } } } } } } } } } } } } } } } } } } } } } } } } } } } } } } } } } } } } } } } } } } } } } } } } } } } } } } } } } } } } } } } } } } } } } } } } } } } } } } } } } } } } } } } } } } } } } } } } } } } } } } } } } } } } } } } } } } } } } } } } } } } } } } } } } } } } } } } } } } } } } } } } } } } } } } } } } } } } } } } } } } } } } } } } } } } } } } } } } } } } } } } } } } } } } } } } } } } } } } } } } } } } } } } } } } } } } } } } } } } } } } } } } } } } } } } } } } } } } } } } } } } } } } } } } } } } } } } } } } } } } } } } } } } } } } } } } } } } } } } } } } } } } } }}}"
region_000324,A-005,Furnish & Install Unspecified Floor Finish From Schedule,F3,FINISH_TAG,DIRECT,RIGHT,HIGH,"The highlighted region visibly shows the finish tag 'F3', a direct identifier used to pick a finish from the floor finish schedule. This tag is applied to the area to designate the floor finish work, providing direct evidence for the bid item (Furnish & Install Unspecified Floor Finish From Schedule)."
region_000325,A-005,Furnish & Install Unspecified Floor Finish From Schedule,F3,GRID_REFERENCE,NONE,WRONG,HIGH,"The highlighted region contains only a grid reference 'F3' used for location on the sheet, not a finish item or flooring installation detail. According to the GRID_REFERENCE rule, this is not direct evidence of the bid item (Furnish & Install Unspecified Floor Finish From Schedule). Therefore there is no direct association to the bid item."
region_000326,A-005,Furnish & Install Unspecified Floor Finish From Schedule,FZ,FINISH_TAG,NONE,WRONG,HIGH,"The highlighted region contains a blue circled 'FZ' finish-zone tag. This does not itself identify a finish type or a schedule item. The original bid item requires furnishing/installing a floor finish from the schedule, which would need explicit finish material or a schedule reference visible in the region. With only a general finish tag and no direct finish description, there is no direct evidence linking this region to the bid item."
region_000327,A-005,Furnish & Install Unspecified Floor Finish From Schedule,FZ,FINISH_TAG,NONE,WRONG,LOW,"1) The region visibly contains a generic finish tag 'FZ' with no material or finish type shown. 2) The sheet is a roof plan (A-005) per the locator, not a floor finish schedule, so there is no direct reference to a specific floor finish. 3) There is no explicit finish item, room finish, or schedule entry that directly corresponds to the bid item 'Furnish & Install Unspecified Floor Finish From Schedule'. 4) OCR is limited to 'FZ' and must be corroborated by visible evidence; the image does not provide direct evidence of the bid item."
region_000328,A-005,Furnish & Install Unspecified Floor Finish From Schedule,FX,FINISH_TAG,DIRECT,RIGHT,HIGH,"The highlighted region visibly shows FX finish tags that designate floor finish work in that exact area. The bid item calls for furnishing and installing an unspecified floor finish per the schedule, so the region provides direct drawing evidence of finish work to be completed in that location rather than relying on indirect cues."
region_000329,A-005,Furnish & Install Unspecified Floor Finish From Schedule,FX,FINISH_TAG,NONE,WRONG,HIGH,"Step 1: The region visibly contains 'FX' finish tags indicating a finish assignment, but Step 2: there is no explicit finish material or schedule entry shown in the region that would directly identify the bid item (Furnish & Install Unspecified Floor Finish). Step 3: Without an explicit finish designation, the region does not directly reference the bid item. Step 4: No indirect reasoning (same trade/same sheet) should count as direct evidence per rules."
region_000330,A-005,Furnish & Install Unspecified Floor Finish From Schedule,FV,GENERAL_NOTE,NONE,WRONG,HIGH,"The highlighted region shows a small circular tag 'FV' indicating 'Field Verify' rather than a finish/specification item. A direct association to the bid item 'Furnish & Install Unspecified Floor Finish From Schedule' would require explicit finish labeling (e.g., a finish name like carpet/vinyl) or a finish schedule reference. Since this is on a roof plan and there is no direct finish reference, it does not directly identify or locate the bid item."
region_000331,A-005,Furnish & Install Unspecified Floor Finish From Schedule,FV,EQUIPMENT_TAG,NONE,WRONG,HIGH,"1) The region visibly contains an equipment tag (FV), not a finish tag or finish schedule entry. 2) It does not display any floor finish material name (e.g., carpet, tile) or a finish specification that ties to the bid item. 3) The location is on a roof plan context, not a floor finish area, and there is no direct annotation linking this region to the 'Furnish & Install Unspecified Floor Finish' bid item. OCR content ('FV') is not sufficient to establish a direct association."
region_000332,A-005,Furnish & Install Unspecified Floor Finish From Schedule,F2,GRID_REFERENCE,NONE,WRONG,HIGH,The highlighted region is a grid reference callout (F2). It does not identify or reference any floor finish or finish schedule. Grid references are not direct bid-item evidence. Therefore there is no direct association to the bid item 'Furnish & Install Unspecified Floor Finish'.
region_000333,A-005,Furnish & Install Unspecified Floor Finish From Schedule,F2,GRID_REFERENCE,NONE,WRONG,HIGH,"The highlighted region is a grid bubble/reference (F2). Grid references are not bid items and do not directly identify a finish/work. There is no explicit finish, material, schedule, or item detail in this region that ties to 'Furnish & Install Unspecified Floor Finish From Schedule'."
region_000334,A-005,Furnish & Install Unspecified Floor Finish From Schedule,F1,GRID_REFERENCE,NONE,WRONG,HIGH,"The region shows grid reference callouts (A1, A2, F2, etc.) and axis labels, which are grid/location indicators on the plan. There is no explicit finish item, finish tag, or schedule entry tying this region to the bid item. Therefore there is no direct association to 'Furnish & Install Unspecified Floor Finish From Schedule'; the correct ruling is WRONG with no association."
region_000335,A-005,Furnish & Install Unspecified Floor Finish From Schedule,F1,FINISH_TAG,NONE,WRONG,MEDIUM,"The highlighted region contains a generic finish tag (F1) but does not directly identify the specific floor finish material or a finish schedule entry. A direct association would require explicit material labeling (e.g., Carpet, Floor Finish) or a visible link to a schedule/detail within the region. Without that, the region cannot be considered a direct reference to the Bid Item (Furnish & Install Unspecified Floor Finish From Schedule)."
region_000336,A-005,Furnish & Install Unspecified Floor Finish From Schedule,F3,FINISH_TAG,NONE,WRONG,HIGH,"The highlighted region contains only a finish tag 'F3' and does not explicitly identify a floor finish material or a schedule entry within this region. The bid item requires a specified finish from the schedule; without the schedule detail visible here, there is no direct evidence linking this region to the bid item."
region_000337,A-005,Furnish & Install Unspecified Floor Finish From Schedule,F3,FINISH_TAG,DIRECT,RIGHT,HIGH,"The region contains a clearly visible finish tag (F3) which directly designates the floor finish to be used, as per the bid item requiring furnishing and installation of a floor finish from the schedule. This is a direct reference, not an indirect implication (e.g., same trade or general flooring)."
region_000338,A-005,Furnish & Install Unspecified Floor Finish From Schedule,FZ,FINISH_TAG,NONE,WRONG,HIGH,"1) The highlighted region visibly contains a Finish Zone tag ('FZ'), not a material/work item. 2) There is no direct label indicating a specific floor finish (e.g., carpet, tile) or a schedule entry tied to 'Furnish & Install Unspecified Floor Finish'. 3) Without a direct finish label or schedule reference, the region cannot be said to directly identify the bid item. 4) OCR notes are secondary; the image evidence itself does not establish a direct association. 5) No assumption about the bid item is required; the evidence simply does not provide a direct link."
region_000339,A-005,Furnish & Install Unspecified Floor Finish From Schedule,FZ,FINISH_TAG,INDIRECT,WRONG,MEDIUM,"The highlighted region contains a Finish Zone tag (FZ), which only signals a finish-related area to be defined in a schedule. It does not directly identify the specific floor finish work (carpet/vinyl/etc.) or installation required by the bid item. Therefore, there is no direct association with the Bid Item from this region."
region_000340,A-005,Furnish & Install Unspecified Floor Finish From Schedule,FX,FINISH_TAG,DIRECT,RIGHT,HIGH,"The region shows a finish tag (FX) on the plan, which is a direct indication of the finish work to be installed per the schedule. It is not a room label, grid reference, or generic note, and it explicitly points to finish allocation rather than requiring inference from related trades or notes."
region_000341,A-005,Furnish & Install Unspecified Floor Finish From Schedule,FX,FINISH_TAG,NONE,WRONG,MEDIUM,"The region shows generic finish tags (FX) but does not contain explicit flooring material, a floor-finish schedule reference, or any other direct indication of ‘Furnish & Install Unspecified Floor Finish From Schedule.’ The item requires a specific floor finish referenced by a schedule, which is not visibly identified by the highlighted region on this sheet (Roof Plan A-005)."
region_000342,A-005,Furnish & Install Unspecified Floor Finish From Schedule,FV,GENERAL_NOTE,NONE,WRONG,HIGH,"The highlighted region contains circular 'FV' callouts indicating 'Field Verify' as a general note. There is no direct evidence in the region that identifies, labels, or references the Bid Item 'Furnish & Install Unspecified Floor Finish From Schedule' (no finish, material, room label, or schedule entry directly tied to flooring). Therefore, it does not provide a direct association to the bid item."
region_000343,A-005,Furnish & Install Unspecified Floor Finish From Schedule,FV,GENERAL_NOTE,NONE,WRONG,HIGH,"The highlighted region contains a circular tag 'FV', which, per the legend meaning provided (FIELD VERIFY), denotes a field verification note. It does not identify a floor finish, finish type, or schedule item. There is no explicit reference to a floor finish in this region, and the location is on a roof plan sheet rather than a finish schedule. Therefore, it does not directly represent the original bid item (Furnish & Install Unspecified Floor Finish)."
region_000344,A-005,Furnish & Install Unspecified Floor Finish From Schedule,F2,FINISH_TAG,DIRECT,RIGHT,HIGH,"The region contains a finish tag (FINISH_TAG) 'F2' which is a direct identifier used to locate a specific finish in the schedule. This is not merely related by discipline or similar work; it explicitly points to the finish item in the schedule, aligning with the Bid Item: Furnish & Install Unspecified Floor Finish From Schedule."
region_000345,A-005,Furnish & Install Unspecified Floor Finish From Schedule,F2,FINISH_TAG,NONE,WRONG,HIGH,"The highlighted region visibly contains a circular tag labeled 'F2' which is a finish tag. However, there is no direct indication this tag corresponds to the 'Unspecified Floor Finish From Schedule' bid item. The sheet is a roof plan, not a floor plan, and there is no explicit schedule reference or flooring context within this region to establish a direct association. Therefore, this region does not directly identify or reference the bid item."
region_000346,A-005,Furnish & Install Unspecified Floor Finish From Schedule,F1,GRID_REFERENCE,NONE,WRONG,HIGH,"The region visually shows grid references/callouts (C1, C2, C3) and gridlines, which are plan geometry references. There is no explicit finish tag, material/work label, or schedule entry that directly identifies the bid item 'Furnish & Install Unspecified Floor Finish From Schedule'. Therefore, there is no direct evidence linking this region to the bid item; any relation would be indirect at best."
region_000347,A-005,Furnish & Install Unspecified Floor Finish From Schedule,F1,GRID_REFERENCE,NONE,WRONG,HIGH,"The region visibly contains grid reference bubbles/labels (C3, C2, C1, F2, A1, A2) and vertical grid lines. It does not depict any finish, material, room label, schedule entry, or detail that directly identifies or references the bid item 'Furnish & Install Unspecified Floor Finish From Schedule'. As per the rules, a grid reference alone is not a bid-item indication and does not constitute direct association."
region_000348,A-005,Furnish & Install Unspecified Floor Finish From Schedule,F3,GRID_REFERENCE,NONE,WRONG,HIGH,"The highlighted region contains the grid reference 'F3' (blue circular bubble). Grid references are for location on the plan and do not represent a bid item or finish/work. There is no direct evidence in this region (no finish tag, schedule entry, or material/designation visible) that identifies or references the Original Bid Item 'Furnish & Install Unspecified Floor Finish From Schedule'. Therefore, the region does not directly associate with the bid item."
region_000349,A-005,Furnish & Install Unspecified Floor Finish From Schedule,F3,GRID_REFERENCE,INDIRECT,WRONG,HIGH,"This region contains only a grid reference (F3). Grid references are not bid items and do not directly identify any finish/work from the bid item. There is no direct indication of flooring finish or related work in this region. Therefore, there is no direct drawing evidence linking this region to the bid item; the association is indirect at best and does not satisfy the DIRECT ASSOCIATION REQUIREMENT."
region_000350,A-005,Furnish & Install Unspecified Floor Finish From Schedule,FZ,FINISH_TAG,DIRECT,RIGHT,HIGH,"The region visibly contains the finish tag 'FZ', which directly identifies a floor finish assignment in that exact location. This is not interpretive or based on same-trade reasoning; it is a direct annotation of finish work intended for that area, matching the bid item scope of furnishing and installing a floor finish per the schedule."
region_000351,A-005,Furnish & Install Unspecified Floor Finish From Schedule,FZ,FINISH_TAG,NONE,WRONG,HIGH,"The region contains a finish tag (FZ) but is on a Roof Plan sheet and does not directly identify or reference the Unspecified Floor Finish From Schedule. There is no explicit connection to a floor finish item or to the schedule within this region. Therefore, it does not provide direct evidence that this region is the correct representation for the bid item."
region_000352,A-005,Furnish & Install Unspecified Floor Finish From Schedule,FX,FINISH_TAG,INDIRECT,WRONG,MEDIUM,"The highlighted region contains a finish-tag annotation (FX) but does not itself identify a specific floor finish or a direct reference to the finish schedule used by the bid item. There is no explicit indication of ‘unspecified floor finish’ being furnished/installed in this exact region, only a generic finish tag. Without a visible finish schedule entry or a concrete finish type tied to this region, the evidence does not provide a direct association to the bid item. Therefore, this region is not a direct representation of the bid item and is classified as WRONG with INDIRECT evidence."
region_000353,A-005,Furnish & Install Unspecified Floor Finish From Schedule,FX,FINISH_TAG,DIRECT,RIGHT,HIGH,"The highlighted region shows explicit finish-tag markers (FX) tied to floor finishes. This is direct evidence of a floor finish being specified for that region, aligning with the bid item to furnish & install a floor finish from the schedule. There is no need to infer from related trades or schedules beyond the visible finish tag labeling."
region_000354,A-005,Furnish & Install Unspecified Floor Finish From Schedule,FV,EQUIPMENT_TAG,NONE,WRONG,HIGH,"The highlighted region shows a circular tag reading 'FV', which corresponds to the Field Verify legend entry (G-002.3). This is a legend/verification symbol, not a direct identification of a floor finish, finish schedule, or any flooring work. There is no explicit reference to the bid item 'Furnish & Install Unspecified Floor Finish From Schedule' in this region. Therefore, no direct association to the bid item exists; the evidence is only a legend symbol, not a finish item."
region_000355,A-005,Furnish & Install Unspecified Floor Finish From Schedule,FV,GENERAL_NOTE,NONE,WRONG,HIGH,"The highlighted FV tag is a FIELD VERIFY note from the legend (G-002.3) and does not identify or reference the specified floor finish. It does not directly label or locate any floor finish work, and is not a finish tag, finish schedule, or material/work item tied to the Bid Item on this roof plan sheet."
region_000356,A-005,Furnish & Install Unspecified Floor Finish From Schedule,F2,GRID_REFERENCE,NONE,WRONG,HIGH,"The highlighted region consists of circular grid reference markers along grid lines. This is a plan/grid reference element, not a finish/product reference. There is no explicit finish work, material, room label, schedule entry, or detail in this region that directly identifies or references the bid item 'Furnish & Install Unspecified Floor Finish From Schedule'. OCR hints (F2) pertain to grid location, not bid-item content."
region_000357,A-005,Furnish & Install Unspecified Floor Finish From Schedule,F2,GRID_REFERENCE,NONE,WRONG,HIGH,"The highlighted region contains a grid reference bubble labeled 'F2' and a grid line, which is a plan/navigation reference. It does not identify any floor finish, finish type, or schedule entry. The original bid item is 'Furnish & Install Unspecified Floor Finish From Schedule' (a finish/work item), but there is no direct evidence in this region linking to that bid item. According to the grid reference special rule, grid references are not bid items. Therefore no direct association exists, making the association WRONG."
region_000358,A-005,Furnish & Install Unspecified Floor Finish From Schedule,F1,GRID_REFERENCE,NONE,WRONG,HIGH,"The highlighted region clearly shows grid reference callouts (grid bubbles) rather than any finish, material, or work item. The Bid Item is Furnish & Install Unspecified Floor Finish From Schedule, which would require a direct reference to a specific finish/type or a finish schedule entry. There is no such direct reference in the region. Therefore, no direct association exists."
region_000359,A-005,Furnish & Install Unspecified Floor Finish From Schedule,F1,DIMENSION,NONE,WRONG,HIGH,"The highlighted area shows a roof-dimension/slope annotation (1.7%), not a finish label or item that directly identifies a floor finish. There is no direct reference to the bid item 'Furnish & Install Unspecified Floor Finish From Schedule' in this region; only a geometric/planence context on a roof plan. Therefore, there is no direct association to the bid item."
region_000360,A-005,Furnish & Install Unspecified Floor Finish From Schedule,F3,GRID_REFERENCE,NONE,WRONG,HIGH,"The highlighted region visibly contains the grid reference 'F3' and does not identify, locate, or reference the original bid item (Furnish & Install Unspecified Floor Finish From Schedule). A grid reference is not a bid item and provides no direct evidence of flooring work for this drawing region."
region_000361,A-005,Furnish & Install Unspecified Floor Finish From Schedule,F3,GRID_REFERENCE,NONE,WRONG,HIGH,"The highlighted region contains the grid reference F3, a typical grid bubble on the plan. This region does not identify, locate, or reference the bid item (Furnish & Install Unspecified Floor Finish From Schedule) in any direct manner. The bid item requires a finish tag, finish schedule, or specification text tied to a floor finish, which is not evidenced by a grid label. Therefore, there is no direct association to the bid item; the evidence is GRID_REFERENCE, not a finish/work item."
region_000362,A-005,Furnish & Install Unspecified Floor Finish From Schedule,FZ,FINISH_TAG,NONE,WRONG,LOW,"The highlighted region contains an FZ (Finish Zone) tag, but there is no direct indication of a specific floor finish or a schedule entry tying this area to the bid item 'Furnish & Install Unspecified Floor Finish From Schedule'. The region is on a Roof Plan (Sheet A-005) and does not present a direct finish label (e.g., carpet/tloor finish name) or explicit schedule reference. Therefore there is no direct evidence that this region represents the bid item; any link would be indirect at best and not sufficient for the correct association."
region_000363,A-005,Furnish & Install Unspecified Floor Finish From Schedule,FZ,FINISH_TAG,NONE,WRONG,HIGH,The region contains generic finish-zone markers (FZ) but does not directly identify a specific floor finish or a corresponding schedule entry. Therefore it does not provide direct evidence for the bid item 'Furnish & Install Unspecified Floor Finish From Schedule.'
region_000364,A-005,Furnish & Install Unspecified Floor Finish From Schedule,FX,FINISH_TAG,NONE,WRONG,HIGH,"The highlighted region contains finish-tag markers (FX) on a Roof Plan (Sheet A-005). There is no direct evidence within this region that identifies a specific floor finish or a schedule entry for furnishing and installing an unspecified floor finish. The plan shown is a roof plan, not an interior floor plan, so finish tags here would pertain to roof finishes, not the floor finish bid item. No explicit reference to a floor finish schedule or item is visible in the highlighted region. Therefore, there is no direct association to the Bid Item (Furnish & Install Unspecified Floor Finish From Schedule); the association is not demonstrated by the region itself."
region_000365,A-005,Furnish & Install Unspecified Floor Finish From Schedule,FX,FINISH_TAG,DIRECT,RIGHT,HIGH,The highlighted region visibly contains finish tags 'FX' which explicitly denote a floor finish element to be drawn from the finish schedule. This is a direct indication of the bid item (floor finish from schedule) rather than an indirect or generic association.
region_000366,A-005,Furnish & Install Unspecified Floor Finish From Schedule,FV,EQUIPMENT_TAG,NONE,WRONG,HIGH,"The highlighted region shows a blue circled 'FV' equipment tag, not a finish label or floor finish reference. It does not identify flooring material, finish schedule, or any floor finish work. Therefore there is no direct evidence linking this region to the Bid Item 'Furnish & Install Unspecified Floor Finish From Schedule'. The tag is unrelated to floor finishes and requires inference, which is not allowed."
region_000367,A-005,Furnish & Install Unspecified Floor Finish From Schedule,FV,PLAN_GEOMETRY,NONE,WRONG,HIGH,"The highlighted region is on the Building Types Roof Plan (A-005) and shows roof-plan elements (slope percentages, structural delineations) rather than any floor finish. There is no explicit finish identification (e.g., carpet, tile, or floor finish schedule) or finish tag that directly ties to the Bid Item 'Furnish & Install Unspecified Floor Finish From Schedule.' The 'FV' markers present are Field Verify indicators, not finish references. Therefore, there is no direct evidence linking this specific region to the bid item; the association is WRONG."
region_000368,A-005,Furnish & Install Unspecified Floor Finish From Schedule,F2,GRID_REFERENCE,NONE,WRONG,HIGH,"The highlighted region visibly contains the grid reference F2 (blue circular tag) along a vertical dashed grid line. This is a grid reference marker, not a finish spec, room label, or any bid-item identifier. The bid item requires furnishing and installing a floor finish, but there is no explicit finish reference or schedule entry in this region. Special rule: grid references do not directly establish the bid item."
region_000369,A-005,Furnish & Install Unspecified Floor Finish From Schedule,F2,GRID_REFERENCE,NONE,WRONG,HIGH,"1) The highlighted region contains a circular blue bubble with the text 'F2', which is a grid reference label (grid bubble) on the plan. 2) A grid reference is evidence of location referencing, not a finish, material, or bid-item description. 3) The Special Rule for GRID REFERENCES states that a grid bubble is NOT a bid item and should not be taken as evidence of furnishing/installing a specific finish. 4) The Bid Item is 'Furnish & Install Unspecified Floor Finish From Schedule' (Interior floor finishes), which would require a finish/location indicator, not a grid label on a roof plan. 5) Therefore, there is no direct evidence connecting this region to the bid item; the association is NONE (not INDIRECT), so the region does not directly identify the bid item. "
region_000370,A-005,Furnish & Install Unspecified Floor Finish From Schedule,F1,FINISH_TAG,DIRECT,RIGHT,HIGH,"The region visibly contains a finish tag labeled 'F1' on the roof plan, which is a direct indicator of the floor finish work to be installed per the Finish Schedule. This is a finishing element explicitly associated with the bid item (Unspecified Floor Finish From Schedule) and does not rely on room names, unrelated notes, or generic trade references. The presence of F1/F2 type finish tags in the vicinity confirms the intended finish tagging system used for the item."
region_000371,A-005,Furnish & Install Unspecified Floor Finish From Schedule,F1,GRID_REFERENCE,NONE,WRONG,HIGH,"The highlighted region shows grid reference bubbles and grid lines, which are standard plan geometry markers. There is no explicit or direct indication of the bid item (Furnish & Install Unspecified Floor Finish From Schedule) within this region. A grid reference is not a bid item, and per the provided rules OCR/text or same-trade context cannot establish a direct association. Therefore the association is WRONG. "
region_000372,A-005,Furnish & Install Unspecified Floor Finish From Schedule,F3,FINISH_TAG,DIRECT,RIGHT,HIGH,"The highlighted region contains a finish tag (F3) that directly identifies the floor finish required for the area. This is not a room label, grid reference, or generic note; it is a finish designation that ties to the floor finish schedule, thereby providing direct evidence for the bid item."
region_000373,A-005,Furnish & Install Unspecified Floor Finish From Schedule,F3,GRID_REFERENCE,NONE,WRONG,HIGH,"The highlighted region contains the grid reference label 'F3' in a blue circle. Grid references are not bid items and do not directly identify, locate, or reference the original bid item (Furnish & Install Unspecified Floor Finish From Schedule). There is no finish tag, finish schedule, or room/area indication in this region to establish a direct association with the bid item."
region_000374,A-005,Furnish & Install Unspecified Floor Finish From Schedule,FZ,FINISH_TAG,NONE,WRONG,HIGH,A finish tag like 'FZ' alone does not directly establish Furnish & Install Unspecified Floor Finish From Schedule. The bid item requires a direct finish reference (material type or a schedule cross-reference). The region only provides finish-tag notation without material identification or schedule linkage.
region_000375,A-005,Furnish & Install Unspecified Floor Finish From Schedule,FZ,FINISH_TAG,NONE,WRONG,HIGH,"The highlighted region contains a finish tag ('FZ'), but it does not directly identify a floor finish material or explicitly reference the Floor Finish Schedule. There is no material specification, schedule entry, or room/area finish description visible in this region. Without such direct evidence linking this tag to a specific finish per the bid item, the association is not direct."
region_000376,A-005,Furnish & Install Unspecified Floor Finish From Schedule,FX,FINISH_TAG,NONE,WRONG,MEDIUM,"The region contains FX finish-tag indicators, which suggest a finish annotation, but there is no direct, explicit reference to the Bid Item 'Furnish & Install Unspecified Floor Finish From Schedule' (no flooring finish material name or schedule entry visible). The region is on a roof plan and constitutes finish tags rather than a specific floor finish installation reference. Therefore, there is no direct evidence tying this exact region to the bid item; any relation would be indirect at best."
region_000377,A-005,Furnish & Install Unspecified Floor Finish From Schedule,FX,FINISH_TAG,DIRECT,RIGHT,HIGH,"The region visibly contains finish assignment markers (FX) on the floor, which directly identifies a floor finish to be provided in that area. This is a direct drawing indication of the bid item, not merely a contextual or same-trade relationship. No OCR/text alone was used to justify the decision."
region_000378,A-005,Furnish & Install Unspecified Floor Finish From Schedule,FV,GENERAL_NOTE,NONE,WRONG,HIGH,"The region visually contains field-verify (FV) callouts and related tags (e.g., EW) that do not directly name or locate a floor finish, finish schedule, or any flooring work. There is no explicit evidence (finish type, finish schedule reference, or material tag) that directly ties this region to the bid item 'Furnish & Install Unspecified Floor Finish.' The evidence is limited to general notes/verification markers and does not establish a direct association to the bid item."
region_000379,A-005,Furnish & Install Unspecified Floor Finish From Schedule,FV,EQUIPMENT_TAG,NONE,WRONG,HIGH,"The highlighted region contains an FV (Field Verify) tag, which per the legend stands for a field verification note, not a finish tag or schedule entry. There is no explicit finish type, finish schedule reference, or other direct indication of the bid item “Furnish & Install Unspecified Floor Finish From Schedule” in this region. The sheet appears to be a roof plan (A-005), where interior floor finishes are not specified, so there is no direct evidence connecting this region to the bid item."
region_000380,A-005,Furnish & Install Unspecified Floor Finish From Schedule,F2,GRID_REFERENCE,NONE,WRONG,HIGH,"The highlighted region contains a grid reference 'F2' which serves for location/layout reference. It does not identify a finish/work item or a specific flooring material. Per the special grid reference rule, grid bubbles are not bid items, so there is no direct evidence that this region represents the bid item 'Furnish & Install Unspecified Floor Finish From Schedule'. Therefore the association is NOT direct, i.e., WRONG."
region_000381,A-005,Furnish & Install Unspecified Floor Finish From Schedule,F2,GRID_REFERENCE,NONE,WRONG,HIGH,"The highlighted region shows a circular grid reference bubble with the label F2. This is a grid location marker used for coordination on the plan and does not directly identify any finish, material, schedule entry, or work item. The Bid Item is 'Furnish & Install Unspecified Floor Finish From Schedule,' which would require explicit finish-related evidence (e.g., finish label, finish schedule reference, or material tag) within the region. There is no such finish-related content visible in this region; therefore the region does not provide direct evidence for the bid item and the association is WRONG (NONE)."
region_000382,A-005,Furnish & Install Unspecified Floor Finish From Schedule,F1,FINISH_TAG,NONE,WRONG,HIGH,"The highlighted region contains a finish tag “F1” on Sheet A-005 (Bldg Types Roof Plan). A finish tag on a roof plan does not directly identify or reference a specific floor finish (carpet, flooring) or the specified bid item. The bid item is for furnish & install an unspecified floor finish from a schedule, which would require a direct reference (e.g., floor finish schedule entry, carpet label, or a finish note tied to interior floors). There is no direct drawing evidence linking this F1 tag to the floor finish bid item; the region is not showing the actual finish material or a schedule entry, only a generic finish tag in a roof-plan context."
region_000383,A-005,Furnish & Install Unspecified Floor Finish From Schedule,F1,PLAN_GEOMETRY,NONE,WRONG,MEDIUM,"The highlighted region appears to be a generic roof-plan geometry fragment with grid references and does not contain any explicit finish symbol, flooring reference, schedule entry, or material/tag that directly identifies the bid item 'Furnish & Install Unspecified Floor Finish From Schedule'. There is no direct evidence linking this region to the specified floor finish bid item; the association would be indirect or nonexistent."
region_000384,A-005,Furnish & Install Unspecified Floor Finish From Schedule,F3,GRID_REFERENCE,NONE,WRONG,HIGH,"The highlighted region contains only the grid reference 'F3' (a grid bubble/coordinate) and does not visually identify any bid item, finish, or schedule entry. There is no explicit finish tag, room label, or schedule/detail evidence present in this region that would directly correspond to the bid item 'Furnish & Install Unspecified Floor Finish From Schedule'. Therefore, there is NO direct association with the bid item."
region_000385,A-005,Furnish & Install Unspecified Floor Finish From Schedule,F3,GRID_REFERENCE,NONE,WRONG,HIGH,"The highlighted region contains the text 'F3' inside a blue circle along a grid line, which is a grid reference marker. There is no direct indication of flooring finish work, finish schedule, room label, or any other element that explicitly references the Bid Item 'Furnish & Install Unspecified Floor Finish From Schedule'. Therefore, it provides no direct evidence linking to the bid item; at best it is an indirect/location marker, which is NOT a direct association."
region_000386,A-005,Furnish & Install Unspecified Floor Finish From Schedule,FZ,FINISH_TAG,DIRECT,RIGHT,HIGH,"The highlight contains a clearly visible finish-tag (FZ) located within the area, which directly references the floor finish work to be taken from the schedule; no indirect reasoning or assumptions are required."
region_000387,A-005,Furnish & Install Unspecified Floor Finish From Schedule,FZ,FINISH_TAG,NONE,WRONG,HIGH,"1) The highlighted region contains a blue-circled 'FZ' label, which appears to be a finish-tag indicator rather than a specific finish item. 2) There is no explicit finish type (e.g., carpet, tile, epoxy) or schedule mapping shown in the region that directly references the Bid Item 'Furnish & Install Unspecified Floor Finish From Schedule'. 3) The rule requires a direct identification of the work; a generic finish tag alone does not directly establish the bid item. 4) No evidence in the region ties to the schedule item or confirms the exact finish to be installed."
region_000388,A-005,Furnish & Install Unspecified Floor Finish From Schedule,FX,FINISH_TAG,NONE,WRONG,HIGH,"The highlighted region contains finish-tag symbols 'FX' but provides no direct identification of a specific floor finish or a schedule entry mapping to 'Furnish & Install Unspecified Floor Finish From Schedule'. A finish tag on a roof plan does not, by itself, prove the bid item. There is no explicit material reference (e.g., carpet, vinyl, or floor spec) or linkage to a finish schedule in the region. Therefore, there is no direct evidence connecting this region to the bid item; the association is not direct (WRONG)."
region_000389,A-005,Furnish & Install Unspecified Floor Finish From Schedule,FX,FINISH_TAG,NONE,WRONG,HIGH,"The highlighted region contains a small label 'FX' (a finish tag) on a roof plan (Sheet A-005, Roof Plan). There is no explicit reference to a specific floor finish (e.g., carpet, tile, or other floor material) or a schedule entry that directly corresponds to the bid item: 'Furnish & Install Unspecified Floor Finish From Schedule'. The region is on a roof plan and does not present a direct finish callout tied to interior flooring, so it cannot be considered a direct association with the bid item. This is not evidence of the specified floor finish item, only a generic finish tag with no direct link to the bid item."
region_000390,A-005,Furnish & Install Unspecified Floor Finish From Schedule,FV,EQUIPMENT_TAG,NONE,WRONG,HIGH,"The region contains a circular equipment tag labeled FV, typical of an equipment/MEP symbol rather than a floor finish reference. There is no finish designation, finish schedule reference, or material tag visible in this region to directly identify the bid item 'Furnish & Install Unspecified Floor Finish From Schedule'. The region is on a roof plan (Sheet A-005) and lacks any direct association to floor finishes. No indirect association (same trade/same sheet) qualifies as a direct bid-item association. Therefore, the association is WRONG with a high level of confidence."
region_000391,A-005,Furnish & Install Unspecified Floor Finish From Schedule,FV,EQUIPMENT_TAG,NONE,WRONG,HIGH,"The highlighted region visually shows an equipment tag 'FV' (not a floor finish reference). There is no text, symbol, or callout directly tying this region to a finish item (e.g., carpet, tile, concrete finish) or to a floor finish schedule. A direct association would require a finish tag, carpet/tlooring designation, or a schedule entry explicitly matching the bid item; none are present in this region. The evidence is image-based and unambiguous in showing an equipment tag rather than a finish reference."
region_000392,A-005,Furnish & Install Unspecified Floor Finish From Schedule,F2,GRID_REFERENCE,NONE,WRONG,HIGH,"The highlighted region shows a blue circled grid reference label 'F2' (intersection of grid line F and 2). This is a location/coordination marker, not a finish tag, room label, or finish specification. The bid item is 'Furnish & Install Unspecified Floor Finish From Schedule' and would require a finish designation (e.g., a finish code and related schedule entry) directly identifying the floor finish work. There is no direct evidence in the region that identifies or references the floor finish work or its schedule. On a roof plan sheet (A-005) such finish information would not normally appear as a grid reference. Therefore this region does not directly associate with the bid item; the association is NONE/WRONG."
region_000393,A-005,Furnish & Install Unspecified Floor Finish From Schedule,F2,GRID_REFERENCE,NONE,WRONG,HIGH,"The highlighted region contains the grid reference F2. It represents a location grid on the plan, not a material/work item or finish reference. There is no direct evidence tying this region to the Bid Item 'Furnish & Install Unspecified Floor Finish From Schedule'. Without a finish label or schedule reference in this region, the association is not direct."
region_000394,A-005,Furnish & Install Unspecified Floor Finish From Schedule,F1,FINISH_TAG,DIRECT,RIGHT,HIGH,"The highlighted region visibly contains the finish tag 'F1', a direct label for the floor finish that ties to the finishes schedule. This is a specific, explicit reference to the bid item (finish from schedule) rather than an indirect or generic indication. No inference beyond the tag is required."
region_000395,A-005,Furnish & Install Unspecified Floor Finish From Schedule,F1,GRID_REFERENCE,NONE,WRONG,HIGH,"The highlighted region shows grid reference bubbles (A3, A2, A1, F2, B1, B2) and grid lines. There is no finish tag, schedule entry, or material/finish label visible that directly identifies a bid item. According to the rules, grid references are not a bid item and do not constitute a direct association to 'Furnish & Install Unspecified Floor Finish From Schedule' (Others). Therefore, no direct evidence links this region to the bid item, and the association is NONE (WRONG)."
region_000396,A-005,Furnish & Install Unspecified Floor Finish From Schedule,F3,GRID_REFERENCE,NONE,WRONG,HIGH,"The highlighted region contains only a grid reference (F3) and does not directly identify, locate, or reference the bid item 'Furnish & Install Unspecified Floor Finish From Schedule'. Grid references are not bid items and provide no direct evidence of the specified flooring work on this sheet (Roof Plan, A-005). Therefore there is no direct association to the bid item."
region_000397,A-005,Furnish & Install Unspecified Floor Finish From Schedule,F3,FINISH_TAG,DIRECT,RIGHT,HIGH,"The highlighted region contains a finish tag labeled 'F3' (FINISH_TAG). This directly identifies the floor finish code to be used, which corresponds to an entry in the floor finish schedule. This provides direct drawing evidence for the bid item (furnish & install the unspecified floor finish from the schedule) without relying on room labels, general notes, or indirect associations."
region_000398,A-005,Furnish & Install Unspecified Floor Finish From Schedule,FZ,FINISH_TAG,DIRECT,RIGHT,HIGH,"The highlighted region shows a clear Finish Tag (FZ) tied to a floor area. This tag directly identifies the finish work for that locale, which is the essence of the bid item (unspecified floor finish to be sourced from a schedule). It is not a mere room label or generic note; it is a finish symbol that directly indicates the work referenced by the bid item. No assumption about indirect relationships is required."
region_000399,A-005,Furnish & Install Unspecified Floor Finish From Schedule,FZ,FINISH_TAG,NONE,WRONG,HIGH,"The region contains only a finish tag (FZ) with no direct indication of the floor finish to be installed or a concrete finish schedule entry. To satisfy the bid item, the region would need explicit material/finish identification or a clear schedule reference tying it to 'Furnish & Install Unspecified Floor Finish From Schedule'. This is not present in the highlighted region."
region_000400,A-005,Furnish & Install Unspecified Floor Finish From Schedule,FX,FINISH_TAG,DIRECT,RIGHT,HIGH,"The region visibly contains an FX finish-tag, which explicitly identifies a floor finish/activity in the space. This is a direct evidence item matching the Bid Item 'Furnish & Install Unspecified Floor Finish From Schedule' (Others). It is not a generic label or OCR-derived text; it is a concrete finish tag tied to the intended work. No reliance on OCR or indirect reasoning is used. The evidence is unambiguous and directly references the finish work for this region."
region_000401,A-005,Furnish & Install Unspecified Floor Finish From Schedule,FX,FINISH_TAG,DIRECT,RIGHT,MEDIUM,"The region visually contains FX finish-callout symbols, which directly indicate a finish assignment for the floor area. This aligns with the bid item to furnish & install an unspecified floor finish from the schedule. However, the actual finish material is not specified in this region (only the finish tag is shown), so the association is direct but not material-specific. No OCR or schedule text is relied upon; evidence is from the finish-tag symbols themselves."
region_000402,A-005,Furnish & Install Unspecified Floor Finish From Schedule,FV,EQUIPMENT_TAG,NONE,WRONG,HIGH,"The highlighted region shows a blue circular tag 'FV' which corresponds to a Field Verify annotation in the legend. There is no explicit finish type, material, or schedule reference visible in the region. Because the bid item is 'Furnish & Install Unspecified Floor Finish From Schedule' and this region does not directly identify or reference any floor finish, it cannot be considered a direct association. This is an annotation for field verification, not a direct finish reference."
region_000403,A-005,Furnish & Install Unspecified Floor Finish From Schedule,FV,OTHER,NONE,WRONG,HIGH,"The highlighted region contains FV (Field Verify) markers from the legend, not a finish tag or finish-related note that directly identifies a bid item. There is no explicit reference to a floor finish (carpet, vinyl, etc.) or a schedule entry tying this exact region to 'Furnish & Install Unspecified Floor Finish' as required for a DIRECT association. Therefore, no direct evidence links this region to the bid item; any relevance would be indirect and insufficient for a correct association."
region_000404,A-005,Furnish & Install Unspecified Floor Finish From Schedule,F2,GRID_REFERENCE,NONE,WRONG,HIGH,"The highlighted region contains the grid reference 'F2', which is a spatial coordinate on the roof plan. It does not identify or reference any floor finish, material, or work item. Per the SPECIAL RULES, a grid reference is NOT a bid item and carries no direct association to the Bid Item 'Furnish & Install Unspecified Floor Finish From Schedule'. There is no direct evidence linking this region to the bid item; any relation would be indirect at best and not sufficient for a RIGHT association."
region_000405,A-005,Furnish & Install Unspecified Floor Finish From Schedule,F2,GRID_REFERENCE,NONE,WRONG,HIGH,"The highlighted region visually represents a grid tag (F2). There is no direct indication of a floor finish, finish type, or schedule entry that ties to 'Furnish & Install Unspecified Floor Finish From Schedule'. Therefore there is no direct association with the bid item."
region_000406,A-005,Furnish & Install Unspecified Floor Finish From Schedule,F1,PLAN_GEOMETRY,NONE,WRONG,HIGH,"The region shows plan geometry and callouts only. It does not contain a finish tag, finish schedule, room label with a finish reference, or any explicit reference to the original bid item (Furnish & Install Unspecified Floor Finish From Schedule). Grid/callout content alone does not constitute direct evidence for the bid item per the required criteria."
region_000407,A-005,Furnish & Install Unspecified Floor Finish From Schedule,F1,GRID_REFERENCE,NONE,WRONG,HIGH,"1) The highlighted region contains grid-reference callouts (A1, A2, A3, F2, C1, C2) and grid lines typical of plan geometry, not a finish tag or flooring specification. 2) It does not identify or reference any floor finish, finish schedule, or material/work explicitly tied to the bid item. 3) Without knowledge of the bid item, this region would be interpreted as grid geometry, not as finish work. 4) There is no direct evidence connecting this region to the Bid Item (Furnish & Install Unspecified Floor Finish). 5) Relying on same-trade or nearby related work would be indirect, which is not acceptable for a direct association. 6) OCR alone is not used as evidence; the image content shows grid references, not a finish reference. 7) No assumption is required to classify as WRONG."
region_000408,A-005,Furnish & Install Unspecified Floor Finish From Schedule,F3,GRID_REFERENCE,NONE,WRONG,HIGH,"The highlighted region contains a grid reference marker (F3) typical of sheet location labeling, not a finish/work indication. It does not identify, locate, or explicitly reference the bid item (Furnish & Install Unspecified Floor Finish) and provides no finish/material data, schedule, or detail directly tied to the bid item. Therefore there is no direct evidence linking this region to the bid item."
region_000409,A-005,Furnish & Install Unspecified Floor Finish From Schedule,F3,GRID_REFERENCE,NONE,WRONG,HIGH,"The region visibly contains a grid reference labeled 'F3' (grid line F and column 3). This is a grid reference symbol, not a finish/material reference, schedule entry, or any direct indication of flooring work. The original bid item is 'Furnish & Install Unspecified Floor Finish From Schedule,' which would require direct evidence of a finish in the region (e.g., finish tag, room finish schedule, or material symbol). Since the region provides no such direct evidence, the association is not direct and must be classified WRONG."
region_000410,A-005,Furnish & Install Unspecified Floor Finish From Schedule,FZ,FINISH_TAG,NONE,WRONG,HIGH,"The highlighted region contains a generic 'FZ' finish zone tag with no direct labeling of the required bid item (Furnish & Install Unspecified Floor Finish From Schedule) or a schedule entry. It does not visibly identify the material/work or link to the finish schedule, and thus provides no direct evidence for the bid item. This is not a direct association; at best it suggests a finish-related annotation, not the specified flooring work."
region_000411,A-005,Furnish & Install Unspecified Floor Finish From Schedule,FZ,FINISH_TAG,NONE,WRONG,HIGH,"The highlighted region contains generic finish tags (FZ/FX) on a Roof Plan sheet. The Bid Item requires furnishing & installing an unspecified floor finish from a schedule. There is no direct label, finish type, or explicit schedule entry in the region that identifies a floor finish tied to the Bid Item. Therefore, the region does not provide a direct association to the Bid Item."
region_000412,A-005,Furnish & Install Unspecified Floor Finish From Schedule,FX,FINISH_TAG,NONE,WRONG,HIGH,"The highlighted region contains generic finish-tag markers (FX) but does not directly identify a specific floor finish or link to a Floor Finish Schedule. There is no explicit indication of furnishing/installing a particular floor finish in this region on this roof plan sheet, so it cannot be taken as a direct representation of the Bid Item 'Furnish & Install Unspecified Floor Finish From Schedule'."
region_000413,A-005,Furnish & Install Unspecified Floor Finish From Schedule,FX,FINISH_TAG,DIRECT,RIGHT,HIGH,"The highlighted region visibly contains FX finish tags, which are standard finish identifiers used to mark floor finishes on the plan. This directly corresponds to the Bid Item 'Furnish & Install Unspecified Floor Finish From Schedule' by signaling floor finish work to be executed per the schedule. No reliance on OCR alone or indirect reasoning (e.g., same trade or similar scope) is used; the evidence is the finish tag itself that directly identifies the bid item scope."
region_000414,A-005,Furnish & Install Unspecified Floor Finish From Schedule,FV,GENERAL_NOTE,NONE,WRONG,HIGH,"The highlighted region shows an FV bubble, which the legend defines as FIELD VERIFY. This does not directly identify or reference the bid item 'Furnish & Install Unspecified Floor Finish From Schedule' (Other). There is no explicit finish, material, or schedule entry shown in this region that ties it to the bid item; it is a general note rather than a finish work indication. Therefore, no direct association to the bid item is present."
region_000415,A-005,Furnish & Install Unspecified Floor Finish From Schedule,FV,PLAN_GEOMETRY,NONE,WRONG,HIGH,"The highlighted region shows general plan geometry and a detail/reference tag, not a direct finish identification or flooring specification. For a direct association to the bid item (Furnish & Install Unspecified Floor Finish From Schedule), the region would need to visibly reference a floor finish type, schedule, or finish tag. OCR hints are secondary and do not change the visual lack of a direct finish reference in this region."
region_000416,A-005,Furnish & Install Unspecified Floor Finish From Schedule,F2,FINISH_TAG,DIRECT,RIGHT,HIGH,"The region visibly shows a finish tag 'F2' that directly identifies a finish code to be applied per the finish schedule. This provides explicit, not inferential, evidence of the finish assignment related to the bid item. No dependence on OCR or indirect reasoning is used."
region_000417,A-005,Furnish & Install Unspecified Floor Finish From Schedule,F2,GRID_REFERENCE,NONE,WRONG,HIGH,"The highlighted region contains a blue circular label with the text 'F2', which is a grid reference bubble used to locate grid lines on the plan. Per the evidence rules, a grid reference is NOT a bid item and does not directly identify, locate, or reference the work specified in the Bid Item (Furnish & Install Unspecified Floor Finish From Schedule). There is no finish schedule label, finish material, or finish-related annotation visible in this region. Therefore there is no direct association to the bid item; any relation would be indirect at best, which is not sufficient for a correct direct association. (OCR note: region OCR reads 'F2', which aligns with grid reference interpretation; the red locator box in the full sheet is not considered evidence.)"
region_000418,A-005,Furnish & Install Carpet,C1,GRID_REFERENCE,NONE,WRONG,HIGH,"The highlighted region shows a grid reference bubble labeled 'C1' used for locating points on the plan. It does not identify, label, or reference the bid item (Furnish & Install Carpet) and provides no direct evidence of carpet work. Therefore there is no direct association to the bid item; the correct decision is WRONG."
region_000419,A-005,Furnish & Install Carpet,C1,FINISH_TAG,NONE,WRONG,MEDIUM,"The highlighted region contains finish-callout tags (C1, C2, C3, F2, A1, A2) typical of a finish schedule. There is no explicit reference to carpet installation (no labeling like 'Carpet', 'Carpet C1', or floor finish directly identifying carpet) within this region. The evidence is on a roof plan sheet, where carpet work would not be depicted, and the region does not directly identify or locate the bid item Furnish & Install Carpet. Therefore, the association to the bid item is not direct (NONE)."
region_000420,A-005,Furnish & Install Carpet,C4,GRID_REFERENCE,NONE,WRONG,HIGH,"Region shows a grid reference 'C4' on the Roof Plan (Sheet A-005). There is no finish tag, room label, schedule, or other direct indicator of carpet (Furnish & Install Carpet) in this region. Grid references are not bid items, and this is a roof plan, not an interior floor finish plan. Therefore there is no direct association to the bid item."
region_000421,A-005,Furnish & Install Carpet,C4,GRID_REFERENCE,NONE,WRONG,HIGH,"The highlighted region visibly shows the grid reference 'C4' on the roof plan sheet (A-005). This is grid annotation, not a finish, material, or bid-item identifier. There is no carpet finish tag, room finish schedule, or any other direct evidence linking this region to the bid item 'Furnish & Install Carpet'. Therefore there is NO DIRECT association to the carpet bid item (association = NONE)."
region_000422,A-005,Furnish & Install Carpet,CX,GRID_REFERENCE,NONE,WRONG,HIGH,"The highlighted region contains a blue circular label CX, which is a grid reference marker on the roof plan. It does not identify or reference carpet work, finish, or any carpet-related item. There is no explicit carpet finish tag, label, or finish schedule evidence within the region. Therefore, it does not provide direct evidence for the bid item 'Furnish & Install Carpet'."
region_000423,A-005,Furnish & Install Carpet,CX,FINISH_TAG,NONE,WRONG,HIGH,"The highlighted region contains CX finish callouts on a roof plan (Sheet A-005). There is no direct reference to carpet (no label such as 'Carpet', no carpet finish schedule, and no interior floor finish indication). The region is on a roof plan, not an interior floor finish drawing, so it does not directly identify Furnish & Install Carpet."
region_000424,A-005,Furnish & Install Carpet,CV,PLAN_GEOMETRY,NONE,WRONG,HIGH,"There is no direct indication of carpet finish or carpet-related labeling in the highlighted roof-plan region. A bid item for carpet requires explicit finish labeling (e.g., CARPET) or a finish symbol tied to a floor area. The region shown is a roof-plan core element with slope and structural indicators, not a carpet finish reference. Therefore the region does not directly identify, locate, or reference the original bid item."
region_000425,A-005,Furnish & Install Carpet,CV,FINISH_TAG,NONE,WRONG,HIGH,"The highlighted region visually contains a small blue circular tag with 'CV' inside. This does not directly identify the bid item 'Furnish & Install Carpet'. The region is on a roof plan page (A-005 Bldg Types Roof Plan) where interior carpet would not typically be specified; there is no carpet finish labeling, schedule entry, or explicit carpet-level tag in this region. Therefore no direct association; any link would be indirect and not acceptable per the rules."
region_000426,A-005,Furnish & Install Carpet,CZ,PLAN_GEOMETRY,NONE,WRONG,HIGH,"The highlighted region shows a geometric core feature on the roof plan (likely a stair/elevator/shaft area) with no explicit finish or equipment tag that references carpet. There is no finish label, room label, schedule entry, or detail that directly identifies carpet or a floor finish for this region. The bid item is Furnish & Install Carpet (carpet finish for interior floors), but the region provides no direct evidence of carpet installation or finish assignment. The red locator box in the locator sheet is not evidence itself. Therefore, there is no direct association to the bid item."
region_000427,A-005,Furnish & Install Carpet,CZ,PLAN_GEOMETRY,NONE,WRONG,HIGH,"The highlighted region sits on a roof plan (Sheet A-005) and shows roof geometry, grid lines, and zone boundaries. There is no finish/type reference (e.g., carpet, floor finish) or element that directly identifies Furnish & Install Carpet. Specification text or room labels in this region do not equate to carpet installation. Therefore, there is no direct evidence connecting this region to the bid item; the association is not direct."
region_000428,A-005,Furnish & Install Carpet,C2,GRID_REFERENCE,NONE,WRONG,HIGH,"The highlighted region shows a circular grid label 'C2' with a leader line in the roof plan. This is a grid reference, not a finish tag, room label, or carpet-related element. Per the special rule for grid references, it does NOT directly establish or identify the bid item (Furnish & Install Carpet). Therefore there is no direct association to the bid item; the region should not be considered evidence of carpet work."
region_000429,A-005,Furnish & Install Carpet,C2,GRID_REFERENCE,NONE,WRONG,HIGH,"The highlighted region visually shows a grid reference bubble containing 'C2' with vertical dashed lines. This is a grid/location indicator, not a bid-item finish or work description. Special Rule for GRID REFERENCES states they are not bid items, and a grid reference alone does not directly identify finish/work (carpet) for Furnish & Install Carpet. Therefore there is no direct evidence connecting this region to the bid item, and the correct decision is WRONG with NONE association."
region_000430,A-005,Furnish & Install Carpet,C3,GRID_REFERENCE,NONE,WRONG,HIGH,"The highlighted region visually contains a circular 'C3' grid reference label with leader/via dashed lines, which is a grid reference and not a finish (carpet) or any bid-item indication. A grid reference does not directly identify, locate, or reference the bid item 'Furnish & Install Carpet'. Per the rules, this is not direct evidence for the carpet work, and no indirect association (same trade/same sheet) is sufficient. Therefore, the region does not directly support the carpet bid item and the audit decision is WRONG."
region_000431,A-005,Furnish & Install Carpet,C3,GRID_REFERENCE,NONE,WRONG,HIGH,"The highlighted region visually contains a grid reference bubble ('C3') with a dashed grid line. It does not contain a finish tag, material tag, room label, or any indication of carpet installation. Grid references are not bid items and cannot serve as direct evidence for Furnish & Install Carpet. Therefore there is no direct association to the bid item; the region is not a direct representation of carpet work."
region_000432,A-005,Furnish & Install Carpet,C1,GRID_REFERENCE,NONE,WRONG,HIGH,"The highlighted region shows a grid reference bubble with the text 'C1' and leader lines. This is part of the plan’s grid system and does not identify or reference carpet installation or any finish/work. There is no direct indication of the Bid Item 'Furnish & Install Carpet' in this region; at best it provides locational context (grid), which is an indirect/no association for the bid item."
region_000433,A-005,Furnish & Install Carpet,C1,GRID_REFERENCE,NONE,WRONG,HIGH,"The highlighted region shows a blue circular grid reference bubble labeled 'C1' used to locate grid lines on the plan. There is no finish tag, carpet label, or other direct evidence identifying carpet work. Therefore it does not directly reference the bid item 'Furnish & Install Carpet'; it is an unrelated grid reference element."
region_000434,A-005,Furnish & Install Carpet,C4,GRID_REFERENCE,NONE,WRONG,HIGH,The highlighted region visually contains a grid reference label (C4) rather than a finish/work entry. Grid references are not bid-item evidence and do not directly identify carpet installation. There is no explicit carpet finish or related bid-item indicator in this region; thus there is no direct association to the Bid Item 'Furnish & Install Carpet'. The Special Rule for GRID REFERENCES confirms this is not evidence of carpet work.
region_000435,A-005,Furnish & Install Carpet,C4,GRID_REFERENCE,NONE,WRONG,HIGH,"The highlighted region contains a grid reference label (C4) rather than a carpet-related finish or work item. Step 1 identifies it as GRID_REFERENCE. Step 2 confirms it represents a location marker, not a bid-item element. Independently, it would be read as a grid coordinate without knowledge of the bid item. There is no direct evidence linking this region to Furnish & Install Carpet (carpet finish) such as a carpet finish tag, material tag, or explicit carpet reference. Therefore the association is NONE, and the bid item is not correctly associated with this region."
region_000436,A-005,Furnish & Install Carpet,CX,PLAN_GEOMETRY,NONE,WRONG,HIGH,"The highlighted region shows generic floor plan geometry (corridor/door openings) without any direct reference to carpet. There is no finish tag, label, or schedule within this region that directly identifies carpet installation. Therefore, it does not provide direct evidence linking to the original bid item (Furnish & Install Carpet)."
region_000437,A-005,Furnish & Install Carpet,CX,PLAN_GEOMETRY,NONE,WRONG,HIGH,"The region is a portion of the roof plan (plan geometry) with grid/callout markers and no carpet-related labeling or finish reference. There is no direct evidence linking this specific region to the bid item 'Furnish & Install Carpet'; relying on indirect associations (e.g., same trade or sheet) would be incorrect per the audit rules."
region_000438,A-005,Furnish & Install Carpet,CV,PLAN_GEOMETRY,NONE,WRONG,HIGH,"The highlighted region lies on a roof plan (Sheet A-005, Bldg Types Roof Plan) and shows a structural/mechanical core feature rather than any finished floor condition. There is no direct finish indication (no CARPET label, finish symbol, or finish schedule entry) tying this specific region to the bid item 'Furnish & Install Carpet'. Therefore, it does not directly identify or reference the carpet bid item."
region_000439,A-005,Furnish & Install Carpet,CV,FINISH_TAG,NONE,WRONG,HIGH,"The region visually contains generic finish-tag indicators (FZ/CZ) and plan/grid features but does not directly identify or reference carpet installation. The bid item requires a direct finish reference to carpet; since none is visible, the association is not direct."
region_000440,A-005,Furnish & Install Carpet,CZ,PLAN_GEOMETRY,NONE,WRONG,HIGH,"The highlighted region contains a structural/core feature (vertical shaft/elevator area) in the roof plan. There is no explicit finish reference (e.g., CARPET, floor finish tag, or finish schedule) that directly identifies carpet. A direct association to the Bid Item 'Furnish & Install Carpet' would require a visible finish tag or labeling tying this region to carpet, which is not present. Relying on indirect reasoning (same trade, same sheet, or general flooring context) would be incorrect per the DIRECT ASSOCIATION requirement."
region_000441,A-005,Furnish & Install Carpet,CZ,PLAN_GEOMETRY,NONE,WRONG,HIGH,"The highlighted region is a geometric portion of the roof plan with no explicit finish or material reference. Carpet (furnish & install carpet) would require direct evidence of a floor finish/tag within the region (e.g., a carpet label, finish tag, or finish schedule entry). Since this is on a roof plan and lacks any such direct marking, there is no direct association to the bid item. OCR hints are not relied upon here; the visual evidence does not show carpet-related content."
region_000442,A-005,Furnish & Install Carpet,C2,GRID_REFERENCE,NONE,WRONG,HIGH,"The highlighted region is a GRID_REFERENCE (C2) used for location. It does not identify carpet or any finish/work, and thus provides no direct evidence for the bid item 'Furnish & Install Carpet'."
region_000443,A-005,Furnish & Install Carpet,C2,GRID_REFERENCE,NONE,WRONG,HIGH,The highlighted region is a grid reference bubble (C2). Grid references are not bid items and do not explicitly identify carpet installation or any carpet-related finish. There is no direct evidence in the region tying it to the bid item 'Furnish & Install Carpet.'
region_000444,A-005,Furnish & Install Carpet,C3,GRID_REFERENCE,NONE,WRONG,HIGH,"The highlighted region visually conveys a grid reference bubble 'C3' (grid line marker) and contains no finish/work indication, label, or schedule that directly identifies or references the bid item. The original bid item is ‘Furnish & Install Carpet’ (carpet finish), which requires evidence of carpet finish or related finish notes. A grid reference by itself is not a bid item and does not provide direct evidence of carpet installation. Therefore, there is no direct association between this region and the bid item; classification is WRONG with NONE evidence."
region_000445,A-005,Furnish & Install Carpet,C3,GRID_REFERENCE,NONE,WRONG,HIGH,"The highlighted region shows a circle label with 'C3', which is a grid reference bubble on the plan. This does not identify, locate, or reference carpet installation, finish, or any bid-item work. The Special Rule for GRID REFERENCES states this is not a bid item. There is no finish tag, material tag, room label, or explicit schedule/detail entry in this region that ties directly to the Bid Item 'Furnish & Install Carpet'. Therefore, there is NO DIRECT evidence connecting this region to the bid item; the association is WRONG."
region_000446,A-005,Furnish & Install Carpet,C1,GRID_REFERENCE,NONE,WRONG,HIGH,"The highlighted region shows a grid reference bubble 'C1' and does not contain any finish/work indication for carpet. A grid reference is not a bid item and provides no direct evidence of Furnish & Install Carpet. Therefore, there is no direct association to the bid item."
region_000447,A-005,Furnish & Install Carpet,C1,GRID_REFERENCE,NONE,WRONG,HIGH,"The highlighted region shows a grid reference (C1) along grid lines, which is a plan-reference element, not a finish or bid-item indication for carpet. Special Rule — GRID REFERENCES states this does not directly establish the bid item. There is therefore no direct evidence linking this region to 'Furnish & Install Carpet'."
region_000448,A-005,Furnish & Install Carpet,C4,GRID_REFERENCE,NONE,WRONG,HIGH,"The highlighted region visually displays a grid bubble/reference labeled 'C4'. This is a plan locator and does not directly identify or reference the carpet bid item. Special rule for GRID_REFERENCES states these are not bid items; without a direct finish/work indication (e.g., 'Carpet', finish schedule, or related annotation), there is no direct association to Furnish & Install Carpet."
region_000449,A-005,Furnish & Install Carpet,C4,GRID_REFERENCE,NONE,WRONG,HIGH,"The highlighted region shows a blue circular tag labeled 'C4' (a grid reference bubble) with dashed grid lines. This is a plan annotation used for locating elements on the sheet, not a finish/work item. The original bid item is Furnish & Install Carpet (Carpet). There is no finish, carpet tag, or related symbol in this region. According to the special rule for grid references, it does not directly establish the bid item. Therefore, the region does not directly reference the carpet bid item, and the association is WRONG."
region_000450,A-005,Furnish & Install Carpet,CX,FINISH_TAG,NONE,WRONG,MEDIUM,"The highlighted region shows circular finish-callout tags (FX, CX) typical of finish labeling, but there is no direct evidence that these tags correspond to carpet (the bid item). The sheet is a roof plan, not an interior floor finish drawing, and there is no explicit carpet designation or schedule visible in the region. Therefore, it does not directly identify, locate, or reference the original bid item (Furnish & Install Carpet)."
region_000451,A-005,Furnish & Install Carpet,CX,FINISH_TAG,DIRECT,RIGHT,HIGH,"Visible blue-circled markers 'CX' along the floor plan indicate a finish designation for the floor. As the bid item is Furnish & Install Carpet (carpet finish), these finish-tags provide direct evidence that the region corresponds to carpet installation in the spaces shown. No grid/room-name or generic relation is used; the evidence is the finish tag itself mapping to the work of carpet installation."
region_000452,A-005,Furnish & Install Carpet,CV,PLAN_GEOMETRY,NONE,WRONG,HIGH,"The highlighted plan region shows a small interior enclosure on a roof plan (Sheet A-005) with no finish indication for carpet. A direct association to the bid item 'Furnish & Install Carpet' would require an explicit carpet finish reference (e.g., 'CARPET', carpet finish hatch, or a related finish note) within this region or a directly linked finish schedule. There is no such direct evidence; there is only plan geometry and possibly mechanical/shaft content, which does not directly identify the bid item. OCR hints do not substitute for visible evidence."
region_000453,A-005,Furnish & Install Carpet,CV,FINISH_TAG,INDIRECT,WRONG,MEDIUM,"The highlighted region contains finish-tag symbols (FZ) on a Roof Plan sheet, but there is no explicit labeling or symbol that directly identifies carpet (the bid item). Finishes tags may relate to flooring generally, but they do not directly specify carpet installation. Therefore the region does not provide direct evidence for the 'Furnish & Install Carpet' bid item; at best it offers an indirect finish context."
region_000454,A-005,Furnish & Install Carpet,CZ,GRID_REFERENCE,NONE,WRONG,HIGH,The highlighted region contains a grid reference label 'CZ' used for location on the sheet. Grid references are not bid items and do not directly identify carpet installation. There is no visible element that directly references or identifies the original bid item (Furnish & Install Carpet).
region_000455,A-005,Furnish & Install Carpet,CZ,FINISH_TAG,NONE,WRONG,MEDIUM,"The highlighted region shows a small CZ tag on a Roof Plan with no direct reference to carpet (no label like CARPET, or finish symbols for floor finishes). The region does not identify the bid item (Furnish & Install Carpet) nor a finish assigned to an area for flooring. Therefore it provides no direct evidence linking to the bid item; the association is not valid."
region_000456,A-005,Furnish & Install Carpet,C2,GRID_REFERENCE,NONE,WRONG,HIGH,"The highlighted region shows a grid reference (C2). Grid references are not bid items or finish/work indicators. There is no direct drawing evidence that this region identifies, locates, or references the original bid item (Furnish & Install Carpet)."
region_000457,A-005,Furnish & Install Carpet,C2,GRID_REFERENCE,NONE,WRONG,HIGH,"The highlighted region contains a grid label 'C2' (grid reference). It serves to locate positions on the roof plan and has no direct indication of carpet installation or finish. There is no finish-tag, material tag, room label tied to carpet, or schedule entry in this region."
region_000458,A-005,Furnish & Install Carpet,C3,GRID_REFERENCE,NONE,WRONG,HIGH,"The highlighted region contains a grid reference bubble with the label C3. Grid references are location indicators, not bid items. There is no direct indication of carpet, flooring finish, or related finish/work in this region to tie it to the Bid Item 'Furnish & Install Carpet'. Therefore, there is NO direct association to the bid item."
region_000459,A-005,Furnish & Install Carpet,C3,GRID_REFERENCE,NONE,WRONG,HIGH,"The highlighted region shows a grid reference bubble 'C3' on the Roof Plan sheet. A grid reference is used solely for location, not to identify or reference a bid item. There is no carpet finish indication or any carpet-related labeling in this region. Therefore there is no direct evidence linking this region to the 'Furnish & Install Carpet' bid item."
region_000460,A-005,Furnish & Install Carpet,C1,GRID_REFERENCE,NONE,WRONG,HIGH,"The highlighted region shows a blue circular grid reference label 'C1' connected to grid lines. This is a grid reference symbol, not a bid item finish or work indication. There is no direct evidence identifying or referencing the carpet bid item in this region; grid references are explicitly not bid items and do not establish a direct association to Furnish & Install Carpet."
region_000461,A-005,Furnish & Install Carpet,C1,GRID_REFERENCE,NONE,WRONG,HIGH,"The highlighted region is a grid reference bubble labeled 'C1' as shown in the local drawing context and the whole-sheet locator. It does not depict, identify, or reference any carpet finish work. The Bid Item is 'Furnish & Install Carpet' and requires a finish/installation indication directly tied to carpet. Since the region contains only a grid reference and lacks direct evidence linking to carpet installation, there is NO DIRECT ASSOCIATION to the bid item. Therefore, the decision is WRONG with HIGH confidence."
region_000462,A-005,Furnish & Install Carpet,C4,DETAIL,NONE,WRONG,HIGH,"The highlighted region contains a detail-callout symbol (A5/A-201) rather than any carpet finish indication. There is no direct evidence that this region represents or references the bid item 'Furnish & Install Carpet'. It instead functions as a cross-reference to another detail, which is not the carpet work."
region_000463,A-005,Furnish & Install Carpet,C4,GRID_REFERENCE,NONE,WRONG,HIGH,"The highlighted region visually shows a grid reference bubble with the label 'C4' on the roof plan. It functions as a grid/locator, not as a finish, material, or work item indication. There is no direct evidence within the region that identifies or references the bid item 'Furnish & Install Carpet' (Carpet). Therefore the association is NONE (no direct association)."
region_000464,A-005,Furnish & Install Carpet,CX,FINISH_TAG,NONE,WRONG,MEDIUM,"The highlighted region shows finish-tag symbols (FX) but does not contain a direct, carpet-specific indication (e.g., 'CARPET', a carpet finish callout, or a floor finish schedule entry). The sheet is a roof plan (A-005) with plan geometry and core elements; carpet as a bid item would require an explicit, direct reference within this region. Without such direct evidence, the association to 'Furnish & Install Carpet' is not established."
region_000465,A-005,Furnish & Install Carpet,CX,GRID_REFERENCE,NONE,WRONG,HIGH,"The highlighted region contains a blue circled grid/label tag (CX), not a finish reference for carpet. The sheet is a Roof Plan (A-005) and does not show carpet installation evidence. Grid bubbles are explicitly not bid items and do not directly identify carpet."
region_000466,A-005,Furnish & Install Carpet,CV,OTHER,NONE,WRONG,HIGH,"The highlighted region shows an interior feature (likely a small room/shaft) with architectural elements but contains no label, symbol, or detail that directly identifies carpet or carpet installation. OCR hints (e.g., CV) do not constitute direct evidence of carpet. Special rules require direct identification of the bid item; without a direct finish/work indicator for carpet in this region, the association is not valid. Therefore the original bid item is not directly represented by this region."
region_000467,A-005,Furnish & Install Carpet,CV,PLAN_GEOMETRY,NONE,WRONG,HIGH,"The highlighted region contains roof plan geometry and miscellaneous finish tags typical of a roof plan. There is no direct indication of carpet or a finish assignment for interior flooring in this region. Without a direct reference to carpet (e.g., a finish tag, carpet schedule note, or a labeled carpet area), the bid item “Furnish & Install Carpet” cannot be directly associated with this specific drawing region. Relying on indirect cues (same trade, same sheet, general flooring context) would be incorrect per the audit rules."
region_000468,A-005,Furnish & Install Carpet,CZ,PLAN_GEOMETRY,NONE,WRONG,HIGH,"The highlighted region shows basic plan geometry (enclosure/door) on a Roof Plan sheet and contains no direct indication of carpet or any finish work. There is no finish tag, room finish reference, or schedule entry tying this exact region to the bid item 'Furnish & Install Carpet'. Therefore, there is no direct association to the bid item; the association would be indirect or nonexistent, which is insufficient for a RIGHT decision."
region_000469,A-005,Furnish & Install Carpet,CZ,FINISH_TAG,NONE,WRONG,HIGH,"The highlighted region contains a finish-tag marker but does not directly identify or reference carpet/furnish & install carpet. It is on a roof plan (A-005 Roof Plan) and provides no explicit finish assignment for the bid item. Therefore, there is no direct evidence linking this region to the bid item."
region_000470,A-005,Furnish & Install Carpet,C2,GRID_REFERENCE,NONE,WRONG,HIGH,"The highlighted region visually contains a grid reference bubble 'C2' and associated gridlines. There is no finish/work indication or label that identifies or references the bid item 'Furnish & Install Carpet'. Grid references are explicitly not bid items, so there is no direct association to the carpet bid item."
region_000471,A-005,Furnish & Install Carpet,C2,GRID_REFERENCE,NONE,WRONG,HIGH,"The highlighted region contains only a grid reference label ('C2') and does not identify, label, or reference the bid item (Furnish & Install Carpet). It is not a finish, material, room label, or schedule entry that directly ties to carpet work. Therefore there is no direct evidence linking this region to the bid item; classification is WRONG."
region_000472,A-005,Furnish & Install Carpet,C3,GRID_REFERENCE,NONE,WRONG,HIGH,"The region shows grid reference callouts (e.g., C3, C4, C2, C1) as part of the plan’s grid system. There is no label, tag, schedule, or finish indication that directly identifies the bid item 'Furnish & Install Carpet' (carpet) or any carpet-related finish. A grid reference is evidence of location geometry, not of the carpet work. Therefore, no direct association to the original bid item is present."
region_000473,A-005,Furnish & Install Carpet,C3,DETAIL,NONE,WRONG,HIGH,"The highlighted region is a detail/section callout reference, not a finish indication for carpet. There is no explicit carpet designation, finish tag, or finish-related schedule visible in this region to directly identify or associate carpet installation. Therefore it does not provide direct evidence for the bid item Furnish & Install Carpet; at best it is an indirect or unrelated drawing element."
region_000474,A-005,Furnish & Install Unidentified Electrical Components for Estimator Review,E1,GRID_REFERENCE,NONE,WRONG,HIGH,"The highlighted region shows a blue circular tag with the label E1, which corresponds to a grid reference bubble used to locate positions on the sheet. There is no visible indication of an electrical component, equipment tag, finish, schedule, or any bid-item-specific item. GRID_REFERENCE regions are explicitly not direct evidence of a bid item, per the defined rules. Therefore there is NO direct evidence linking this region to the Bid Item (Furnish & Install Unidentified Electrical Components) and the association is incorrect."
region_000475,A-005,Furnish & Install Unidentified Electrical Components for Estimator Review,E1,GRID_REFERENCE,NONE,WRONG,HIGH,"The highlighted region visually shows a grid reference bubble 'E1' used to locate grid lines on the roof plan. This is a grid reference symbol, not a bid item, finish, equipment, or electrical component reference. The original bid item is 'Furnish & Install Unidentified Electrical Components for Estimator Review' (Others). There is no direct representation of electrical work or components in this region; grid references are explicitly NOT bid items. Therefore the region does not directly identify or reference the bid item."
region_000476,A-005,Furnish & Install Unidentified Electrical Components for Estimator Review,E4,GRID_REFERENCE,NONE,WRONG,HIGH,"The highlighted region visibly contains a grid reference bubble with the label 'E4'. Grid references are not bid items and do not directly identify, locate, or reference the original bid item (Furnish & Install Unidentified Electrical Components). There is no direct indication of electrical components, equipment, finishes, or related work in this region. Therefore there is NO direct association to the bid item; the correct decision is WRONG."
region_000477,A-005,Furnish & Install Unidentified Electrical Components for Estimator Review,E4,GRID_REFERENCE,NONE,WRONG,HIGH,"The highlighted region shows a blue circular grid reference bubble with the label E4 and a leader line, which is a grid reference marker. Grid references do not constitute or directly identify work items, finishes, or components of the bid item “Furnish & Install Unidentified Electrical Components for Estimator Review.” There is no direct indication in the region that ties to the electrical bid item; OCR may show E4, but visually the element represents a grid coordinate, not the bid item. Therefore, no direct association exists (NO ASSOCIATION)."
region_000478,A-005,Furnish & Install Unidentified Electrical Components for Estimator Review,EX,EQUIPMENT_TAG,DIRECT,RIGHT,HIGH,The highlighted region visually shows explicit electrical fixture tags (FX) associated with the plan location. This is a direct reference to electrical work/equipment and maps to the bid item to furnish and install electrical components. No reliance on OCR alone; the evidence is visible on the drawing region itself.
region_000479,A-005,Furnish & Install Unidentified Electrical Components for Estimator Review,EX,EQUIPMENT_TAG,NONE,WRONG,HIGH,"The highlighted region contains two 'EX' equipment tags on a roof plan, with no explicit electrical component, panel, outlet, wiring, or schedule that directly identifies the bid item 'Furnish & Install Unidentified Electrical Components'. The 'EX' marks are likely mechanical/exhaust annotations, not electrical work. There is no direct drawing evidence linking this region to the bid item; OCR hints do not override the visual evidence."
region_000480,A-005,Furnish & Install Unidentified Electrical Components for Estimator Review,EV,OTHER,NONE,WRONG,HIGH,"1) The region does not contain any equipment tag, symbol, or explicit reference to electrical components or installations. 2) It appears to be a general architectural plan element (a doorway/room), not a finish or equipment reference tied to the bid item. 3) Without the bid item, the region would be interpreted as a small room/door area, not electrical work. 4) There is no direct drawing evidence linking this region to Furnish & Install Unidentified Electrical Components. 5) OCR hints do not provide a direct, explicit association. 6) No assumption is used beyond the visible drawing evidence."
region_000481,A-005,Furnish & Install Unidentified Electrical Components for Estimator Review,EV,EQUIPMENT_TAG,NONE,WRONG,HIGH,"The highlighted region contains equipment tags (EV, EW) on circular markers with dashed connection lines, indicating labeled equipment locations on the roof plan. There is no direct indication of a specific electrical component, any ‘Furnish & Install…’ item, or a schedule/detail that explicitly references the bid item. This constitutes no direct evidence linking the region to the original bid item; an indirect association would be insufficient per the rules."
region_000482,A-005,Furnish & Install Unidentified Electrical Components for Estimator Review,EZ,EQUIPMENT_TAG,INDIRECT,WRONG,MEDIUM,"The region contains an equipment tag, not a direct identification of a specific electrical component or electrical work item. Per the rules, a room label or equipment tag alone does not establish the bid item. Without a direct reference (such as a labeled component, schedule entry, or component-specific note), the region does not provide direct evidence for the original bid item; its relation would be only indirect."
region_000483,A-005,Furnish & Install Unidentified Electrical Components for Estimator Review,EZ,EQUIPMENT_TAG,DIRECT,RIGHT,HIGH,"The highlighted region contains explicit equipment tags on the roof plan, which identify electrical components to be installed. This provides direct drawing evidence of the bid item scope (electrical components) rather than relying on room names, schedules, or generic text. No assumptions from OCR or indirect inferences are used."
region_000484,A-005,Furnish & Install Unidentified Electrical Components for Estimator Review,E2,GRID_REFERENCE,NONE,WRONG,HIGH,"The highlighted area shows grid references (e.g., E2) and plan geometry markers. There is no explicit depiction or labeling of an electrical component, equipment, or related bid-item work. Grid references are a coordination/locational element, not a bid-item deliverable. Therefore there is no direct association with the bid item.”} } } }? (Note: The trailing characters were accidental; please use the structured JSON content above.)*|*|*|*|*|*|*|*|*|*|*|*|*|*|*|*|*|*|*|*|*|*|*|*|*|*|*|*|*|*|*|*|*|*|*|*|*|*|*|*|*|*|*|*|*|*|*|*|*|*|*|*|*|*|*|*|*|*|*|*|*|*|*|*|*|*|*|* (The above note is extraneous and should be ignored. Use only the JSON object in the first block.)} }> (Apologies for the formatting glitch.) JSON content reproduced below clearly for parsing. Please ignore the trailing text above.  {"
region_000485,A-005,Furnish & Install Unidentified Electrical Components for Estimator Review,E2,GRID_REFERENCE,NONE,WRONG,HIGH,"The highlighted region visibly contains a grid reference callout (E2) rather than any material, equipment, finish, or schedule entry that would explicitly identify the electrical bid item. Per the special rule for GRID REFERENCES, a grid bubble/line reference is not a bid item and does not directly establish Furnish & Install of unidentified electrical components. Therefore there is no direct association with the bid item; the evidence points to location labeling rather than a specific electrical item."
region_000486,A-005,Furnish & Install Unidentified Electrical Components for Estimator Review,E3,GRID_REFERENCE,NONE,WRONG,HIGH,"The highlighted region is a grid reference element on the roof plan (E3). It does not visually contain or identify any electrical component, equipment, or work item that would directly satisfy the Bid Item. No finish/work indicators, equipment tags, or schedule entries are present in the region to support a direct association. OCR merely notes E3 as text, but OCR is not sufficient evidence; the image content must directly identify the bid item, which it does not."
region_000487,A-005,Furnish & Install Unidentified Electrical Components for Estimator Review,E3,GRID_REFERENCE,NONE,WRONG,HIGH,"The highlighted region visibly contains the grid reference 'E3' (grid location) and does not visibly identify any electrical component, equipment tag, finish, or other bid-item work. Grid references are not bid items themselves, and there is no direct labeling or tagging in the region that ties it to the 'Furnish & Install Unidentified Electrical Components' bid item. Therefore, there is no direct association."
region_000488,A-005,Furnish & Install Unidentified Electrical Components for Estimator Review,E5,GRID_REFERENCE,NONE,WRONG,HIGH,"The highlighted region is a grid reference bubble ('E5'), used only to locate positions on the plan. It contains no direct identification of electrical components, finishes, or bid-item elements. Per the GRID_REFERENCE rule, this does not constitute direct evidence for the bid item; therefore the association is incorrect."
region_000489,A-005,Furnish & Install Unidentified Electrical Components for Estimator Review,E5,GRID_REFERENCE,NONE,WRONG,HIGH,"The highlighted region contains a grid reference marker (E5) used for locating positions on the plan. Grid references are not bid items and do not explicitly identify, locate, or reference a specific electrical component or work. Therefore there is no direct evidence linking this region to the Bid Item 'Furnish & Install Unidentified Electrical Components'."
region_000490,A-005,Furnish & Install Unidentified Electrical Components for Estimator Review,EW,DETAIL,NONE,WRONG,HIGH,"The highlighted region shows a detail callout (A-203) rather than a specific electrical component or finish/work item. There is no direct visual evidence of a bid-item electrical component (no equipment tag, symbol, or explicit reference to electrical installation). A detail callout implies content on a different sheet, not the bid item. Therefore, there is NO direct association with the original bid item."
region_000491,A-005,Furnish & Install Unidentified Electrical Components for Estimator Review,EW,EQUIPMENT_TAG,INDIRECT,WRONG,MEDIUM,"The region contains generic equipment tags (EW/EX) that indicate electrical annotation but do not directly identify or reference a specific electrical component or installation. There is no explicit indication of a particular bid item (furnish and install unidentified electrical components) within this region. OCR hints exist but are not a substitute for direct visual evidence. Therefore, there is no direct association to the bid item; any relation is only indirect at best."
region_000492,A-005,Furnish & Install Unidentified Electrical Components for Estimator Review,EY,EQUIPMENT_TAG,DIRECT,RIGHT,HIGH,"The region itself shows an explicit equipment tag (FY) tied to electrical components within this exact drawing region. This is a direct drawing cue identifying the electrical work to be furnished/installed in this location, not a generic or indirect connection. OCR notes are secondary and do not drive the decision."
region_000493,A-005,Furnish & Install Unidentified Electrical Components for Estimator Review,EY,EQUIPMENT_TAG,NONE,WRONG,HIGH,"The region visually shows equipment tag callouts (two-letter abbreviations) on the roof plan. There is no direct evidence (no component name, schedule, or explicit reference) tying these tags to the bid item 'Furnish & Install Unidentified Electrical Components'. Without a direct association, the region cannot be considered a correct direct match to the bid item."
region_000494,A-005,Furnish & Install Unidentified Electrical Components for Estimator Review,E1,GRID_REFERENCE,NONE,WRONG,HIGH,The highlighted region is a grid reference marker (E1) and does not directly identify or reference the original bid item (Furnish & Install Unidentified Electrical Components). There is no direct drawing evidence linking this grid bubble to the bid item; any relevance would be indirect at best and is not acceptable per the DIRECT ASSOCIATION requirement.
region_000495,A-005,Furnish & Install Unidentified Electrical Components for Estimator Review,E1,ROOM_LABEL,NONE,WRONG,HIGH,"The region contains only the room label E1; per the Special RULE — ROOM LABEL, a room name alone does not establish the bid item and does not directly identify electrical work. No explicit electrical component, finish, or equipment tag is visible in this region."
region_000496,A-005,Furnish & Install Unidentified Electrical Components for Estimator Review,E4,GRID_REFERENCE,NONE,WRONG,HIGH,"The highlighted region shows a grid reference (E4) which serves to locate the plan grid. It does not identify, label, or reference any electrical components or equipment. According to the SPECIAL RULES, a grid reference is NOT a bid item, so there is no direct association to the bid item 'Furnish & Install Unidentified Electrical Components'."
region_000497,A-005,Furnish & Install Unidentified Electrical Components for Estimator Review,E4,GRID_REFERENCE,NONE,WRONG,HIGH,"The highlighted region visibly contains a blue circled grid reference 'E4'. This is a plan-grid indicator and not a bid item. There are no electrical equipment tags, component identifiers, or explicit references to electrical work within this region. According to the Special Rule for Grid References, a grid bubble/reference is not a bid item; therefore there is no direct association to the bid item 'Furnish & Install Unidentified Electrical Components'."
region_000498,A-005,Furnish & Install Unidentified Electrical Components for Estimator Review,EX,EQUIPMENT_TAG,DIRECT,RIGHT,HIGH,"The highlighted region visibly shows equipment tags (FX/EX/EY/EV) on the plan, which are explicit identifiers for electrical components. This provides direct evidence for the bid item (Furnish & Install Unidentified Electrical Components) in this exact region, not merely a same-trade or nearby-related indication."
region_000499,A-005,Furnish & Install Unidentified Electrical Components for Estimator Review,EX,OTHER,NONE,WRONG,MEDIUM,"The highlighted region does not visibly contain explicit electrical components, equipment tags, or any direct reference to electrical work that would identify it as part of the bid item 'Furnish & Install Unidentified Electrical Components'. There are no electrical symbols, circuit tags, or equipment-callouts visible in the region; the legible text appears to be a generic annotation not tied to electrical work. Therefore, there is no direct evidence linking this region to the bid item."
region_000500,A-005,Furnish & Install Unidentified Electrical Components for Estimator Review,EV,EQUIPMENT_TAG,DIRECT,RIGHT,HIGH,"The highlighted region visually shows an EQUIPMENT_TAG with the label EV. This is a direct drawing element identifying electrical equipment to be furnished/installed in that specific location, which directly supports the Bid Item 'Furnish & Install Unidentified Electrical Components' (electrical components) without requiring inference from related trades or notes."
region_000501,A-005,Furnish & Install Unidentified Electrical Components for Estimator Review,EV,EQUIPMENT_TAG,INDIRECT,WRONG,HIGH,"The highlighted region visibly shows a two-letter equipment callout ('EV'), which is an equipment tag used for labeling purposes. This does not directly identify or reference a specific electrical component or a schedule entry that corresponds to the bid item. Without a direct component description or a schedule link visible in the region, the association is only indirect and not a direct representation of the bid item."
region_000502,A-005,Furnish & Install Unidentified Electrical Components for Estimator Review,EZ,EQUIPMENT_TAG,DIRECT,RIGHT,HIGH,"The region visibly shows an equipment tag (EY) on the wall, which is a standard drawing evidence of an electrical component to be installed. This provides direct evidence of the bid item’s electrical components work, not merely an indirect association or a generic note. No assumption required."
region_000503,A-005,Furnish & Install Unidentified Electrical Components for Estimator Review,EZ,EQUIPMENT_TAG,NONE,WRONG,HIGH,"The highlighted region is a generic equipment tag on the Bldg Types Roof Plan (EQUIPMENT_TAG). It does not directly identify an electrical component to furnish/install, nor does it reference a schedule/detail explicitly tied to the bid item. This provides no direct evidence for the original bid item; OCR/content does not alter this assessment."
region_000504,A-005,Furnish & Install Unidentified Electrical Components for Estimator Review,E2,GRID_REFERENCE,NONE,WRONG,HIGH,"The highlighted region contains a blue circular tag reading 'E2', which is a grid reference bubble used to locate elements on the roof plan. It does not identify, locate, or explicitly reference the bid item (Furnish & Install Unidentified Electrical Components for Estimator Review) and provides no direct evidence of the electrical components bid item. Per the rules, a grid reference is not a bid item, so there is NO direct association to the bid item."
region_000505,A-005,Furnish & Install Unidentified Electrical Components for Estimator Review,E2,GRID_REFERENCE,NONE,WRONG,HIGH,"1) The highlighted region visibly shows the grid reference label E2 (a plan/grid coordinate marker), not a finish tag, equipment tag, room label with finished work, schedule, or any electrical component. 2) This region represents a plan reference, not a bid-item element. 3) Independently, without knowing the bid item, I would identify it as a grid reference on a floor/roof plan. 4) There is no direct drawing evidence linking this region to the bid item 'Furnish & Install Unidentified Electrical Components for Estimator Review' (no electrical symbol, component tag, or explicit reference to electrical work). 5) Any association would be indirect at best (same discipline/trade) and does not satisfy a direct association requirement. 6) OCR evidence is not used to justify the association; the image itself shows a grid label. 7) No assumptions were used."
region_000506,A-005,Furnish & Install Unidentified Electrical Components for Estimator Review,E3,GRID_REFERENCE,NONE,WRONG,HIGH,"The highlighted region contains a grid reference label 'E3' (a circular grid tag) and does not display any electrical component reference, equipment tag, finish indicator, or schedule/detail entry that explicitly identifies or locates the Bid Item. Grid references are not bid items per the rules for direct association, so there is no direct evidence linking this region to the bid item."
region_000507,A-005,Furnish & Install Unidentified Electrical Components for Estimator Review,E3,DETAIL,NONE,WRONG,HIGH,"The highlighted region contains a detail callout (B5 A-201) rather than any explicit electrical component tag, equipment label, or work description that would directly tie to the bid item (Furnish & Install Unidentified Electrical Components). According to the guidance, a direct association requires the region itself to identify or label the relevant work; a cross-reference detail callout does not meet this requirement. No direct evidence connects this region to the bid item."
region_000508,A-005,Furnish & Install Unidentified Electrical Components for Estimator Review,E5,GRID_REFERENCE,NONE,WRONG,HIGH,"The highlighted region shows a blue-circled 'E5' grid reference bubble with dashed lines. There is no depiction of electrical components, equipment tags, finishes, or a schedule entry that explicitly identifies or references the Bid Item 'Furnish & Install Unidentified Electrical Components for Estimator Review'. According to the guidelines, a grid reference is not a bid item and cannot provide direct evidence of the bid work. Therefore, the region has NO direct association with the bid item."
region_000509,A-005,Furnish & Install Unidentified Electrical Components for Estimator Review,E5,GRID_REFERENCE,NONE,WRONG,HIGH,"The highlighted region shows a grid reference label (E5) and does not depict any direct indication of electrical components or related work. According to the Special Rule GRID REFERENCES, a grid reference is not a bid item and does not provide direct evidence for the bid item. Therefore there is no direct association to the bid item 'Furnish & Install Unidentified Electrical Components'."
region_000510,A-005,Furnish & Install Unidentified Electrical Components for Estimator Review,EW,EQUIPMENT_TAG,NONE,WRONG,HIGH,"What is visibly present: a blue circled tag 'EW' adjacent to a small interior area on the roof plan. What it represents: an equipment tag label, not a specific electrical component or installation instruction. Direct evidence connecting this region to the Bid Item 'Furnish & Install Unidentified Electrical Components' is not observed—the tag alone does not identify a particular electrical work, equipment, or installation scope. No schedule, detail, or component description explicitly tied to electrical installation is visible in this region. Therefore, the region does not provide direct evidence for the bid item and is considered a WRONG association (NONE)."
region_000511,A-005,Furnish & Install Unidentified Electrical Components for Estimator Review,EW,SPECIFICATION_TEXT,NONE,WRONG,MEDIUM,"The region contains a specification/text element ('50A') within a rectangular annotation, which does not directly identify or label a specific electrical component or work item. The bid item requires a direct depiction/label of the electrical components to be furnished and installed; a stray rating text or annotation does not provide direct evidence of that work."
region_000512,A-005,Furnish & Install Unidentified Electrical Components for Estimator Review,EY,EQUIPMENT_TAG,NONE,WRONG,HIGH,"The highlighted region contains only generic EY equipment tags without explicit identification of the electrical components or installation work described in the bid item. There is no direct evidence in the region that identifies, locates, or references the bid item; relying on indirect associations (same trade, general electrical context) is not permitted for a direct association."
region_000513,A-005,Furnish & Install Unidentified Electrical Components for Estimator Review,EY,EQUIPMENT_TAG,INDIRECT,WRONG,MEDIUM,"The highlighted region displays a blue circular equipment tag labeled EY, which denotes an EQUIPMENT_TAG used to reference electrical components on the plan. There is no explicit text, note, or schedule entry within the region that directly identifies or maps to the Bid Item 'Furnish & Install Unidentified Electrical Components' (Others). Therefore the region does not provide direct evidence of the bid item; at best it offers an indirect electrical-tag association. A direct association would require an explicit schedule entry or label within the region that ties EY to the bid item."
region_000514,A-005,Furnish & Install Wall Base,B1,PLAN_GEOMETRY,NONE,WRONG,HIGH,"The highlighted region contains basic plan geometry (walls/door) with no explicit reference to Furnish & Install Wall Base. There is no finish indication, baseboard symbol, or schedule entry directly tying this region to the bid item. Any relevance would be indirect at best, which does not meet the DIRECT association requirement."
region_000515,A-005,Furnish & Install Wall Base,B1,GRID_REFERENCE,NONE,WRONG,HIGH,"The highlighted region is a grid reference bubble labeled B1, which serves to locate features on the plan. It does not identify or reference the bid item 'Furnish & Install Wall Base' in any direct manner (no finish/material, room label, schedule, or detail linked to the bid item is shown)."
region_000516,A-005,Furnish & Install Wall Base,B4,GRID_REFERENCE,NONE,WRONG,HIGH,"The highlighted region shows a grid reference label 'B4' along a grid line. It does not depict any finish/work, material, or item related to the Bid Item (Furnish & Install Wall Base). According to the GRID_REFERENCE rule, a grid bubble/line does not constitute direct evidence of the bid item, so there is no direct association with the bid item."
region_000517,A-005,Furnish & Install Wall Base,B4,GRID_REFERENCE,NONE,WRONG,HIGH,"The highlighted region visibly contains a blue circular label reading 'B4' (grid reference) with a dashed leader. This is a location reference, not a finish item or work description. A grid reference does not directly identify or reference the bid item 'Furnish & Install Wall Base' (no material, finish, or schedule detail is shown). Therefore there is no direct association to the bid item. The evidence is based on the image content (grid bubble) rather than OCR alone. No assumption is required."
region_000518,A-005,Furnish & Install Wall Base,BX,FINISH_TAG,NONE,WRONG,HIGH,"The highlighted region visually contains generic finish tags ('FX') and does not directly identify or reference the bid item 'Furnish & Install Wall Base'. There is no explicit 'Wall Base' label, schedule, or other finish indication that directly ties this region to the bid item. Without direct evidence, the association is not valid per the required criteria."
region_000519,A-005,Furnish & Install Wall Base,BX,PLAN_GEOMETRY,NONE,WRONG,HIGH,"The highlighted region shows plan geometry with circular two-letter callouts (BX, CX, FX) along a line. There is no explicit finish reference, baseboard symbol, or text stating 'Wall Base' or related finish, which would be required for a direct association to the bid item. Grid/callout references are not evidence of the bid item."
region_000520,A-005,Furnish & Install Wall Base,BV,FINISH_TAG,NONE,WRONG,MEDIUM,"The highlighted region shows a finish tag (FV) on a roof plan, which does not directly identify or reference the bid item 'Furnish & Install Wall Base'. There is no explicit label for wall base, baseboard, or related work. The finish tag alone does not constitute a direct association to the bid item; its meaning is generic finish labeling rather than a specific wall-base installation item."
region_000521,A-005,Furnish & Install Wall Base,BV,EQUIPMENT_TAG,NONE,WRONG,HIGH,"The highlighted region contains a two-letter equipment tag (BV) on a roof plan. It does not directly identify the bid item (Furnish & Install Wall Base). There is no wall base finish reference, schedule, or detail in or linked to this region. The tag is not a direct reference to the bid item; this is no direct association."
region_000522,A-005,Furnish & Install Wall Base,BZ,PLAN_GEOMETRY,NONE,WRONG,HIGH,"The region contains a small, unlabeled rectangular feature on the roof plan with no finish/work indication or bid-item reference to 'Furnish & Install Wall Base.' Without explicit labeling or a direct finish reference, it does not visibly identify, locate, or reference the bid item. Therefore, there is no direct association to the original bid item; the evidence is purely plan geometry rather than a finish item."
region_000523,A-005,Furnish & Install Wall Base,BZ,GRID_REFERENCE,NONE,WRONG,HIGH,"The highlighted region shows only a grid reference label 'BZ' (a blue circular tag) and does not identify, locate, or reference the bid item 'Furnish & Install Wall Base'. There is no finish/work legend, material, or bid-item detail visible in this region to support a direct association."
region_000524,A-005,Furnish & Install Wall Base,B2,GRID_REFERENCE,NONE,WRONG,HIGH,"The highlighted region contains a grid reference (B2) which does not identify, locate, or reference the bid item. Grid references are not bid items and provide no direct evidence for Furnish & Install Wall Base. Therefore there is no direct association between this region and the original bid item."
region_000525,A-005,Furnish & Install Wall Base,B2,GRID_REFERENCE,NONE,WRONG,HIGH,"The highlighted region visibly contains a circular blue grid bubble labeled 'B2'. This is a grid reference, not a bid item or finish/work indication. Special rule for GRID_REFERENCE states it is NOT a bid item. Therefore there is no direct evidence connecting this region to the Bid Item 'Furnish & Install Wall Base', so the association is NONE (WRONG)."
region_000526,A-005,Furnish & Install Wall Base,B3,GRID_REFERENCE,NONE,WRONG,HIGH,"The highlighted region contains a circular blue grid reference bubble with the label 'B3'. This is a grid reference indication, not a finish, material, or work item. There is no direct evidence that this region identifies, locates, or references the bid item 'Furnish & Install Wall Base'. Therefore, no direct association to the bid item is established."
region_000527,A-005,Furnish & Install Wall Base,B3,GRID_REFERENCE,NONE,WRONG,HIGH,"The highlighted region contains a circular grid bubble labeled B3, which is a grid reference marker. According to the rules, a grid reference is not a bid item and does not provide direct evidence of the bid item. Therefore it does not directly identify or reference the 'Furnish & Install Wall Base' region."
region_000528,A-005,Furnish & Install Wall Base,B1,GRID_REFERENCE,NONE,WRONG,HIGH,"The highlighted region shows a grid reference bubble with 'B1'. Grid references are not bid items and do not directly identify the work (Furnish & Install Wall Base). There is no finish tag, material reference, or schedule entry directly tied to the bid item in this region; therefore the association is not direct."
region_000529,A-005,Furnish & Install Wall Base,B1,GRID_REFERENCE,NONE,WRONG,HIGH,"A grid reference alone does not identify or locate the Furnish & Install Wall Base. The region must directly depict or label the bid item (e.g., wall base symbol/finish callout or a corresponding schedule/detail). Here, only a grid reference is visible, which provides location context but no direct evidence of the bid item."
region_000530,A-005,Furnish & Install Wall Base,B4,GRID_REFERENCE,NONE,WRONG,HIGH,"The highlighted region contains a grid reference bubble 'B4' and no indication of finish/work relevant to 'Furnish & Install Wall Base'. Per the GRID_REFERENCE rule, grid bubbles are not bid items and do not provide direct evidence for the specified bid item. Therefore, there is no direct association to the bid item."
region_000531,A-005,Furnish & Install Wall Base,B4,GRID_REFERENCE,NONE,WRONG,HIGH,"B4 is a grid reference bubble, not a bid-item or finish reference. It does not directly identify, locate, or reference the bid item 'Furnish & Install Wall Base'. Grid references are not bid items per the guidance, so no direct association exists."
region_000532,A-005,Furnish & Install Wall Base,BX,OTHER,NONE,WRONG,LOW,"The highlighted region contains a circular tag with the text 'BX' only. There is no explicit label, symbol, or schedule in this region that directly identifies the bid item 'Furnish & Install Wall Base' (e.g., no 'Wall Base', baseboard detail, or item/Schedule reference). The surrounding context shows general finish markers (FX) along walls, but these do not constitute direct evidence linking this region to the bid item. Therefore, there is no direct association to the bid item; the correct decision is WRONG with low confidence due to very limited evidence."
region_000533,A-005,Furnish & Install Wall Base,BX,EQUIPMENT_TAG,NONE,WRONG,MEDIUM,"The region contains generic two-letter tag markers (BX, CX, FX) that function as equipment/finish tags, not as a direct reference to the bid item 'Furnish & Install Wall Base'. The sheet is a roof plan (A-005) where wall-base work would not be directly represented or explicitly identified by these tags. No explicit finish/work for wall base is shown in this region."
region_000534,A-005,Furnish & Install Wall Base,BV,FINISH_TAG,NONE,WRONG,HIGH,"The highlighted region shows finish-tag symbols (FV) along walls but contains no direct evidence of wall-base installation (no 'wall base' labeling, symbol, or related detailing). This sheet is a roof plan page (A-005, Bldg Types Roof Plan); there is no explicit wall-base detail visible in this region. OCR evidence is not sufficient to establish a direct association. Therefore, the bid item 'Furnish & Install Wall Base' is not directly represented by this region."
region_000535,A-005,Furnish & Install Wall Base,BV,PLAN_GEOMETRY,NONE,WRONG,HIGH,"The region shows roof-plan geometry and generic grid/callout annotations, not any finish/work identifying or labeling the bid item (Furnish & Install Wall Base). Special rules require direct identification of the bid item; none is present here. OCR hints (BV, CZ, etc.) refer to generic tags, not wall-base work. Therefore there is no direct association to the bid item."
region_000536,A-005,Furnish & Install Wall Base,BZ,PLAN_GEOMETRY,NONE,WRONG,MEDIUM,The highlighted region does not directly identify or reference the bid item 'Furnish & Install Wall Base'. It shows generic plan geometry and cross-references without any explicit finish/installation indication for wall base. No direct evidence ties this region to the bid item; OCR cues are not sufficient to override the visual evidence.
region_000537,A-005,Furnish & Install Wall Base,BZ,FINISH_TAG,NONE,WRONG,HIGH,"The highlighted region explicitly contains finish-tag callouts (FZ) on a roof plan. There is no direct evidence (no label, finish description, schedule, or detail) tying this region to 'Furnish & Install Wall Base'. A roof plan typically does not directly depict interior wall-base work, and no explicit wall-base reference is visible in the region. Therefore, there is NO DIRECT association with the bid item; the correct classification is WRONG."
region_000538,A-005,Furnish & Install Wall Base,B2,GRID_REFERENCE,NONE,WRONG,HIGH,"The region is a grid reference bubble (B2), not a finish tag, room label with finish, detail/equipment tag, or any direct indication of the bid item. Per the guidance, grid references are not bid items and cannot constitute a direct association to 'Furnish & Install Wall Base'. Independent identification yields grid reference rather than a bid-item element; therefore no direct evidence links to the bid item."
region_000539,A-005,Furnish & Install Wall Base,B2,GRID_REFERENCE,NONE,WRONG,HIGH,"1) The highlighted region contains a grid reference label 'B2' (grid bubble). 2) Grid references are not bid items and do not directly identify or reference furnishing/installation work. 3) There is no finish/specification text, room label with finishes, schedule, or detail entry in this region that directly ties to 'Furnish & Install Wall Base'. 4) Therefore the region does not provide direct evidence for the original bid item; the association is NOT direct."
region_000540,A-005,Furnish & Install Wall Base,B3,GRID_REFERENCE,NONE,WRONG,HIGH,"The highlighted region depicts a blue grid reference bubble labeled 'B3' along a dashed grid line. This is a grid reference indicator, not a bid item, finish, or work element. There is no direct evidence that this region identifies or references the original bid item (Furnish & Install Wall Base). Therefore, the association is NONE and the decision is WRONG."
region_000541,A-005,Furnish & Install Wall Base,B3,GRID_REFERENCE,NONE,WRONG,HIGH,"The highlighted region visibly shows a grid reference bubble labeled 'B3' rather than any finish, material, or work item. There is no direct labeling or depiction of 'Furnish & Install Wall Base' in this region. According to the rules, a grid reference is not a bid-item item and cannot directly establish the bid item."
region_000542,A-005,Furnish & Install Precast Concrete Stair Treads,T 801.924.5000,GENERAL_NOTE,NONE,WRONG,HIGH,"The highlighted region comprises General Notes for the Roof Plans, not any direct reference to the bid item 'Furnish & Install Precast Concrete Stair Treads.' There is no explicit finish/work item, material, or schedule for stairs or precast stair treads visible in this region; OCR/text does not show a direct association to the bid item."
region_000543,A-101CD,Furnish & Install Wall Finishes Per Finish Schedule And Elevations,A B BR C BR A,PLAN_GEOMETRY,NONE,WRONG,HIGH,"The region visibly contains a building-type key plan with labeled blocks (A, B, C, D) and the title 'BLDG TYPE KEY PLAN'. There is no explicit indication of wall finishes, finish schedule, or wall coverings. Thus there is no direct evidence that this region identifies, locates, or references the Bid Item 'Furnish & Install Wall Finishes Per Finish Schedule And Elevations'. It represents plan geometry/type classification, not the wall finish work. Therefore the association is NONE (not direct)."
region_000544,A-101CD,Furnish & Install Wall Finishes Per Finish Schedule And Elevations,A C BR C BR A,PLAN_GEOMETRY,NONE,WRONG,HIGH,"The region visually depicts a Building Type Key Plan inset (PLAN_GEOMETRY) and does not identify, locate, or reference the original bid item 'Furnish & Install Wall Finishes Per Finish Schedule And Elevations' (Wall Covering). There is no finish-related tag, schedule entry, or material indication visible in the region. Therefore there is no direct evidence linking this region to the bid item; the proper decision is WRONG."
region_000545,A-101CD,Furnish & Install Wall Finishes Per Finish Schedule And Elevations,A B BR C BR D,PLAN_GEOMETRY,NONE,WRONG,HIGH,"The highlighted region is a Building Type Key Plan inset. It displays unit/type labels (A, B, C, D) and bedroom abbreviations (BR) within a schematic key, not any finish or wall-covering information. There is no explicit indication of wall finishes, finish schedules, or elevations. Without relying on OCR, the image evidence shows only plan-geometry labeling, which does not directly identify the bid item. Therefore, there is no direct association to Furnish & Install Wall Finishes."
region_000546,A-101CD,Furnish & Install Wall Finishes Per Finish Schedule And Elevations,A BR A,PLAN_GEOMETRY,NONE,WRONG,HIGH,"The highlighted region visibly shows a Building Type Key Plan (BLDG TYPE KEY PLAN) used to distinguish building blocks/types. It does not contain any finish-related content (no wall finishes, finish schedule, or wall covering labeling). Therefore there is no direct evidence linking this region to the Bid Item 'Furnish & Install Wall Finishes Per Finish Schedule And Elevations'; any relation would be indirect at best and not sufficient for a direct association."
region_000547,A-101CD,Furnish & Install Wall Finishes Per Finish Schedule And Elevations,E BR A,PLAN_GEOMETRY,NONE,WRONG,HIGH,"Direct evidence linking this region to the bid item “Furnish & Install Wall Finishes Per Finish Schedule And Elevations” is missing. The region contains plan geometry and room labels (e.g., BR) with color blocks, but no explicit wall finish type, finish schedule reference, or finish callout that directly identifies wall finishes for the bid item. OCR content alone does not establish a direct association, and relying on same-trade or related concepts would be indirect, which is not permitted for a RIGHT association."
region_000548,A-101CD,Furnish & Install Wall Framing Continuous To Deck And As Per General Notes,A. ALL NEW WALL ASSEMBLIES ARE CONTINUOUS TO BOTTOM OF DECK UNLESS NOTED OTHERWISE.,GENERAL_NOTE,DIRECT,RIGHT,HIGH,"The region visibly contains a general note that specifically states 'ALL NEW WALL ASSEMBLIES ARE CONTINUOUS TO BOTTOM OF DECK UNLESS NOTED OTHERWISE.' This directly identifies the work scope (wall assemblies/framing) and the required condition (continuous to the bottom of the deck), which maps directly to the original bid item. OCR notes aside, the image text provides a direct, explicit link to the bid item rather than an indirect association."
region_000549,A-101CD,Furnish & Install Tile Backer Board And Moisture Resistant Gypsum Board In Wet Areas,"C. WHERE THE FINISH SCHEDULE OR INTERIOR ELEVATIONS CALL FOR TILE, REPLACE GYPSUM BOARD SHOWN IN THE WALL'S ASSEMBLY WITH TILE BACKER BOARD WHERE TILE OCCURS. REPLACE OTHER GYPSUM BOARD SHOWN IN THAT WALL'S ASSEMBLY WITH MOISTURE RESISTANT GYPSUM BOARD WHERE NO TILE OCCURS.",GENERAL_NOTE,DIRECT,RIGHT,HIGH,The region visibly contains explicit references to tile backer board and moisture resistant gypsum board and provides direct instructions to use these materials in wall assemblies based on tile presence. This is a direct material/work association to the Bid Item (Furnish & Install Tile Backer Board And Moisture Resistant Gypsum Board In Wet Areas). No inference or OCR-based reasoning is needed.
region_000550,A-101CD,Furnish & Install Wall Framing Layout And Coordination,F.O.S.,GENERAL_NOTE,DIRECT,RIGHT,HIGH,"The highlighted region shows the text 'F.O.S.' which, per the legend meaning provided on the sheet (FACE OF STUD), directly identifies the wall framing element (face of studs). This is a specific annotation tied to wall framing layout coordination, not just a related topic or general note. There is no need to infer from OCR beyond the visible label; the label itself directly references the bid-item scope."
region_000551,A-101CD,Furnish & Install Wall Framing Layout And Coordination,F.O.S.,GENERAL_NOTE,NONE,WRONG,MEDIUM,"1) The highlighted region shows the text 'F.O.S.' (Face Of Stud) as a general framing annotation on the Level 01 floor plan. 2) This is a typical drafting note used in wall framing drawings, not a direct label or explicit reference to a specific bid item. It does not identify or label the work as 'Furnish & Install Wall Framing Layout And Coordination', nor does it show a detail, schedule, or explicit coordination reference tied to the bid item. 3) If evaluated independently of the bid item, the region would be interpreted as a construction note for wall framing conventions rather than as evidence of the required bid item. 4) There is no direct evidence (e.g., a wall-framing layout callout, a coordination detail, or a schedule item that explicitly corresponds to the bid item) tying this region to the Original Bid Item. 5) Relying on same-trade or proximity arguments would be indirect and not acceptable per the audit rules. Therefore, the association is not direct, and the region is incorrectly associated with the bid item."
region_000552,A-101CD,Furnish & Install Wall Framing Layout And Coordination,F.O.S.,GENERAL_NOTE,DIRECT,RIGHT,HIGH,"The region visibly shows a 'F.O.S.' tag (Face Of Stud) on or near wall lines, which is a direct indication of wall framing layout. This is a specific framing annotation tied to the bid item 'Furnish & Install Wall Framing Layout And Coordination' (Metal Framing). It is not merely a related trade or a general note; it directly identifies a component of the wall framing work."
region_000553,A-101CD,Furnish & Install Wall Framing Layout And Coordination,F.O.S.,SPECIFICATION_TEXT,DIRECT,RIGHT,HIGH,"The highlighted region visibly shows 'F.O.S.' (Face Of Stud), a direct tagging used in wall framing/layout coordination. This is a specific, explicit reference to the wall framing element rather than a generic room label, grid, or specification text. It demonstrates a direct association to the bid item (Furnish & Install Wall Framing Layout And Coordination) rather than an indirect or unrelated reference."
region_000554,A-101CD,Furnish & Install Wall Framing Layout And Coordination,F.O.S.,PLAN_GEOMETRY,DIRECT,RIGHT,HIGH,"The highlighted region shows the annotation 'F.O.S.' which stands for Face Of Stud, a direct reference to the studs used in wall framing. This is a concrete, on-drawing indication of a framing element within the Level 01 Floor Plan (Blocks C & D). It is not merely a room label, grid, or general note; it explicitly identifies the framing component, supporting a direct association to the bid item 'Furnish & Install Wall Framing Layout And Coordination' (Metal Framing)."
region_000555,A-101CD,Furnish & Install Wall Framing Layout And Coordination,F.O.S.,GENERAL_NOTE,DIRECT,RIGHT,HIGH,The highlighted region explicitly contains a 'F.O.S.' label (Face Of Stud) placed on the wall-framing area of the Level 01 Floor Plan among the wall lines. This is a direct indicator of wall framing layout/coordination (metal framing) rather than an indirect attribute (such as a related but non-specific note or a grid/room label). No OCR-only inference used; the evidence is visible in the drawing itself.
region_000556,A-101CD,Furnish & Install Wall Framing Layout And Coordination,F.O.S.,MATERIAL_TAG,DIRECT,RIGHT,HIGH,"The region contains the explicit label 'F.O.S.' (Face Of Stud), a concrete indicator used in wall framing drawings to locate and coordinate studs. The region is visually tied to the wall framing layout (stud lines/dimensions) on the same sheet (A-101CD Level 01 Blocks C & D), providing direct evidence that this region represents the wall framing work described by the bid item. OCR text is secondary and the visual evidence clearly shows the framing element rather than a general note or unrelated label."
region_000557,A-101CD,Furnish & Install Wall Framing Layout And Coordination,F.O.S.,PLAN_GEOMETRY,DIRECT,RIGHT,HIGH,"The highlighted region contains the explicit label 'F.O.S.' referring to Face Of Stud, a direct construct used in wall framing layouts. This is a specific, visible annotation tied to the wall framing layout (metal studs), not a generic or indirect reference. It directly identifies the work element related to the Bid Item (Furnish & Install Wall Framing Layout And Coordination)."
region_000558,A-101CD,Furnish & Install Wall Framing Layout And Coordination,F.O.S.,PLAN_GEOMETRY,DIRECT,RIGHT,HIGH,"The highlighted region visibly contains the label 'F.O.S.' (Face Of Stud) on a wall line within the Level 01 Floor Plan Blocks C & D. This is a direct, standard framing notation that identifies the wall framing geometry, not a generic note or unrelated text. It directly supports the bid item (wall framing layout/coordination) rather than requiring inference from same-trade or adjacent content."
region_000559,A-101CD,Furnish & Install Wall Framing Layout And Coordination,F.O.S.,SPECIFICATION_TEXT,DIRECT,RIGHT,HIGH,"The highlighted region shows the text 'F.O.S.' which, per the legend, means 'FACE OF STUD'. This is a direct reference to a wall-framing element (stud placement) on the floor plan, i.e., a component of metal wall framing. It does not rely on general alignment or indirect context but directly labels a framing element relevant to the bid item."
region_000560,A-101CD,Furnish & Install Wall Framing Layout And Coordination,F.O.S.,GENERAL_NOTE,DIRECT,RIGHT,HIGH,"F.O.S. is a direct wall framing annotation (Face Of Stud) and is placed on the plan where wall framing/layout is defined, providing explicit evidence for the bid item 'Furnish & Install Wall Framing Layout And Coordination' under Metal Framing. It is not merely a general note or an indirect context."
region_000561,A-101CD,Furnish & Install Wall Framing Layout And Coordination,F.O.S.,PLAN_GEOMETRY,DIRECT,RIGHT,HIGH,"1) The region shows a wall segment with the text 'F.O.S.' (Face Of Stud), a common wall framing annotation used to denote framing geometry. 2) This annotation directly relates to wall framing layout/coordination, not just a general related note. 3) Without knowing the bid item, the region would still be identified as a wall-framing annotation, so the evidence is specific and non-ambiguous. 4) The direct link to the bid item is provided by the explicit wall framing notation (F.O.S.), not by indirect cues such as same sheet or same trade. 5) No assumption is needed; evidence is visual and explicit. 6) OCR is not the deciding factor; the image content provides the direct clue. 7) No contradictory evidence or assumptions are required to reach this conclusion."
region_000562,A-101CD,Furnish & Install Wall Framing Layout And Coordination,F.O.S.,GENERAL_NOTE,DIRECT,RIGHT,HIGH,"The region visually shows the exact F.O.S. tag. The legend confirms F.O.S. means Face Of Stud, a specific wall framing reference, which directly supports the bid item’s scope of wall framing layout and coordination. No reliance on indirect reasoning or OCR alone."
region_000563,A-101CD,Furnish & Install Wall Framing Layout And Coordination,F.O.S.,GRID_REFERENCE,NONE,WRONG,HIGH,"The highlighted region is a grid reference bubble (E5) used for locating plan geometry. It does not identify, locate, or explicitly reference the bid item 'Furnish & Install Wall Framing Layout And Coordination' (Metal Framing). There is no direct drawing evidence tying this region to the bid item; relying on grid markers is indirect at best and not a direct association."
region_000564,A-101CD,Furnish & Install Wall Framing Layout And Coordination,F.O.S.,DETAIL,NONE,WRONG,HIGH,"1) The region contains diamond-shaped callout symbols with cross-reference text (D2 A-30 and A2 A-210), which are detail references rather than any material, finish, or framing indication. 2) There is no visible indication of wall framing layout, metal studs, or any direct reference to the bid item (Furnish & Install Wall Framing Layout And Coordination). 3) The cross-references point to other sheets/details, which is indirect at best and does not establish a direct association with the bid item. 4) OCR evidence is not used as primary evidence; the image itself shows no direct evidence of wall framing. 5) Therefore the region does not directly identify, locate, or reference the original bid item."
region_000565,A-101CD,Furnish & Install Wall Framing Layout And Coordination,F.O.S.,PLAN_GEOMETRY,DIRECT,RIGHT,HIGH,"The region contains a wall-framing geometry, explicitly using the 'F.O.S.' (face of stud) notation, and is part of the Level 01 Floor Plan (A-101CD) showing wall lines and stud placement. This provides direct drawing evidence of the wall framing layout work, not just a related or adjacent item. There is no need to infer from room labels or general finishes; the evidence is the actual plan geometry and the face-of-stud annotation linked to wall framing. OCR hints are secondary to the visual content."
region_000566,A-101CD,Furnish & Install Wall Framing Layout And Coordination,F.O.S.,MATERIAL_TAG,DIRECT,RIGHT,HIGH,"The highlighted region contains the text 'F.O.S.' (Face Of Stud), which is a material-tag style annotation used to define the framing boundary for studs in a wall. This provides a direct indication of wall framing work (furnish & install wall framing layout and coordination) rather than any finish, room label, or schedule. The evidence is visually explicit and not inferred from OCR or adjacent notes."
region_000567,A-101CD,Furnish & Install Wall Framing Layout And Coordination,F.O.S.,OTHER,DIRECT,RIGHT,HIGH,"The highlighted region contains a specific, conventional framing annotation (F.O.S. = Face Of Stud) adjacent to a wall line. This is a direct reference to the wall framing layout element of the bid item (Furnish & Install Wall Framing Layout And Coordination, Metal Framing). It is not merely related by proximity or topic; the label itself identifies the exact framing component (face of stud) relevant to the bid item, without relying on OCR interpretation or indirect reasoning."
region_000568,A-101CD,Furnish & Install Wall Framing Layout And Coordination,F.O.S.,PLAN_GEOMETRY,DIRECT,RIGHT,HIGH,"Visually, the region contains a portion of the Level 01 floor plan that shows wall framing layout elements and the label F.O.S. (Face Of Stud), which is a direct indicator used in framing layouts. This is a concrete drawing element that directly identifies the component/work (wall framing layout/coordination for metal framing) rather than a mere related note or OCR term. No assumption based on OCR alone; the evidence is the actual plan geometry and the F.O.S. tag within the region."
region_000569,A-101CD,Furnish & Install Wall Framing Layout And Coordination,F.O.S.,GRID_REFERENCE,NONE,WRONG,HIGH,"The highlighted region contains grid reference bubbles (E4, E5) and plan geometry, which are used to locate elements on the floor plan. There is no explicit indication of wall framing, metal framing, or a wall framing layout detail. The Special Rules specify that a grid reference or plan geometry alone does not prove association to the Bid Item for Furnish & Install Wall Framing Layout and Coordination. Therefore, there is no direct evidence tying this region to the original bid item; the association is not direct (classified as NONE)."
region_000570,A-101CD,Furnish & Install Wood Blocking and Backing,"D. PROVIDE BACKING / SUPPORT FOR ALL MOUNTED FIXTURES, EQUIPMENT, CASEWORK, AND/OR SYSTEMS FURNITURE. COORDINATE WITH FLOOR PLANS, AND INTERIOR ELEVATIONS PRIOR TO THE COVERING OF STUD FRAMING. REFER TO MANUFACTURER'S RECOMMENDATIONS WHERE APPLICABLE, OTHERWISE REFER TO DETAILS ON A700s SHEET SERIES.",SPECIFICATION_TEXT,INDIRECT,WRONG,HIGH,"The region contains a general specification note about providing backing for mounted fixtures, not an explicit, direct identification of the bid item (wood blocking and backing) nor a label/schedule/detail that matches the bid item. This constitutes indirect relevance at best and does not provide a direct association to the original bid item."
region_000571,A-101CD,Furnish & Install Coordination Of Rough Opening Dimensions With Actual Frame Sizes,"H. WHERE PROVIDED, DOOR AND WINDOW DIMENSIONS ARE TO EDGE OF OPENING. OPENING DIMENSIONS ARE NOMINAL. CONTRACTOR SHALL COORDINATE DIMENSIONS OF ALL ROUGH OPENINGS AND ACTUAL FRAME SIZES.",GENERAL_NOTE,DIRECT,RIGHT,HIGH,"The highlighted region contains a general note that directly commands coordinating the rough opening dimensions with the actual frame sizes, which is the exact scope of the original bid item. This is explicit, visible text on the drawing (not inferred from OCR or surrounding context)."
region_000572,A-101CD,Furnish & Install Layout For Undimensioned Door Rough Openings,"I. WHERE DOOR LOCATIONS ARE NOT DIMENSIONED, SEE DETAILS REFERENCED IN DOOR SCHEDULE BY SPECIFIC CONDITION. OTHERWISE, THE HINGE SIDE OF DOOR ROUGH OPENINGS SHALL BE LOCATED 4"" FROM THE ADJACENT PERPENDICULAR WALL, SUBJECT TO MAINTENANCE OF REQUIRED ADA CLEARANCES REFERENCED IN THE G700s SHEET SERIES.",GENERAL_NOTE,NONE,WRONG,HIGH,"The highlighted region contains general notes (H/I) about door locations and rough openings, mentioning 'door rough openings' and a 'door schedule' but it does not explicitly identify, locate, or reference the Bid Item 'Furnish & Install Layout For Undimensioned Door Rough Openings'. There is no direct element in the region that represents the layout task or undimensioned rough openings as required by the bid item. OCR confirms wording about door locations and ADA clearances, but this is not a direct, explicit reference to the specific bid item. Therefore, the region has no direct association to the Bid Item and is classified WRONG; at best it is an indirect contextual note."
region_000573,A-101CD,Furnish & Install Wood Doors Per Schedule And Drawings,WD42A,EQUIPMENT_TAG,DIRECT,RIGHT,HIGH,"The highlighted region contains the exact door tag WD42A visible on the door opening in the Level 01 floor plan. This tag is a direct identifier for a wood door element and aligns with the Bid Item 'Furnish & Install Wood Doors' (Wood Doors). It is not a room name, grid, or generic note, but a specific door tag."
region_000574,A-101CD,Furnish & Install Wood Doors Per Schedule And Drawings,WD42A,EQUIPMENT_TAG,DIRECT,RIGHT,HIGH,"The highlighted region displays the door tag WD42A adjacent to a door symbol, which is a direct identifier used to specify a wood door type in the Wood Doors schedule. This provides explicit drawing evidence for the bid item without needing analogy or inference."
region_000575,A-101CD,Furnish & Install Wood Doors Per Schedule And Drawings,WD42A,EQUIPMENT_TAG,DIRECT,RIGHT,HIGH,"WD42A is a door equipment tag visible on the door in the highlighted region. This tag directly references a specific wood door type in the project’s Wood Doors schedule. Since the bid item is to furnish & install Wood Doors per schedule and drawings, the WD42A tag provides direct evidence tying this exact region to the bid item. No inference beyond the visible tag is required."
region_000576,A-101CD,"Furnish & Install — Room, Area, and Unit Identification Signage",LIVING A,ROOM_LABEL,NONE,WRONG,HIGH,"The highlighted region shows the room label 'LIVING A' on the Level 01 floor plan. This is a ROOM_LABEL (space identifier) and does not depict any Room, Area, or Unit Identification Signage, sign panel, or explicit signage detail. The Special Rule for ROOM_LABEL states that a room name alone does not establish the bid item (Furnish & Install — Room, Area, and Unit Identification Signage); there is no direct evidence of signage work. Therefore, there is no direct association to the bid item, only an indirect contextual relationship at best, which is not sufficient for a RIGHT decision."
region_000577,A-101CD,"Furnish & Install — Room, Area, and Unit Identification Signage",KITCHEN B,ROOM_LABEL,DIRECT,RIGHT,HIGH,"The highlighted region visibly shows a dedicated identification sign for a room/unit (Kitchen B). It is not merely a generic room label; the 'KITCHEN B' text on a sign element directly corresponds to the bid item: Furnish & Install — Room, Area, and Unit Identification Signage. Evidence is visual in the plan, not inferred from OCR alone."
region_000578,A-101CD,"Furnish & Install — Room, Area, and Unit Identification Signage",MECH M,ROOM_LABEL,NONE,WRONG,HIGH,"The highlighted region visibly contains a mechanical room label ('MECH') on the floor plan, which is a space label, not a signage item. The bid item is Furnish & Install — Room, Area, and Unit Identification Signage (interior signage). There is no direct evidence of a signage element in this region; it is an ordinary room label, not a sign to be furnished/installed. Therefore, no direct association to the bid item. If uncertain, verify any explicit sign symbols or schedules in other views, but based on the given region alone, the association is WRONG."
region_000579,A-101CD,"Furnish & Install — Room, Area, and Unit Identification Signage",HALL H,ROOM_LABEL,DIRECT,RIGHT,HIGH,"The highlighted region shows the explicit room/area identifier 'HALL H' as a labeled tag on the Level 01 floor plan. This directly evidences signage content intended to identify that space, aligning with the Bid Item 'Furnish & Install — Room, Area, and Unit Identification Signage'. It is not merely a generic room name in text; it is the identification sign text itself appearing on the drawing."
region_000580,A-101CD,"Furnish & Install — Room, Area, and Unit Identification Signage",CLOSET C,ROOM_LABEL,NONE,WRONG,HIGH,"The highlighted region shows the plan’s room label 'CLOSET C' as a label within the floor plan. There is no visible sign element, symbol, or explicit indication of interior signage to identify rooms (e.g., signage panels, callouts, or a signed schedule) that would directly correspond to the bid item. According to the rules, a room label alone is not direct evidence of the required signage work, so there is NO direct association to the bid item."
region_000581,A-101CD,"Furnish & Install — Room, Area, and Unit Identification Signage",BATH D,ROOM_LABEL,DIRECT,RIGHT,HIGH,"1) The highlighted region contains the room identifier 'BATH D' presented as a label/sign tag on the plan. 2) This content directly identifies the space (bathroom D), i.e., a room identification signage element rather than generic text. 3) It aligns with the bid item scope (signage identifying rooms) and is not merely an indirect association (same trade, same sheet, or general note). 4) No assumption needed; the evidence is explicit in the drawing itself."
region_000582,A-101CD,"Furnish & Install — Room, Area, and Unit Identification Signage",LAUNDRY E,ROOM_LABEL,DIRECT,RIGHT,HIGH,"The region visibly contains a room-name sign plaque that explicitly identifies the Laundry room. This is not a generic label or OCR text; it is the actual room-identification signage element shown on the drawing, directly supporting the bid item scope."
region_000583,A-101CD,"Furnish & Install — Room, Area, and Unit Identification Signage",PRIMARY BEDROOM F,ROOM_LABEL,INDIRECT,WRONG,HIGH,"The region contains a room name label ('PRIMARY BEDROOM'), which is part of the architectural plan labeling rather than a direct sign to be furnished and installed. There is no direct element indicating room identification signage content or placement, so it does not directly satisfy the bid item. Only an indirect association (same room label) exists."
region_000584,A-101CD,"Furnish & Install — Room, Area, and Unit Identification Signage",BEDROOM G,ROOM_LABEL,NONE,WRONG,HIGH,"The highlighted region contains a plain room name label (BEDROOM G) and does not depict or explicitly reference the interior signage work described by the Bid Item (Furnish & Install — Room, Area, and Unit Identification Signage). Per the ROOM_LABEL special rule, a room name alone does not prove signage work; there is no direct evidence linking this region to the bid item."
region_000585,A-101CD,"Furnish & Install — Room, Area, and Unit Identification Signage",LIVING A,ROOM_LABEL,NONE,WRONG,HIGH,"The highlighted region shows the room label 'LIVING A' as a plan annotation, not furnished/installed interior signage. There is no direct element (signage graphic, callout, sign schedule, or explicit reference) that ties this region to the Bid Item 'Furnish & Install — Room, Area, and Unit Identification Signage'. OCR matches the room label, but OCR alone is not evidence of signage work; the region must directly identify the signage to be considered RIGHT."
region_000586,A-101CD,"Furnish & Install — Room, Area, and Unit Identification Signage",KITCHEN B,ROOM_LABEL,NONE,WRONG,HIGH,"The highlighted region shows a room name tag ('KITCHEN B') as part of the floor plan. The bid item is for Furnish & Install — Room, Area, and Unit Identification Signage, which requires a direct signage element identifying the space. A room label alone is not evidence of the signage work; per the special ROOM_LABEL rule, this does not directly establish the bid item. There is no direct sign evidence linking this region to the bid item."
region_000587,A-101CD,"Furnish & Install — Room, Area, and Unit Identification Signage",MECH M,ROOM_LABEL,INDIRECT,WRONG,MEDIUM,"The region shows a room label ('MECH') and a small 'M' tag, which identifies the room function on the plan. It does not present a standalone interior signage element (e.g., a sign plate with room/area name to be furnished and installed). The bid item requires Furnish & Install — Room, Area, and Unit Identification Signage, which would be explicit wall/door signage. Therefore the region does not provide direct evidence of the signage work; the association is indirect at best and not a direct match to the bid item."
region_000588,A-101CD,"Furnish & Install — Room, Area, and Unit Identification Signage",HALL H,ROOM_LABEL,NONE,WRONG,HIGH,"This is a room label on the floor plan. Per the Special Rule for ROOM_LABEL, a label alone does not establish the Furnish & Install — Room, Area, and Unit Identification Signage bid item. There is no direct evidence of signage work in this region; OCR and label content do not create a direct association to the bid item."
region_000589,A-101CD,"Furnish & Install — Room, Area, and Unit Identification Signage",CLOSET C,ROOM_LABEL,INDIRECT,WRONG,HIGH,"What is visible: the region contains the text 'CLOSET C', a room-label on the architectural plan. It does not display or reference the actual interior signage to be furnished/installed (no signage symbol, text plaque, or schedule entry tied to the bid item). According to the rules, a room label alone is not direct evidence of the bid item and is considered an indirect association (same room) at best. Therefore, the region does not directly represent the original bid item and is classified WRONG."
region_000590,A-101CD,"Furnish & Install — Room, Area, and Unit Identification Signage",BATH D,ROOM_LABEL,NONE,WRONG,HIGH,"The highlighted region contains only a room label 'BATH D' as part of the floor plan. Per the ROOM_LABEL rule, a room name alone does not directly establish Furnish & Install — Room, Area, and Unit Identification Signage. There is no direct evidence of a signage item (identification sign) in this region; thus there is no direct association with the bid item."
region_000591,A-101CD,"Furnish & Install — Room, Area, and Unit Identification Signage",LAUNDRY E,ROOM_LABEL,DIRECT,RIGHT,HIGH,"The highlighted region directly presents a room/area/unit identification sign: 'LAUNDRY' with a unit identifier 'E'. This is a signage element (not merely a room label) that explicitly identifies the room and unit, matching the Bid Item scope (Furnish & Install — Room, Area, and Unit Identification Signage). No inference from OCR or indirect reasoning is required."
region_000592,A-101CD,"Furnish & Install — Room, Area, and Unit Identification Signage",PRIMARY BEDROOM F,ROOM_LABEL,NONE,WRONG,HIGH,"The highlighted region shows the room label 'PRIMARY BEDROOM' with a small rounded tag 'F', which is a room-label element on the floor plan. It does not depict a dedicated interior signage element (e.g., a physical sign fixture or finish/work item) that directly identifies or references the bid item 'Furnish & Install — Room, Area, and Unit Identification Signage'. Per the ROOM LABEL special rule, a room name alone does not establish the bid item. Therefore there is no direct association to the bid item."
region_000593,A-101CD,"Furnish & Install — Room, Area, and Unit Identification Signage",BEDROOM G,ROOM_LABEL,NONE,WRONG,HIGH,"The highlighted region contains the room label 'BEDROOM G' inside the room boundary. This is a room identification label on the plan, not a dedicated interior signage element. The Original Bid Item is 'Furnish & Install — Room, Area, and Unit Identification Signage' (Interior Signage). For a DIRECT association, the region would need to visibly identify a signage device or a schedule/detail explicitly tied to the signage item. There is no such evidence in the region; it is an ordinary room label rather than the actual signage artifact. Therefore, the association is not direct (NONE), and the audit result is WRONG."
region_000594,A-101CD,"Furnish & Install — Room, Area, and Unit Identification Signage",LIVING A,ROOM_LABEL,NONE,WRONG,HIGH,"The highlighted region visibly contains a room label 'LIVING A' in a small rounded label. This is a room name tag, not a signage element for installation. The bid item requires room/area identification signage (a physical sign), whereas this region provides only the room name label as depicted in the plan. According to the ROOM_LABEL special rule, a room name alone does not establish the bid item and does not provide direct evidence of the required signage work. Therefore there is no direct association to the bid item, and the correct decision is WRONG with HIGH confidence."
region_000595,A-101CD,"Furnish & Install — Room, Area, and Unit Identification Signage",KITCHEN B,ROOM_LABEL,NONE,WRONG,HIGH," ROOM LABELS alone do not establish the required signage bid item per the special rules. There is no direct evidence of interior identification signage being furnished or installed for this region; OCR content of 'KITCHEN B' reflects a plan annotation, not a signed identification element."
region_000596,A-101CD,"Furnish & Install — Room, Area, and Unit Identification Signage",MECH M,ROOM_LABEL,DIRECT,RIGHT,HIGH,"The highlighted region visibly shows a room identification sign/tag reading 'MECH M', which directly identifies a space (mechanical room) on the plan. This is a room/area identification label, matching the Bid Item: Furnish & Install — Room, Area, and Unit Identification Signage. It is not generic text or an OCR artifact, but a clear room label sign on the drawing."
region_000597,A-101CD,"Furnish & Install — Room, Area, and Unit Identification Signage",HALL J,ROOM_LABEL,NONE,WRONG,HIGH,"The highlighted region contains only a room label (HALL J) within the floor plan, not a sign panel or signage element. Per the Special Rule for ROOM LABEL, a room name alone does not establish the bid item (Furnish & Install — Room, Area, and Unit Identification Signage). There is no explicit signage reference, schedule, or sign graphic directly tied to the bid item in this region. Therefore, there is no direct evidence linking this region to the required interior signage bid item; it is not a direct association."
region_000598,A-101CD,"Furnish & Install — Room, Area, and Unit Identification Signage",BATH D,ROOM_LABEL,INDIRECT,WRONG,HIGH,"A room label alone does not constitute direct evidence of Furnish & Install — Room, Area, and Unit Identification Signage. The region appears to be a plan annotation (room identification) rather than a sign fixture or explicit signage item. Therefore there is no direct evidence linking this region to the bid item; the association is indirect at best."
region_000599,A-101CD,"Furnish & Install — Room, Area, and Unit Identification Signage",LAUNDRY E,ROOM_LABEL,DIRECT,RIGHT,HIGH,"The highlighted region contains an explicit room identification sign 'LAUNDRY E' that directly identifies the Laundry room with a unit/zone marker. This is a direct evidence of the bid item 'Furnish & Install — Room, Area, and Unit Identification Signage', not an indirect or inferred association. The sign style mirrors other identified signage on the same sheet, supporting a direct association."
region_000600,A-101CD,"Furnish & Install — Room, Area, and Unit Identification Signage",PRIMARY BEDROOM F,ROOM_LABEL,DIRECT,RIGHT,HIGH,"1) The highlighted region visibly contains the room name (PRIMARY BEDROOM) and a sign-like tag (F) in a rounded-rectangle symbol, which is how interior room identification signage is depicted on plans. 2) This is not merely a generic room label; the sign element (the labeled tag) explicitly represents a signage piece intended to identify the room. 3) Therefore the region directly evidences the bid item (Room Identification Signage), not just related or ancillary work. 4) No assumption beyond the visible sign element is needed; the evidence is explicit on the drawing."
region_000601,A-101CD,"Furnish & Install — Room, Area, and Unit Identification Signage",BEDROOM G,ROOM_LABEL,NONE,WRONG,HIGH,"The highlighted region contains only the room label 'BEDROOM G' within the bedroom area. This is a room name label on the drawing, not a physical or explicit signage reference. Per the SPECIAL RULE for ROOM LABELs, a room name alone does not establish the bid item for interior signage. There is no direct indication of signage work (e.g., a sign symbol, callout, or labeling indicating 'Room Identification Signage'). Therefore there is no DIRECT evidence linking this region to the Bid Item, making the association WRONG."
region_000602,A-101CD,"Furnish & Install — Room, Area, and Unit Identification Signage",BEDROOM H,ROOM_LABEL,NONE,WRONG,HIGH,A room name label alone does not establish the required signage for the bid item. There is no direct signage element or explicit reference to the interior room identification signage in this region; it is simply a room name label on the plan.
region_000603,A-101CD,"Furnish & Install — Room, Area, and Unit Identification Signage",LIVING,ROOM_LABEL,NONE,WRONG,HIGH,"The highlighted region contains the room label 'LIVING' as a plan label, not a sign fixture or explicit signage reference. According to the ROOM_LABEL rule, a room name alone does not establish the bid item 'Furnish & Install — Room, Area, and Unit Identification Signage.' Therefore there is no direct evidence linking this region to the bid item."
region_000604,A-101CD,"Furnish & Install — Room, Area, and Unit Identification Signage",KITCHEN,ROOM_LABEL,NONE,WRONG,HIGH,"The highlighted region contains a room label (KITCHEN B) rendered as a standard floor plan tag, not a signage element. According to the Special Rule for ROOM LABELS, a room name alone does not establish the bid item (Furnish & Install — Room, Area, and Unit Identification Signage). There is no explicit evidence of signage to be furnished/installed (no sign symbol, callout, or signage schedule) directly associated with this region. Therefore, it does not provide DIRECT evidence linking to the bid item; at best it offers an INDIRECT or no association, which is not acceptable per the REQUIRED DIRECT association rule."
region_000605,A-101CD,"Furnish & Install — Room, Area, and Unit Identification Signage",MECH,ROOM_LABEL,NONE,WRONG,HIGH,"The region contains the text 'MECH' within a room-label style tag. This is a plan-level room designation, not a Furnish & Install — Room, Area, and Unit Identification Signage element. Room labels alone do not establish the bid item for interior signage. To directly prove the bid item, evidence would need to show an actual signage element, sign schedule, or a dedicated interior signage detail indicating room/area/unit identifiers. OCR text alone is insufficient; the visual evidence shows a plan annotation, not a signage installation."
region_000606,A-101CD,"Furnish & Install — Room, Area, and Unit Identification Signage",HALL,ROOM_LABEL,NONE,WRONG,HIGH,"The highlighted region is a room label (HALL) on the plan. It does not itself depict a sign panel, signage graphic, or sign schedule that directly identifies the bid item (Furnish & Install — Room, Area, and Unit Identification Signage). Room labels alone are not sufficient for direct association per the Special Rules. There is no explicit evidence of a hall-specific sign element tied to the bid item in the region."
region_000607,A-101CD,"Furnish & Install — Room, Area, and Unit Identification Signage",CLOSET,ROOM_LABEL,NONE,WRONG,HIGH,"The highlighted area only contains a room name label ('CLOSET') on the plan. The required bid item is 'Furnish & Install — Room, Area, and Unit Identification Signage' (interior signage). There is no direct signage element shown to identify or reference the closet as a sign in this region; a room label alone does not constitute the required sign work per the special rule for room labels."
region_000608,A-101CD,"Furnish & Install — Room, Area, and Unit Identification Signage",BATH,ROOM_LABEL,NONE,WRONG,HIGH,"1) The highlighted region contains the text 'BATH' which is a room label in the plan. 2) It does not depict a sign, labeling plaque, or any element that directly identifies the sign to be furnished and installed under the bid item. 3) A room name alone is not sufficient to establish signage; per the special rules, this region does not directly reference the bid item."
region_000609,A-101CD,"Furnish & Install — Room, Area, and Unit Identification Signage",LAUNDRY,ROOM_LABEL,DIRECT,RIGHT,HIGH,"The highlighted region contains the room name 'LAUNDRY' and a small rounded-sign plaque with the identifier 'E' embedded in the same region. This is not merely a generic room label; the sign plaque indicates a dedicated room identification sign element (sign E) for the Laundry room. This directly matches the bid item scope (Furnish & Install — Room, Area, and Unit Identification Signage, Interior Signage) because it explicitly references a signage item tied to a specific room. No inference from same-trade or general room labeling is required; the evidence is the actual signage representation shown on the sheet."
region_000610,A-101CD,"Furnish & Install — Room, Area, and Unit Identification Signage",PRIMARY BEDROOM,ROOM_LABEL,NONE,WRONG,HIGH,"Special Rule — ROOM LABEL applies: a room name alone does not establish the bid item. The region visually presents a room label ('PRIMARY BEDROOM') and an accompanying room tag, not an actual identification signage element. There is no direct evidence of signage content or a schedule/detail entry that explicitly corresponds to 'Furnish & Install — Room, Area, and Unit Identification Signage'. Therefore, the region does not directly identify or locate the bid item."
region_000611,A-101CD,"Furnish & Install — Room, Area, and Unit Identification Signage",BEDROOM,ROOM_LABEL,DIRECT,RIGHT,HIGH,"The highlighted region visibly contains the room name BEDROOM and an accompanying sign tag (G) that represents a room identification sign plate. This is direct evidence of interior signage identifying a room, matching the Bid Item: Furnish & Install — Room, Area, and Unit Identification Signage."
region_000612,A-101CD,"Furnish & Install — Room, Area, and Unit Identification Signage",BEDROOM,ROOM_LABEL,NONE,WRONG,HIGH,"The highlighted region is a ROOM_LABEL (bedroom name) on the Level 01 floor plan. A direct association would require an explicit room-identification sign element (sign plaque, mounting detail, or explicit signage label) corresponding to the bid item. The rules state a room name alone does not establish the bid item. There is no direct signage evidence in the region; OCR confirms 'BEDROOM' but provides no sign-specific evidence. Therefore the region does not directly identify or reference the original bid item."
region_000613,A-101CD,"Furnish & Install — Room, Area, and Unit Identification Signage",BREEZEWAY,ROOM_LABEL,NONE,WRONG,HIGH,"The highlighted region contains the room/space label 'BREEZEWAY' on the Level 01 floor plan. This is a space name label, not a physical identification sign nor a sign schedule. The Special Rule for ROOM LABEL indicates that a room name alone does not establish the bid item for interior signage. There is no direct evidence (e.g., a sign symbol, callout, or schedule item explicitly identifying signage for 'BREEZEWAY') linking this region to the 'Furnish & Install — Room, Area, and Unit Identification Signage' bid item. Therefore, the region does not provide DIRECT evidence of the bid item and is classified WRONG with NO direct association."
region_000614,A-101CD,"Furnish & Install — Room, Area, and Unit Identification Signage",PRIMARY BEDROOM F,ROOM_LABEL,INDIRECT,WRONG,MEDIUM,"The region visibly contains the room name 'PRIMARY BEDROOM' which is a room label. It does not present explicit signage content or a sign design that would directly identify, locate, or reference the Room Identification Signage bid item. Per the Special RULE — ROOM LABEL, a room name alone does not establish the bid item, and this constitutes indirect (not direct) evidence at best. Therefore, the REGION is not a direct representation of the original bid item."
region_000615,A-101CD,"Furnish & Install — Room, Area, and Unit Identification Signage",LAUNDRY E,ROOM_LABEL,NONE,WRONG,HIGH,"The region shows the room name label 'LAUNDRY E' on the floor plan, not a physical room/signage element. Per the ROOM_LABEL special rule, a room name alone does not establish the bid item for interior signage. There is no direct evidence of a furnished/installed identification sign here, only plan labeling."
region_000616,A-101CD,"Furnish & Install — Room, Area, and Unit Identification Signage",LAUNDRY E,ROOM_LABEL,DIRECT,RIGHT,HIGH,"The region visually presents the exact signage content prescribed by the bid item: a room identification sign for the Laundry with unit designation E. It is not merely a room label or OCR artifact; it is the explicit signage element intended to identify the room and its unit, fulfilling theBid Item requirement."
region_000617,A-101CD,Furnish & Install Wall Partition Assemblies As Per Wall Type Schedules And Tags,W60A,MATERIAL_TAG,DIRECT,RIGHT,HIGH,"W60A is a wall-type designation embedded in the drawing region, serving as a direct label for the wall partition assembly to be furnished and installed. It is not room-labels, schedule entries, or general notes, but a specific wall type tag that ties to the wall type schedule/tags referenced by the bid item. No assumption needed; the evidence is the tag itself on the plan."
region_000618,A-101CD,Furnish & Install Wall Partition Assemblies As Per Wall Type Schedules And Tags,W4 W4 W4 W4 W4 W4 W4 W6 W4 W4G W4G W4 W4 W4 W6 W4 W4 W4 W4 W4 W4,MATERIAL_TAG,DIRECT,RIGHT,HIGH,"1) The region visibly contains wall-type tags (W4, W4G, W6) on interior partitions. 2) These tags are part of the wall-type scheduling system that defines the exact wall assemblies to be furnished and installed per the bid item. 3) The evidence is explicit in-place labeling, not inferred. 4) No reliance on OCR alone; the image shows the tags directly. 5) No assumption needed; the tags directly reference the work. "
region_000619,A-101CD,Furnish & Install Wall Partition Assemblies As Per Wall Type Schedules And Tags,W60A,MATERIAL_TAG,DIRECT,RIGHT,HIGH,"The region visibly shows the exact wall type tag W60A, which is the direct identifier used to select the wall partition assembly in the wall type schedules referenced by the Bid Item. It is a direct association (tag to work) and not an indirect cue (e.g., same trade or related note)."
region_000620,A-101CD,Furnish & Install Wall Partition Assemblies As Per Wall Type Schedules And Tags,W4 W6G W6G W6G W4 W4 W4 W6 W4 W4 W4 W4 W4 W4 W4,MATERIAL_TAG,DIRECT,RIGHT,HIGH,"The region contains direct wall-type tags (W4, W6G) on interior partitions within the exact audit region. These tags correspond to the wall type schedule/tags specified in the bid item (Furnish & Install Wall Partition Assemblies As Per Wall Type Schedules And Tags). This is not a room label, grid, or generic finish note; it is a direct identifier of the partition assemblies to be installed per the wall-type schedule in this specific region."
region_000621,A-101CD,Furnish & Install Wall Partition Assemblies As Per Wall Type Schedules And Tags,W4 W6G W6G W6G W4 W6 W4 W4 W4 W4 W4G W4 W4 W4 W4 W4 W4 W4 W4 W4,PLAN_GEOMETRY,DIRECT,RIGHT,HIGH,"The highlighted region visually contains wall-type designations (W4, W6G) directly on the partition walls. These callouts are explicit identifiers for the wall assemblies to be furnished and installed per the wall type schedules, providing direct evidence for the bid item rather than an indirect relation. No reliance on OCR alone or on nearby/related trades."
region_000622,A-101CD,Furnish & Install Wall Partition Assemblies As Per Wall Type Schedules And Tags,XW6.2,OTHER,DIRECT,RIGHT,HIGH,"XW6.2 is a wall-type tag on a partition wall, functioning as a direct reference to the wall type schedule that defines the wall partition assembly (metal framing) required by the bid item. Its presence directly identifies the specific work associated with the bid item, not merely related or generic information."
region_000623,A-101CD,Furnish & Install Wall Partition Assemblies As Per Wall Type Schedules And Tags,XW6.2,MATERIAL_TAG,DIRECT,RIGHT,HIGH,"XW6.2 is a wall type tag printed on the partition wall. This tag directly identifies the exact wall assembly (per the wall type schedule) to be furnished and installed, fulfilling the bid item requirement. It is not merely related text or a room label; it is a direct tag indicating the intended work for this region."
region_000624,A-101CD,Furnish & Install Wall Partition Assemblies As Per Wall Type Schedules And Tags,W4 W4 W6G WD42A W6G W4 W4,MATERIAL_TAG,DIRECT,RIGHT,HIGH,"The highlighted region visually contains repeated wall-type tags (W4, W6G, WD42A) on the wall partitions. These tags directly refer to the wall-type assemblies that must be furnished and installed per the Wall Type Schedules and Tags. This is a direct representation of the bid item, not an indirect association."
region_000625,A-101CD,Furnish & Install Wall Partition Assemblies As Per Wall Type Schedules And Tags,FB1 XW6 XW6 BR1 BR1 BR1 BR1 XW6 BR1,PLAN_GEOMETRY,NONE,WRONG,HIGH,"Direct association to the bid item requires the region itself to visibly identify the wall partition work or its exact wall type tag/schedule. The highlighted region shows general plan geometry and room labels without any wall-type designation or schedule reference, so there is no direct evidence linking this region to 'Furnish & Install Wall Partition Assemblies As Per Wall Type Schedules And Tags'."
region_000626,A-101CD,Furnish & Install Wall Partition Assemblies As Per Wall Type Schedules And Tags,XW62,SCHEDULE,DIRECT,RIGHT,HIGH,"The region contains the wall-type tag XW62 located on the interior partition wall in the Level 01 plan. This tag is used to pull the corresponding wall-type assembly from the wall type schedules/tags, which directly aligns with the bid item: furnish & install wall partition assemblies per wall type schedules and tags. There is no need to infer via adjacent notes or similar-work reasoning."
region_000627,A-101CD,Furnish & Install Wall Partition Assemblies As Per Wall Type Schedules And Tags,XW6 FB1 XW6 XW6 BR1 BR1 XW6 BR1 BR1 XW6 FB1 XW6 XW6 BR1 BR1 XW6 BR1 BR1 XW6 XW6 XW6 XW6 FB1 WD40A,PLAN_GEOMETRY,NONE,WRONG,MEDIUM,"The highlighted region contains interior partition walls as depicted on the floor plan, but there is no visible, direct evidence (such as a wall-type tag or reference to a wall-type schedule) within this region that explicitly associates it with the Bid Item: Furnish & Install Wall Partition Assemblies As Per Wall Type Schedules And Tags. Without a direct tag or schedule reference in the region, the association cannot be considered direct."
region_000628,A-101CD,Furnish & Install Precast Concrete Stair Treads,T 801.924.5000,TITLE_BLOCK,NONE,WRONG,HIGH,"The highlighted region visually contains Arch Nexus branding and contact information within the title block area, not any direct reference to the bid item 'Furnish & Install Precast Concrete Stair Treads' or stairs work. There is no explicit indication of stairs, precast treads, or related bid-item work in this region. Therefore there is NO direct evidence linking this region to the bid item; relying on OCR or general alignment would constitute indirect or no association."
region_000629,A-153E,Furnish & Install Wood Blocking and Backing,D. PROVIDE REQUIRED BLOCKING AND SUPPORT FOR CEILING FANS AND ALL OTHER CEILING MOUNTED FIXTURES.,GENERAL_NOTE,INDIRECT,WRONG,MEDIUM,The highlighted region is a general note about blocking for ceiling fixtures. It does not explicitly identify or label the original bid item (wood blocking and backing) or specify the material/type (wood) or backing. This is indirect evidence at best and not a direct association to the bid item.
region_000630,A-153E,Review Expansion Joint Schedule on G Series Sheets,H. SEE G SERIES SHEETS FOR EXPANSION JOINT SCHEDULE.,GENERAL_NOTE,DIRECT,RIGHT,HIGH,"Region visibly contains the exact directive about expansion joints: 'SEE G SERIES SHEETS FOR EXPANSION JOINT SCHEDULE.' This explicitly identifies the expansion joint schedule work and points to the G Series sheets, which matches the bid item. No indirect reasoning or OCR reliance; the evidence is direct on the drawing page."
region_000631,A-153E,"Furnish & Install Drywall Trim, Corner Bead, And Escutcheons",E. PROVIDE APPROPRIATE TRIM OR ESCUTCHEONS FOR ALL ITEMS PENETRATING CEILINGS FROM FINISH SPACE.,GENERAL_NOTE,DIRECT,RIGHT,HIGH,"The highlighted general-note text directly references 'trim or escutcheons' for ceilings, which is an explicit element of the bid item scope (escutcheons and trim). Although 'corner bead' is not named in this note, the presence of 'trim' and 'escutcheons' provides a direct association to the bid item components. There is no need to infer from same-trade or related work; the explicit object ('escutcheons') links the region to the bid item. OCR is not driving the conclusion; the evidence is visible in the image."
region_000632,A-153E,Furnish & Install Framing And Sealing For Ceiling Penetrations And Box Outs,F. LIGHT FIXTURES IN CEILINGS TO RECEIVE BATT INSULATION ON TOP SHALL HAVE A BOX OUT TO PROTECT THE INSULATION FROM THE HEAT OF THE LIGHT SOURCE.,GENERAL_NOTE,INDIRECT,WRONG,HIGH,"The region is a General Note containing a general instruction about box-outs for light fixtures, not an explicit identification, labeling, or detailing of the bid item work (framing and sealing for ceiling penetrations and box-outs). Per the special rule for specification text, this does not directly establish the bid item. The evidence is textual rather than a direct plan/detail specific to the bid item, giving only an indirect association at best."
region_000633,A-153E,Furnish & Install Framing For Soffits,G. ALL SOFFIT DIMENSIONS ARE TO FACE OF FINISH MATERIAL.,GENERAL_NOTE,INDIRECT,WRONG,HIGH,"The highlighted region contains a general note about soffits (dimensions to face of finish material). It does not visually identify the bid item work (furnish and install framing for soffits), nor does it label a schedule, detail, or explicit instruction tied to the bid item. Therefore there is no direct evidence linking this region to the original bid item; at best it relates to soffits conceptually (INDIRECT), but not directly."
region_000634,A-153E,Furnish & Install Seismic Bracing For Walls And Ceilings,"I. FOR TYPICAL CEILING AND SEISMIC BRACING DETAILS, REFER TO A700s SHEET SERIES.",GENERAL_NOTE,NONE,WRONG,HIGH,"The highlighted region contains a general note directing the reader to consult A700s for typical ceiling and seismic bracing details. It does not visually identify, label, or reference the bid item 'Furnish & Install Seismic Bracing For Walls And Ceilings' on this sheet. There is no explicit detail, schedule, or label that directly corresponds to the bid item. Therefore, there is NO DIRECT evidence linking this region to the bid item, and the correct classification is WRONG with NONE association."
region_000635,A-153E,Furnish & Install Corner Guards,"CG1.14 7' - 11 3/8""",EQUIPMENT_TAG,DIRECT,RIGHT,HIGH,"The region visibly contains a dedicated corner-guard tag (CG1.14) rather than a generic label or room tag. The CG prefix directly denotes Corner Guards, tying the region to the bid item without requiring cross-referencing other sheets or relying on OCR alone."
region_000636,A-203,Furnish & Install Brick Veneer System,BLDG ELEVATION LEGEND,FINISH_TAG,DIRECT,RIGHT,HIGH,"The highlighted region contains a finish tag entry 'BR1 BRICK VENEER' within the BLDG ELEVATION LEGEND. This directly identifies the Brick Veneer finish to be used on the elevations, which matches the original bid item scope. Other finish tags (FB1, FB2) are present but do not negate the direct reference to Brick Veneer. Therefore, the region provides direct evidence for the bid item."
region_000637,A-203,Furnish & Install Brick Veneer System,BR1 BRICK VENEER,FINISH_TAG,DIRECT,RIGHT,HIGH,"The highlighted region clearly shows the exact finish tag BR1 and its label BRICK VENEER within the elevation legend, providing direct evidence of the material to be used for the bid item. No assumptions required; evidence is unambiguous."
region_000638,A-203,Furnish & Install Brick Veneer System,BR1,MATERIAL_TAG,DIRECT,RIGHT,HIGH,"The highlighted region contains the BR1 material tag adjacent to the exterior wall on the A-203 Breezeway Elevation. BR1 is defined in the project legend as brick veneer, which directly identifies the material/work associated with the bid item (brick veneer system), not merely related or inferential. No reliance on OCR alone or indirect reasoning."
region_000639,A-203,Furnish & Install Brick Veneer System,BR1,FINISH_TAG,DIRECT,RIGHT,HIGH,"BR1 is a finish tag visible on the exterior brick veneer walls. The legend (G-501) explicitly defines BR1 as Brick Veneer wall assembly. This tag directly identifies brick veneer work in the region, not merely related or adjacent work. Therefore, the region provides direct evidence for the Bid Item and is not a misinterpretation of OCR or a non-direct association."
region_000640,A-203,Furnish & Install Brick Veneer System,BR1,MATERIAL_TAG,DIRECT,RIGHT,HIGH,"The highlighted region contains the BR1 tag on a brick veneer wall area. BR1 is defined in the project legend as Brick veneer wall assembly (Westport brick) with air gap and backup wall, which directly corresponds to the Bid Item: Furnish & Install Brick Veneer System (Brick Veneer). The evidence is visual and explicit, not inferred from OCR or nearby related work."
region_000641,A-203,Furnish & Install Brick Veneer System,BR1,MATERIAL_TAG,DIRECT,RIGHT,HIGH,"BR1 is a visible material tag on the region that explicitly denotes brick veneer in the drawing. This provides direct evidence of the brick veneer work in this specific region, matching the original bid item without requiring interpretation of adjacent trades or general notes."
region_000642,A-203,Furnish & Install Brick Veneer System,BR1,FINISH_TAG,DIRECT,RIGHT,HIGH,1) What is in the highlighted region? – A BR1 finish tag on the exterior wall. 2) What does it represent? – It identifies the brick veneer finish/material for that wall area. 3) Would I identify it the same without the bid item? – Yes: BR1 on a brick veneer exterior surface is recognizable as a brick veneer finish tag. 4) Is there DIRECT evidence linking it to the bid item? – Yes: The bid item is Furnish & Install Brick Veneer System; the region directly labels brick veneer on the wall where the brick veneer would be installed. 5) Am I relying on same-trade/specification reasoning? – No; this is a direct finish tag evidence rather than cross-trade reasoning. 6) Is OCR relied upon? – No; evidence is visual (tag and wall finish). 7) Does this require an assumption? – No.
region_000643,A-203,Furnish & Install Brick Veneer System,BR1,FINISH_TAG,DIRECT,RIGHT,HIGH,"The highlighted region shows a BR1 finish tag attached to a brick veneer wall area. BR1 is used to designate the brick veneer finish/assembly, which directly matches the bid item (brick veneer system). The evidence is visually explicit (the tag on the wall) and supported by the legend implying brick veneer as the intended finish/work for the region."
region_000644,A-203,Furnish & Install Brick Veneer System,BR1,MATERIAL_TAG,DIRECT,RIGHT,HIGH,"BR1 is a material tag visible on the wall area that, per the legend, corresponds to brick veneer. This is a direct identification of the bid item (brick veneer system) rather than a general or indirect relation."
region_000645,A-203,Furnish & Install Brick Veneer System,BR1,MATERIAL_TAG,DIRECT,RIGHT,HIGH,"The highlighted region shows a BR1 material tag on the brick veneer face of the breezeway elevation. BR1 is defined in the legend as Brick Veneer, which directly maps to the bid item ‘Furnish & Install Brick Veneer System.’ The region therefore provides direct evidence of the bid item, not just a related or indirect reference."
region_000646,A-203,Furnish & Install Brick Veneer System,BR1,FINISH_TAG,DIRECT,RIGHT,HIGH,"1) The region contains BR1, a finish tag. 2) The legend associates BR1 with Brick veneer assembly. 3) The region is on a wall segment that is depicted as brick veneer, yielding a direct finish reference for the bid item Furnish & Install Brick Veneer System."
region_000647,A-203,"Furnish & Install Gutters, Downspouts, and Associated Accessories","C. PROVIDE GUTTERS AND DOWN SPOUTS w/ HEAT CABLE, SNOW FENCES, AND SNOW CLIPS - SEE ROOF PLAN.",GENERAL_NOTE,DIRECT,RIGHT,HIGH,"The highlighted region contains an explicit statement: 'PROVIDE GUTTERS AND DOWN SPOUTS w/ HEAT CABLE, SNOW FENCES, AND SNOW CLIPS - SEE ROOF PLAN.' This directly names the bid item work (gutters and downspouts) and prescribes the action, not merely a related note or room label. It is part of General Notes on Sheet A-203 (Building Elevations Breezeway) and explicitly references the gutter-related scope, which provides direct evidence of the bid item. No indirect reasoning or OCR-only justification is used; the evidence is visible and directly ties to the bid item."
region_000648,A-203,Furnish & Install Asphalt Shingles,RW4 ASPHALT SHINGLE,FINISH_TAG,DIRECT,RIGHT,HIGH,"The highlighted region contains the exact finish code and description 'RW4 ASPHALT SHINGLE', visibly identifying the material; this is a direct reference to the bid item rather than an indirect or generic association."
region_000649,A-203,Furnish & Install Fiber Cement Siding,"FB1 FIBER BOARD, HORIZONTAL",FINISH_TAG,NONE,WRONG,HIGH,"The highlighted region visibly shows a BLDG ELEVATION LEGEND with finish tags including FB1 FIBER BOARD, HORIZONTAL and FB2 FIBER BOARD, VERTICAL, plus BR1 BRICK VENEER and RW4 ASPHALT SHINGLE. There is no explicit reference to Fiber Cement Siding, nor any label that directly identifies or references the bid item 'Furnish & Install Fiber Cement Siding'. The region thus does not provide direct evidence for the bid item; it is a legend for several finishes, not a direct item for the bid."
region_000650,A-203,Furnish & Install Fiber Cement Siding,"FB2 FIBER BOARD, VERTICAL",MATERIAL_TAG,INDIRECT,WRONG,HIGH,"The highlighted region visibly contains the finish tag 'FB2 FIBER BOARD, VERTICAL' within the BLDG Elevation Legend. This is a material tag for fiber board, not for fiber cement siding. The original bid item is 'Furnish & Install Fiber Cement Siding.' There is no direct label, schedule, or detail in the region that explicitly references 'fiber cement siding' or ties the region to the bid item. According to the Special Rules, this does not provide direct evidence for the bid item and would be considered an indirect or no association. Therefore, the region does not directly identify the bid item."
region_000651,A-203,Furnish & Install Fiber Cement Siding,FB1,FINISH_TAG,DIRECT,RIGHT,HIGH,"The highlighted region visibly contains the finish tag FB1 tied to fiber cement siding on the exterior wall area. This is a direct labeling evidence for the bid item Furnish & Install Fiber Cement Siding, not an indirect or inferred connection."
region_000652,A-203,Furnish & Install Fiber Cement Siding,FB1,FINISH_TAG,DIRECT,RIGHT,HIGH,"The highlighted region clearly shows the finish tag FB1. The project legend associates FB1 with the composite siding (fiber cement siding) finish and the siding package. Therefore, the region directly identifies the bid item (Furnish & Install Fiber Cement Siding) without requiring inference from related trades or indirect cues."
region_000653,A-203,Furnish & Install Fiber Cement Siding,FB1,FINISH_TAG,DIRECT,RIGHT,HIGH,"The highlighted region visually displays the FB1 finish tag on the exterior siding area. The legend links FB1 to the composite siding wall assembly using fiber cement siding, installed horizontally, which is exactly the described bid item (Furnish & Install Fiber Cement Siding). This is a direct, not an inferred, association. No reliance on OCR alone or indirect reasoning."
region_000654,A-203,Furnish & Install Fiber Cement Siding,FB1,FINISH_TAG,DIRECT,RIGHT,HIGH,"The highlighted region visibly shows the finish tag FB1 on the exterior wall area where horizontal siding is depicted. This tag directly identifies the material/work (fiber cement siding) for that wall region, aligning with the bid item. It is not dependent on OCR alone and relies on the actual tag on the drawing. No assumption beyond the visible finish tag is required."
region_000655,A-203,Furnish & Install Fiber Cement Siding,FB1,FINISH_TAG,DIRECT,RIGHT,HIGH,"1) The region visibly contains the finish tag 'FB1'. 2) It is placed on a wall area that is clad with horizontal siding in the elevation, consistent with a siding finish. 3) The project legend indicates siding (composite siding wall assembly) and a siding package, which aligns with the bid item 'Furnish & Install Fiber Cement Siding'. 4) This is a direct finish label indicating the material/work, not merely a related or same-trade reference. 5) No assumption beyond the visible label and siding graphic is required."
region_000656,A-203,Furnish & Install Fiber Cement Siding,FB1,FINISH_TAG,DIRECT,RIGHT,HIGH,"The highlighted region visibly shows the finish tag FB1 applied directly to exterior siding panels. The legend confirms FB1 as the finish code for the siding assembly, which matches the bid item (Fiber Cement Siding). This is a direct evidence of the bid item, not an indirect or incidental relation."
region_000657,A-203,Furnish & Install Fiber Cement Siding,FB1,FINISH_TAG,DIRECT,RIGHT,HIGH,"The highlighted region shows a finish tag 'FB1' in the wall/siding area. The project legend ties FB1 to the siding assembly / fiber cement siding. This is a direct reference to the material/work of the bid item, not merely an indirect or related note. No assumption is needed; the tag itself provides direct evidence linking to fiber cement siding."
region_000658,A-203,Furnish & Install Fiber Cement Siding,FB1,FINISH_TAG,DIRECT,RIGHT,HIGH,"The highlighted region shows the finish tag FB1 placed on a wall surface that is a siding area. The tag FB1 directly identifies the finish material on that surface, and the project legend associates FB1 with the composite siding wall assembly (fiber cement siding). This provides direct evidence linking the region to the bid item, not just a related or generic association."
region_000659,A-203,Furnish & Install Fiber Cement Siding,FB1,FINISH_TAG,NONE,WRONG,MEDIUM,"The highlighted region shows a finish tag 'FB1' on the siding surface. There is no explicit label or evidence within the region that directly states 'Fiber Cement Siding' or directly maps to the bid item. Finish tags require a direct reference or a schedule mapping to prove direct association; without it, the evidence is not sufficient for a direct association to the original bid item. Therefore the region does not directly identify the bid item."
region_000660,A-203,Furnish & Install Fiber Cement Siding,FB1,FINISH_TAG,DIRECT,RIGHT,HIGH,"The highlighted region visibly shows the finish tag FB1 placed on the exterior wall region that represents the siding. The region is a siding surface, and FB1 is the finish tag used to denote the fiber cement siding per the legend/schedule. This constitutes a direct identification of the work (fiber cement siding) rather than an indirect or inferential association."
region_000661,A-203,Furnish & Install Fiber Cement Siding,FB1,FINISH_TAG,DIRECT,RIGHT,HIGH,"1) The region visibly contains the finish tag FB1 applied to the siding surface. 2) A finish tag is a direct indicator of the finish/material to be installed, not a room label or grid reference. 3) The G-501 legend references composite siding wall assembly (siding), which corresponds to the bid item for fiber cement siding. 4) Therefore, the region directly and explicitly references the original bid item, not merely indirectly related information."
region_000662,A-203,Furnish & Install Fiber Cement Siding,FB1,FINISH_TAG,DIRECT,RIGHT,HIGH,"The highlighted region contains the finish tag FB1. The legend indicates FB1 corresponds to a composite siding wall assembly (fiber cement siding) and is the siding package. The region is on the exterior wall of the breezeway elevation where siding is applied, providing direct evidence that this region explicitly references the bid item (fiber cement siding), not just related or adjacent work."
region_000663,A-203,Furnish & Install Painting For All Exposed Unfinished Steel,E. ALL EXPOSED UNFINISHED STEEL TO BE PAINTED UNLESS DIRECTED BY ARCHITECT.,GENERAL_NOTE,DIRECT,RIGHT,HIGH,"The region text explicitly describes painting of exposed unfinished steel (material and action). This directly identifies the work to be performed (paint) on the specified material (exposed unfinished steel), which matches the original bid item scope. The evidence is based on the visible general notes text rather than OCR interpretation alone."
region_000664,A-203,Furnish & Install Fire Extinguishers And Cabinets,FIRE EXT CAB FEC,EQUIPMENT_TAG,DIRECT,RIGHT,HIGH,"The highlighted region contains an explicit equipment tag 'FIRE EXT CAB' (FEC) indicating a Fire Extinguisher Cabinet. This is a direct identification of the cabinet component, not merely related or inferred. It aligns with the bid item scope (Fire Extinguishers & Cabinets) and provides direct drawing evidence of the cabinet work, satisfying the direct association criteria. OCR is secondary and supports this label, but the visual tag itself is the decisive evidence."
region_000665,A-203,Furnish & Install — Bike Racks,BIKE RACK,EQUIPMENT_TAG,DIRECT,RIGHT,HIGH,"The region explicitly labels the equipment as 'BIKE RACK' with a leader referencing its placement in the elevation. This is a direct identification of the bid item (bike racks) rather than a general note, room label, or specification text. No inference from same-trade or unrelated text is required."
region_000666,A-203,Furnish & Install Exterior Lighting Above Doors,LIGHTS ABOVE DOORS. SEE ELECTRICAL,GENERAL_NOTE,NONE,WRONG,HIGH,"The highlighted region contains only a general note about lighting above doors and a cross-reference to electrical details. It does not visibly identify a specific lighting fixture, schedule, tag, or detail that directly corresponds to the bid item “Furnish & Install Exterior Lighting Above Doors.” Without a direct depiction or explicit labeling of the exterior lighting work on this region, the association is not direct; OCR text alone is not sufficient and the note only points to electrical drawings for details."
region_000667,A-203,Furnish & Install Knox Box for Emergency Access,KNOX KX1,EQUIPMENT_TAG,DIRECT,RIGHT,HIGH,"The highlighted region directly identifies the equipment (Knox Box) and its specific identifier (KX1) on the Breezeway Elevation, which matches the Bid Item 'Furnish & Install Knox Box for Emergency Access'."
region_000668,A-203,Furnish & Install Building Address Signage,"Architectural NEXUS, Inc.",FINISH_TAG,NONE,WRONG,HIGH,"The highlighted region contains a BUILDING ELEVATION LEGEND listing finish tags (BR1, FB1, FB2, RW4) and associated materials for elevations. There is no reference, label, or depiction of building address signage or any element that explicitly identifies or references the 'Furnish & Install Building Address Signage' bid item. Therefore, there is no direct association to the bid item; any connection would be indirect at best and must be ruled wrong per the direct-association requirement."
region_000669,A-203,Furnish & Install Building Address Signage,2505 East Parleys Way,TITLE_BLOCK,NONE,WRONG,HIGH,"The highlighted region is the title/header area containing the ARCH Nexus logo and the project address. It does not identify, label, or reference the bid item (Furnish & Install Building Address Signage). There is no explicit signage element or text indicating exterior address signage; the presence of the project address in a title block is not the signage work itself, and cannot be considered a direct reference to the bid item."
region_000670,A-203,Furnish & Install Building Address Signage,"Salt Lake City, Utah 84109",GENERAL_NOTE,NONE,WRONG,HIGH,"The highlighted region contains GENERAL NOTES - BUILDING ELEVATIONS and the BLDG ELEVATION LEGEND. There is no visible reference, label, symbol, schedule, or detail that identifies or references the bid item 'Furnish & Install Building Address Signage' (Exterior Signage). Therefore, it does not provide direct evidence for the bid item."
region_000671,A-351,Furnish & Install Wall Finishes Per Finish Schedule And Elevations,FG5.1,FINISH_TAG,DIRECT,RIGHT,MEDIUM,"FG5.1 is a finish-group code shown on the wall-section region. As the bid item calls for wall finishes per the Finish Schedule, FG5.1 directly references the finish-schedule entry that would specify the required wall finish. The region itself does not spell out a specific material, but it is a direct label to the finish schedule (a bid-item-related reference) rather than an indirect cue (e.g., same trade or general note). OCR is secondary and not relied upon here."
region_000672,A-351,Furnish & Install Wall Finishes Per Finish Schedule And Elevations,XW6,DETAIL,NONE,WRONG,HIGH,"The highlighted region contains only the callout 'XW6' and does not directly name, identify, or reference a wall finish/wall covering as required by the bid item. It appears to be a cross-reference to a wall section detail rather than a finish specification, providing no direct evidence that this region represents the Furnish & Install Wall Finishes bid item."
region_000673,A-351,Furnish & Install Wall Finishes Per Finish Schedule And Elevations,XW6,FINISH_TAG,DIRECT,RIGHT,HIGH,"The region contains the label FW22, a dedicated wall finish tag. This tag directly identifies the finish assignment for the wall surface in the Finish Schedule, aligning with the Bid Item: Furnish & Install Wall Finishes Per Finish Schedule And Elevations (Wall Covering). The association is explicit, not inferred from related trades or nearby content."
region_000674,A-351,Furnish & Install Wall Finishes Per Finish Schedule And Elevations,XW6,EQUIPMENT_TAG,NONE,WRONG,HIGH,"The highlighted region contains an equipment tag for a door (D3 A-602) and an adjacent tag (FB2). There is no finish-related tag, finish schedule reference, or wall-covering indication visible in this region. The bid item is “Furnish & Install Wall Finishes Per Finish Schedule And Elevations” (Wall Covering). There is no direct evidence in this region that identifies, locates, or explicitly references wall finishes or wall coverings. Therefore, there is no DIRECT association to the bid item; at best an indirect or unrelated relationship could be inferred, which is not acceptable for a RIGHT designation."
region_000675,A-351,Furnish & Install Wall Finishes Per Finish Schedule And Elevations,FG5.1,FINISH_TAG,DIRECT,RIGHT,HIGH,"The highlighted region contains the label FG5.1, a specific finish-group tag used to reference the Finish Schedule for wall finishes. In the overall sheet context (A-351 Wall Sections) this tag directly identifies the finish work to be furnished and installed, not merely a related or adjacent item. The evidence is visual in the region itself (not inferred from OCR), and it corresponds to the Bid Item: Furnish & Install Wall Finishes per Finish Schedule and Elevations."
region_000676,A-351,Furnish & Install Wall Finishes Per Finish Schedule And Elevations,XW6,DETAIL,NONE,WRONG,HIGH,"1) The region visibly contains the label 'XW6' which functions as a detail/callout reference on the wall section sheet. 2) It does not identify a wall finish, finish schedule item, or any material/work directly related to the bid item (Furnish & Install Wall Finishes). 3) There is no finish type, finish schedule reference, or material tag within the highlighted region. 4) Therefore, there is no direct evidence linking this region to the bid item; at best it is a cross-reference to another detail, not a finish installation reference."
region_000677,A-351,Furnish & Install Wall Finishes Per Finish Schedule And Elevations,XW6,FINISH_TAG,NONE,WRONG,HIGH,"The highlighted region shows a wall-section label XW6, which appears to be a wall-type/finish tag used for cross-reference. It does not itself specify or identify a wall finish or a finish schedule entry. The bid item requires finishes per the Finish Schedule/Elevations, and a direct association would require the region to show a finish description or explicit finish indication. Therefore, there is no direct evidence linking this region to the bid item; the association is not direct."
region_000678,A-351,Furnish & Install Wall Finishes Per Finish Schedule And Elevations,XW6,DETAIL,NONE,WRONG,HIGH,"The highlighted region contains a wall-section detail with the tag XW6 but provides no explicit finish information (e.g., finish schedule entry, wall covering material, or finish callout). The bid item is for furnishing and installing wall finishes, which requires direct evidence of the finish material or schedule within the region. There is no such direct association visible; the region instead appears to identify a wall-type designation within the structural wall section."
region_000679,A-351,Furnish & Install Wall Finishes Per Finish Schedule And Elevations,XW6,OTHER,NONE,WRONG,LOW,"1. The highlighted region contains only a small callout/tag ('XW6') adjacent to the wall section, not a finish designation, material name, or schedule entry. 2. There is no explicit reference to wall finishes (per finish schedule or elevations) within this region; the finish-related work is not directly identified. 3. If I did not know the bid item, I would still describe this as a region tag rather than a finish/covering element. 4. Therefore, there is no direct evidence linking this specific region to the 'Furnish & Install Wall Finishes' bid item; reliance on general overlap (same trade or sheet) would be indirect and not acceptable per the audit rules."
region_000680,A-351,Furnish & Install Wall Finishes Per Finish Schedule And Elevations,XW6,FINISH_TAG,DIRECT,RIGHT,HIGH,1) The region visibly contains the finish tag 'XW6' rather than a general note or grid reference. 2) The tag represents a finish item reference used to identify wall finishes per the Finish Schedule/Elevations (Exterior Wall Assembly) on the related legend. 3) This is a direct indicator of the bid item (Furnish & Install Wall Finishes) rather than an indirect indication. 4) No assumption required beyond the label itself; the image clearly shows the tag in the wall section context.
region_000681,A-351,Furnish & Install Wall Finishes Per Finish Schedule And Elevations,XW6,DETAIL,NONE,WRONG,HIGH,"The region shows a small callout label 'XW6' (a detail/section reference). There is no direct indication of wall finishes or wall covering (no finish schedule, finish note, or wall covering description) in this region. Therefore it does not directly identify, locate, or reference the original bid item (Furnish & Install Wall Finishes per Finish Schedule and Elevations). It is a cross-reference to another detail rather than a finish specification."
region_000682,A-351,Furnish & Install Wall Finishes Per Finish Schedule And Elevations,XW6,DETAIL,NONE,WRONG,HIGH,"The highlighted region does not contain a direct finish reference for the Bid Item 'Furnish & Install Wall Finishes Per Finish Schedule And Elevations'. It shows a wall-section detail with mechanical/assembly elements and a label (XW6) that does not constitute a wall finish callout (e.g., wall covering, paint, gypsum board thickness labeled as a finish). Without explicit finish material identification, labeling, or a finish schedule callout within this region, there is no direct evidence tying this region to the bid item. The region would need a finish tag, material tag, or schedule entry to be considered a DIRECT association."
region_000683,A-351,Furnish & Install Wall Finishes Per Finish Schedule And Elevations,FG5.1,FINISH_TAG,DIRECT,RIGHT,HIGH,"The highlighted region contains a finish-group tag FG5.1, which is used to reference the Finish Schedule. The accompanying wall-section labeling in the broader context explicitly names the wall finish as brick wainscot with horizontal fiber board, directly identifying the material/work shown. This is a direct evidence link to the Bid Item: Furnish & Install Wall Finishes Per Finish Schedule And Elevations (Wall Covering). OCR alone is not driving the conclusion; the visual finish label and the finish-section caption provide explicit, direct evidence."
region_000684,A-351,Furnish & Install Wall Finishes Per Finish Schedule And Elevations,XW6,OTHER,NONE,WRONG,HIGH,"The highlighted region shows only the wall-type label 'XW6' and a portion of the wall, with no explicit finish description (e.g., wallpaper, paint, texture) or reference to a finish schedule. The original bid item requires furnishing and installing wall finishes per a Finish Schedule/Elevations, which requires direct identification of the finish in the region. Since the region does not directly identify the finish work, there is no direct association."
region_000685,A-351,Furnish & Install Wall Finishes Per Finish Schedule And Elevations,XW6,DETAIL,NONE,WRONG,HIGH,"The highlighted region is a wall-section detail showing structural assembly (foundation, floor slab, stud wall, sheathings, insulation, interior gypsum board). There is no visible finish schedule entry, finish label, or wall covering material tied to the Bid Item. Therefore, it does not provide direct evidence that this region represents the original bid item."
region_000686,A-351,Furnish & Install Wall Finishes Per Finish Schedule And Elevations,XW6,DETAIL,NONE,WRONG,HIGH,"The highlighted region contains only a wall-type/section label (XW6) and underlying wall assembly details with structural elements. There is no explicit finish indication (e.g., wall covering material, finish schedule callouts, or elevations referencing finishes). The 'Furnish & Install Wall Finishes Per Finish Schedule And Elevations' bid item requires visible finish identification; this region does not provide such direct evidence. Therefore, the association is not Direct and should be considered WRONG."
region_000687,A-351,Furnish & Install Wall Finishes Per Finish Schedule And Elevations,XW6,DETAIL,NONE,WRONG,HIGH,"The highlighted region is a wall-section detail showing the wall assembly (studs, insulation, sheathing, gypsum board, vapor barrier). It does not contain or reference a wall finish or finish schedule entry (e.g., paint, wallpaper, or wall covering) that would directly identify the Bid Item: Furnish & Install Wall Finishes Per Finish Schedule And Elevations. A room label (LIVING) and general wall-section content do not provide a direct association to the finish item per the required criteria."
region_000688,A-351,Furnish & Install Wall Finishes Per Finish Schedule And Elevations,FG5.1,FINISH_TAG,DIRECT,RIGHT,HIGH,"The highlighted region visibly contains the finish tag FG5.1 directly adjacent to the wall finish area in the wall-section detail. This tag is intended to point to the Finish Schedule and thus directly identifies the wall finish work referenced by the bid item. It is not a room label, grid reference, or generic note, and OCR alone is not driving the decision—the image shows the direct finish-tag evidence linking to the bid item."
region_000689,A-351,Furnish & Install Vinyl Clad Windows,FW22,EQUIPMENT_TAG,NONE,WRONG,HIGH,"Direct evidence connecting the region to the bid item is absent. The region contains a component tag (FW22) on a structural/ partition element, not a window element or finish callout. Without a window-specific tag, symbol, or window schedule reference, the region does not directly identify or reference vinyl windows. Relying on same-trade or OCR alone would be indirect and not acceptable per the audit rules."
region_000690,A-351,Furnish & Install Vinyl Clad Windows,FW22,FINISH_TAG,NONE,WRONG,HIGH,Direct association requires explicit evidence that the region identifies or references the bid item (vinyl clad windows). The visible content is a simple tag 'FW22' with wall detail and no window depiction or window-specific annotation. An OCR entry or a generic finish tag does not prove that this region corresponds to the vinyl window bid item per the audit rules.
region_000691,A-351,Furnish & Install Vinyl Clad Windows,FW22,DETAIL,NONE,WRONG,MEDIUM,"The highlighted region shows a window-related callout (FW22) within a wall section, but it does not directly identify or reference the original bid item 'Furnish & Install Vinyl Clad Windows' nor show a window finish/specification. Without explicit window type/finish labeling or schedule entry in this region, there is no direct evidence linking it to the bid item."
region_000692,A-351,Furnish & Install Vinyl Clad Windows,FW22,DETAIL,NONE,WRONG,HIGH,"The highlighted region shows a generic wall-section detail (vertical wall assembly) with structural/finish elements and detail callouts. There is no explicit label, symbol, or finish schedule entry in this region identifying 'Vinyl Clad Windows' or 'Vinyl Windows'. No window opening, window type, or window finish reference is visible that directly ties to the Bid Item. The window-related bid item would require a direct reference to vinyl windows (e.g., 'Vinyl Windows', window schedule, or a window detail label) within this region, which is not present. Therefore, the region does not directly represent the original bid item."
region_000693,A-351,Furnish & Install Vinyl Clad Windows,FW22,EQUIPMENT_TAG,NONE,WRONG,HIGH,"The highlighted region contains the tag 'FW22', which in the context of the wall section is a fire wall/feature label. There is no window reference, window tag, or finish callout that directly identifies or references the bid item 'Furnish & Install Vinyl Clad Windows' (Vinyl Windows). The region does not visually indicate a window or a finish/work item assigned to vinyl windows, and the OCR alone does not establish a direct association. Therefore, the region does not provide direct evidence for the original bid item."
region_000694,A-351,Furnish & Install Vinyl Clad Windows,FW22,EQUIPMENT_TAG,DIRECT,RIGHT,HIGH,"FW22 is a window/fenestration callout visible within the window area of the wall-section. This is a direct reference to a specific window item (likely a vinyl-clad window in the fenestration schedule). It is not merely a generic note or indirect relation; the region itself labels the window unit being furnished/installed, which aligns with Bid Item: Furnish & Install Vinyl Clad Windows."
region_000695,A-351,Furnish & Install Vinyl Clad Windows,FW22,DETAIL,NONE,WRONG,HIGH,"The highlighted region is a wall-section detail that shows a window opening element, but it does not contain explicit evidence identifying the work as 'Furnish & Install Vinyl Clad Windows'. There is no window type label, material indication, or schedule entry directly associating this region with the bid item. OCR hints (FW22) do not supersede the need for direct visual evidence. Therefore, NO DIRECT association to the bid item is demonstrated."
region_000696,A-351,Furnish & Install Vinyl Clad Windows,FW22,EQUIPMENT_TAG,DIRECT,RIGHT,HIGH,"FW22 directly identifies a window unit in the region, not a general or related item. The region clearly depicts a window opening and the FW22 tag, which is an explicit reference to the window work described in the bid item."
region_000697,A-351,Furnish & Install Brick Veneer System,FB2,FINISH_TAG,INDIRECT,WRONG,MEDIUM,"The highlighted region contains only a finish tag (FB2) with no explicit indication of Brick Veneer or its installation details. A direct association would require visible labeling, symbols, or notes that expressly identify Brick Veneer System (e.g., “Brick Veneer,” veneer anchors, or a specific veneer assembly detail). The absence of such direct evidence means the region does not directly represent the original bid item, though it may relate to finishes in a broader sense. No assumptions beyond what is visible are made."
region_000698,A-351,Furnish & Install Brick Veneer System,FB2,FINISH_TAG,DIRECT,RIGHT,HIGH,"The red-audit region contains the finish tag FB2 embedded in a wall-section drawing that is explicitly labeled as brick veneer. This provides direct evidence that the region identifies the veneer finish assigned to the bid-item scope (Furnish & Install Brick Veneer System). The region is not a generic or indirect reference (e.g., same trade or related component); it directly labels the finish for the brick veneer in the corresponding wall-section. "
region_000699,A-351,Furnish & Install Brick Veneer System,FB2,FINISH_TAG,DIRECT,RIGHT,HIGH,"FB2 is a finish tag visible on the wall section. The tag is used to label the finish type (brick veneer) for that exterior wall region, providing a direct indication of the bid-item work rather than a generic or indirect reference. The evidence is an explicit finish label, not an inferred or unrelated item."
region_000700,A-351,Furnish & Install Brick Veneer System,BR1,FINISH_TAG,DIRECT,RIGHT,HIGH,"The highlighted region shows the BR1 tag on a section of the brick veneer wall assembly. BR1 corresponds to a Brick veneer wall assembly in the project legend (G-501), which explicitly defines brick veneer as the finish/work. The region therefore directly identifies the brick veneer system rather than merely implying a related trade or adjacent work. This is not inferred from OCR alone; the visual tag BR1 and its placement on the brick veneer assembly provide direct evidence for the bid item."
region_000701,A-351,Furnish & Install Brick Veneer System,BR1,MATERIAL_TAG,DIRECT,RIGHT,HIGH,"BR1 is a dedicated material tag placed on the wall-section detail and, per the legend, identifies the brick veneer assembly (brick veneer with air gap and backup wall). This directly ties the highlighted region to the Brick Veneer bid item, with no need to infer beyond the visible tag and legend reference."
region_000702,A-351,Furnish & Install Brick Veneer System,FB2,FINISH_TAG,DIRECT,RIGHT,HIGH,"The highlighted region visibly contains the finish tag FB2 on a wall-section detail that is dedicated to brick veneer construction. The region therefore directly identifies the veneer finish that matches the Bid Item: Furnish & Install Brick Veneer System (Brick Veneer). The surrounding sheet context (Wall Sections) and the placement adjacent to the veneer portion provide direct evidence, not an indirect or assumed association."
region_000703,A-351,Furnish & Install Brick Veneer System,FB2,FINISH_TAG,NONE,WRONG,HIGH,"The highlighted region contains only the finish tag 'FB2' and does not explicitly identify or reference Brick Veneer, nor show any installation indication. A finish tag requires cross-reference to a finish schedule to prove association. Without such direct evidence on this region, there is no direct linkage to the Bid Item 'Furnish & Install Brick Veneer System'."
region_000704,A-351,Furnish & Install Brick Veneer System,BR1,DETAIL,DIRECT,RIGHT,HIGH,"The region contains a BR1 label directly associated with brick veneer in a wall-section context; the visual evidence is a veneer assembly in cross-section, not just a related or generic note."
region_000705,A-351,Furnish & Install Brick Veneer System,FB1,FINISH_TAG,DIRECT,RIGHT,HIGH,"1) The highlighted region shows a circular callout labeled FB1 adjacent to a wall veneer context. 2) FB1 is a finish tag, which in this drawing set is used to denote the finish material for the veneer layer. 3) The original bid item is Furnish & Install Brick Veneer System; a finish tag specifically identifying the brick veneer finish constitutes direct evidence of the bid item being represented in this region. 4) No need to rely on indirect cues or OCR; the visible finish tag itself provides direct association."
region_000706,A-351,Furnish & Install Brick Veneer System,FB1,DETAIL,NONE,WRONG,HIGH,"The highlighted region contains only a detail callout label (FB1) and a portion of a wall section. There is no visible evidence (finish labels, material callouts, or explicit brick/veneer detail) that directly identifies or references the Furnish & Install Brick Veneer System. OCR may show FB1, but the image evidence does not establish a direct association to the brick veneer bid item; it would be an indirect or unrelated reference if any."
region_000707,A-351,Furnish & Install Brick Veneer System,FB1,DETAIL,NONE,WRONG,HIGH,"The highlighted region contains labels/notes (FB1 and D3 A-602) within a wall-section detail near the roof eave. There is no visible brick veneer finish, brick masonry, or a brick veneer assembly depicted in this specific region. The region shows structural wall components, roof overhang, and related details, not the brick veneer system referenced by the Bid Item (Furnish & Install Brick Veneer System) or its associated exterior cladding details. Therefore, there is no direct evidence linking this exact region to the original bid item; any association would be indirect at best, which is not acceptable per the audit rules."
region_000708,A-351,Furnish & Install Brick Veneer System,FB1,FINISH_TAG,DIRECT,RIGHT,HIGH,"FB1 is a finish tag visible on the wall-section indicating the brick veneer finish at that location. The region shows the exterior wall finish with the tag applied, providing direct evidence of brick veneer as the finish for this bid item rather than relying on general notes or related but non-specific items."
region_000709,A-351,Furnish & Install Brick Veneer System,BR1,DETAIL,DIRECT,RIGHT,HIGH,"The region contains a brick veneer region callout (BR1) that directly points to the brick veneer portion of the wall section. The sheet context and legend confirm the region corresponds to the brick veneer system (fitting the Bid Item: Furnish & Install Brick Veneer System). There is direct, explicit linkage via the BR1 callout to brick veneer content, not merely an indirect relation."
region_000710,A-351,Furnish & Install Brick Veneer System,FB1,DETAIL,INDIRECT,WRONG,MEDIUM,"The region contains a detail-callout symbol (FB1) rather than explicit finish/work identification for brick veneer. It does not visually identify the brick veneer system or its installation; at best it references another detail. Therefore, there is no direct evidence that this region independently represents the original bid item (Furnish & Install Brick Veneer System)."
region_000711,A-351,Furnish & Install Brick Veneer System,FB1,FINISH_TAG,NONE,WRONG,MEDIUM,"The highlighted region contains a finish tag 'FB1' but provides no direct identification of brick veneer work. There is no explicit label, finish description, or detailing within this region that ties it unambiguously to the bid item 'Furnish & Install Brick Veneer System.'"
region_000712,A-351,"Furnish & Install Gutters, Downspouts, and Associated Accessories",RW4,GRID_REFERENCE,NONE,WRONG,HIGH,"The highlighted region shows the grid reference 'RW4' and does not contain any explicit indication of gutter/downspout work, finishes, schedules, or detail entries directly associated with the bid item. Per the required criteria, a grid reference is not a bid-item indicator and provides no direct drawing evidence for Furnish & Install Gutters, Downspouts, and Associated Accessories."
region_000713,A-351,"Furnish & Install Gutters, Downspouts, and Associated Accessories",RW4,DETAIL,NONE,WRONG,HIGH,"The highlighted region appears to be a roof-wall detail (A-351 Wall Sections) with RW4 marker. There is no visible gutter or downspout depiction, no annotation or symbol directly identifying gutters, downspouts, or related accessories. The bid item is Furnish & Install Gutters, Downspouts, and Associated Accessories, which requires direct depiction/labeling of that work in the region. Since the region does not provide direct evidence of gutters or downspouts, the association is not valid."
region_000714,A-351,"Furnish & Install Gutters, Downspouts, and Associated Accessories",RW4,DETAIL,NONE,WRONG,HIGH,"The highlighted region displays a roof-edge detail (eave) with structural members and fascia, but there is no explicit gutter, downspout, or accessory shown or labeled. The bid item is Furnish & Install Gutters, Downspouts, and Associated Accessories, which requires direct evidence of gutters/downspouts on the region. Since the region does not visibly identify or depict that work, there is no direct association to the bid item."
region_000715,A-351,"Furnish & Install Gutters, Downspouts, and Associated Accessories","DOWNSPOUT, SEE CIVIL & LANDSCAPE",DETAIL,DIRECT,RIGHT,HIGH,"The region explicitly labels a downspout and includes a detail callout (C4 A-521), directly representing a component within the bid item scope (Furnish & Install Gutters, Downspouts, and Associated Accessories). No indirect reasoning required."
region_000716,A-351,"Furnish & Install Gutters, Downspouts, and Associated Accessories",RW4,DETAIL,NONE,WRONG,HIGH,"The highlighted region visually depicts a roof-edge detail within a wall-section (RW4) and does not show or label gutters, downspouts, or any associated accessories. There is no explicit indication that this region references the bid item “Furnish & Install Gutters, Downspouts, and Associated Accessories.” By the audit rules, this constitutes no direct evidence for the bid item, and any association would be indirect at best, which is insufficient for a RIGHT decision."
region_000717,A-351,Furnish & Install Self-Adhered and Flexible Flashing Membrane,SELF ADHERED FLASHING MEMBRANE,MATERIAL_TAG,NONE,WRONG,HIGH,"The highlighted region is a membrane legend entry reading 'SELF ADHERED FLASHING MEMBRANE'. It is part of a legend on the General Notes page and does not itself identify the actual work to be performed (furnish & install) or the full scope (includes Flexible) of the bid item. There is no direct reference to the bid item as a task/location detail; at best it is a material type listed in a legend, which constitutes an indirect or no association rather than a direct one."
region_000718,A-351,Furnish & Install Continuous Flexible Silicone Membrane Flashing,CONTINUOUS FLEXIBLE SILICONE MEMBRANE FLASHING,SPECIFICATION_TEXT,NONE,WRONG,HIGH,"The highlighted region is part of a legend (Membrane Legend) listing types of membrane flashing. While the OCR text matches the bid item wording, the region does not directly identify a concrete work location, assembly, or finish tied to a specific region in the drawing. The Legend is a specification/notation aid, not a direct depiction or callout of the furnishing/installation work for this bid item. Per the rules, specification text in this context does not constitute direct evidence of the bid item for this specific region. Therefore, no direct association is established."
region_000719,A-351,Furnish & Install Self-Adhered Single-Ply Roofing Membrane,SELF-ADHERED SINGLE-PLY ROOFING MEMBRANE,MATERIAL_TAG,DIRECT,RIGHT,HIGH,"The highlighted region visibly includes the exact material designation 'SELF-ADHERED SINGLE-PLY ROOFING MEMBRANE' within the Membrane Legend on this sheet. This is a material-label evidence directly identifying the work/material of the bid item (Furnish & Install Self-Adhered Single-Ply Roofing Membrane) rather than a general note, room label, or indirect association. The evidence is explicit and not inferred from OCR alone."
region_000720,A-351,Furnish & Install High Temperature Roof Underlayment,"ROOF UNDERLAYMENT, HIGH TEMP",MATERIAL_TAG,DIRECT,RIGHT,HIGH,"The highlighted area shows a membrane legend entry with the exact material descriptor 'ROOF UNDERLAYMENT, HIGH TEMP'. This directly identifies the material/work referenced by the bid item (high temperature roof underlayment) rather than merely indicating related or adjacent work. There is no need to infer from same-trade or general notes; the label itself is a direct reference to the bid item. Evidence is visible on the membrane legend on Sheet A-351. "
region_000721,A-351,Furnish & Install Self-Adhered Foil-Faced Membrane,SELF ADHERED FOIL-FACED MEMBRANE,MATERIAL_TAG,DIRECT,RIGHT,HIGH,"The highlighted region clearly shows the Membrane Legend with an explicit item labeled “SELF ADHERED FOIL-FACED MEMBRANE.” This is a direct identification of the material/work category listed in the Bid Item (Furnish & Install Self-Adhered Foil-Faced Membrane). The region is not a room label, general note, or unrelated specification text; it directly labels the membrane type that the bid item concerns. Therefore, the evidence is direct and unambiguous, supporting a RIGHT decision with HIGH confidence."
region_000722,A-351,Furnish & Install Ice And Water Shield Membrane,ICE & WATER SHIELD,SPECIFICATION_TEXT,DIRECT,RIGHT,HIGH,"Region content exactly 'ICE & WATER SHIELD' appears in the Membrane Legend, which directly identifies the membrane material to be used. It is a direct material label (not a room label, grid, or general note) and corresponds to the bid item without requiring interpretation. No assumption needed."
region_000723,A-351,Furnish & Install Weather Resistant Barrier (WRB),WEATHER RESISTANT BARRIER (WRB),SPECIFICATION_TEXT,DIRECT,RIGHT,HIGH,The highlighted region contains the text 'WEATHER RESISTANT BARRIER (WRB)' within the Membrane Legend (a legend detailing membrane types). This is a direct label of the material (WRB) and matches the original bid item 'Furnish & Install Weather Resistant Barrier (WRB)'. It is not a generic note or unrelated text; it explicitly identifies the bid-item material and its labeling in the drawing. No reliance on indirect reasoning is needed.
region_000724,A-351,Furnish & Install Vapor Control Layer (VCL) And Smart Vapor Retarder,VAPOR CONTROL LAYER (VCL),FINISH_TAG,DIRECT,RIGHT,HIGH,"The highlighted region visibly contains the exact label 'VAPOR CONTROL LAYER (VCL)' within the Membrane Legend, which directly identifies the finish/work referenced by the bid item. It is not a generic note or indirect reference; it explicitly designates the vapor control layer as the item."
region_000725,A-351,Furnish & Install Vapor Control Layer (VCL) And Smart Vapor Retarder,SMART VAPOR RETARDER,SPECIFICATION_TEXT,DIRECT,RIGHT,HIGH,"The region content is a legend entry that exactly labels the Smart Vapor Retarder, a component specified in the bid item. This is a direct identification of the material/work (not an indirect cue like trade, room, or related notes). The evidence is unambiguous in the image: the legend lists 'SMART VAPOR RETARDER' as a distinct item, which directly aligns with the bid item. OCR hints are not required for this conclusion; the visual label itself provides the direct link."
region_000726,A-351,Furnish & Install Below Slab Vapor Barrier,"VAPOR BARRIER, BELOW SLAB",SPECIFICATION_TEXT,DIRECT,RIGHT,HIGH,"The highlighted region contains the exact phrase “VAPOR BARRIER, BELOW SLAB” as a legend entry on sheet A-351. This text directly names the barrier below the slab, which matches the bid item wording “Furnish & Install Below Slab Vapor Barrier.” The region therefore explicitly identifies the work type (vapor barrier below slab) rather than a generic note or an indirect cue, satisfying direct association with the bid item. OCR may confirm the text, but the visual evidence (legend entry) provides the direct link."
region_000727,A-351,Furnish & Install Below Grade Dampproofing,BELOW GRADE DAMPPROOFING,MATERIAL_TAG,DIRECT,RIGHT,HIGH,The highlighted region contains the exact material name 'BELOW GRADE DAMPPROOFING' in the MEMBRANE LEGEND. This is a direct label of the material/work and corresponds identically to the bid item 'Furnish & Install Below Grade Dampproofing'. No inference or indirect reasoning is required.
region_000728,A-351,Furnish & Install Fluid-Applied Waterproofing,FLUID-APPLIED WATERPROOFING,FINISH_TAG,NONE,WRONG,HIGH,"The highlighted region appears to be a legend/finish label reading 'FLUID-APPLIED WATERPROOFING' rather than a region that directly identifies, locates, or references the actual below-grade waterproofing work. Specification text or legend entries are not direct evidence of the bid item in a specific drawing region, per the required direct association criteria."
region_000729,A-351,Furnish & Install Corner Guards,CG1.11,DETAIL,DIRECT,RIGHT,HIGH,"The highlighted region contains the label CG1.11, which is a detail callout referencing a corner guard. This is a direct drawing evidence of the specific bid item (Furnish & Install Corner Guards). The region shows the corner area where such guards would be installed and the CG1.11 tag directly ties to the corner guard detail, not merely related finish or same-trade work. No assumption or OCR-only inference used."
region_000730,A-351,Furnish & Install Corner Guards,CG1.11,EQUIPMENT_TAG,DIRECT,RIGHT,HIGH,"CG1.11 is a explicit corner guard callout/tag in the drawing region, directly tying to the bid item 'Furnish & Install Corner Guards' rather than merely implying related work. The evidence is visual (the CG1.11 tag) and not inferred from OCR or adjacent trades."
region_000731,A-351,Furnish & Install Corner Guards,CG1.11,DETAIL,DIRECT,RIGHT,HIGH,"The tightly-cropped region shows a CG1.11 callout adjacent to a wall corner, which is a direct identifier for a corner-guard detail. The original bid item is 'Furnish & Install Corner Guards,' and the region’s labeling is a direct reference to a corner-guard detail/work item rather than a generic finish or unrelated label. The evidence is visual (the CG1.11 callout) rather than inferred from OCR or adjacent trades."
region_000732,A-351,Furnish & Install Corner Guards,CG1.11,DETAIL,DIRECT,RIGHT,HIGH,"The highlighted region shows aCG1.11 detail callout placed at a wall corner in the A-351 Wall Sections. The label CG1.11 directly denotes a corner guard detail, which is the explicit work item in the bid: Furnish & Install Corner Guards. This is a direct representation (the region itself visibly identifies the specific corner guard detail and its location) rather than an indirect or informational note. No assumption beyond the visible CG1.11 designation is needed."
region_000733,A-351,Furnish & Install Corner Guards,CG1.11,EQUIPMENT_TAG,DIRECT,RIGHT,HIGH,"CG1.11 is a specific corner-guard equipment tag/callout visible on the region. This is a direct reference to the corner guard work item rather than an indirect or incidental connection (e.g., same trade or general finish). The evidence is explicit in the drawing region itself, not inferred from other data."
region_000734,A-351,Furnish & Install Corner Guards,CG1.11,EQUIPMENT_TAG,DIRECT,RIGHT,HIGH,"The highlighted area contains the explicit corner-guard tag CG1.11, which directly identifies the work to furnish & install corner guards. The tag is placed in the wall-section region where a corner guard would be installed, providing a direct reference to the bid item rather than an indirect association (e.g., room name, trade, or unrelated text)."
region_000735,A-351,Furnish & Install Corner Guards,CG1.11,DETAIL,DIRECT,RIGHT,HIGH,"CG1.11 is visible in the highlighted region as a detail/callout label specific to Corner Guards. This is not a generic finish or room label; it is a direct reference to the corner-guard work and is located on the wall-section sheet (A-351) where such details are typically depicted. The whole-sheet locator confirms the region corresponds to the corner-guard detail area, and the OCR text CG1.11 corroborates the intent. Therefore, there is a direct, unambiguous association with the bid item."
region_000736,A-351,Furnish & Install Corner Guards,CG1.11,DETAIL,DIRECT,RIGHT,HIGH,"The highlighted region contains the exact corner-guard detail identifier (CG1.11) and appears as a dedicated corner-guard detail within the wall sections. This is a direct reference to the corner guard work, not just related or similar trade work. No inference from OCR or indirect cues is required."
region_000737,A-351,Furnish & Install Corner Guards,CG1.11,DETAIL,DIRECT,RIGHT,HIGH,"The highlighted region shows the label CG1.11, a detail callout that represents a corner guard element in the wall section. This is a direct identifier for the corner guard work on the bid item (Furnish & Install Corner Guards), not merely related by category or trade. The region itself functions as a direct drawing reference to the corner guard detail, not an indirect association."
region_000738,A-351,Furnish & Install Corner Guards,CG1.11,DETAIL,DIRECT,RIGHT,HIGH,The region shows a detail label CG1.11 within a wall-section context. CG1.11 directly identifies the specific corner guard detail referenced in the bid item (Corner Guards). No indirect or ambiguous evidence present; the evidence is a direct callout to a corner guard detail.
region_000739,A-351,Furnish & Install Corner Guards,CG1.11,DETAIL,DIRECT,RIGHT,HIGH,"CG1.11 is a direct detail reference for a corner guard, matching the bid item 'Furnish & Install Corner Guards'. The region’s label is a specific corner-guard detail callout, not an indirect or generic indication."
region_000740,A-351,Furnish & Install Corner Guards,CG1.11,EQUIPMENT_TAG,DIRECT,RIGHT,HIGH,"The highlighted region contains the CG1.11 equipment tag, a direct identifier of the corner guard item. This tag explicitly references the corner guard work and is not inferred from related trades or general notes; it directly ties to the original bid item."
region_000741,A-421,Furnish & Install Gypsum Board Type GB-1,LIVING A GB-1 P-1 RB-1 C-1 180 SF,FINISH_TAG,DIRECT,RIGHT,HIGH,"The highlighted region visibly shows a finish-tag cluster for the Living A area that includes GB-1, which directly corresponds to the bid item 'Furnish & Install Gypsum Board Type GB-1'. The presence of the GB-1 tag (Gypsum Board) and the stated area (180 SF) provide a direct reference to the bid item and its scope in this region."
region_000742,A-421,Furnish & Install Gypsum Board Type GB-1,BEDROOM G GB-1 P-1 CB-1 C-1 128 SF,FINISH_TAG,DIRECT,RIGHT,HIGH,"The highlighted region visibly includes the finish tag GB-1 in the room label block for Bedroom G, along with related finish identifiers (P-1, CB-1, C-1) and an area (128 SF). GB-1 is the exact bid item code for Gypsum Board Type GB-1, matching the requirement to directly identify the bid item. This is not merely a room label or indirect reference; the GB-1 tag itself is a direct finish reference tied to the bid item."
region_000743,A-421,Furnish & Install Gypsum Board Type GB-1,PRIMARY BEDROOM F GB-1 P-1 CB-1 C-1 141 SF,FINISH_TAG,DIRECT,RIGHT,HIGH,"The highlighted region visibly contains the finish code GB-1 within a finish tag for the PRIMARY BEDROOM, which directly identifies the gypsum board type referenced by the bid item. There is no need for interpretive or indirect reasoning."
region_000744,A-421,Furnish & Install Gypsum Board Type GB-1,KITCHEN B GB-1 P-1 RB-1/RB-2 LVT-1 132 SF,FINISH_TAG,DIRECT,RIGHT,HIGH,"The region shows a finish code GB-1 (Gypsum Board) in the Kitchen finish cell, along with related finish codes (P-1, RB-1/RB-2, LVT-1) and the area (132 SF). This is a direct indication of the gypsum board work for that space, matching the Bid Item Furnish & Install Gypsum Board Type GB-1. It is not merely a room label or a general note; it explicitly identifies the material to be installed in this region."
region_000745,A-421,Furnish & Install Gypsum Board Type GB-1,LAUNDRY E GB-1 P-1 TB-1 T-2 59 SF,SCHEDULE,DIRECT,RIGHT,HIGH,The region content explicitly shows Laundry E and Gypsum Board Type GB-1 as a finish item with the area (59 SF). This is a direct reference to the bid item 'Furnish & Install Gypsum Board Type GB-1' rather than a general or indirect association.
region_000746,A-421,Furnish & Install Gypsum Board Type GB-1,HALL H GB-1 P-1 RB-1 LVT-1 71 SF,FINISH_TAG,DIRECT,RIGHT,HIGH,GB-1 is present as a finish tag within the region and is paired with the hall area and a quantified area (71 SF); this constitutes direct identification of the bid item 'Furnish & Install Gypsum Board Type GB-1'. No indirect reasoning or cross-reference is required.
region_000747,A-421,Furnish & Install Gypsum Board Type GB-1,MECH M GB-1 P-1 RB-1 EF-1 34 SF,FINISH_TAG,DIRECT,RIGHT,HIGH,"The highlighted region visibly shows a finish tag listing GB-1 (Gypsum Board Type GB-1) with a mechanical area designation and area quantity. This is direct evidence of the Bid Item Furnish & Install Gypsum Board Type GB-1, not merely an indirect association."
region_000748,A-421,Furnish & Install Gypsum Board Type GB-1,CLOSET C GB-1 P-1 RB-1 LVT-1 9 SF,SCHEDULE,DIRECT,RIGHT,HIGH,"The highlighted region shows a finish-schedule style line for Closet C that includes GB-1 explicitly. GB-1 is the exact gypsum board type from the Bid Item (Furnish & Install Gypsum Board Type GB-1). This region directly identifies the material/work (gypsum board) and the specific type (GB-1) rather than merely implying a related finish. It is not a generic room label or a grid reference; it is a schedule entry that assigns the bid item code (GB-1) to Closet C, with additional finishes (P-1, RB-1, LVT-1, 9 SF) that support the schedule context. Therefore the association is direct and correct."
region_000749,A-421,Furnish & Install Gypsum Board Type GB-2,BATH D GB-2 EP-1 TB-1 T-2 49 SF,FINISH_TAG,DIRECT,RIGHT,HIGH,"The highlighted region visibly shows GB-2 designated for a bath area (Bath D) with a measured area (49 SF). This directly identifies the gypsum board type GB-2 as the required bid item and provides explicit evidence of the work and material to be furnished and installed, not merely related or inferred from other data."
region_000750,A-421,Furnish & Install Tile Backer Board And Moisture Resistant Gypsum Board In Wet Areas,"C. WHERE THE FINISH SCHEDULE OR INTERIOR ELEVATIONS CALL FOR TILE, REPLACE GYPSUM BOARD SHOWN IN THE WALL'S ASSEMBLY WITH TILE BACKER BOARD WHERE TILE OCCURS. REPLACE OTHER GYPSUM BOARD SHOWN IN THAT WALL'S ASSEMBLY WITH MOISTURE RESISTANT GYPSUM BOARD WHERE NO TILE OCCURS.",GENERAL_NOTE,DIRECT,RIGHT,HIGH,"The highlighted region is a GENERAL NOTE that explicitly instructs to use tile backer board where tile occurs and moisture resistant gypsum board where tile does not occur. These are exactly the materials described in the original bid item, providing a direct association between the region and the bid item."
region_000751,A-421,Furnish & Install Wall Framing Continuous To Deck And As Per General Notes,G. ALL SOFFIT DIMENSIONS ARE TO FACE OF FINISH MATERIAL.,GENERAL_NOTE,NONE,WRONG,HIGH,"The highlighted region contains a General Note about soffit dimensions and finish material, not a direct reference to the bid item. It does not identify, label, locate, or explicitly reference the original bid item (Furnish & Install Wall Framing Continuous To Deck). There is no direct evidence connecting this region to wall framing; any link would be indirect and not sufficient for a RIGHT association."
region_000752,A-421,Furnish & Install Wall Framing Continuous To Deck And As Per General Notes,"I. FOR TYPICAL CEILING AND SEISMIC BRACING DETAILS, REFER TO A700s SHEET SERIES.",GENERAL_NOTE,NONE,WRONG,HIGH,"1) The region is a GENERAL NOTES block labeled 'GENERAL NOTES - ENLARGED FLOOR PLANS' with bullet-type content about ceiling heights and related notes, not a component that directly names or details wall framing or metal framing. 2) There is no explicit text, label, schedule, or detail that identifiably corresponds to the Bid Item 'Furnish & Install Wall Framing Continuous To Deck And As Per General Notes' (Metal Framing). 3) Without relying on OCR hints, the visual evidence does not show a direct association to the bid item; the content is generic notes applicable to multiple aspects of the plan set. 4) Therefore, the region does not provide DIRECT evidence linking it to the bid item; the correct classification is NONE, and the overall decision is WRONG. "
region_000753,A-421,Furnish & Install Wall Framing Continuous To Deck And As Per General Notes,A. ALL NEW WALL ASSEMBLIES ARE CONTINUOUS TO BOTTOM OF DECK UNLESS NOTED OTHERWISE.,GENERAL_NOTE,DIRECT,RIGHT,HIGH,"The region contains a general note explicitly describing the performance requirement for wall assemblies (continuous to the bottom of the deck). This directly matches the bid item scope (Furnish & Install Wall Framing Continuous To Deck), not merely an indirect or related concept."
region_000754,A-421,Furnish & Install Wood Blocking and Backing,D. PROVIDE REQUIRED BLOCKING AND SUPPORT FOR CEILING FANS AND ALL OTHER CEILING MOUNTED FIXTURES.,GENERAL_NOTE,NONE,WRONG,HIGH,"The region shows a general blocking requirement for ceiling fixtures but does not explicitly identify or reference the original bid item 'Furnish & Install Wood Blocking and Backing' (no 'wood' or 'backing' specified). Therefore there is no direct evidence tying this region to the bid item; at best it is an indirect/similar concept, not a direct association."
region_000755,A-421,Furnish & Install Wood Blocking and Backing,"D. PROVIDE BACKING / SUPPORT FOR ALL MOUNTED FIXTURES, EQUIPMENT, CASEWORK, AND/OR SYSTEMS FURNITURE. COORDINATE WITH FLOOR PLANS, AND INTERIOR ELEVATIONS PRIOR TO THE COVERING OF STUD FRAMING. REFER TO MANUFACTURER'S RECOMMENDATIONS WHERE APPLICABLE, OTHERWISE REFER TO DETAILS ON A700s SHEET SERIES.",GENERAL_NOTE,INDIRECT,WRONG,HIGH,"The region is a general note about backing for fixtures/equipment and does not directly identify or label the bid item (Furnish & Install Wood Blocking and Backing). It does not explicitly reference 'wood blocking' or an associated detail/schedule that maps unambiguously to the bid item. Therefore, it does not meet the DIRECT association requirement; the link is only indirect."
region_000756,A-421,Furnish & Install Wood Blocking and Backing,"D. PROVIDE BACKING / SUPPORT FOR ALL MOUNTED FIXTURES, EQUIPMENT, CASEWORK, AND/OR SYSTEMS FURNITURE. COORDINATE WITH FLOOR PLANS, AND INTERIOR ELEVATIONS PRIOR TO THE COVERING OF STUD FRAMING. REFER TO MANUFACTURER'S RECOMMENDATIONS WHERE APPLICABLE, OTHERWISE REFER TO DETAILS ON A700s SHEET SERIES.",GENERAL_NOTE,INDIRECT,WRONG,MEDIUM,"The region explicitly mentions BACKING as a requirement, which relates to part of the bid item, but it does not explicitly identify 'Wood Blocking' nor link to a specific location, finish, or detail that would prove a direct association to the ORIGINAL BID ITEM as furnished. It is a general note rather than a direct depiction of the wood blocking/work."
region_000757,A-421,Furnish & Install Insulation Accessories (Baffles And Box Outs),F. LIGHT FIXTURES IN CEILINGS TO RECEIVE BATT INSULATION ON TOP SHALL HAVE A BOX OUT TO PROTECT THE INSULATION FROM THE HEAT OF THE LIGHT SOURCE.,GENERAL_NOTE,DIRECT,RIGHT,HIGH,"The region text directly mentions a box out (insulation accessory) in the context of ceiling lighting and insulation, which is a direct reference to the bid item’s scope (Box Outs as part of Insulation Accessories). The note uses the exact term 'BOX OUT' and ties it to insulation, aligning specifically with the bid item components rather than merely implying a related trade. "
region_000758,A-421,"Furnish & Install Gutters, Downspouts, and Associated Accessories",DS,PLAN_GEOMETRY,NONE,WRONG,HIGH,"The highlighted region shows an interior bathroom layout with plumbing fixtures, not any gutter or downspout work. There is no direct indication (label, symbol, or detail) that ties this region to the bid item 'Furnish & Install Gutters, Downspouts, and Associated Accessories'. OCR text is not considered decisive evidence, and the region does not explicitly reference the bid item."
region_000759,A-421,"Furnish & Install Gutters, Downspouts, and Associated Accessories",DS,EQUIPMENT_TAG,DIRECT,RIGHT,HIGH,"The region visibly contains the DS equipment tag, and the legend explicitly defines DS as DOWNSPOUT. This is a direct label for a component of the bid item (gutters, downspouts, and associated accessories) and not merely an indirect reference (same trade, similar scope, or a related but non-identifying note). The evidence is textual/graphic within the region and tied to the specific downspout work on the exterior, satisfying the 'direct association' criterion."
region_000760,A-421,"Furnish & Install Expansion Joint Systems, Fillers, and Sealants",H. SEE G SERIES SHEETS FOR EXPANSION JOINT SCHEDULE.,GENERAL_NOTE,DIRECT,RIGHT,HIGH,"The highlighted region contains the explicit General Note line 'SEE G SERIES SHEETS FOR EXPANSION JOINT SCHEDULE.' This directly references the expansion joint schedule on another sheet, which is the specific scope related to the Bid Item 'Furnish & Install Expansion Joint Systems, Fillers, and Sealants' (Expansion Joint Sealants). Although it does not show the physical work itself, it directly points to the schedule that defines the expansion joint requirements, fulfilling a direct association rather than a mere indirect or speculative link."
region_000761,A-421,Furnish & Install Coordination For Reversed Door Handings In Mirrored Units,SOME UNITS MAY BE MIRRORED IN OVERALL PLANS OR UNIT SCHEDULE. DOOR HANDINGS AND LOCKSETS WILL BE REVERSED.,GENERAL_NOTE,INDIRECT,WRONG,MEDIUM,"The highlighted text is a general note about potential unit mirroring and reversed door handings. It does not label, identify, or explicitly reference the specific bid item work (Furnish & Install Coordination For Reversed Door Handings In Mirrored Units) as a task or detail. Although it mentions reversed handings, it is not a direct coordinate/install instruction or schedule entry for the bid item, so the association is indirect rather than direct."
region_000762,A-421,Furnish & Install Coordination For Reversed Door Handings In Mirrored Units,"I. WHERE DOOR LOCATIONS ARE NOT DIMENSIONED, SEE DETAILS REFERENCED IN DOOR SCHEDULE BY SPECIFIC CONDITION. OTHERWISE, THE HINGE SIDE OF DOOR ROUGH OPENINGS SHALL BE LOCATED 4"" FROM THE ADJACENT PERPENDICULAR WALL, SUBJECT TO MAINTENANCE OF REQUIRED ADA CLEARANCES REFERENCED IN THE G700s SHEET SERIES.",GENERAL_NOTE,INDIRECT,WRONG,HIGH,"The region shown is a GENERAL NOTE about door locations and hinge-side offsets, referencing the door schedule and ADA clearances. It does not explicitly identify, label, or indicate any coordination task specific to reversed door handings in mirrored units. Therefore there is no direct evidence connecting this region to the bid item; any relevance is indirect at best."
region_000763,A-421,Furnish & Install Floor Tile,BATH D GB-2 EP-1 TB-1 T-2 49 SF,SCHEDULE,DIRECT,RIGHT,HIGH,"The highlighted region contains a Bath finish schedule entry that explicitly specifies floor tile (tile type T-2) and the area (49 SF). This is a direct reference to the tile work rather than a generic room label or an indirect note, satisfying the direct association criteria for the bid item."
region_000764,A-421,Furnish & Install Floor Tile,LAUNDRY E GB-1 P-1 TB-1 T-2 59 SF,SCHEDULE,DIRECT,RIGHT,HIGH,The highlighted region explicitly lists the Laundry space and assigns tile finish T-2 with a specific area (59 SF) in the Finish Floor Plan. This directly identifies floor tile work for that room and aligns with the bid item 'Furnish & Install Floor Tile'.
region_000765,A-421,Furnish & Install Tile Base,BATH D GB-2 EP-1 TB-1 T-2 49 SF,FINISH_TAG,DIRECT,RIGHT,HIGH,"The highlighted region explicitly lists TB-1 (Tile Base 1) within the BATH D finish block and provides an area (49 SF). The original bid item is Furnish & Install Tile Base, Ceramic & Porcelain Tile. TB-1 directly identifies the tile base finish to be installed in this region, satisfying a direct association rather than an indirect inference."
region_000766,A-421,Furnish & Install Tile Base,LAUNDRY E GB-1 P-1 TB-1 T-2 59 SF,FINISH_TAG,DIRECT,RIGHT,HIGH,"The highlighted region explicitly shows the finish tag TB-1 for the Laundry area, which is the tile-base finish. This provides direct evidence of tile-base work in the exact region. The bid item is Furnish & Install Tile Base, so TB-1 directly corresponds to the item rather than merely implying related work."
region_000767,A-421,Furnish & Install Tile Base,TB-1,FINISH_TAG,DIRECT,RIGHT,HIGH,"The highlighted region visibly shows the TB-1 finish tag, which is a direct reference to the tile-base finish work. In typical architectural drawings, TB-1 serves as the identifier for the tile base finish (tile base along walls). This is a direct indicator of the bid item (Furnish & Install Tile Base) and does not rely on inference from same-trade or surrounding context. The evidence is the actual tag visible in the region, not OCR alone or indirect reasoning."
region_000768,A-421,Furnish & Install Tile Base,TB-1,DETAIL,DIRECT,RIGHT,HIGH,"The highlighted region explicitly shows a detail identifier TB-1, which directly represents the tile-base installation detail referenced by the bid item. No indirect or OCR-based inference is used; the evidence is an explicit region tag for the tile-base work."
region_000769,A-421,Furnish & Install Tile Base,TB-1,FINISH_TAG,DIRECT,RIGHT,HIGH,TB-1 is a finish/tag callout that directly references the tile base work. It is not a generic or indirect label; it explicitly corresponds to the tile base bid item.
region_000770,A-421,Furnish & Install Tile Base,TB-1,FINISH_TAG,DIRECT,RIGHT,HIGH,"The highlighted region visibly contains a finish tag 'TB-1' placed at the base of the wall in the bathroom area. In architectural finish labeling, TB-1 denotes Tile Base. This directly identifies the bid item related to Tile Base (Furnish & Install Tile Base under Ceramic & Porcelain Tile) rather than merely implying related work. It is not a room label, grid reference, or a generic note; it is a tile-base finish tag that corresponds to the bid item."
region_000771,A-421,Furnish & Install Tile Base,TB-1,DETAIL,DIRECT,RIGHT,HIGH,"TB-1 is a detail callout tag explicitly naming the tile-base work. This is a finish/work identifier directly tied to tile base installation, not merely a room label, specification text, or indirect context. The evidence is visual (the TB-1 callout) and directly references the bid item rather than relying on deductions or OCR alone."
region_000772,A-421,Furnish & Install Rubber Base,RB-1,FINISH_TAG,NONE,WRONG,MEDIUM,"The region shows a finish tag 'RB-1' at the base area, which is a finish-tag notation. However, there is no direct evidence on this region itself that RB-1 equals 'Rubber Base' (no explicit material name or schedule item shown). Direct association would require visible text or a clearly labeled schedule entry tying RB-1 to the bid item. Without that, the evidence is insufficient for a direct association."
region_000773,A-421,Furnish & Install Rubber Base,RB-1,FINISH_TAG,DIRECT,RIGHT,HIGH,"The region visibly contains the RB-1 finish tag at the base line, which directly identifies the Rubber Base finish for the specified area. This is a direct reference to the bid item rather than an indirect or inferential cue."
region_000774,A-421,Furnish & Install Rubber Base,LIVING A GB-1 P-1 RB-1 C-1 180 SF,FINISH_TAG,DIRECT,RIGHT,HIGH,"The highlighted region visibly contains the finish tag RB-1 associated with the Living A area and an explicit area (180 SF). RB-1 is the rubber base finish tag, which directly ties to the bid item (Rubber Base). No inference or OCR-only reasoning required."
region_000775,A-421,Furnish & Install Rubber Base,KITCHEN B GB-1 P-1 RB-1/RB-2 LVT-1 132 SF,FINISH_TAG,DIRECT,RIGHT,HIGH,"The highlighted region visually contains a finish callout for the Kitchen B area, explicitly listing RB-1/RB-2 (rubber base) as the finish for the base, along with LVT-1 flooring and a 132 SF area. This directly identifies the material/work (rubber base) required by the Bid Item 'Furnish & Install Rubber Base' under 'Base and Transitions'. It is not a room label, spec text, or indirect evidence; the connection is explicit in the finish tag shown in the region."
region_000776,A-421,Furnish & Install Rubber Base,HALL H GB-1 P-1 RB-1 LVT-1 71 SF,FINISH_TAG,DIRECT,RIGHT,HIGH,"The highlighted region visibly shows RB-1 within a finish callout for the Hall area. RB-1 is the finish code for Rubber Base, which directly identifies the bid item ""Furnish & Install Rubber Base"" for that space; the 71 SF quantity supports the local scope without introducing indirect associations."
region_000777,A-421,Furnish & Install Rubber Base,MECH M GB-1 P-1 RB-1 EF-1 34 SF,FINISH_TAG,DIRECT,RIGHT,HIGH,"The highlighted region contains the label RB-1, a finish tag that directly designates Rubber Base as the finish. This tag appears in the plan area associated with base/transitions, providing a direct reference to the bid item Furnish & Install Rubber Base. No inference is needed; the evidence directly ties RB-1 to Rubber Base in the Base and Transitions scope."
region_000778,A-421,Furnish & Install Rubber Base,CLOSET C GB-1 P-1 RB-1 LVT-1 9 SF,FINISH_TAG,DIRECT,RIGHT,HIGH,"The region visually contains a Rubber Base finish tag (RB-1) associated with Closet C, and the bid item is Furnish & Install Rubber Base. The presence of RB-1 (and LVT-1 for flooring) with a quantified area (9 SF) provides explicit, region-specific evidence tying this exact area to the bid item, not just a related or inferred relation."
region_000779,A-421,Furnish & Install Rubber Base,RB-1,FINISH_TAG,DIRECT,RIGHT,HIGH,"The region shows a small RB-1 tag directly adjacent to the wall base, which is a finish tag used to designate base material/type. RB-1 in finish tagging schemes corresponds to Rubber Base in the Base and Transitions scope. This is a direct indication of the bid item rather than an indirect or related cue (e.g., same trade or similar work). No conflicting evidence in the region suggests a different item."
region_000780,A-421,Furnish & Install Rubber Base,RB-1,FINISH_TAG,DIRECT,RIGHT,HIGH,"The highlighted region visibly shows the finish tag RB-1 placed along the base area in the kitchen plan. This tag directly identifies the rubber base finish to be installed, which matches the Bid Item 'Furnish & Install Rubber Base' under 'Base and Transitions'. It is a direct labeling of the intended work, not a room label, schedule, or related but indirect element."
region_000781,A-421,Furnish & Install Rubber Base,RB-1,FINISH_TAG,DIRECT,RIGHT,HIGH,"The highlighted region contains a finish tag labeled RB-1, located along the base of the wall in the Enlarged Plans Unit 2 (Sheet A-421). This tag explicitly identifies the finish work (rubber base), which directly corresponds to the original bid item (Furnish & Install Rubber Base). The evidence is visual and specific to the bid item, not inferred from same-trade or surrounding context. The red locator in the locator sheet is not evidence. OCR hints may show RB-1, but the image shows the actual finish tag itself."
region_000782,A-421,Furnish & Install Rubber Base,RB-1,FINISH_TAG,DIRECT,RIGHT,HIGH,"The highlighted region shows a finish tag 'RB-1' attached to the baseboard. This tag is used to identify the Rubber Base finish in the base and transitions scope. The tag’s placement directly on the wall/base area provides explicit, location-specific evidence tying this region to the rubber base bid item, with no need to rely on indirect reasoning or OCR alone."
region_000783,A-421,Furnish & Install Carpet,LIVING A GB-1 P-1 RB-1 C-1 180 SF,ROOM_LABEL,NONE,WRONG,HIGH,"The highlighted region shows the room label 'LIVING A' with an area annotation '180 SF' and accompanying codes (GB-1 P-1 RB-1 C-1). There is no explicit reference to carpet or a finish/tag that directly assigns carpet to this region. A ROOM_LABEL with area alone does not establish the bid item (Furnish & Install Carpet) per the guidelines; there is no 'CARPET', finish schedule entry, or finish tag directly linking this region to carpet. Therefore, there is no direct evidence connecting this region to the bid item, and the association is NONE (WRONG)."
region_000784,A-421,Furnish & Install Carpet,BEDROOM G GB-1 P-1 CB-1 C-1 128 SF,ROOM_LABEL,NONE,WRONG,HIGH,The region contains only a room label (BEDROOM) and an area value; there is no explicit finish indicator such as CARPET or a carpet finish tag. Special rules require a direct association to the bid item; a room label alone does not establish carpet installation. Therefore this region does not directly represent the Furnish & Install Carpet bid item.
region_000785,A-421,Furnish & Install Carpet,PRIMARY BEDROOM F GB-1 P-1 CB-1 C-1 141 SF,ROOM_LABEL,NONE,WRONG,HIGH,"The region contains the room name 'PRIMARY BEDROOM' and an area '141 SF' with small tag codes, but it does not show any carpet finish, carpet schedule, or finish tag directly linking to the bid item 'Furnish & Install Carpet'. According to the ROOM_LABEL special rule, a room name alone does not establish the bid item, and there is no explicit finish/work reference for carpet in this region. Therefore the association is not direct and is considered WRONG with high confidence."
region_000786,A-421,Furnish & Install Carpet Base,BEDROOM G GB-1 P-1 CB-1 C-1 128 SF,ROOM_LABEL,DIRECT,RIGHT,HIGH,"The highlighted region explicitly lists CB-1 among the finish codes for the BEDROOM area, directly identifying Carpet Base work in that room. This is a finish-tag reference (not generic room naming) and matches the bid item scope without requiring inference from same-trade or adjacent items."
region_000787,A-421,Furnish & Install Carpet Base,PRIMARY BEDROOM F GB-1 P-1 CB-1 C-1 141 SF,ROOM_LABEL,NONE,WRONG,HIGH,"The highlighted region contains a room label and area, not a carpet base finish or baseboard detail. There is no direct evidence (e.g., finish tag, baseboard symbol, or note) that ties this region to the bid item (Furnish & Install Carpet Base). A room label alone does not establish the bid item, and no direct reference to carpet base is visible in the region."
region_000788,A-421,Furnish & Install Carpet Base,CB-1,FINISH_TAG,DIRECT,RIGHT,HIGH,CB-1 is visibly placed on the region and serves as a finish-tag callout identifying carpet base work in the plan. This is a direct reference to the bid item rather than indirect or inferential evidence.
region_000789,A-421,Furnish & Install Carpet Base,CB-1,FINISH_TAG,DIRECT,RIGHT,HIGH,"The highlighted region visibly shows a CB-1 tag, a finish callout for carpet base on the Finish Floor Plan. It is placed along the base where carpet base would be installed, directly referencing the bid item Furnish & Install Carpet Base (Base and Transitions). OCR is secondary and not required to establish the direct association."
region_000790,A-421,Furnish & Install Luxury Vinyl Tile,KITCHEN B GB-1 P-1 RB-1/RB-2 LVT-1 132 SF,FINISH_TAG,DIRECT,RIGHT,HIGH,"The highlighted region contains a labeled finish reference 'LVT-1' and an area (132 SF) under the Kitchen. This is a direct finish-tag depiction of the material (Luxury Vinyl Tile) to be furnished and installed, aligning exactly with the bid item. It is not a room label or generic note; it is a specific finish-tag entry tied to the bid item."
region_000791,A-421,Furnish & Install Luxury Vinyl Tile,HALL H GB-1 P-1 RB-1 LVT-1 71 SF,FINISH_TAG,DIRECT,RIGHT,HIGH,"The highlighted region visibly contains a finish tag (LVT-1) and an explicit area (71 SF) for the Hall, which directly specifies the finish work to be performed. This is a concrete finish reference tied to a specific space, not just a general room label or specification text; therefore it provides direct evidence supporting the bid item."
region_000792,A-421,Furnish & Install Luxury Vinyl Tile,CLOSET C GB-1 P-1 RB-1 LVT-1 9 SF,,,NOT_PROCESSED,,
region_000793,A-421,Furnish & Install Resinous Flooring,MECH M GB-1 P-1 RB-1 EF-1 34 SF,,,NOT_PROCESSED,,
region_000794,A-421,Furnish & Install Paint Finish P-1,P-1,,,NOT_PROCESSED,,
region_000795,A-421,Furnish & Install Paint Finish P-1,P-1,,,NOT_PROCESSED,,
region_000796,A-421,Furnish & Install Paint Finish P-1,LIVING A GB-1 P-1 RB-1 C-1 180 SF,,,NOT_PROCESSED,,
region_000797,A-421,Furnish & Install Paint Finish P-1,BEDROOM G GB-1 P-1 CB-1 C-1 128 SF,,,NOT_PROCESSED,,
region_000798,A-421,Furnish & Install Paint Finish P-1,PRIMARY BEDROOM F GB-1 P-1 CB-1 C-1 141 SF,,,NOT_PROCESSED,,
region_000799,A-421,Furnish & Install Paint Finish P-1,KITCHEN B GB-1 P-1 RB-1/RB-2 LVT-1 132 SF,,,NOT_PROCESSED,,
region_000800,A-421,Furnish & Install Paint Finish P-1,LAUNDRY E GB-1 P-1 TB-1 T-2 59 SF,,,NOT_PROCESSED,,
region_000801,A-421,Furnish & Install Paint Finish P-1,HALL H GB-1 P-1 RB-1 LVT-1 71 SF,,,NOT_PROCESSED,,
region_000802,A-421,Furnish & Install Paint Finish P-1,MECH M GB-1 P-1 RB-1 EF-1 34 SF,,,NOT_PROCESSED,,
region_000803,A-421,Furnish & Install Paint Finish P-1,CLOSET C GB-1 P-1 RB-1 LVT-1 9 SF,,,NOT_PROCESSED,,
region_000804,A-421,Furnish & Install Paint Finish P-1,P-1,,,NOT_PROCESSED,,
region_000805,A-421,Furnish & Install Paint Finish P-1,P-1,,,NOT_PROCESSED,,
region_000806,A-421,Furnish & Install Paint Finish P-1,P-1,,,NOT_PROCESSED,,
region_000807,A-421,Furnish & Install Paint Finish P-1,P-1,,,NOT_PROCESSED,,
region_000808,A-421,Furnish & Install Paint Finish P-1,P-1,,,NOT_PROCESSED,,
region_000809,A-421,Furnish & Install Paint Finish P-1,P-1,,,NOT_PROCESSED,,
region_000810,A-421,Furnish & Install Paint Finish P-1,P-1,,,NOT_PROCESSED,,
region_000811,A-421,Furnish & Install Paint Finish P-1,P-1,,,NOT_PROCESSED,,
region_000812,A-421,Furnish & Install Epoxy Paint Finish EP-1,BATH D GB-2 EP-1 TB-1 T-2 49 SF,,,NOT_PROCESSED,,
region_000813,A-421,Furnish & Install Epoxy Paint Finish EP-1,EP-1,,,NOT_PROCESSED,,
region_000814,A-421,Furnish & Install Epoxy Paint Finish EP-1,EP-1,,,NOT_PROCESSED,,
region_000815,A-421,Furnish & Install Epoxy Paint Finish EP-1,EP-1,,,NOT_PROCESSED,,
region_000816,A-421,Furnish & Install Epoxy Paint Finish EP-1,EP-1,,,NOT_PROCESSED,,
region_000817,A-421,Furnish & Install Toilet & Bathroom Accessories,TH1 TOWEL HOOK,,,NOT_PROCESSED,,
region_000818,A-421,Furnish & Install Toilet & Bathroom Accessories,TR1 TOWEL RING,,,NOT_PROCESSED,,
region_000819,A-421,Furnish & Install Toilet & Bathroom Accessories,TH1 TOWEL HOOK,,,NOT_PROCESSED,,
region_000820,A-421,Furnish & Install Toilet & Bathroom Accessories,MR1 MIRROR,,,NOT_PROCESSED,,
region_000821,A-421,Furnish & Install Toilet & Bathroom Accessories,TR1 TOWEL RING,,,NOT_PROCESSED,,
region_000822,A-421,Furnish & Install Toilet & Bathroom Accessories,TP1 TP HOLDER,,,NOT_PROCESSED,,
region_000823,A-421,Furnish & Install Trim and Escutcheons for Ceiling Penetrations,E. PROVIDE APPROPRIATE TRIM OR ESCUTCHEONS FOR ALL ITEMS PENETRATING CEILINGS FROM FINISH SPACE.,,,NOT_PROCESSED,,
region_000824,A-421,Furnish & Install Shelving and Closet Rods,ROD AND SHELF,,,NOT_PROCESSED,,
region_000825,A-421,Furnish & Install Shelving and Closet Rods,SR,,,NOT_PROCESSED,,
region_000826,A-421,Furnish & Install Shelving and Closet Rods,SR,,,NOT_PROCESSED,,
region_000827,A-421,Furnish & Install Shelving and Closet Rods,SR,,,NOT_PROCESSED,,
region_000828,A-421,Furnish & Install Shelving and Closet Rods,SR,,,NOT_PROCESSED,,
region_000829,A-421,Furnish & Install Shelving and Closet Rods,SR,,,NOT_PROCESSED,,
region_000830,A-421,Furnish & Install Shelving and Closet Rods,SR,,,NOT_PROCESSED,,
region_000831,A-421,Furnish & Install Shelving and Closet Rods,SHELVES,,,NOT_PROCESSED,,
region_000832,A-421,Furnish & Install Shelving and Closet Rods,SHELVES,,,NOT_PROCESSED,,
region_000833,A-421,Furnish & Install Shelving and Closet Rods,ROD AND SHELF,,,NOT_PROCESSED,,
region_000834,A-421,Furnish & Install Shelving and Closet Rods,SHELVES,,,NOT_PROCESSED,,
region_000835,A-421,Furnish & Install Residential Appliances,WA1 WASHER,,,NOT_PROCESSED,,
region_000836,A-421,Furnish & Install Residential Appliances,DR1 DRYER,,,NOT_PROCESSED,,
region_000837,A-421,Furnish & Install Residential Appliances,FR1 FRIDGE,,,NOT_PROCESSED,,
region_000838,A-421,Furnish & Install Residential Appliances,MW1 MICROWAVE,,,NOT_PROCESSED,,
region_000839,A-421,Furnish & Install Residential Appliances,RH1 RANGE HOOD,,,NOT_PROCESSED,,
region_000840,A-421,Furnish & Install Residential Appliances,DISPOSAL GD1,,,NOT_PROCESSED,,
region_000841,A-421,Furnish & Install Residential Appliances,DISHWASHER DW1,,,NOT_PROCESSED,,
region_000842,A-421,Furnish & Install Residential Appliances,OVEN/RANGE OV1,,,NOT_PROCESSED,,
region_000843,A-421,Furnish & Install Curtain Rods,CR1 CURTAIN ROD,,,NOT_PROCESSED,,
region_000844,A-421,Furnish & Install Curtain Rods,CR1 CURTAIN ROD,,,NOT_PROCESSED,,
region_000845,A-421,Furnish & Install Curtain Rods,CR1 CURTAIN ROD,,,NOT_PROCESSED,,
region_000846,A-421,Furnish & Install Plastic Laminate Casework,PL-1,,,NOT_PROCESSED,,
region_000847,A-421,Furnish & Install Plastic Laminate Casework,PL-1,,,NOT_PROCESSED,,
region_000848,A-421,Furnish & Install Plastic Laminate Casework,PL-1,,,NOT_PROCESSED,,
region_000849,A-421,Furnish & Install Plastic Laminate Casework,"302 28"" 36"" 12"" 2 SHELVES",,,NOT_PROCESSED,,
region_000850,A-421,Furnish & Install Plastic Laminate Casework,"308M 26"" 36"" 26"" L-SHAPED, 2 SHELVES",,,NOT_PROCESSED,,
region_000851,A-421,Furnish & Install Plastic Laminate Casework,"186M 38"" 36"" SHELF",,,NOT_PROCESSED,,
region_000852,A-421,Furnish & Install Plastic Laminate Casework,PL-1,,,NOT_PROCESSED,,
region_000853,A-421,Furnish & Install Plastic Laminate Casework,PL-1,,,NOT_PROCESSED,,
region_000854,A-421,Furnish & Install Plastic Laminate Casework,"186M 38"" 38"" 36"" SHELF",,,NOT_PROCESSED,,
region_000855,A-421,Furnish & Install Plastic Laminate Casework,"152M 36"" 36"" 24"" TIP-OUT TRAYS",,,NOT_PROCESSED,,
region_000856,A-421,Furnish & Install Plastic Laminate Casework,"308M 26"" 36"" 26"" L-SHAPED, 2 SHELVES",,,NOT_PROCESSED,,
region_000857,A-421,Furnish & Install Plastic Laminate Casework,"302M 36"" 26"" 12"" LIGHT SKIRT",,,NOT_PROCESSED,,
region_000858,A-421,Furnish & Install Plastic Laminate Casework,"301 12"" 36"" 12"" 2 SHELVES",,,NOT_PROCESSED,,
region_000859,A-421,Furnish & Install Plastic Laminate Casework,"301 12"" 36"" 12"" 2 SHELVES",,,NOT_PROCESSED,,
region_000860,A-421,Furnish & Install Plastic Laminate Casework,"326M 32"" 36"" 12"" MICROWAVE",,,NOT_PROCESSED,,
region_000861,A-421,Furnish & Install Plastic Laminate Casework,"302 30"" 24"" 12"" W/ HOOD",,,NOT_PROCESSED,,
region_000862,A-421,Furnish & Install Plastic Laminate Casework,"301 18"" 36"" 12"" 2 SHELVES",,,NOT_PROCESSED,,
region_000863,A-421,Furnish & Install Plastic Laminate Casework,"E. ON ALL EXPOSED CABINET SIDES, INCLUDING KNEE OPENINGS, PROVIDE FINISHED FACE TO MATCH CABINET FRONTS.",,,NOT_PROCESSED,,
region_000864,A-421,Furnish & Install Sidesplashes For Countertops,"F. WHERE BACKSPLASHES ARE NOTED, PROVIDE SIDESPLASHES WHENEVER COUNTERTOPS ARE ADJACENT TO WALLS.",,,NOT_PROCESSED,,
region_000865,A-421,Furnish & Install — Plumbing Fixture Accessories and Trim,TS1 TUB SURROUND,,,NOT_PROCESSED,,
region_000866,A-421,Furnish & Install — Plumbing Fixture Accessories and Trim,SC1 SHWR CADDY,,,NOT_PROCESSED,,
region_000867,A-421,Furnish & Install — Plumbing Fixture Accessories and Trim,TS1 TUB SURROUND,,,NOT_PROCESSED,,
region_000868,A-421,Furnish & Install — Plumbing Fixture Accessories and Trim,TS1 TUB SURROUND,,,NOT_PROCESSED,,
region_000869,A-421,Furnish & Install — Plumbing Fixture Accessories and Trim,SC1 SHWR CADDY,,,NOT_PROCESSED,,
region_000870,A-421,Furnish & Install — Plumbing Fixtures,SS-1,,,NOT_PROCESSED,,
region_000871,A-421,Furnish & Install — Plumbing Fixtures,SS-1,,,NOT_PROCESSED,,
region_000872,A-421,Furnish & Install — Plumbing Fixtures,SS-1,,,NOT_PROCESSED,,
region_000873,A-421,Furnish & Install — Plumbing Fixtures,SS-1,,,NOT_PROCESSED,,
region_000874,A-421,Furnish & Install Corner Guards,CORNER GUARD,,,NOT_PROCESSED,,
region_000875,A-421,Furnish & Install Corner Guards,CORNER GUARD,,,NOT_PROCESSED,,
region_000876,A-421,Furnish & Install Corner Guards,CORNER GUARD,,,NOT_PROCESSED,,
region_000877,A-421,Furnish & Install Corner Guards,CORNER GUARD,,,NOT_PROCESSED,,
region_000878,A-425,Furnish & Install Wood Blocking and Backing,"GB1 GRAB BAR GRAB BAR, 42"". CONTRACTOR TO PROVIDE BACKING X",,,NOT_PROCESSED,,
region_000879,A-425,Furnish & Install Wood Blocking and Backing,"GB3 GRAB BAR GRAB BAR TRANSFER SHOWER, CONTRACTOR TO PROVIDE BACKING X",,,NOT_PROCESSED,,
region_000880,A-425,Furnish & Install Wood Blocking and Backing,GB3,,,NOT_PROCESSED,,
region_000881,A-425,Furnish & Install Wood Blocking and Backing,GB1,,,NOT_PROCESSED,,
region_000882,A-425,Furnish & Install Wood Blocking and Backing,GB1,,,NOT_PROCESSED,,
region_000883,A-425,Furnish & Install Wood Blocking and Backing,GB3,,,NOT_PROCESSED,,
region_000884,A-425,Furnish & Install Wood Blocking and Backing,GB1,,,NOT_PROCESSED,,
region_000885,A-425,Furnish & Install Wood Blocking and Backing,GB1,,,NOT_PROCESSED,,
region_000886,A-425,Furnish & Install Vinyl Clad Windows,WT7 96 UNITS,,,NOT_PROCESSED,,
region_000887,A-425,Furnish & Install Vinyl Clad Windows,WT6 84 UNITS,,,NOT_PROCESSED,,
region_000888,A-425,Furnish & Install Vinyl Clad Windows,WT5 60 UNITS,,,NOT_PROCESSED,,
region_000889,A-425,Furnish & Install Cut To Fit Abs Tub Surround,"TS1 TUB SURROUND CUT TO FIT ABS SURROUND, TUB TO CEILING. (NO FIBERGLASS) X",,,NOT_PROCESSED,,
region_000890,A-425,Furnish & Install Cut To Fit Abs Tub Surround,TUB SURROUND,,,NOT_PROCESSED,,
region_000891,A-425,Furnish & Install Cut To Fit Abs Tub Surround,TUB SURROUND,,,NOT_PROCESSED,,
region_000892,A-425,Furnish & Install Cut To Fit Abs Tub Surround,TS1,,,NOT_PROCESSED,,
region_000893,A-425,Furnish & Install Cut To Fit Abs Tub Surround,TS1,,,NOT_PROCESSED,,
region_000894,A-425,Furnish & Install Fire Extinguishers And Cabinets,FIRE EXT.,,,NOT_PROCESSED,,
region_000895,A-425,Furnish & Install Fire Extinguishers And Cabinets,FIRE EXT CAB (1) ON EACH LEVEL = (3),,,NOT_PROCESSED,,
region_000896,A-425,Furnish & Install Shower And Tub Seats,ST1 SHWR SEAT SHOWER OR TUB SEAT X,,,NOT_PROCESSED,,
region_000897,A-425,Furnish & Install Shower And Tub Seats,SHWR SEAT,,,NOT_PROCESSED,,
region_000898,A-425,Furnish & Install Shower And Tub Seats,SHWR SEAT,,,NOT_PROCESSED,,
region_000899,A-425,Furnish & Install Shower And Tub Seats,ST1,,,NOT_PROCESSED,,
region_000900,A-425,Furnish & Install Shower And Tub Seats,ST1,,,NOT_PROCESSED,,
region_000901,A-425,Furnish & Install Mailboxes,"MB1 MAILBOX MAILBOX, 16 MAIL & 2 PACKAGES PER UNIT X",,,NOT_PROCESSED,,
region_000902,A-425,Furnish & Install Mailboxes,MAILBOX (6),,,NOT_PROCESSED,,
region_000903,A-425,Furnish & Install Mailboxes,MAILBOX (4),,,NOT_PROCESSED,,
region_000904,A-425,Furnish & Install Mailboxes,MAILBOX (6),,,NOT_PROCESSED,,
region_000905,A-425,Furnish & Install Mailboxes,MB1,,,NOT_PROCESSED,,
region_000906,A-425,Furnish & Install Mailboxes,MB1,,,NOT_PROCESSED,,
region_000907,A-425,Furnish & Install Mailboxes,MB1,,,NOT_PROCESSED,,
region_000908,A-425,Furnish & Install Shelving and Closet Rods,"CR2 CLST ROD CLOSET ROD, CHROME, FIXED ENDS X",,,NOT_PROCESSED,,
region_000909,A-425,Furnish & Install Shelving and Closet Rods,CLST ROD,,,NOT_PROCESSED,,
region_000910,A-425,Furnish & Install Shelving and Closet Rods,CLST ROD,,,NOT_PROCESSED,,
region_000911,A-425,Furnish & Install Shelving and Closet Rods,CLST ROD,,,NOT_PROCESSED,,
region_000912,A-425,Furnish & Install Shelving and Closet Rods,CLST ROD,,,NOT_PROCESSED,,
region_000913,A-425,Furnish & Install Shelving and Closet Rods,CLST ROD,,,NOT_PROCESSED,,
region_000914,A-425,Furnish & Install Shelving and Closet Rods,CLST ROD,,,NOT_PROCESSED,,
region_000915,A-425,Furnish & Install Shelving and Closet Rods,CLST ROD,,,NOT_PROCESSED,,
region_000916,A-425,Furnish & Install Shelving and Closet Rods,CLST ROD,,,NOT_PROCESSED,,
region_000917,A-425,Furnish & Install Shelving and Closet Rods,CLST ROD,,,NOT_PROCESSED,,
region_000918,A-425,Furnish & Install Shelving and Closet Rods,CLST ROD,,,NOT_PROCESSED,,
region_000919,A-425,Furnish & Install Shelving and Closet Rods,CLST ROD,,,NOT_PROCESSED,,
region_000920,A-425,Furnish & Install Shelving and Closet Rods,CLST ROD,,,NOT_PROCESSED,,
region_000921,A-425,Furnish & Install Shelving and Closet Rods,CLST ROD,,,NOT_PROCESSED,,
region_000922,A-425,Furnish & Install Shelving and Closet Rods,CLST ROD,,,NOT_PROCESSED,,
region_000923,A-425,Furnish & Install Shelving and Closet Rods,CR2,,,NOT_PROCESSED,,
region_000924,A-425,Furnish & Install Shelving and Closet Rods,CR2,,,NOT_PROCESSED,,
region_000925,A-425,Furnish & Install Shelving and Closet Rods,CR2,,,NOT_PROCESSED,,
region_000926,A-425,Furnish & Install Shelving and Closet Rods,CR2,,,NOT_PROCESSED,,
region_000927,A-425,Furnish & Install Shelving and Closet Rods,CR2,,,NOT_PROCESSED,,
region_000928,A-425,Furnish & Install Shelving and Closet Rods,CR2,,,NOT_PROCESSED,,
region_000929,A-425,Furnish & Install Shelving and Closet Rods,CR2,,,NOT_PROCESSED,,
region_000930,A-425,Furnish & Install Shelving and Closet Rods,CR2,,,NOT_PROCESSED,,
region_000931,A-425,Furnish & Install Shelving and Closet Rods,CR2,,,NOT_PROCESSED,,
region_000932,A-425,Furnish & Install Shelving and Closet Rods,CR2,,,NOT_PROCESSED,,
region_000933,A-425,Furnish & Install Shelving and Closet Rods,CR2,,,NOT_PROCESSED,,
region_000934,A-425,Furnish & Install Shelving and Closet Rods,CR2,,,NOT_PROCESSED,,
region_000935,A-425,Furnish & Install Shelving and Closet Rods,CR2,,,NOT_PROCESSED,,
region_000936,A-425,Furnish & Install Shelving and Closet Rods,CR2,,,NOT_PROCESSED,,
region_000937,A-425,Furnish & Install Range Hood,"RH1 RANGE HOOD GE STANDARD RANGE HOOD, WHITE, JN327HWW X",,,NOT_PROCESSED,,
region_000938,A-425,Furnish & Install Range Hood,RANGE HOOD,,,NOT_PROCESSED,,
region_000939,A-425,Furnish & Install Range Hood,RH1,,,NOT_PROCESSED,,
region_000940,A-425,Furnish & Install Range Hood,RANGE HOOD,,,NOT_PROCESSED,,
region_000941,A-425,Furnish & Install Range Hood,RH1,,,NOT_PROCESSED,,
region_000942,A-425,Furnish & Install Range Hood,RH1,,,NOT_PROCESSED,,
region_000943,A-425,Furnish & Install Range Hood,RH1,,,NOT_PROCESSED,,
region_000944,A-425,Furnish & Install Oven/Range,"OV1 OVEN/RANGE GE 30""W x 36""H FREE-STANDING ELECTRIC RANGE, WHITE, JB256DMWW X",,,NOT_PROCESSED,,
region_000945,A-425,Furnish & Install Oven/Range,"OV2 OVEN/RANGE GE 30""W x 34""H FREE-STANDING ELECTRIC RANGE, ADA COMPLIANT, WHITE X",,,NOT_PROCESSED,,
region_000946,A-425,Furnish & Install Oven/Range,OVEN/RANGE,,,NOT_PROCESSED,,
region_000947,A-425,Furnish & Install Oven/Range,OVEN/RANGE,,,NOT_PROCESSED,,
region_000948,A-425,Furnish & Install Oven/Range,OVEN/RANGE,,,NOT_PROCESSED,,
region_000949,A-425,Furnish & Install Oven/Range,OVEN/RANGE,,,NOT_PROCESSED,,
region_000950,A-425,Furnish & Install Oven/Range,OV1,,,NOT_PROCESSED,,
region_000951,A-425,Furnish & Install Oven/Range,OV2,,,NOT_PROCESSED,,
region_000952,A-425,Furnish & Install Oven/Range,OV1,,,NOT_PROCESSED,,
region_000953,A-425,Furnish & Install Oven/Range,OV2,,,NOT_PROCESSED,,
region_000954,A-425,Furnish & Install Microwave,MICROWAVE,,,NOT_PROCESSED,,
region_000955,A-425,Furnish & Install Microwave,MICROWAVE,,,NOT_PROCESSED,,
region_000956,A-425,Furnish & Install Microwave,MW,,,NOT_PROCESSED,,
region_000957,A-425,Furnish & Install Microwave,MW,,,NOT_PROCESSED,,
region_000958,A-425,Furnish & Install Microwave,MW,,,NOT_PROCESSED,,
region_000959,A-425,Furnish & Install Microwave,MICROWAVE,,,NOT_PROCESSED,,
region_000960,A-425,Furnish & Install Dishwasher,"DW1 DISHWASHER GE DISHWASHER WITH FRONT CONTROLS, WHITE, GDF450PGRWW X",,,NOT_PROCESSED,,
region_000961,A-425,Furnish & Install Dishwasher,"DW2 DISHWASHER GE DISHWASHER WITH HIDDEN CONTROLS, ADA COMPLIANT, WHITE, GDT225SGLWW X",,,NOT_PROCESSED,,
region_000962,A-425,Furnish & Install Dishwasher,DISHWASHER,,,NOT_PROCESSED,,
region_000963,A-425,Furnish & Install Dishwasher,DISHWASHER,,,NOT_PROCESSED,,
region_000964,A-425,Furnish & Install Dishwasher,DISHWASHER,,,NOT_PROCESSED,,
region_000965,A-425,Furnish & Install Dishwasher,DISHWASHER,,,NOT_PROCESSED,,
region_000966,A-425,Furnish & Install Dishwasher,DW1,,,NOT_PROCESSED,,
region_000967,A-425,Furnish & Install Dishwasher,DW2,,,NOT_PROCESSED,,
region_000968,A-425,Furnish & Install Dishwasher,DW1,,,NOT_PROCESSED,,
region_000969,A-425,Furnish & Install Dishwasher,DW2,,,NOT_PROCESSED,,
region_000970,A-425,Furnish & Install Garbage Disposal,GD1 DISPOSAL 3/4 HP STANDARD SERIES WALL SWITCH X,,,NOT_PROCESSED,,
region_000971,A-425,Furnish & Install Garbage Disposal,DISPOSAL,,,NOT_PROCESSED,,
region_000972,A-425,Furnish & Install Garbage Disposal,DISPOSAL,,,NOT_PROCESSED,,
region_000973,A-425,Furnish & Install Garbage Disposal,DISPOSAL,,,NOT_PROCESSED,,
region_000974,A-425,Furnish & Install Garbage Disposal,DISPOSAL,,,NOT_PROCESSED,,
region_000975,A-425,Furnish & Install Garbage Disposal,GD1,,,NOT_PROCESSED,,
region_000976,A-425,Furnish & Install Garbage Disposal,GD1,,,NOT_PROCESSED,,
region_000977,A-425,Furnish & Install Garbage Disposal,GD1,,,NOT_PROCESSED,,
region_000978,A-425,Furnish & Install Garbage Disposal,GD1,,,NOT_PROCESSED,,
region_000979,A-425,Furnish & Install Refrigerator,"FR1 FRIDGE GE 21.9 CU.FT. TOP-FREEZER REFRIGERATOR, WHITE, GTS22KGNWW X",,,NOT_PROCESSED,,
region_000980,A-425,Furnish & Install Refrigerator,FRIDGE,,,NOT_PROCESSED,,
region_000981,A-425,Furnish & Install Refrigerator,FRIDGE,,,NOT_PROCESSED,,
region_000982,A-425,Furnish & Install Refrigerator,FRIDGE,,,NOT_PROCESSED,,
region_000983,A-425,Furnish & Install Refrigerator,FRIDGE,,,NOT_PROCESSED,,
region_000984,A-425,Furnish & Install Refrigerator,FR1,,,NOT_PROCESSED,,
region_000985,A-425,Furnish & Install Refrigerator,FR1,,,NOT_PROCESSED,,
region_000986,A-425,Furnish & Install Refrigerator,FR1,,,NOT_PROCESSED,,
region_000987,A-425,Furnish & Install Refrigerator,FR1,,,NOT_PROCESSED,,
region_000988,A-425,Refer to the Residential Equipment schedules,Specialty Equipment Schedule,,,NOT_PROCESSED,,
region_000989,A-425,Furnish & Install Window Shades,"WS1 SHADE WINDOW SHADE, ~2'-3 1/2'W X",,,NOT_PROCESSED,,
region_000990,A-425,Furnish & Install Window Shades,"WS2 SHADE WINDOW SHADE, ~2'-5 1/2'W X",,,NOT_PROCESSED,,
region_000991,A-425,Furnish & Install Window Shades,"WS3 SHADE WINDOW SHADE, ~3'-1 1/2'W X",,,NOT_PROCESSED,,
region_000992,A-425,Furnish & Install Window Shades,"WS4 SHADE WINDOW SHADE, ~4'-5 1/2'W X",,,NOT_PROCESSED,,
region_000993,A-425,Furnish & Install Window Shades,SHADE,,,NOT_PROCESSED,,
region_000994,A-425,Furnish & Install Window Shades,SHADE,,,NOT_PROCESSED,,
region_000995,A-425,Furnish & Install Window Shades,SHADE,,,NOT_PROCESSED,,
region_000996,A-425,Furnish & Install Window Shades,SHADE,,,NOT_PROCESSED,,
region_000997,A-425,Furnish & Install Window Shades,SHADE,,,NOT_PROCESSED,,
region_000998,A-425,Furnish & Install Window Shades,SHADE,,,NOT_PROCESSED,,
region_000999,A-425,Furnish & Install Window Shades,SHADE,,,NOT_PROCESSED,,
region_001000,A-425,Furnish & Install Window Shades,WHERE WINDOW EXISTS,,,NOT_PROCESSED,,
region_001001,A-425,Furnish & Install Window Shades,SHADE,,,NOT_PROCESSED,,
region_001002,A-425,Furnish & Install Window Shades,SHADE,,,NOT_PROCESSED,,
region_001003,A-425,Furnish & Install Window Shades,SHADE,,,NOT_PROCESSED,,
region_001004,A-425,Furnish & Install Window Shades,SHADE,,,NOT_PROCESSED,,
region_001005,A-425,Furnish & Install Window Shades,SHADE,,,NOT_PROCESSED,,
region_001006,A-425,Furnish & Install Window Shades,SHADE,,,NOT_PROCESSED,,
region_001007,A-425,Furnish & Install Window Shades,SHADE,,,NOT_PROCESSED,,
region_001008,A-425,Furnish & Install Window Shades,SHADE,,,NOT_PROCESSED,,
region_001009,A-425,Furnish & Install Window Shades,SHADE,,,NOT_PROCESSED,,
region_001010,A-425,Furnish & Install Window Shades,SHADE,,,NOT_PROCESSED,,
region_001011,A-425,Furnish & Install Window Shades,SHADE,,,NOT_PROCESSED,,
region_001012,A-425,Furnish & Install Window Shades,SHADE,,,NOT_PROCESSED,,
region_001013,A-425,Furnish & Install Window Shades,SHADE,,,NOT_PROCESSED,,
region_001014,A-425,Furnish & Install Window Shades,SHADE,,,NOT_PROCESSED,,
region_001015,A-425,Furnish & Install Window Shades,SHADE,,,NOT_PROCESSED,,
region_001016,A-425,Furnish & Install Window Shades,SHADE,,,NOT_PROCESSED,,
region_001017,A-425,Furnish & Install Window Shades,SHADE,,,NOT_PROCESSED,,
region_001018,A-425,Furnish & Install Window Shades,SHADE,,,NOT_PROCESSED,,
region_001019,A-425,Furnish & Install Window Shades,SHADE,,,NOT_PROCESSED,,
region_001020,A-425,Furnish & Install Window Shades,WS1,,,NOT_PROCESSED,,
region_001021,A-425,Furnish & Install Window Shades,WS1,,,NOT_PROCESSED,,
region_001022,A-425,Furnish & Install Window Shades,WS1,,,NOT_PROCESSED,,
region_001023,A-425,Furnish & Install Window Shades,WS4,,,NOT_PROCESSED,,
region_001024,A-425,Furnish & Install Window Shades,WS4,,,NOT_PROCESSED,,
region_001025,A-425,Furnish & Install Window Shades,WS2,,,NOT_PROCESSED,,
region_001026,A-425,Furnish & Install Window Shades,WS2,,,NOT_PROCESSED,,
region_001027,A-425,Furnish & Install Window Shades,WS1,,,NOT_PROCESSED,,
region_001028,A-425,Furnish & Install Window Shades,WS1,,,NOT_PROCESSED,,
region_001029,A-425,Furnish & Install Window Shades,WS1,,,NOT_PROCESSED,,
region_001030,A-425,Furnish & Install Window Shades,WS4,,,NOT_PROCESSED,,
region_001031,A-425,Furnish & Install Window Shades,WS4,,,NOT_PROCESSED,,
region_001032,A-425,Furnish & Install Window Shades,WS1,,,NOT_PROCESSED,,
region_001033,A-425,Furnish & Install Window Shades,WS1,,,NOT_PROCESSED,,
region_001034,A-425,Furnish & Install Window Shades,WS1,,,NOT_PROCESSED,,
region_001035,A-425,Furnish & Install Window Shades,WS4,,,NOT_PROCESSED,,
region_001036,A-425,Furnish & Install Window Shades,WS4,,,NOT_PROCESSED,,
region_001037,A-425,Furnish & Install Window Shades,WS3,,,NOT_PROCESSED,,
region_001038,A-425,Furnish & Install Window Shades,WS3,,,NOT_PROCESSED,,
region_001039,A-425,Furnish & Install Window Shades,WS1,,,NOT_PROCESSED,,
region_001040,A-425,Furnish & Install Window Shades,WS1,,,NOT_PROCESSED,,
region_001041,A-425,Furnish & Install Window Shades,WS1,,,NOT_PROCESSED,,
region_001042,A-425,Furnish & Install Window Shades,WS4,,,NOT_PROCESSED,,
region_001043,A-425,Furnish & Install Window Shades,WS4,,,NOT_PROCESSED,,
region_001044,A-425,Furnish & Install Window Shades,WS3,,,NOT_PROCESSED,,
region_001045,A-425,Furnish & Install Window Shades,WS3,,,NOT_PROCESSED,,
region_001046,A-425,Furnish & Install Curtain Rods,CR1 CURTAIN ROD BASIS OF DESIGN: KOHLER EXPANSE K-9350-SN VIBRANT POLISHED NICKEL.   FIXED ENDS. SHOWER AND BATHTUB LOCATIONS.  SEE INTEIROR ELEVATIONS FOR MOUNTING HEIGHTS X,,,NOT_PROCESSED,,
region_001047,A-425,Furnish & Install Curtain Rods,CURTAIN ROD,,,NOT_PROCESSED,,
region_001048,A-425,Furnish & Install Curtain Rods,CURTAIN ROD,,,NOT_PROCESSED,,
region_001049,A-425,Furnish & Install Curtain Rods,CURTAIN ROD,,,NOT_PROCESSED,,
region_001050,A-425,Furnish & Install Curtain Rods,CURTAIN ROD,,,NOT_PROCESSED,,
region_001051,A-425,Furnish & Install Curtain Rods,CR1,,,NOT_PROCESSED,,
region_001052,A-425,Furnish & Install Curtain Rods,CR1,,,NOT_PROCESSED,,
region_001053,A-425,Furnish & Install Curtain Rods,CR1,,,NOT_PROCESSED,,
region_001054,A-425,Furnish & Install Curtain Rods,CR1,,,NOT_PROCESSED,,
region_001055,A-425,Furnish & Install Shower Caddies,"SC1 SHWR CADDY BASIS OF DESIGN: BCI SURROUND, FOUR SHELF CADDY X",,,NOT_PROCESSED,,
region_001056,A-425,Furnish & Install Shower Caddies,SHWR CADDY,,,NOT_PROCESSED,,
region_001057,A-425,Furnish & Install Shower Caddies,SHWR CADDY,,,NOT_PROCESSED,,
region_001058,A-425,Furnish & Install Shower Caddies,SHWR CADDY,,,NOT_PROCESSED,,
region_001059,A-425,Furnish & Install Shower Caddies,SHWR CADDY,,,NOT_PROCESSED,,
region_001060,A-425,Furnish & Install Shower Caddies,SC1,,,NOT_PROCESSED,,
region_001061,A-425,Furnish & Install Shower Caddies,SC1,,,NOT_PROCESSED,,
region_001062,A-425,Furnish & Install Shower Caddies,SC1,,,NOT_PROCESSED,,
region_001063,A-425,Furnish & Install Shower Caddies,SC1,,,NOT_PROCESSED,,
region_001064,A-425,Furnish & Install Toilet Paper Holders,"TP1 TP HOLDER BASIS OF DESIGN: KOHLER PARALLEL K-23528-CP POLISHED CHROME. MOUNTING HEIGHT: 30"" AFF X",,,NOT_PROCESSED,,
region_001065,A-425,Furnish & Install Toilet Paper Holders,TP HOLDER,,,NOT_PROCESSED,,
region_001066,A-425,Furnish & Install Toilet Paper Holders,TP HOLDER,,,NOT_PROCESSED,,
region_001067,A-425,Furnish & Install Toilet Paper Holders,TP HOLDER,,,NOT_PROCESSED,,
region_001068,A-425,Furnish & Install Toilet Paper Holders,TP HOLDER,,,NOT_PROCESSED,,
region_001069,A-425,Furnish & Install Toilet Paper Holders,TP1,,,NOT_PROCESSED,,
region_001070,A-425,Furnish & Install Toilet Paper Holders,TP1,,,NOT_PROCESSED,,
region_001071,A-425,Furnish & Install Toilet Paper Holders,TP1,,,NOT_PROCESSED,,
region_001072,A-425,Furnish & Install Toilet Paper Holders,TP1,,,NOT_PROCESSED,,
region_001073,A-425,Furnish & Install Mirrors,"MR1 MIRROR 28""W X 36""H FRAMELESS, CAULKED EDGE X",,,NOT_PROCESSED,,
region_001074,A-425,Furnish & Install Mirrors,MIRROR,,,NOT_PROCESSED,,
region_001075,A-425,Furnish & Install Mirrors,MIRROR,,,NOT_PROCESSED,,
region_001076,A-425,Furnish & Install Mirrors,MIRROR,,,NOT_PROCESSED,,
region_001077,A-425,Furnish & Install Mirrors,MIRROR,,,NOT_PROCESSED,,
region_001078,A-425,Furnish & Install Mirrors,MR1,,,NOT_PROCESSED,,
region_001079,A-425,Furnish & Install Mirrors,MR1,,,NOT_PROCESSED,,
region_001080,A-425,Furnish & Install Mirrors,MR1,,,NOT_PROCESSED,,
region_001081,A-425,Furnish & Install Mirrors,MR1,,,NOT_PROCESSED,,
region_001082,A-425,Furnish & Install Towel Rings,"TR1 TOWEL RING BASIS OF DESIGN: KOHLER TONE K-27428-CP POLISHED CHROME. MOUNTING HEIGHT: 24"" ABOVE COUNTERTOP X",,,NOT_PROCESSED,,
region_001083,A-425,Furnish & Install Towel Rings,TOWEL RING,,,NOT_PROCESSED,,
region_001084,A-425,Furnish & Install Towel Rings,TOWEL RING,,,NOT_PROCESSED,,
region_001085,A-425,Furnish & Install Towel Rings,TOWEL RING,,,NOT_PROCESSED,,
region_001086,A-425,Furnish & Install Towel Rings,TOWEL RING,,,NOT_PROCESSED,,
region_001087,A-425,Furnish & Install Towel Rings,TR1,,,NOT_PROCESSED,,
region_001088,A-425,Furnish & Install Towel Rings,TR1,,,NOT_PROCESSED,,
region_001089,A-425,Furnish & Install Towel Rings,TR1,,,NOT_PROCESSED,,
region_001090,A-425,Furnish & Install Towel Rings,TR1,,,NOT_PROCESSED,,
region_001091,A-425,Furnish & Install Towel Hooks,"TH1 TOWEL HOOK BASIS OF DESIGN: KOHLER PARALLEL K-23529-CP POLISHED CHROME. MOUNTING HEIGHT: 48"" AFF X",,,NOT_PROCESSED,,
region_001092,A-425,Furnish & Install Towel Hooks,TOWEL HOOK,,,NOT_PROCESSED,,
region_001093,A-425,Furnish & Install Towel Hooks,TOWEL HOOK,,,NOT_PROCESSED,,
region_001094,A-425,Furnish & Install Towel Hooks,TH1 TOWEL HOOK,,,NOT_PROCESSED,,
region_001095,A-425,Furnish & Install Towel Hooks,TH1,,,NOT_PROCESSED,,
region_001096,A-425,Furnish & Install Towel Hooks,TH1,,,NOT_PROCESSED,,
region_001097,A-425,Furnish & Install Towel Hooks,TH1,,,NOT_PROCESSED,,
region_001098,A-425,Furnish & Install — Bike Racks,BR1 BIKE RACK HANGING BIKE RACK X,,,NOT_PROCESSED,,
region_001099,A-425,Furnish & Install — Bike Racks,BR2 BIKE RACK IN GROUND MOUNTED U-SHAPED BIKE RACK X,,,NOT_PROCESSED,,
region_001100,A-425,Furnish & Install — Bike Racks,BIKE RACK,,,NOT_PROCESSED,,
region_001101,A-425,Furnish & Install — Bike Racks,BIKE RACK,,,NOT_PROCESSED,,
region_001102,A-425,Furnish & Install — Bike Racks,BIKE RACK,,,NOT_PROCESSED,,
region_001103,A-425,Furnish & Install — Bike Racks,BIKE RACK,,,NOT_PROCESSED,,
region_001104,A-425,Furnish & Install — Bike Racks,BIKE RACK,,,NOT_PROCESSED,,
region_001105,A-425,Furnish & Install — Bike Racks,"BASIS OF DESIGN: THEPARK AND FACILITIES, DOUBLEUP SINGLE SIDED BIKE RACK, MODEL 398-4002 (4 RACKS)",,,NOT_PROCESSED,,
region_001106,A-425,Furnish & Install — Bike Racks,"BASIS OF DESIGN: THE RAMBLER WIDE BIKE RACK, SURFACE-MOUNTED",,,NOT_PROCESSED,,
region_001107,A-425,Furnish & Install — Bike Racks,BR1,,,NOT_PROCESSED,,
region_001108,A-425,Furnish & Install — Bike Racks,BR1,,,NOT_PROCESSED,,
region_001109,A-425,Furnish & Install — Bike Racks,BR2,,,NOT_PROCESSED,,
region_001110,A-425,Furnish & Install — Bike Racks,BR1,,,NOT_PROCESSED,,
region_001111,A-425,Furnish & Install — Bike Racks,BR1,,,NOT_PROCESSED,,
region_001112,A-425,Furnish & Install — Infrastructure for Intermediate Distribution Frame (IDF) Rooms,IDF 4000,,,NOT_PROCESSED,,
region_001113,A-425,Furnish & Install — Infrastructure for Intermediate Distribution Frame (IDF) Rooms,WHERE IDF ROOM EXISTS,,,NOT_PROCESSED,,
region_001114,A-425,Furnish & Install Knox Box for Emergency Access,KX1 KNOX KNOX BOX X,,,NOT_PROCESSED,,
region_001115,A-425,Furnish & Install Knox Box for Emergency Access,KNOX,,,NOT_PROCESSED,,
region_001116,A-425,Furnish & Install Knox Box for Emergency Access,KX1,,,NOT_PROCESSED,,
region_001117,A-425,Furnish & Install Grab Bars,GRAB BAR,,,NOT_PROCESSED,,
region_001118,A-425,Furnish & Install Grab Bars,GRAB BAR,,,NOT_PROCESSED,,
region_001119,A-425,Furnish & Install Grab Bars,GRAB BAR,,,NOT_PROCESSED,,
region_001120,A-425,Furnish & Install Grab Bars,GRAB BAR,,,NOT_PROCESSED,,
region_001121,A-425,Furnish & Install Grab Bars,GRAB BAR,,,NOT_PROCESSED,,
region_001122,A-425,Furnish & Install Grab Bars,GRAB BAR,,,NOT_PROCESSED,,
region_001123,A-602,Furnish & Install Brick Veneer System,BRICK FINISH,,,NOT_PROCESSED,,
region_001124,A-602,Furnish & Install Brick Veneer System,BRICK FINISH,,,NOT_PROCESSED,,
region_001125,A-602,Furnish & Install Brick Veneer System,BRICK FINISH,,,NOT_PROCESSED,,
region_001126,A-602,Furnish & Install Brick Veneer System,BRICK VENEER,,,NOT_PROCESSED,,
region_001127,A-602,Furnish & Install Masonry Weep Vents,"MASONRY WEEPS @ 24"" O.C. MINIMUM",,,NOT_PROCESSED,,
region_001128,A-602,Furnish & Install Brick Soldier Course,"BRICK VENEER, SOLDIER COURSE",,,NOT_PROCESSED,,
region_001129,A-602,Furnish & Install Wood Framing,HEADER PER STRUCTURAL PLANS,,,NOT_PROCESSED,,
region_001130,A-602,Furnish & Install Wood Framing,HEADER PER STRUCTURAL PLANS,,,NOT_PROCESSED,,
region_001131,A-602,Furnish & Install Wood Framing,HEADER PER STRUCTURAL PLANS,,,NOT_PROCESSED,,
region_001132,A-602,Furnish & Install Wood Framing,HEADER PER STRUCTURAL PLANS,,,NOT_PROCESSED,,
region_001133,A-602,Furnish & Install Wood Framing,HEADER PER STRUCTURAL PLANS,,,NOT_PROCESSED,,
region_001134,A-602,Furnish & Install Wood Framing,JAMB STUD PER STRUCTURAL PLANS,,,NOT_PROCESSED,,
region_001135,A-602,Furnish & Install Wood Framing,JAMB STUD PER STRUCTURAL PLANS,,,NOT_PROCESSED,,
region_001136,A-602,Furnish & Install Wood Framing,JAMB STUD PER STRUCTURAL PLANS,,,NOT_PROCESSED,,
region_001137,A-602,Furnish & Install Wood Framing,JAMB STUD PER STRUCTURAL PLANS,,,NOT_PROCESSED,,
region_001138,A-602,Furnish & Install Wood Framing,JAMB STUD PER STRUCTURAL PLANS,,,NOT_PROCESSED,,
region_001139,A-602,Furnish & Install Wood Framing,HEADER PER STRUCTURAL PLANS,,,NOT_PROCESSED,,
region_001140,A-602,Furnish & Install Wood Framing,"SILL PLATE & CRIPPLE STUDS PER WALL TYPE, SEE FLOOR PLAN FOR WALL TYPES",,,NOT_PROCESSED,,
region_001141,A-602,Furnish & Install Wood Framing,"SILL PLATE & CRIPPLE STUDS PER WALL TYPE, SEE FLOOR PLAN FOR WALL TYPES",,,NOT_PROCESSED,,
region_001142,A-602,Furnish & Install Wood Framing,"SILL PLATE & CRIPPLE STUDS PER WALL TYPE, SEE FLOOR PLAN FOR WALL TYPES",,,NOT_PROCESSED,,
region_001143,A-602,Furnish & Install Wood Framing,"2x WALL FRAMING, SEE FLOOR PLAN FOR ASSEMBLY TYPE.",,,NOT_PROCESSED,,
region_001144,A-602,Furnish & Install Wood Framing,ROOF FRAMING PER STRUCTURAL PLANS,,,NOT_PROCESSED,,
region_001145,A-602,Furnish & Install Wood Framing,JAMB STUD PER STRUCTURAL PLANS,,,NOT_PROCESSED,,
region_001146,A-602,Furnish & Install Fasteners,"HOT-DIP GALV. RING SHANK NAIL @ 12"" O.C.",,,NOT_PROCESSED,,
region_001147,A-602,Furnish & Install Structural Sheathing,EXTERIOR WALL SUBSTRATE,,,NOT_PROCESSED,,
region_001148,A-602,"Furnish & Install Mechanically Fastened, Vapor Permeable Air And Water Barrier","MECHANICALLY FASTENED MEMBRANE AIR AND WATER BARRIER, VAPOR PERMEABLE",,,NOT_PROCESSED,,
region_001149,A-602,"Furnish & Install Mechanically Fastened, Vapor Permeable Air And Water Barrier","MECHANICALLY FASTENED MEMBRANE AIR AND WATER BARRIER, VAPOR PERMEABLE",,,NOT_PROCESSED,,
region_001150,A-602,"Furnish & Install Mechanically Fastened, Vapor Permeable Air And Water Barrier","MECHANICALLY FASTENED MEMBRANE AIR AND WATER BARRIER, VAPOR PERMEABLE",,,NOT_PROCESSED,,
region_001151,A-602,"Furnish & Install Mechanically Fastened, Vapor Permeable Air And Water Barrier","MECHANICALLY FASTENED MEMBRANE AIR AND WATER BARRIER, VAPOR PERMEABLE",,,NOT_PROCESSED,,
region_001152,A-602,"Furnish & Install Mechanically Fastened, Vapor Permeable Air And Water Barrier","MECHANICALLY FASTENED MEMBRANE AIR AND WATER BARRIER, VAPOR PERMEABLE",,,NOT_PROCESSED,,
region_001153,A-602,Furnish & Install Weather Resistant Barrier (WRB),WEATHER RESISTANT BARRIER (WRB),,,NOT_PROCESSED,,
region_001154,A-602,Furnish & Install Weather Resistant Barrier (WRB),WEATHER RESISTANT BARRIER (WRB),,,NOT_PROCESSED,,
region_001155,A-602,Furnish & Install Weather Resistant Barrier (WRB),WEATHER RESISTANT BARRIER (WRB),,,NOT_PROCESSED,,
region_001156,A-602,Furnish & Install Weather Resistant Barrier (WRB),WEATHER RESISTANT BARRIER (WRB),,,NOT_PROCESSED,,
region_001157,A-602,Furnish & Install Thermal Batt Insulation,R-21 BATT INSULATION,,,NOT_PROCESSED,,
region_001158,A-602,Furnish & Install Thermal Batt Insulation,R-21 BATT INSULATION,,,NOT_PROCESSED,,
region_001159,A-602,Furnish & Install Thermal Batt Insulation,R-21 BATT INSULATION,,,NOT_PROCESSED,,
region_001160,A-602,Furnish & Install Thermal Batt Insulation,R-21 BATT INSULATION,,,NOT_PROCESSED,,
region_001161,A-602,Furnish & Install Thermal Batt Insulation,R-21 BATT INSULATION,,,NOT_PROCESSED,,
region_001162,A-602,Furnish & Install Thermal Batt Insulation,R-21 BATT INSULATION,,,NOT_PROCESSED,,
region_001163,A-602,Furnish & Install Thermal Batt Insulation,R-21 BATT INSULATION,,,NOT_PROCESSED,,
region_001164,A-602,Furnish & Install Thermal Batt Insulation,R-21 BATT INSULATION,,,NOT_PROCESSED,,
region_001165,A-602,Furnish & Install Thermal Batt Insulation,R-21 BATT INSULATION,,,NOT_PROCESSED,,
region_001166,A-602,Furnish & Install Mineral Wool Insulation,"1-1/4"" MINERAL WOOL INSULATION",,,NOT_PROCESSED,,
region_001167,A-602,Furnish & Install Mineral Wool Insulation,"1-1/4"" MINERAL WOOL INSULATION",,,NOT_PROCESSED,,
region_001168,A-602,Furnish & Install Mineral Wool Insulation,"1-1/4"" MINERAL WOOL INSULATION",,,NOT_PROCESSED,,
region_001169,A-602,Furnish & Install Mineral Wool Insulation,"1-1/4"" MINERAL WOOL INSULATION",,,NOT_PROCESSED,,
region_001170,A-602,Furnish & Install Mineral Wool Insulation,"1-1/4"" MINERAL WOOL INSULATION",,,NOT_PROCESSED,,
region_001171,A-602,Furnish & Install Mineral Wool Insulation,"1-1/4"" MINERAL WOOL INSULATION",,,NOT_PROCESSED,,
region_001172,A-602,Furnish & Install Mineral Wool Insulation,"1-1/4"" MINERAL WOOL INSULATION",,,NOT_PROCESSED,,
region_001173,A-602,Furnish & Install Mineral Wool Insulation,"1-1/4"" MINERAL WOOL INSULATION",,,NOT_PROCESSED,,
region_001174,A-602,Furnish & Install Mineral Wool Insulation,"1-1/4"" MINERAL WOOL INSULATION",,,NOT_PROCESSED,,
region_001175,A-602,Furnish & Install Mineral Wool Insulation,"1-1/4"" MINERAL WOOL INSULATION",,,NOT_PROCESSED,,
region_001176,A-602,Furnish & Install Mineral Wool Insulation,"1-1/4"" MINERAL WOOL INSULATION",,,NOT_PROCESSED,,
region_001177,A-602,Furnish & Install Acoustic Batt Insulation,"SOUND ATTENUATION BLANKET; WHERE OCCURS, SEE WALL TYPES",,,NOT_PROCESSED,,
region_001178,A-602,Furnish & Install Acoustic Batt Insulation,"SOUND ATTENUATION BLANKET; WHERE OCCURS, SEE WALL TYPES",,,NOT_PROCESSED,,
region_001179,A-602,Furnish & Install Acoustic Batt Insulation,"SOUND ATTENUATION BLANKET; WHERE OCCURS, SEE WALL TYPES",,,NOT_PROCESSED,,
region_001180,A-602,Furnish & Install Acoustic Batt Insulation,"SOUND ATTENUATION BLANKET; WHERE OCCURS, SEE WALL TYPES",,,NOT_PROCESSED,,
region_001181,A-602,Furnish & Install Rigid Insulation,RIDGED INSULATION,,,NOT_PROCESSED,,
region_001182,A-602,Furnish & Install Weather Resistant Barrier,WEATHER RESISTANT BARRIER (WRB),,,NOT_PROCESSED,,
region_001183,A-602,Furnish & Install Self-Adhered Single-Ply Roofing Membrane,"SINGLE PLY ROOF, SEE ROOF PLAN FOR ASSEMBLY TYPE",,,NOT_PROCESSED,,
region_001184,A-602,Furnish & Install Horizontal Composite Siding,COMPOSITE SIDING - HORIZONTAL (CS-2),,,NOT_PROCESSED,,
region_001185,A-602,Furnish & Install Horizontal Composite Siding,COMPOSITE SIDING - HORIZONTAL (CS-2),,,NOT_PROCESSED,,
region_001186,A-602,Furnish & Install Horizontal Composite Siding,COMPOSITE SIDING - HORIZONTAL (CS-2),,,NOT_PROCESSED,,
region_001187,A-602,Furnish & Install Horizontal Composite Siding,COMPOSITE SIDING - HORIZONTAL (CS-2),,,NOT_PROCESSED,,
region_001188,A-602,Furnish & Install Vertical Composite Siding,COMPOSITE SIDING - VERTICAL (CS-1),,,NOT_PROCESSED,,
region_001189,A-602,Furnish & Install Vertical Composite Siding,COMPOSITE SIDING - VERTICAL (CS-1),,,NOT_PROCESSED,,
region_001190,A-602,Furnish & Install Self-Adhered and Flexible Flashing Membrane,FLASHING MEMBRANE,,,NOT_PROCESSED,,
region_001191,A-602,Furnish & Install Self-Adhered and Flexible Flashing Membrane,FLASHING MEMBRANE,,,NOT_PROCESSED,,
region_001192,A-602,Furnish & Install Self-Adhered and Flexible Flashing Membrane,FLASHING MEMBRANE,,,NOT_PROCESSED,,
region_001193,A-602,Furnish & Install Self-Adhered and Flexible Flashing Membrane,FLASHING MEMBRANE,,,NOT_PROCESSED,,
region_001194,A-602,Furnish & Install Self-Adhered and Flexible Flashing Membrane,SELF ADHERED FLASHING MEMBRANE,,,NOT_PROCESSED,,
region_001195,A-602,Furnish & Install Self-Adhered and Flexible Flashing Membrane,SILL FLASHING,,,NOT_PROCESSED,,
region_001196,A-602,Furnish & Install Break Metal Trim,BREAK-METAL JAMB WINDOW TRIM OVER RIGID INSULATION,,,NOT_PROCESSED,,
region_001197,A-602,Furnish & Install Break Metal Trim,"BRAKE-METAL WINDOW TRIM ASSEMBLY, SEE DETAIL A5/A602",,,NOT_PROCESSED,,
region_001198,A-602,Furnish & Install Break Metal Trim,"BRAKE-METAL WINDOW TRIM ASSEMBLY, SEE DETAIL A5/A602",,,NOT_PROCESSED,,
region_001199,A-602,Furnish & Install Break Metal Trim,"BRAKE-METAL WINDOW TRIM ASSEMBLY, SEE DETAIL A5/A602",,,NOT_PROCESSED,,
region_001200,A-602,Furnish & Install Break Metal Trim,"BRAKE-METAL WINDOW TRIM ASSEMBLY, SEE DETAIL A5/A602",,,NOT_PROCESSED,,
region_001201,A-602,Furnish & Install Break Metal Trim,"BRAKE-METAL WINDOW TRIM ASSEMBLY, SEE DETAIL A5/A602",,,NOT_PROCESSED,,
region_001202,A-602,Furnish & Install Break Metal Trim,"BRAKE-METAL WINDOW TRIM ASSEMBLY, SEE DETAIL A5/A602",,,NOT_PROCESSED,,
region_001203,A-602,Furnish & Install Break Metal Trim,"BRAKE-METAL WINDOW TRIM ASSEMBLY, SEE DETAIL A5/A602",,,NOT_PROCESSED,,
region_001204,A-602,Furnish & Install Break Metal Trim,"BRAKE-METAL WINDOW TRIM ASSEMBLY, SEE DETAIL A5/A602",,,NOT_PROCESSED,,
region_001205,A-602,Furnish & Install Break Metal Trim,"BRAKE-METAL WINDOW TRIM ASSEMBLY, SEE DETAIL A5/A602",,,NOT_PROCESSED,,
region_001206,A-602,Furnish & Install Break Metal Trim,"BRAKE-METAL WINDOW TRIM ASSEMBLY, SEE DETAIL A5/A602",,,NOT_PROCESSED,,
region_001207,A-602,Furnish & Install Break Metal Trim,TWO PIECE BREAK METAL WINDOW/ DOOR TRIM,,,NOT_PROCESSED,,
region_001208,A-602,Furnish & Install Flashing Installation Accessories,"POP-RIVET AT TOP AND BOTTOM / 18"" O.C.",,,NOT_PROCESSED,,
region_001209,A-602,Furnish & Install Flashing Installation Accessories,OPEN HEM SLIP JOINT,,,NOT_PROCESSED,,
region_001210,A-602,Furnish & Install General Purpose Exterior Sealant,SEALANT JOINT,,,NOT_PROCESSED,,
region_001211,A-602,Furnish & Install General Purpose Exterior Sealant,"1/4""TYP.",,,NOT_PROCESSED,,
region_001212,A-602,Furnish & Install General Purpose Exterior Sealant,CONTINUOUS SEALANT,,,NOT_PROCESSED,,
region_001213,A-602,Furnish & Install General Purpose Exterior Sealant,"1/4""TYP.",,,NOT_PROCESSED,,
region_001214,A-602,Furnish & Install General Purpose Exterior Sealant,JOINT SEALANT PER SIDING MANUFACTURER,,,NOT_PROCESSED,,
region_001215,A-602,Furnish & Install General Purpose Exterior Sealant,JOINT SEALANT PER SIDING MANUFACTURER,,,NOT_PROCESSED,,
region_001216,A-602,Furnish & Install General Purpose Exterior Sealant,"1/2"". MAX.",,,NOT_PROCESSED,,
region_001217,A-602,Furnish & Install General Purpose Exterior Sealant,JOINT SEALANT PER SIDING MANUFACTURER,,,NOT_PROCESSED,,
region_001218,A-602,Furnish & Install General Purpose Exterior Sealant,JOINT SEALANT PER SIDING MANUFACTURER,,,NOT_PROCESSED,,
region_001219,A-602,Furnish & Install Interior Sealant at Finishes,"CAULK FRAME TO GYP. BD. JOINT, TYP.",,,NOT_PROCESSED,,
region_001220,A-602,Furnish & Install Interior Sealant at Finishes,"CAULK FRAME TO GYP. BD. JOINT, TYP. ALL SIDES",,,NOT_PROCESSED,,
region_001221,A-602,Furnish & Install Hollow Metal Door Frames,"HM DOOR HEAD, SEE FLOOR PLAN FOR DOOR TYPE",,,NOT_PROCESSED,,
region_001222,A-602,Furnish & Install Hollow Metal Door Frames,"HOLLOW METAL FRAME PAINTED, BEYOND",,,NOT_PROCESSED,,
region_001223,A-602,Furnish & Install Hollow Metal Door Frames,HOLLOW METAL DOOR FRAME AND ATTACHMENT CLIP,,,NOT_PROCESSED,,
region_001224,A-602,Furnish & Install Hollow Metal Door Frames,"HM DOOR HEAD, SEE FLOOR PLAN FOR DOOR TYPE",,,NOT_PROCESSED,,
region_001225,A-602,Furnish & Install Hollow Metal Door Frames,HOLLOW METAL DOOR FRAME AND ATTACHMENT CLIP,,,NOT_PROCESSED,,
region_001226,A-602,Furnish & Install Wood Door Frames And Casings,"WOOD DOOR FRAME AND DOOR CASING, SEE FRAME TYPE ""WD2"" FOR MORE INFORMATION.",,,NOT_PROCESSED,,
region_001227,A-602,Furnish & Install Wood Door Frames And Casings,"WOOD DOOR FRAME AND DOOR CASING, SEE FRAME TYPE ""WD2"" FOR MORE INFORMATION.",,,NOT_PROCESSED,,
region_001228,A-602,Furnish & Install Wood Doors Per Schedule And Drawings,INTERIOR DOOR PER FLOOR PLAN,,,NOT_PROCESSED,,
region_001229,A-602,Furnish & Install Wood Doors Per Schedule And Drawings,INTERIOR DOOR PER FLOOR PLAN,,,NOT_PROCESSED,,
region_001230,A-602,Furnish & Install Wood Doors Per Schedule And Drawings,INTERIOR DOOR PER FLOOR PLAN,,,NOT_PROCESSED,,
region_001231,A-602,Furnish & Install Wood Doors Per Schedule And Drawings,INTERIOR DOOR PER FLOOR PLAN,,,NOT_PROCESSED,,
region_001232,A-602,Furnish & Install Door And Frame Assemblies Per Schedule,SEE FRAME TYPE,,,NOT_PROCESSED,,
region_001233,A-602,Furnish & Install Door And Frame Assemblies Per Schedule,EXTERIOR DOOR PER FLOOR PLAN,,,NOT_PROCESSED,,
region_001234,A-602,Furnish & Install Door And Frame Assemblies Per Schedule,SEE FRAME TYPE,,,NOT_PROCESSED,,
region_001235,A-602,Furnish & Install Door And Frame Assemblies Per Schedule,DOOR - SEE SCHEDULE,,,NOT_PROCESSED,,
region_001236,A-602,Furnish & Install Door Thresholds,"OFFSET SADDLE THRESHOLD, SET IN BED OF MASTIC.",,,NOT_PROCESSED,,
region_001237,A-602,Furnish & Install Vinyl Clad Windows,"NAIL-FIN WINDOW, SET IN FULL BEAD OF SEALANT. SEE FLOOR PLAN FOR WINDOW TYPE",,,NOT_PROCESSED,,
region_001238,A-602,Furnish & Install Vinyl Clad Windows,"NAIL-FIN WINDOW, SEE FLOOR PLAN FOR WINDOW TYPE",,,NOT_PROCESSED,,
region_001239,A-602,Furnish & Install Vinyl Clad Windows,"NAIL-FIN WINDOW, SEE FLOOR PLAN FOR WINDOW TYPE",,,NOT_PROCESSED,,
region_001240,A-602,Furnish & Install Vinyl Clad Windows,"NAIL-FIN WINDOW, SET IN FULL BEAD OF SEALANT. SEE FLOOR PLAN FOR WINDOW TYPE",,,NOT_PROCESSED,,
region_001241,A-602,Furnish & Install Vinyl Clad Windows,"NAIL-FIN WINDOW, SEE FLOOR PLAN FOR WINDOW TYPE",,,NOT_PROCESSED,,
region_001242,A-602,Furnish & Install Vinyl Clad Windows,"NAIL-FIN WINDOW, SEE FLOOR PLAN FOR WINDOW TYPE",,,NOT_PROCESSED,,
region_001243,A-602,Furnish & Install Vinyl Clad Windows,"NAIL-FIN WINDOW, SET IN FULL BEAD OF SEALANT. SEE FLOOR PLAN FOR WINDOW TYPE",,,NOT_PROCESSED,,
region_001244,A-602,Furnish & Install Vinyl Clad Windows,"NAIL-FIN WINDOW, SEE FLOOR PLAN FOR WINDOW TYPE",,,NOT_PROCESSED,,
region_001245,A-602,Furnish & Install Vinyl Clad Windows,"NAIL-FIN WINDOW, SEE FLOOR PLAN FOR WINDOW TYPE",,,NOT_PROCESSED,,
region_001246,A-602,Furnish & Install Vinyl Clad Windows,NAIL-FIN WINDOW SYSTEM,,,NOT_PROCESSED,,
region_001247,A-602,"Furnish & Install Single Layer 5/8"" Gypsum Board","(1) LAYER 5/8"" GYPSUM BOARD",,,NOT_PROCESSED,,
region_001248,A-602,"Furnish & Install Single Layer 5/8"" Gypsum Board","(1) LAYER 5/8"" GYPSUM BOARD",,,NOT_PROCESSED,,
region_001249,A-602,"Furnish & Install Single Layer 5/8"" Gypsum Board","(1) LAYER 5/8"" GYPSUM BOARD",,,NOT_PROCESSED,,
region_001250,A-602,"Furnish & Install Single Layer 5/8"" Gypsum Board","(1) LAYER 5/8"" GYPSUM BOARD",,,NOT_PROCESSED,,
region_001251,A-602,"Furnish & Install Single Layer 5/8"" Gypsum Board","(1) LAYER 5/8"" GYPSUM BOARD",,,NOT_PROCESSED,,
region_001252,A-602,Furnish & Install All Flooring Per General Installation Requirements,"FLOOR FINISH, SEE FINISH PLANS FOR MORE INFORMATION",,,NOT_PROCESSED,,
region_001253,A-602,"Furnish & Install Solid Surface Countertops, Splashes, And Window Sills","SOLID SURFACE WINDOW SILL, SEE FINISH PLANS",,,NOT_PROCESSED,,
region_001254,A-602,"Furnish & Install Solid Surface Countertops, Splashes, And Window Sills","SOLID SURFACE WINDOW SILL, SEE FINISH PLANS",,,NOT_PROCESSED,,
region_001255,A-602,"Furnish & Install Solid Surface Countertops, Splashes, And Window Sills","SOLID SURFACE WINDOW SILL, SEE FINISH PLANS",,,NOT_PROCESSED,,
region_001256,A-602,"Furnish & Install Solid Surface Countertops, Splashes, And Window Sills","SOLID SURFACE WINDOW SILL, SEE FINISH PLANS",,,NOT_PROCESSED,,
region_001257,A-602,"Furnish & Install Solid Surface Countertops, Splashes, And Window Sills","SOLID SURFACE WINDOW SILL, SEE FINISH PLANS",,,NOT_PROCESSED,,
region_001258,A-602,"Furnish & Install Solid Surface Countertops, Splashes, And Window Sills","SOLID SURFACE WINDOW SILL, SEE FINISH PLANS",,,NOT_PROCESSED,,
region_001259,CU300,Furnish & Install Concrete Collars for Utility Structures,"7. WATER VALVES, SEWER MANHOLES, STORM DRAIN INLETS OR CLEANOUT BOXES, AND OTHER SURFACE UTILITY ACCESSORIES SHALL BE RAISED AND SLOPED TO ACCURATE FINISH SURFACE BY A CONCRETE GRADE COLLAR IN PAVEMENT. COLLAR SHALL BE 12"" WIDE AROUND THE UTILITY APPARATUSES AND 8"" MINIMUM THICKNESS. PLACE 2 #4 REBAR HOOPS IN COLLAR. REFER TO DETAIL ON SHEET C100. CONCRETE COLLARS TO BE USED ONLY IN ASPHALT PAVEMENT AREAS.",,,NOT_PROCESSED,,
region_001260,CU300,Furnish & Install Concrete Formwork and Accessories,"3. ALL FIRE SPRINKLER LINES SHALL HAVE 60"" OF COVER MINIMUM. ALL OTHER WATERLINES INCLUDING EXISTING LINES TO HAVE 48"" MINIMUM COVER. CUT IN NEW TEE CONNECTIONS TO EXISTING WATER LINE CONNECTIONS. COORDINATE WITH BYU ENGINEERING. TERMINATE NEW 2"" WATER BUILDING SERVICE LINES IN THE BASE FLOOR TERMINATING 24"" ABOVE THE FINISH FLOOR. PROVIDE A 4"" PVC SLEEVE THROUGH THE FLOOR SLAB FOR THE 2"" POLY LINE CONNECTION TO THE BUILDING. REFER TO PLUMBING PLANS FOR EXTENTION IN THE BUILDING.",,,NOT_PROCESSED,,
region_001261,CU300,Furnish & Install — Sleeving for Drain Pipe Through Site Walls,"16. SITE WALLS (EXCEPT STAIR CHEEK WALLS OR SEAT WALLS) TO HAVE A 3"" PERFORATED DRAIN (PVC OR HDPE WRAPPED IN DRAINAGE FABRIC) AS SHOWN ON PLANS AND ON THE RETAINING WALL DETAILS ON STRUCTURAL PLANS. CONNECT TO SITE DRAINAGE STRUCTURES AS SHOWN WITH 4"" PVC SOLID PIPE (SDR 35) FROM THE CONNECTION AT THE PERFORATED FOOTING DRAIN PIPE TO THE STORM DRAIN STRUCTURE. SLEEVE DRAIN PIPE THROUGH SITE WALLS AS REQUIRED TO CONNECT TO DRAINAGE SYSTEM. WHERE FOOTINGS STEP DOWN BELOW NORMAL DEPTH FOR UTILITY CROSSING, THE PERFORATED DRAIN PIPE DOES NOT STEP DOWN TO AVOID CREATING ANY LOW POINTS IN THE WALL DRAIN PIPING. CONNECTION OF PERFORATED DRAIN OCCUR AT EACH ADS BOX SET ALONG THE HIGHSIDE OF THE WALL. REFER TO PLAN AND PROFILE SHEETS.",,,NOT_PROCESSED,,
region_001262,CU300,Furnish & Install Concrete Wall Footings,"9. WHERE UTILITY LINES CROSS SITE WALLS, WALL FOOTINGS SHALL STEP BELOW UTILITIES FOR WATER AND GAS PIPING AS WELL AS STORM DRAIN LINES THAT DO NOT HAVE 2' OF FILL BETWEEN THE BOTTOM OF THE NORMAL WALL FOOTING DEPTH (30"" DEPTH) AND THE TOP OF PIPE. REFER TO DETAIL ON STRUCTURAL PLANS FOR TYPICAL FOOTING STEP DETAIL AS WELL AS SEAT WALL DETAILS. WHERE UTILITY LINES HAVE A MINIMUM OF 2' OF FILL BETWEEN THE TOP OF PIPE AND BOTTOM OF WALL FOOTING THE WALL FOOTING DOES NOT NEED TO STEP BELOW THE NORMAL 30"" DEPTH.",,,NOT_PROCESSED,,
region_001263,CU300,"Furnish & Install Concrete Curbs, Gutters, and Mow Strips","12. REPAIR PAVEMENT, AS WELL AS CURB & GUTTER, AND SIDEWALKS WHERE UTILITIES CROSS INTO SITE TEMPORARY LIMIT LINES TO MAINTAIN TRAFFIC THROUGH THESE AREAS. COORDINATE TRAFFIC CONTROL WITH BYU.",,,NOT_PROCESSED,,
region_001264,CU300,Furnish & Install Pavement Restoration and Repair,"12. REPAIR PAVEMENT, AS WELL AS CURB & GUTTER, AND SIDEWALKS WHERE UTILITIES CROSS INTO SITE TEMPORARY LIMIT LINES TO MAINTAIN TRAFFIC THROUGH THESE AREAS. COORDINATE TRAFFIC CONTROL WITH BYU.",,,NOT_PROCESSED,,
region_001265,CU300,Furnish & Install — Fire Sprinkler System Piping,"3. ALL FIRE SPRINKLER LINES SHALL HAVE 60"" OF COVER MINIMUM. ALL OTHER WATERLINES INCLUDING EXISTING LINES TO HAVE 48"" MINIMUM COVER. CUT IN NEW TEE CONNECTIONS TO EXISTING WATER LINE CONNECTIONS. COORDINATE WITH BYU ENGINEERING. TERMINATE NEW 2"" WATER BUILDING SERVICE LINES IN THE BASE FLOOR TERMINATING 24"" ABOVE THE FINISH FLOOR. PROVIDE A 4"" PVC SLEEVE THROUGH THE FLOOR SLAB FOR THE 2"" POLY LINE CONNECTION TO THE BUILDING. REFER TO PLUMBING PLANS FOR EXTENTION IN THE BUILDING.",,,NOT_PROCESSED,,
region_001266,CU300,Furnish & Install — Interior Drains and Cleanouts,"22. TRENCH DRAINS TD-1 THRU TD-5 TO BE ""ACO DRAIN KLASSIKDRAIN K100"" OR APPROVED EQUIVALENT. BUILT IN SLOPE TO BE APPROXIMATELY 1% FROM SHALLOW END TO OUTLET. PROVIDE A 4"" BOTTOM OUTLET FOR A SCHEDULE 40 PVC PIPE AT THE LOW END OF THE TRENCH DRAIN. MINIMUM DEPTH AT LOW END TO BE 12"". GRATE TO BE LOAD CLASS C HEEL SAFE PERFORATED STAINLESS STEEL OR APPROVED EQUIVALENT. CONNECT THE PVC PIPE TO THE NEAREST ADS BOX OR WYE INTO ROOF DRAIN PIPE WHERE SHOWN ON PLAN AND PROFILE SHEETS.",,,NOT_PROCESSED,,
region_001267,CU300,"Furnish & Install Fill, Base Course, and Bedding Materials","1. PIPING MATERIALS TO BE PER UTILITY SPEC. AS OUTLINED BELOW: NEW WATER LINES - CEMENT MORTAR LINED DUCTILE IRON PIPE WRAPPED IN 10 MIL POLYETHYLENE SLEEVES PER AWWA C105 (THRUST BLOCK PER BYU STD'S) WATER SERVICE LINES - 2"" POLYETHYLENE  AWWA  C901 (SDR-9) SEWER - PVC PIPE 4"" TO 10"" (SDR 35), USE 6"" DI AT FITTING ON SERVICE LINES. SEE NOTES ON CU-310 STORM DRAIN - 12"" TO 18"" HDPE PIPE WITH WATER TIGHT JOINTS. WYE FITTING TO BE WATER TIGHT JOINTS. ROOF AND LANDSCAPE - 6"" TO 10"" PVC (SDR 35). GAS - UAC 2000 MDPE YELLOW GAS PIPE SDR-11 PER ASTM D2837 PIPE ZONE MATERIAL TO BE WASHED SAND. SEE NOTE 5.",,,NOT_PROCESSED,,
region_001268,CU300,"Furnish & Install Fill, Base Course, and Bedding Materials","15. ALL WYE FITTINGS FOR STORM DRAIN PIPING TO BE FACTORY FABRICATED. WHERE MAIN PIPE IS 8"" OR LARGER, USE FLOWABLE FILL 3' UPSTREAM AND DOWN STREAM FROM ALL WYE FITTINGS.  WYE FITTINGS CONNECTING TO PIPE LARGER THAN 8"" SHALL BE NEAR THE TOP  OF THE MAIN STORM DRAIN PIPE. FLOWABLE FILL MAY TERMINATE 6"" ABOVE THE TOP OF SMALLER STORM DRAIN PIPE CONNECTION TO THE MAIN PIPE. PROVIDE A MINIMUM OF 18"" TOPSOIL COVER OVER TOP OF FLOWABLE FILL IN LANDSCAPE AREAS.",,,NOT_PROCESSED,,
region_001269,CU300,"Furnish & Install General Excavation, Trenching, and Backfill","4. POTHOLE ALL EXISTING UTILITY CROSSINGS PRIOR TO ROUTING ANY NEW UTILITIES. ALL NEW SEWER, DRAINAGE, OR OTHER GRAVITY LINES SHALL BE COMPLETED PRIOR TO ROUTING ANY PRESSURE LINES. WHERE EXISTING UTILITIES CONFLICT WITH NEW GRAVITY LINES, RAISE OR LOWER EXISTING UTILITIES TO ACCOMMODATE NEW GRAVITY LINES. PROVIDE 12"" MIN. CLEARANCE. WATER LINES SHALL NOT BE PLACED UNDER SEWER LINES AND SHALL HAVE A MINIMUM OF 18"" CLEARANCE OF SEWER.",,,NOT_PROCESSED,,
region_001270,CU300,Furnish & Install Irrigation Piping and Stubs,NEW IRRIGATION STUBOUT. ABANDONED THE TEMPORARY IRRIGATION LINE ONCE THE STUBOUT IS OPERATIONAL,,,NOT_PROCESSED,,
region_001271,CU300,Furnish & Install Irrigation System Components,IRR,,,NOT_PROCESSED,,
region_001272,CU300,Furnish & Install Irrigation System Components,IRR,,,NOT_PROCESSED,,
region_001273,CU300,Furnish & Install Irrigation System Components,IRR,,,NOT_PROCESSED,,
region_001274,CU300,Furnish & Install General Water Pipe and Appurtenances,"1. PIPING MATERIALS TO BE PER UTILITY SPEC. AS OUTLINED BELOW: NEW WATER LINES - CEMENT MORTAR LINED DUCTILE IRON PIPE WRAPPED IN 10 MIL POLYETHYLENE SLEEVES PER AWWA C105 (THRUST BLOCK PER BYU STD'S) WATER SERVICE LINES - 2"" POLYETHYLENE  AWWA  C901 (SDR-9) SEWER - PVC PIPE 4"" TO 10"" (SDR 35), USE 6"" DI AT FITTING ON SERVICE LINES. SEE NOTES ON CU-310 STORM DRAIN - 12"" TO 18"" HDPE PIPE WITH WATER TIGHT JOINTS. WYE FITTING TO BE WATER TIGHT JOINTS. ROOF AND LANDSCAPE - 6"" TO 10"" PVC (SDR 35). GAS - UAC 2000 MDPE YELLOW GAS PIPE SDR-11 PER ASTM D2837 PIPE ZONE MATERIAL TO BE WASHED SAND. SEE NOTE 5.",,,NOT_PROCESSED,,
region_001275,CU300,Furnish & Install 2-Inch Water Pipe and Service Connections,"1. PIPING MATERIALS TO BE PER UTILITY SPEC. AS OUTLINED BELOW: NEW WATER LINES - CEMENT MORTAR LINED DUCTILE IRON PIPE WRAPPED IN 10 MIL POLYETHYLENE SLEEVES PER AWWA C105 (THRUST BLOCK PER BYU STD'S) WATER SERVICE LINES - 2"" POLYETHYLENE  AWWA  C901 (SDR-9) SEWER - PVC PIPE 4"" TO 10"" (SDR 35), USE 6"" DI AT FITTING ON SERVICE LINES. SEE NOTES ON CU-310 STORM DRAIN - 12"" TO 18"" HDPE PIPE WITH WATER TIGHT JOINTS. WYE FITTING TO BE WATER TIGHT JOINTS. ROOF AND LANDSCAPE - 6"" TO 10"" PVC (SDR 35). GAS - UAC 2000 MDPE YELLOW GAS PIPE SDR-11 PER ASTM D2837 PIPE ZONE MATERIAL TO BE WASHED SAND. SEE NOTE 5.",,,NOT_PROCESSED,,
region_001276,CU300,Furnish & Install 2-Inch Water Pipe and Service Connections,"3. ALL FIRE SPRINKLER LINES SHALL HAVE 60"" OF COVER MINIMUM. ALL OTHER WATERLINES INCLUDING EXISTING LINES TO HAVE 48"" MINIMUM COVER. CUT IN NEW TEE CONNECTIONS TO EXISTING WATER LINE CONNECTIONS. COORDINATE WITH BYU ENGINEERING. TERMINATE NEW 2"" WATER BUILDING SERVICE LINES IN THE BASE FLOOR TERMINATING 24"" ABOVE THE FINISH FLOOR. PROVIDE A 4"" PVC SLEEVE THROUGH THE FLOOR SLAB FOR THE 2"" POLY LINE CONNECTION TO THE BUILDING. REFER TO PLUMBING PLANS FOR EXTENTION IN THE BUILDING.",,,NOT_PROCESSED,,
region_001277,CU300,Furnish & Install General Sanitary Sewer Pipe and Laterals,"1. PIPING MATERIALS TO BE PER UTILITY SPEC. AS OUTLINED BELOW: NEW WATER LINES - CEMENT MORTAR LINED DUCTILE IRON PIPE WRAPPED IN 10 MIL POLYETHYLENE SLEEVES PER AWWA C105 (THRUST BLOCK PER BYU STD'S) WATER SERVICE LINES - 2"" POLYETHYLENE  AWWA  C901 (SDR-9) SEWER - PVC PIPE 4"" TO 10"" (SDR 35), USE 6"" DI AT FITTING ON SERVICE LINES. SEE NOTES ON CU-310 STORM DRAIN - 12"" TO 18"" HDPE PIPE WITH WATER TIGHT JOINTS. WYE FITTING TO BE WATER TIGHT JOINTS. ROOF AND LANDSCAPE - 6"" TO 10"" PVC (SDR 35). GAS - UAC 2000 MDPE YELLOW GAS PIPE SDR-11 PER ASTM D2837 PIPE ZONE MATERIAL TO BE WASHED SAND. SEE NOTE 5.",,,NOT_PROCESSED,,
region_001278,CU300,Furnish & Install General Storm Drain Pipe and Connections,"1. PIPING MATERIALS TO BE PER UTILITY SPEC. AS OUTLINED BELOW: NEW WATER LINES - CEMENT MORTAR LINED DUCTILE IRON PIPE WRAPPED IN 10 MIL POLYETHYLENE SLEEVES PER AWWA C105 (THRUST BLOCK PER BYU STD'S) WATER SERVICE LINES - 2"" POLYETHYLENE  AWWA  C901 (SDR-9) SEWER - PVC PIPE 4"" TO 10"" (SDR 35), USE 6"" DI AT FITTING ON SERVICE LINES. SEE NOTES ON CU-310 STORM DRAIN - 12"" TO 18"" HDPE PIPE WITH WATER TIGHT JOINTS. WYE FITTING TO BE WATER TIGHT JOINTS. ROOF AND LANDSCAPE - 6"" TO 10"" PVC (SDR 35). GAS - UAC 2000 MDPE YELLOW GAS PIPE SDR-11 PER ASTM D2837 PIPE ZONE MATERIAL TO BE WASHED SAND. SEE NOTE 5.",,,NOT_PROCESSED,,
region_001279,CU300,Furnish & Install General Storm Drain Pipe and Connections,"15. ALL WYE FITTINGS FOR STORM DRAIN PIPING TO BE FACTORY FABRICATED. WHERE MAIN PIPE IS 8"" OR LARGER, USE FLOWABLE FILL 3' UPSTREAM AND DOWN STREAM FROM ALL WYE FITTINGS.  WYE FITTINGS CONNECTING TO PIPE LARGER THAN 8"" SHALL BE NEAR THE TOP  OF THE MAIN STORM DRAIN PIPE. FLOWABLE FILL MAY TERMINATE 6"" ABOVE THE TOP OF SMALLER STORM DRAIN PIPE CONNECTION TO THE MAIN PIPE. PROVIDE A MINIMUM OF 18"" TOPSOIL COVER OVER TOP OF FLOWABLE FILL IN LANDSCAPE AREAS.",,,NOT_PROCESSED,,
region_001280,CU300,Furnish & Install General Storm Drain Pipe and Connections,> 8''SD,,,NOT_PROCESSED,,
region_001281,CU300,Furnish & Install General Storm Drain Pipe and Connections,> 8''SD,,,NOT_PROCESSED,,
region_001282,CU300,Furnish & Install General Storm Drain Pipe and Connections,> 8''SD,,,NOT_PROCESSED,,
region_001283,CU300,Furnish & Install Gas Pipe and Appurtenances,"1. PIPING MATERIALS TO BE PER UTILITY SPEC. AS OUTLINED BELOW: NEW WATER LINES - CEMENT MORTAR LINED DUCTILE IRON PIPE WRAPPED IN 10 MIL POLYETHYLENE SLEEVES PER AWWA C105 (THRUST BLOCK PER BYU STD'S) WATER SERVICE LINES - 2"" POLYETHYLENE  AWWA  C901 (SDR-9) SEWER - PVC PIPE 4"" TO 10"" (SDR 35), USE 6"" DI AT FITTING ON SERVICE LINES. SEE NOTES ON CU-310 STORM DRAIN - 12"" TO 18"" HDPE PIPE WITH WATER TIGHT JOINTS. WYE FITTING TO BE WATER TIGHT JOINTS. ROOF AND LANDSCAPE - 6"" TO 10"" PVC (SDR 35). GAS - UAC 2000 MDPE YELLOW GAS PIPE SDR-11 PER ASTM D2837 PIPE ZONE MATERIAL TO BE WASHED SAND. SEE NOTE 5.",,,NOT_PROCESSED,,
region_001284,CU300,Furnish & Install Gas Pipe and Appurtenances,"5. N EW GAS LINE SHALL BE INSTALLED BY AN ENBRIDGE GAS APPROVED CONTRACTOR (WHITAKER OR NIELS FUGAL CONSTRUCTION OR ETC.). ALL GAS LINE CONSTRUCTION TO BE IN ACCORDANCE WITH PIPE MANUFACTURERS RECOMMENDATIONS. A #14 (AWG) TRACER WIRE IS REQUIRED FOR ALL NEW MDPE GAS PIPING. TERMINATE GAS LINE AND TRACER WIRE AT AN ANODELESS RISER AND GAS COCK SET ABOVE GRADE TO CONNECT TO THE BUILDING REGULATOR AT EACH BUILDING AS SHOWN ON PLUMBING PLANS. ALL WORK TO BE COMPLETED IN ACCORDANCE WITH THE AMERICAN GAS ASSOCIATION PLASTIC PIPE MANUAL FOR GAS SERVICE. GAS LINE TO THE METER WILL BE COMPLETED BY ENBRIDGE INCLUDING THE METER SET. THE BURIED LINE IS A 2"" LINE.",,,NOT_PROCESSED,,
region_001285,CU300,Furnish & Install Connections to Existing Utilities and Buildings,2. SITE WORK TO INTERFACE WITH BUILDING CONSTRUCTION AT THE FOLLOWING LOCATIONS (REFER TO NOTES ON C100): A. THE SEWER SERVICE TO THE BUILDING CONNECTS TO THE SITE SYSTEM AT THE DOUBLE CLEANOUTS AS SHOWN ON THE PLUMBING PLANS. B. ALL OTHER UTILITIES CONNECTING TO THE BUILDING (EXCEPT WATER LINES) WILL INTERFACE 5' FROM THE BUILDING. SITE CONTRACTOR TO PROVIDE ALL NECESSARY FITTINGS OR REDUCERS AS REQUIRED FOR CONNECTION TO THE BUILDING STUBOUT. C. EXTERIOR CLEANOUT ON THE ROOF DRAIN LINES WILL BE PART OF THE SITE WORK.,,,NOT_PROCESSED,,
region_001286,CU300,Furnish & Install Connections to Existing Utilities and Buildings,CONNECT TO EXISTING WATERLINE,,,NOT_PROCESSED,,
region_001287,CU300,Furnish & Install Connections to Existing Utilities and Buildings,CONNECT TO EXISTING WATERLINES,,,NOT_PROCESSED,,
region_001288,CU300,Furnish & Install Connections to Existing Utilities and Buildings,CONNECT TO EXISTING SEWER,,,NOT_PROCESSED,,
region_001289,CU300,Furnish & Install Connections to Existing Utilities and Buildings,CONNECT TO EXISTING STORM DRAIN.,,,NOT_PROCESSED,,
region_001290,CU300,Furnish & Install Connections to Existing Utilities and Buildings,CONNECT TO EXISTING STORM DRAIN. MAINTAIN FLOW AT ALL TIMES,,,NOT_PROCESSED,,
region_001291,CU300,Furnish & Install Connections to Existing Utilities and Buildings,CONNECT TO EXISTING WATERLINE. CONNECT TEMPORARY IRRIGATION STUB. ABANDON AND DISCONNECT LINE WHEN THE UPHILL LINE ENERGIZED,,,NOT_PROCESSED,,
region_001292,CU300,Furnish & Install Connections to Existing Utilities and Buildings,CONNECT TO EXISTING STORM DRAIN.,,,NOT_PROCESSED,,
region_001293,CU300,Furnish & Install Connections to Existing Utilities and Buildings,CONNECT TO EXISTING SEWER,,,NOT_PROCESSED,,
region_001294,CU300,Furnish & Install Connections to Existing Utilities and Buildings,CONNECT TO EXISTING GAS LINE,,,NOT_PROCESSED,,
region_001295,CU300,Furnish & Install Connections to Existing Utilities and Buildings,CONNECT TO EXISTING STORM DRAIN.,,,NOT_PROCESSED,,
region_001296,CU300,Furnish & Install Connections to Existing Utilities and Buildings,CONNECT TO EXISTING SEWER,,,NOT_PROCESSED,,
region_001297,CU300,Furnish & Install Relocation and Adjustment of Existing Utilities,"4. POTHOLE ALL EXISTING UTILITY CROSSINGS PRIOR TO ROUTING ANY NEW UTILITIES. ALL NEW SEWER, DRAINAGE, OR OTHER GRAVITY LINES SHALL BE COMPLETED PRIOR TO ROUTING ANY PRESSURE LINES. WHERE EXISTING UTILITIES CONFLICT WITH NEW GRAVITY LINES, RAISE OR LOWER EXISTING UTILITIES TO ACCOMMODATE NEW GRAVITY LINES. PROVIDE 12"" MIN. CLEARANCE. WATER LINES SHALL NOT BE PLACED UNDER SEWER LINES AND SHALL HAVE A MINIMUM OF 18"" CLEARANCE OF SEWER.",,,NOT_PROCESSED,,
region_001298,CU300,Furnish & Install Relocation and Adjustment of Existing Utilities,17. ADJUST EXISTING UTILITY STRUCTURES TO NEW GRADES SHOWN ON THE GRADING PLANS. SEE NOTE 7 ABOVE FOR STRUCTURES IN NEW PAVEMENT AND DETAILS ON C-100.,,,NOT_PROCESSED,,
region_001299,CU300,Furnish & Install Thrust Blocks and Pipe Restraint Devices,"6. THRUST BLOCK ALL FITTINGS OR PROVIDE RESTRAINED JOINTS PER BYU STANDARDS. THE NEW 4"" & 6"" CONNECTIONS TO THE NEW BUILDING WILL REQUIRE RESTRAINED JOINTS FOR MANY FITTINGS DUE TO LIMITED SPACE BETWEEN PIPES. SEE TYPICAL DETAIL D ON C101.",,,NOT_PROCESSED,,
region_001300,CU300,Furnish & Install Plastic Drain Basins,"8. ALL ""CB"" LABELS ARE 24""Ø NYLOPLAST DRAINAGE BASINS WITH HS-20 RING AND COVER.  ALL ""ADS"" LABELS ARE 15"" NYLOPLAST DRAINAGE BASINS. ALL ""AD"" LABELS ARE 18"" NYLOPLAST DRAINAGE BASINS. REFER TO DETAIL CALLOUTS IN TABLE ON THIS SHEET. ALL GRATED COVERS TO BE HEEL SAFE COVERS.",,,NOT_PROCESSED,,
region_001301,CU300,Furnish & Install Plastic Drain Basins,CIB'S DEEPER THAN 5' TO BE 4'x3' BOXES.,,,NOT_PROCESSED,,
region_001302,CU300,Furnish & Install Plastic Drain Basins,"10. USE HS-20 SOLID COVERS ON ALL MANHOLES. CB, AD, AND ADS BOXES TO HAVE PEDESTRIAN TRAFFIC GRATED COVERS EXCEPT AS NOTED.",,,NOT_PROCESSED,,
region_001303,CU300,Furnish & Install Sanitary Sewer Manholes,14. SET NEW UTILITY MANHOLE OR STRUCTURE OVER EXISTING PIPING WHERE NEW & EXISTING PIPING CONNECT. RECONNECT ALL EXISTING PIPING TO NEW STRUCTURES. PROVIDE NEW SECTIONS OF PIPE IF NECESSARY TO RECONNECT ALL PIPING TO THE NEW UTILITY STRUCTURES.,,,NOT_PROCESSED,,
region_001304,CU300,Furnish & Install 3-Inch Perforated Drain Pipe,"16. SITE WALLS (EXCEPT STAIR CHEEK WALLS OR SEAT WALLS) TO HAVE A 3"" PERFORATED DRAIN (PVC OR HDPE WRAPPED IN DRAINAGE FABRIC) AS SHOWN ON PLANS AND ON THE RETAINING WALL DETAILS ON STRUCTURAL PLANS. CONNECT TO SITE DRAINAGE STRUCTURES AS SHOWN WITH 4"" PVC SOLID PIPE (SDR 35) FROM THE CONNECTION AT THE PERFORATED FOOTING DRAIN PIPE TO THE STORM DRAIN STRUCTURE. SLEEVE DRAIN PIPE THROUGH SITE WALLS AS REQUIRED TO CONNECT TO DRAINAGE SYSTEM. WHERE FOOTINGS STEP DOWN BELOW NORMAL DEPTH FOR UTILITY CROSSING, THE PERFORATED DRAIN PIPE DOES NOT STEP DOWN TO AVOID CREATING ANY LOW POINTS IN THE WALL DRAIN PIPING. CONNECTION OF PERFORATED DRAIN OCCUR AT EACH ADS BOX SET ALONG THE HIGHSIDE OF THE WALL. REFER TO PLAN AND PROFILE SHEETS.",,,NOT_PROCESSED,,
region_001305,CU300,Furnish & Install 8-Inch Storm Drain Pipe,> 8''SD,,,NOT_PROCESSED,,
region_001306,CU300,Furnish & Install 8-Inch Storm Drain Pipe,> 8''SD,,,NOT_PROCESSED,,
region_001307,CU300,Furnish & Install 8-Inch Storm Drain Pipe,> 8''SD,,,NOT_PROCESSED,,
region_001308,CU300,Furnish & Install 8-Inch Storm Drain Pipe,> 8''SD,,,NOT_PROCESSED,,
region_001309,CU300,Furnish & Install 8-Inch Storm Drain Pipe,> 8''SD,,,NOT_PROCESSED,,
region_001310,CU300,Furnish & Install 8-Inch Storm Drain Pipe,> 8''SD,,,NOT_PROCESSED,,
region_001311,CU300,Furnish & Install 8-Inch Storm Drain Pipe,> 8''SD,,,NOT_PROCESSED,,
region_001312,CU300,Furnish & Install 8-Inch Storm Drain Pipe,> 8''SD,,,NOT_PROCESSED,,
region_001313,CU300,Furnish & Install 8-Inch Storm Drain Pipe,> 8''SD,,,NOT_PROCESSED,,
region_001314,CU300,Furnish & Install 8-Inch Storm Drain Pipe,> 8''SD,,,NOT_PROCESSED,,
region_001315,CU300,Furnish & Install 8-Inch Storm Drain Pipe,> 8''SD,,,NOT_PROCESSED,,
region_001316,CU300,Furnish & Install 8-Inch Storm Drain Pipe,> 8''SD,,,NOT_PROCESSED,,
region_001317,CU300,Furnish & Install 8-Inch Storm Drain Pipe,> 8''SD,,,NOT_PROCESSED,,
region_001318,CU300,Furnish & Install 8-Inch Storm Drain Pipe,> 8''SD,,,NOT_PROCESSED,,
region_001319,CU300,Furnish & Install 8-Inch Storm Drain Pipe,> 8''SD,,,NOT_PROCESSED,,
region_001320,CU300,Furnish & Install 8-Inch Storm Drain Pipe,> 8''SD,,,NOT_PROCESSED,,
region_001321,CU300,Furnish & Install 8-Inch Storm Drain Pipe,> 8''SD,,,NOT_PROCESSED,,
region_001322,CU300,Furnish & Install 8-Inch Storm Drain Pipe,> 8''SD,,,NOT_PROCESSED,,
region_001323,CU300,Furnish & Install 8-Inch Storm Drain Pipe,> 8''SD,,,NOT_PROCESSED,,
region_001324,CU300,Furnish & Install 8-Inch Storm Drain Pipe,> 8''SD,,,NOT_PROCESSED,,
region_001325,CU300,Furnish & Install 8-Inch Storm Drain Pipe,> 8''SD,,,NOT_PROCESSED,,
region_001326,CU300,Furnish & Install 8-Inch Storm Drain Pipe,> 8''SD,,,NOT_PROCESSED,,
region_001327,CU300,Furnish & Install 8-Inch Storm Drain Pipe,> 8''SD,,,NOT_PROCESSED,,
region_001328,CU300,Furnish & Install 8-Inch Storm Drain Pipe,> 8''SD,,,NOT_PROCESSED,,
region_001329,CU300,Furnish & Install 8-Inch Storm Drain Pipe,> 8''SD,,,NOT_PROCESSED,,
region_001330,CU300,Furnish & Install 10-Inch Storm Drain Pipe,> 10''SD,,,NOT_PROCESSED,,
region_001331,CU300,Furnish & Install 10-Inch Storm Drain Pipe,> 10''SD,,,NOT_PROCESSED,,
region_001332,CU300,Furnish & Install 10-Inch Storm Drain Pipe,> 10''SD,,,NOT_PROCESSED,,
region_001333,CU300,Furnish & Install 10-Inch Storm Drain Pipe,> 10''SD,,,NOT_PROCESSED,,
region_001334,CU300,Furnish & Install 10-Inch Storm Drain Pipe,> 10''SD,,,NOT_PROCESSED,,
region_001335,CU300,Furnish & Install 10-Inch Storm Drain Pipe,> 10''SD,,,NOT_PROCESSED,,
region_001336,CU300,Furnish & Install 10-Inch Storm Drain Pipe,> 10''SD,,,NOT_PROCESSED,,
region_001337,CU300,Furnish & Install 10-Inch Storm Drain Pipe,10''SD,,,NOT_PROCESSED,,
region_001338,CU300,Furnish & Install 10-Inch Storm Drain Pipe,10''SD,,,NOT_PROCESSED,,
region_001339,CU300,Furnish & Install 10-Inch Storm Drain Pipe,> 10''SD,,,NOT_PROCESSED,,
region_001340,CU300,Furnish & Install 10-Inch Storm Drain Pipe,> 10''SD,,,NOT_PROCESSED,,
region_001341,CU300,Furnish & Install 10-Inch Storm Drain Pipe,10''SD,,,NOT_PROCESSED,,
region_001342,CU300,Furnish & Install 10-Inch Storm Drain Pipe,10''SD,,,NOT_PROCESSED,,
region_001343,CU300,Furnish & Install 12-Inch Storm Drain Pipe,> 12''SD,,,NOT_PROCESSED,,
region_001344,CU300,Furnish & Install 12-Inch Storm Drain Pipe,> 12''SD,,,NOT_PROCESSED,,
region_001345,CU300,Furnish & Install 12-Inch Storm Drain Pipe,> 12''SD,,,NOT_PROCESSED,,
region_001346,CU300,Furnish & Install 12-Inch Storm Drain Pipe,> 12''SD,,,NOT_PROCESSED,,
region_001347,CU300,Furnish & Install 12-Inch Storm Drain Pipe,> 12''SD,,,NOT_PROCESSED,,
region_001348,CU300,Furnish & Install 12-Inch Storm Drain Pipe,> 12''SD,,,NOT_PROCESSED,,
region_001349,CU300,Furnish & Install 12-Inch Storm Drain Pipe,> 12''SD,,,NOT_PROCESSED,,
region_001350,CU300,Furnish & Install 12-Inch Storm Drain Pipe,> 12''SD,,,NOT_PROCESSED,,
region_001351,CU300,Furnish & Install 12-Inch Storm Drain Pipe,> 12''SD,,,NOT_PROCESSED,,
region_001352,CU300,Furnish & Install 12-Inch Storm Drain Pipe,> 12''SD,,,NOT_PROCESSED,,
region_001353,CU300,Furnish & Install 12-Inch Storm Drain Pipe,> 12''SD,,,NOT_PROCESSED,,
region_001354,CU300,Furnish & Install 12-Inch Storm Drain Pipe,> 12''SD,,,NOT_PROCESSED,,
region_001355,CU300,Furnish & Install 12-Inch Storm Drain Pipe,> 12''SD,,,NOT_PROCESSED,,
region_001356,CU300,Furnish & Install 12-Inch Storm Drain Pipe,> 12''SD,,,NOT_PROCESSED,,
region_001357,CU300,Furnish & Install 12-Inch Storm Drain Pipe,> 12''SD,,,NOT_PROCESSED,,
region_001358,CU300,Furnish & Install 12-Inch Storm Drain Pipe,> 12''SD,,,NOT_PROCESSED,,
region_001359,CU300,Furnish & Install 12-Inch Storm Drain Pipe,12''SD,,,NOT_PROCESSED,,
region_001360,CU300,Furnish & Install 12-Inch Storm Drain Pipe,> 12''SD,,,NOT_PROCESSED,,
region_001361,CU300,Furnish & Install 12-Inch Storm Drain Pipe,> 12''SD,,,NOT_PROCESSED,,
region_001362,CU300,Furnish & Install 12-Inch Storm Drain Pipe,12''SD,,,NOT_PROCESSED,,
region_001363,CU300,Furnish & Install 12-Inch Storm Drain Pipe,> 12''SD,,,NOT_PROCESSED,,
region_001364,CU300,Furnish & Install 12-Inch Storm Drain Pipe,12''SD,,,NOT_PROCESSED,,
region_001365,CU300,Furnish & Install 12-Inch Storm Drain Pipe,> 12''SD,,,NOT_PROCESSED,,
region_001366,CU300,Furnish & Install 12-Inch Storm Drain Pipe,> 12''SD,,,NOT_PROCESSED,,
region_001367,CU300,Furnish & Install 15-Inch Storm Drain Pipe,15''SD,,,NOT_PROCESSED,,
region_001368,CU300,Furnish & Install 15-Inch Storm Drain Pipe,15''SD,,,NOT_PROCESSED,,
region_001369,CU300,Furnish & Install 15-Inch Storm Drain Pipe,15''SD,,,NOT_PROCESSED,,
region_001370,CU300,Furnish & Install 15-Inch Storm Drain Pipe,15''SD,,,NOT_PROCESSED,,
region_001371,CU300,Furnish & Install 15-Inch Storm Drain Pipe,15''SD,,,NOT_PROCESSED,,
region_001372,CU300,Furnish & Install 15-Inch Storm Drain Pipe,> 15''SD,,,NOT_PROCESSED,,
region_001373,CU300,Furnish & Install 15-Inch Storm Drain Pipe,15''SD,,,NOT_PROCESSED,,
region_001374,CU300,Furnish & Install 15-Inch Storm Drain Pipe,15''SD,,,NOT_PROCESSED,,
region_001375,CU300,Furnish & Install 15-Inch Storm Drain Pipe,15''SD,,,NOT_PROCESSED,,
region_001376,CU300,Furnish & Install 18-Inch Storm Drain Pipe,18''SD,,,NOT_PROCESSED,,
region_001377,CU300,Furnish & Install 18-Inch Storm Drain Pipe,18''SD,,,NOT_PROCESSED,,
region_001378,CU300,Furnish & Install 18-Inch Storm Drain Pipe,18''SD,,,NOT_PROCESSED,,
region_001379,CU300,Furnish & Install 18-Inch Storm Drain Pipe,18''SD,,,NOT_PROCESSED,,
region_001380,CU300,Furnish & Install 18-Inch Storm Drain Pipe,18''SD,,,NOT_PROCESSED,,
region_001381,CU300,Furnish & Install 6-Inch Sanitary Sewer Pipe,6''SS,,,NOT_PROCESSED,,
region_001382,CU300,Furnish & Install 8-Inch Sanitary Sewer Pipe,> 8''SS,,,NOT_PROCESSED,,
region_001383,CU300,Furnish & Install 8-Inch Sanitary Sewer Pipe,> 8''SS,,,NOT_PROCESSED,,
region_001384,CU300,Furnish & Install 8-Inch Sanitary Sewer Pipe,> 8''SS,,,NOT_PROCESSED,,
region_001385,CU300,Furnish & Install 8-Inch Sanitary Sewer Pipe,> 8''SS,,,NOT_PROCESSED,,
region_001386,CU300,Furnish & Install 8-Inch Sanitary Sewer Pipe,> 8''SS,,,NOT_PROCESSED,,
region_001387,CU300,Furnish & Install 8-Inch Sanitary Sewer Pipe,> 8''SS,,,NOT_PROCESSED,,
region_001388,CU300,Furnish & Install 8-Inch Sanitary Sewer Pipe,> 8''SS,,,NOT_PROCESSED,,
region_001389,CU300,Furnish & Install 8-Inch Sanitary Sewer Pipe,> 8''SS,,,NOT_PROCESSED,,
region_001390,CU300,Furnish & Install 8-Inch Sanitary Sewer Pipe,> 8''SS,,,NOT_PROCESSED,,
region_001391,CU300,Furnish & Install 8-Inch Sanitary Sewer Pipe,> 8''SS,,,NOT_PROCESSED,,
region_001392,CU300,Furnish & Install 8-Inch Sanitary Sewer Pipe,> 8''SS,,,NOT_PROCESSED,,
region_001393,CU300,Furnish & Install 8-Inch Sanitary Sewer Pipe,> 8''SS,,,NOT_PROCESSED,,
region_001394,CU300,Furnish & Install 8-Inch Sanitary Sewer Pipe,> 8''SS,,,NOT_PROCESSED,,
region_001395,CU300,Furnish & Install 8-Inch Sanitary Sewer Pipe,> 8''SS,,,NOT_PROCESSED,,
region_001396,CU300,Furnish & Install 8-Inch Sanitary Sewer Pipe,> 8''SS,,,NOT_PROCESSED,,
region_001397,CU300,Furnish & Install 8-Inch Sanitary Sewer Pipe,> 8''SS,,,NOT_PROCESSED,,
region_001398,CU300,Furnish & Install 8-Inch Sanitary Sewer Pipe,> 8''SS,,,NOT_PROCESSED,,
region_001399,CU300,Furnish & Install 8-Inch Sanitary Sewer Pipe,> 8''SS,,,NOT_PROCESSED,,
region_001400,CU300,Furnish & Install 8-Inch Sanitary Sewer Pipe,> 8''SS,,,NOT_PROCESSED,,
region_001401,CU300,Furnish & Install 8-Inch Sanitary Sewer Pipe,> 8''SS,,,NOT_PROCESSED,,
region_001402,CU300,Furnish & Install 8-Inch Sanitary Sewer Pipe,> 8''SS,,,NOT_PROCESSED,,
region_001403,CU300,Furnish & Install 8-Inch Sanitary Sewer Pipe,> 8''SS,,,NOT_PROCESSED,,
region_001404,CU300,Furnish & Install 8-Inch Sanitary Sewer Pipe,> 8''SS,,,NOT_PROCESSED,,
region_001405,CU300,Furnish & Install 8-Inch Sanitary Sewer Pipe,> 8''SS,,,NOT_PROCESSED,,
region_001406,CU300,Furnish & Install 8-Inch Sanitary Sewer Pipe,> 8''SS,,,NOT_PROCESSED,,
region_001407,CU300,Furnish & Install 8-Inch Sanitary Sewer Pipe,> 8''SS,,,NOT_PROCESSED,,
region_001408,CU300,Furnish & Install 8-Inch Sanitary Sewer Pipe,> 8''SS,,,NOT_PROCESSED,,
region_001409,CU300,Furnish & Install 8-Inch Sanitary Sewer Pipe,> 8''SS,,,NOT_PROCESSED,,
region_001410,CU300,Furnish & Install 8-Inch Sanitary Sewer Pipe,> 8''SS,,,NOT_PROCESSED,,
region_001411,CU300,Furnish & Install 8-Inch Sanitary Sewer Pipe,> 8''SS,,,NOT_PROCESSED,,
region_001412,CU300,Furnish & Install 8-Inch Sanitary Sewer Pipe,> 8''SS,,,NOT_PROCESSED,,
region_001413,CU300,Furnish & Install 8-Inch Sanitary Sewer Pipe,> 8''SS,,,NOT_PROCESSED,,
region_001414,CU300,Furnish & Install 8-Inch Sanitary Sewer Pipe,> 8''SS,,,NOT_PROCESSED,,
region_001415,CU300,Furnish & Install 8-Inch Sanitary Sewer Pipe,8''SS,,,NOT_PROCESSED,,
region_001416,CU300,Furnish & Install 8-Inch Sanitary Sewer Pipe,> 8''SS,,,NOT_PROCESSED,,
region_001417,CU300,Furnish & Install 4-Inch Water Pipe,4''W,,,NOT_PROCESSED,,
region_001418,CU300,Furnish & Install 8-Inch Water Pipe,8''W,,,NOT_PROCESSED,,
region_001419,CU300,Furnish & Install 8-Inch Water Pipe,8''W,,,NOT_PROCESSED,,
region_001420,CU300,Furnish & Install 8-Inch Water Pipe,8''W,,,NOT_PROCESSED,,
region_001421,CU300,Furnish & Install 8-Inch Water Pipe,8''W,,,NOT_PROCESSED,,
region_001422,CU300,Furnish & Install 8-Inch Water Pipe,8''W,,,NOT_PROCESSED,,
region_001423,CU300,Furnish & Install 8-Inch Water Pipe,8''W,,,NOT_PROCESSED,,
region_001424,CU300,Furnish & Install 8-Inch Water Pipe,8''W,,,NOT_PROCESSED,,
region_001425,CU300,Furnish & Install 8-Inch Water Pipe,8''W,,,NOT_PROCESSED,,
region_001426,CU300,Furnish & Install 8-Inch Water Pipe,8''W,,,NOT_PROCESSED,,
region_001427,CU300,Furnish & Install 8-Inch Water Pipe,8''W,,,NOT_PROCESSED,,
region_001428,CU300,Furnish & Install 8-Inch Water Pipe,8''W,,,NOT_PROCESSED,,
region_001429,CU300,Furnish & Install 8-Inch Water Pipe,8''W,,,NOT_PROCESSED,,
region_001430,CU300,Furnish & Install 8-Inch Water Pipe,8''W,,,NOT_PROCESSED,,
region_001431,CU300,Furnish & Install 8-Inch Water Pipe,8''W,,,NOT_PROCESSED,,
region_001432,CU300,Furnish & Install 8-Inch Water Pipe,8''W,,,NOT_PROCESSED,,
region_001433,CU300,Furnish & Install 8-Inch Water Pipe,8''W,,,NOT_PROCESSED,,
region_001434,CU300,Furnish & Install 8-Inch Water Pipe,8''W,,,NOT_PROCESSED,,
region_001435,CU300,Furnish & Install 8-Inch Water Pipe,8''W,,,NOT_PROCESSED,,
region_001436,CU300,Furnish & Install 8-Inch Water Pipe,8''W,,,NOT_PROCESSED,,
region_001437,CU300,Furnish & Install 8-Inch Water Pipe,8''W,,,NOT_PROCESSED,,
region_001438,CU300,Furnish & Install 8-Inch Water Pipe,8''W,,,NOT_PROCESSED,,
region_001439,CU300,Furnish & Install 8-Inch Water Pipe,8''W,,,NOT_PROCESSED,,
region_001440,CU300,Furnish & Install 8-Inch Water Pipe,8''W,,,NOT_PROCESSED,,
region_001441,CU300,Furnish & Install 8-Inch Water Pipe,8''W,,,NOT_PROCESSED,,
region_001442,CU300,Furnish & Install 8-Inch Water Pipe,8''W,,,NOT_PROCESSED,,
region_001443,CU300,Furnish & Install 8-Inch Water Pipe,8''W,,,NOT_PROCESSED,,
region_001444,CU300,Furnish & Install 8-Inch Water Pipe,8''W,,,NOT_PROCESSED,,
region_001445,CU300,Furnish & Install 8-Inch Water Pipe,8''W,,,NOT_PROCESSED,,
region_001446,CU300,Furnish & Install 8-Inch Water Pipe,8''W,,,NOT_PROCESSED,,
region_001447,CU300,Furnish & Install 8-Inch Water Pipe,8''W,,,NOT_PROCESSED,,
region_001448,CU300,Furnish & Install 8-Inch Water Pipe,8''W,,,NOT_PROCESSED,,
region_001449,CU300,Furnish & Install Plugged and Capped Utility Stubouts,UTILITY STUBOUTS FOR FUTURE BUILDING TYP. PLUG AND CAP TYP.,,,NOT_PROCESSED,,
region_001450,CU300,Refer to the Utilities schedules,Utility Structure Label,,,NOT_PROCESSED,,
region_001451,CU300,Furnish & Install New Power Connection And Utility Coordination,NEW POWER CONNECTION REFER TO ELECTRICAL PLANS,,,NOT_PROCESSED,,
region_001452,CU300,Furnish & Install Site Lighting System,"21. LIGHT POLE BASE DETAILS ARE SHOWN ON THE ELECTRICAL DETAILS AS NOTED IN THE UTILITY STRUCTURE TABLE. REFER TO THE ELECTRICAL PLANS FOR CONDUIT, WIRING, LIGHT POLE SIZES, AND REQUIREMENTS FOR THE ELECTRICAL SYSTEM.",,,NOT_PROCESSED,,
region_001453,CU300,Furnish & Install Network Cabling and Data Outlets,http://www.archnexus.com,,,NOT_PROCESSED,,
region_001454,CU320,Furnish & Install Demolition of Existing Storm Drain Lines,"14. CONNECT TO EXISTING CONCRETE PIPE WITH ""MARMAC"" OR APPROVED EQUIVALENT PIPE CONNECTOR OF DISSIMILAR PIPE.",,,NOT_PROCESSED,,
region_001455,CU320,Furnish & Install — Fire Department Connections (FDC),FDC,,,NOT_PROCESSED,,
region_001456,CU320,Furnish & Install — Fire Department Connections (FDC),FDC,,,NOT_PROCESSED,,
region_001457,CU320,Furnish & Install — Fire Department Connections (FDC),FDC,,,NOT_PROCESSED,,
region_001458,CU320,Furnish & Install — Fire Department Connections (FDC),FDC,,,NOT_PROCESSED,,
region_001459,CU320,Furnish & Install — Fire Department Connections (FDC),FDC,,,NOT_PROCESSED,,
region_001460,CU320,Furnish & Install — Fire Department Connections (FDC),FDC,,,NOT_PROCESSED,,
region_001461,CU320,Furnish & Install — Fire Department Connections (FDC),FDC,,,NOT_PROCESSED,,
region_001462,CU320,Furnish & Install — Fire Department Connections (FDC),FDC,,,NOT_PROCESSED,,
region_001463,CU320,Furnish & Install — Fire Department Connections (FDC),FDC,,,NOT_PROCESSED,,
region_001464,CU320,Furnish & Install — Fire Department Connections (FDC),FDC,,,NOT_PROCESSED,,
region_001465,CU320,Furnish & Install — Fire Department Connections (FDC),FDC,,,NOT_PROCESSED,,
region_001466,CU320,Furnish & Install — Fire Department Connections (FDC),FDC,,,NOT_PROCESSED,,
region_001467,CU320,Furnish & Install — Fire Department Connections (FDC),FDC,,,NOT_PROCESSED,,
region_001468,CU320,Furnish & Install — Fire Department Connections (FDC),FDC,,,NOT_PROCESSED,,
region_001469,CU320,Furnish & Install — Fire Department Connections (FDC),FDC,,,NOT_PROCESSED,,
region_001470,CU320,Furnish & Install — Fire Hydrants,FH,,,NOT_PROCESSED,,
region_001471,CU320,Furnish & Install — Fire Hydrants,FH,,,NOT_PROCESSED,,
region_001472,CU320,Furnish & Install — Fire Hydrants,FH,,,NOT_PROCESSED,,
region_001473,CU320,Furnish & Install — Fire Hydrants,FH,,,NOT_PROCESSED,,
region_001474,CU320,Furnish & Install — Fire Hydrants,FH,,,NOT_PROCESSED,,
region_001475,CU320,Provide connection of building downspouts to the storm drain piping system,2. ROOF DRAIN DATA IS SHOWN ON STORM DRAIN PLAN AND PROFILE SHEETS. CONNECT DOWN SPOUTS TO STORM DRAIN PIPING PER DETAIL ON SHEET C102.,,,NOT_PROCESSED,,
region_001476,CU320,"Furnish & Install General Excavation, Trenching, and Backfill","4. REFER TO NOTES ON CU300 FOR GENERAL UTILITY NOTES, TYP.",,,NOT_PROCESSED,,
region_001477,CU320,"Furnish & Install General Excavation, Trenching, and Backfill",9. CONTRACTOR REQUIRED TO OBTAIN NECESSARY PERMITS FROM PROVO CITY PRIOR TO ANY NEW CONNECTIONS. REFER TO NOTES ON C100.,,,NOT_PROCESSED,,
region_001478,CU320,"Furnish & Install Fill, Base Course, and Bedding Materials","3. PROVIDE 12"" MIN. CLEARANCE BETWEEN STORM DRAIN LINES AND OTHER UTILITIES CROSSING THE STORM DRAIN. USE FLOWABLE FILL PER APWA SPECIFICATIONS BETWEEN UTILITIES WITH 12"" OR SLIGHTLY LESS CLEARANCE.",,,NOT_PROCESSED,,
region_001479,CU320,Furnish & Install Site Grading,EXISTING GRADE,,,NOT_PROCESSED,,
region_001480,CU320,Furnish & Install Site Grading,FINISH GRADE,,,NOT_PROCESSED,,
region_001481,CU320,Furnish & Install Survey and Layout,FF=76.50,,,NOT_PROCESSED,,
region_001482,CU320,Furnish & Install Survey and Layout,FF=81.00,,,NOT_PROCESSED,,
region_001483,CU320,Furnish & Install Survey and Layout,FF=75.00,,,NOT_PROCESSED,,
region_001484,CU320,Furnish & Install Survey and Layout,FF=8,,,NOT_PROCESSED,,
region_001485,CU320,Provide Coordination And Clarifications For Landscaping Scope,"5. POT HOLE ALL EXISTING UTILITY CROSSINGS FOR NEW STORM DRAIN SEWER LINES,  LOWER OR RAISE COMMUNICATIONS, ELECTRICAL, OR GAS LINES TO PROVIDE PROPER VERTICAL ALIGNMENT FOR THE GRAVITY LINES.  LOWER EXISTING OR NEW WATER LINES WHERE CONFLICTS OCCUR WITH DRAIN LINES OR OTHER EXISTING UTILITIES. WHERE CROSSING OF THE EXISTING UTILITY TUNNEL OCCURS, POTHOLE TUNNEL TO INSURE PIPING CLEARS TUNNEL STRUCTURE 12"" MINIMUM.",,,NOT_PROCESSED,,
region_001486,CU320,Furnish & Install Storm Drain Manholes,SDMH-1,,,NOT_PROCESSED,,
region_001487,CU320,Furnish & Install Storm Drain Manholes,SDMH-2 STA:23+97.92 RIM:4784.20 N=4291.27 E=4723.10,,,NOT_PROCESSED,,
region_001488,CU320,Furnish & Install Storm Drain Manholes,SDMH-3 STA:22+74.47 RIM:4778.95 N=4218.86 E=4624.36,,,NOT_PROCESSED,,
region_001489,CU320,Furnish & Install Storm Drain Manholes,SDMH-4 STA:21+48.52 RIM:4773.75 N=4101.83 E=4577.77,,,NOT_PROCESSED,,
region_001490,CU320,Furnish & Install Storm Drain Manholes,SDMH-5 STA:20+75.74 RIM:4771.40 N=4060.97 E=4517.55,,,NOT_PROCESSED,,
region_001491,CU320,Furnish & Install Storm Drain Manholes,SDMH-6 STA:20+00.00 RIM:4768.57 N=3990.17 E=4490.65,,,NOT_PROCESSED,,
region_001492,CU320,Furnish & Install Storm Drain Manholes,SDMH-7,,,NOT_PROCESSED,,
region_001493,CU320,Furnish & Install Storm Drain Manholes,9. CONTRACTOR REQUIRED TO OBTAIN NECESSARY PERMITS FROM PROVO CITY PRIOR TO ANY NEW CONNECTIONS. REFER TO NOTES ON C100.,,,NOT_PROCESSED,,
region_001494,CU320,Furnish & Install Storm Drain Manholes,"SDMH-6 5'Ø STA:20+00.00 RIM:4768.57 15"" INV IN:4763.55 HDPE 12"" INV IN:4763.67 HDPE 15"" INV OUT:4763.52 HDPE",,,NOT_PROCESSED,,
region_001495,CU320,Furnish & Install Storm Drain Manholes,"SDMH-5 5'Ø SD-2 STA:20+75.74 SD-1 STA:10+00.00 RIM:4771.40 15"" INV IN:4764.30 HDPE 12"" INV IN:4765.75 HDPE 15"" INV OUT:4764.30 HDPE",,,NOT_PROCESSED,,
region_001496,CU320,Furnish & Install Storm Drain Manholes,"SDMH-4 4'Ø STA:21+48.52 RIM:4773.75 15"" INV IN:4767.00 HDPE 15"" INV OUT:4767.00 HDPE",,,NOT_PROCESSED,,
region_001497,CU320,Furnish & Install Storm Drain Manholes,"SDMH-3 4'Ø STA:22+74.47 RIM:4778.95 15"" INV IN:4774.00 HDPE 15"" INV OUT:4774.00 HDPE",,,NOT_PROCESSED,,
region_001498,CU320,Furnish & Install Storm Drain Manholes,"SDMH-2 5'Ø STA:23+97.92 RIM:4784.20 12"" INV IN:4781.92 HDPE 15"" INV OUT:4776.37 HDPE",,,NOT_PROCESSED,,
region_001499,CU320,Furnish & Install Storm Drain Manholes,"SDMH-5 5'Ø SD-1 STA:20+75.74 SD-2 STA:20+00.00 RIM:4771.40 15"" INV IN:4764.30 HDPE 12"" INV IN:4765.75 HDPE 15"" INV OUT:4764.30 HDPE",,,NOT_PROCESSED,,
region_001500,CU320,Furnish & Install Overflow Boxes,OVERFLOW BOX-1 STA:23+62.39 RIM:4782.08 N=4266.00 E=4698.08,,,NOT_PROCESSED,,
region_001501,CU320,Furnish & Install Overflow Boxes,OVERFLOW BOX-2 STA:10+31.09 RIM:4772.15 N=4085.68 E=4499.05,,,NOT_PROCESSED,,
region_001502,CU320,Furnish & Install Overflow Boxes,"OVERFLOW BOX-1 STA:23+62.39 RIM:4782.04 15"" INV IN:4775.95 HDPE 12"" INV IN:4775.85 HDPE 15"" INV OUT:4775.70 HDPE",,,NOT_PROCESSED,,
region_001503,CU320,Furnish & Install Overflow Boxes,"OVERFLOW BOX-2 STA:10+31.09 RIM:4772.15 12"" INV IN:4765.96 HDPE 12"" INV OUT:4765.90 HDPE",,,NOT_PROCESSED,,
region_001504,CU320,Furnish & Install Catch Basins and Inlet Boxes,CIB-1 PRETREATMENT,,,NOT_PROCESSED,,
region_001505,CU320,Furnish & Install Catch Basins and Inlet Boxes,CIB-7 PRETREATMENT,,,NOT_PROCESSED,,
region_001506,CU320,Furnish & Install Catch Basins and Inlet Boxes,CIB-14,,,NOT_PROCESSED,,
region_001507,CU320,Furnish & Install Catch Basins and Inlet Boxes,CIB-6,,,NOT_PROCESSED,,
region_001508,CU320,Furnish & Install Catch Basins and Inlet Boxes,CIB-5,,,NOT_PROCESSED,,
region_001509,CU320,Furnish & Install Area Drains,ADS-2,,,NOT_PROCESSED,,
region_001510,CU320,Furnish & Install Area Drains,ADS-1,,,NOT_PROCESSED,,
region_001511,CU320,Furnish & Install Area Drains,ADS-59,,,NOT_PROCESSED,,
region_001512,CU320,Furnish & Install Area Drains,ADS-58,,,NOT_PROCESSED,,
region_001513,CU320,Furnish & Install Area Drains,ADS-57,,,NOT_PROCESSED,,
region_001514,CU320,Furnish & Install Area Drains,ADS-56,,,NOT_PROCESSED,,
region_001515,CU320,Furnish & Install Area Drains,ADS-55,,,NOT_PROCESSED,,
region_001516,CU320,Furnish & Install Area Drains,ADS-54,,,NOT_PROCESSED,,
region_001517,CU320,Furnish & Install Area Drains,ADS-39,,,NOT_PROCESSED,,
region_001518,CU320,Furnish & Install Area Drains,ADS-38,,,NOT_PROCESSED,,
region_001519,CU320,Furnish & Install Area Drains,ADS-25,,,NOT_PROCESSED,,
region_001520,CU320,Furnish & Install Area Drains,ADS-26,,,NOT_PROCESSED,,
region_001521,CU320,Furnish & Install Area Drains,ADS-24,,,NOT_PROCESSED,,
region_001522,CU320,Furnish & Install Area Drains,ADS-37,,,NOT_PROCESSED,,
region_001523,CU320,Furnish & Install Area Drains,ADS-23,,,NOT_PROCESSED,,
region_001524,CU320,Furnish & Install Area Drains,ADS-36,,,NOT_PROCESSED,,
region_001525,CU320,Furnish & Install Area Drains,ADS-35,,,NOT_PROCESSED,,
region_001526,CU320,Furnish & Install Area Drains,ADS-22,,,NOT_PROCESSED,,
region_001527,CU320,Furnish & Install Area Drains,ADS-148,,,NOT_PROCESSED,,
region_001528,CU320,Furnish & Install Area Drains,ADS-100,,,NOT_PROCESSED,,
region_001529,CU320,Furnish & Install Area Drains,ADS-50,,,NOT_PROCESSED,,
region_001530,CU320,Furnish & Install Area Drains,ADS-51,,,NOT_PROCESSED,,
region_001531,CU320,Furnish & Install Area Drains,ADS-53,,,NOT_PROCESSED,,
region_001532,CU320,Furnish & Install Area Drains,ADS-52,,,NOT_PROCESSED,,
region_001533,CU320,Furnish & Install Area Drains,ADS-64,,,NOT_PROCESSED,,
region_001534,CU320,Furnish & Install Area Drains,ADS-65,,,NOT_PROCESSED,,
region_001535,CU320,Furnish & Install Area Drains,ADS-66,,,NOT_PROCESSED,,
region_001536,CU320,Furnish & Install Area Drains,ADS-67,,,NOT_PROCESSED,,
region_001537,CU320,Furnish & Install Area Drains,ADS-68,,,NOT_PROCESSED,,
region_001538,CU320,Furnish & Install Area Drains,ADS-69,,,NOT_PROCESSED,,
region_001539,CU320,Furnish & Install Area Drains,ADS-70,,,NOT_PROCESSED,,
region_001540,CU320,Furnish & Install Area Drains,ADS-72,,,NOT_PROCESSED,,
region_001541,CU320,Furnish & Install Area Drains,ADS-71,,,NOT_PROCESSED,,
region_001542,CU320,Furnish & Install Area Drains,ADS-73,,,NOT_PROCESSED,,
region_001543,CU320,Furnish & Install Area Drains,ADS-74,,,NOT_PROCESSED,,
region_001544,CU320,Furnish & Install Area Drains,ADS-99,,,NOT_PROCESSED,,
region_001545,CU320,Furnish & Install Area Drains,ADS-102,,,NOT_PROCESSED,,
region_001546,CU320,Furnish & Install Area Drains,ADS-101,,,NOT_PROCESSED,,
region_001547,CU320,Furnish & Install Area Drains,ADS-63,,,NOT_PROCESSED,,
region_001548,CU320,Furnish & Install Area Drains,ADS-146,,,NOT_PROCESSED,,
region_001549,CU320,Furnish & Install Area Drains,ADS-145,,,NOT_PROCESSED,,
region_001550,CU320,Furnish & Install Area Drains,ADS-144,,,NOT_PROCESSED,,
region_001551,CU320,Furnish & Install Area Drains,ADS-143,,,NOT_PROCESSED,,
region_001552,CU320,Furnish & Install Area Drains,ADS-103,,,NOT_PROCESSED,,
region_001553,CU320,Furnish & Install Area Drains,ADS-104,,,NOT_PROCESSED,,
region_001554,CU320,Furnish & Install Area Drains,ADS-105,,,NOT_PROCESSED,,
region_001555,CU320,Furnish & Install Area Drains,ADS-106,,,NOT_PROCESSED,,
region_001556,CU320,Furnish & Install Area Drains,ADS-98,,,NOT_PROCESSED,,
region_001557,CU320,Furnish & Install Area Drains,ADS-97,,,NOT_PROCESSED,,
region_001558,CU320,Furnish & Install Area Drains,ADS-96,,,NOT_PROCESSED,,
region_001559,CU320,Furnish & Install Area Drains,ADS-41,,,NOT_PROCESSED,,
region_001560,CU320,Furnish & Install Area Drains,ADS-40,,,NOT_PROCESSED,,
region_001561,CU320,Furnish & Install Area Drains,ADA,,,NOT_PROCESSED,,
region_001562,CU320,Furnish & Install Area Drains,ADA,,,NOT_PROCESSED,,
region_001563,CU320,Furnish & Install Area Drains,ADA,,,NOT_PROCESSED,,
region_001564,CU320,Furnish & Install Area Drains,ADA,,,NOT_PROCESSED,,
region_001565,CU320,Furnish and Install 15 inch HDPE storm drain pipe,"125.96' of 15"" HDPE @ 5.56%",,,NOT_PROCESSED,,
region_001566,CU320,Furnish and Install 15 inch HDPE storm drain pipe,"87.52' of 15"" HDPE @ 1.94%",,,NOT_PROCESSED,,
region_001567,CU320,Furnish and Install 15 inch HDPE storm drain pipe,"35.55' of 15"" HDPE @ 1.19%",,,NOT_PROCESSED,,
region_001568,CU320,Furnish and Install 15 inch HDPE storm drain pipe,"72.78' of 15"" HDPE @ 3.71%",,,NOT_PROCESSED,,
region_001569,CU320,Furnish and Install 15 inch HDPE storm drain pipe,"75.74' of 15"" HDPE @ 0.99%",,,NOT_PROCESSED,,
region_001570,CU320,Furnish and Install 15 inch HDPE storm drain pipe,15''SD,,,NOT_PROCESSED,,
region_001571,CU320,Furnish and Install 15 inch HDPE storm drain pipe,15''SD,,,NOT_PROCESSED,,
region_001572,CU320,Furnish and Install 15 inch HDPE storm drain pipe,15''SD,,,NOT_PROCESSED,,
region_001573,CU320,Furnish and Install 15 inch HDPE storm drain pipe,15''SD,,,NOT_PROCESSED,,
region_001574,CU320,Furnish and Install 15 inch HDPE storm drain pipe,15''SD,,,NOT_PROCESSED,,
region_001575,CU320,Furnish and Install 15 inch HDPE storm drain pipe,15''SD,,,NOT_PROCESSED,,
region_001576,CU320,Furnish and Install 15 inch HDPE storm drain pipe,15''SD,,,NOT_PROCESSED,,
region_001577,CU320,Furnish and Install 15 inch HDPE storm drain pipe,15''SD,,,NOT_PROCESSED,,
region_001578,CU320,Furnish and Install 15 inch HDPE storm drain pipe,15''SD,,,NOT_PROCESSED,,
region_001579,CU320,Furnish and Install 15 inch HDPE storm drain pipe,15''SD,,,NOT_PROCESSED,,
region_001580,CU320,Furnish and Install 15 inch HDPE storm drain pipe,15''SD,,,NOT_PROCESSED,,
region_001581,CU320,Furnish and Install 15 inch HDPE storm drain pipe,15''SD,,,NOT_PROCESSED,,
region_001582,CU320,Furnish and Install 15 inch HDPE storm drain pipe,15''SD,,,NOT_PROCESSED,,
region_001583,CU320,Furnish and Install 15 inch HDPE storm drain pipe,15''SD,,,NOT_PROCESSED,,
region_001584,CU320,Furnish and Install 15 inch HDPE storm drain pipe,15''SD,,,NOT_PROCESSED,,
region_001585,CU320,Furnish and Install 15 inch HDPE storm drain pipe,15''SD,,,NOT_PROCESSED,,
region_001586,CU320,Furnish and Install 15 inch HDPE storm drain pipe,15''SD,,,NOT_PROCESSED,,
region_001587,CU320,Furnish and Install 15 inch HDPE storm drain pipe,15''SD,,,NOT_PROCESSED,,
region_001588,CU320,Furnish and Install 15 inch HDPE storm drain pipe,15''SD,,,NOT_PROCESSED,,
region_001589,CU320,Furnish and Install 15 inch HDPE storm drain pipe,15''SD,,,NOT_PROCESSED,,
region_001590,CU320,Furnish and Install 15 inch HDPE storm drain pipe,15''SD,,,NOT_PROCESSED,,
region_001591,CU320,Furnish and Install 15 inch HDPE storm drain pipe,15''SD,,,NOT_PROCESSED,,
region_001592,CU320,Furnish and Install 15 inch HDPE storm drain pipe,15''SD,,,NOT_PROCESSED,,
region_001593,CU320,Furnish and Install 15 inch HDPE storm drain pipe,15''SD,,,NOT_PROCESSED,,
region_001594,CU320,Furnish and Install 15 inch HDPE storm drain pipe,15''SD,,,NOT_PROCESSED,,
region_001595,CU320,Furnish and Install 15 inch HDPE storm drain pipe,15''SD,,,NOT_PROCESSED,,
region_001596,CU320,Furnish and Install 15 inch HDPE storm drain pipe,> 15''SD,,,NOT_PROCESSED,,
region_001597,CU320,Furnish and Install 15 inch HDPE storm drain pipe,> 15''SD,,,NOT_PROCESSED,,
region_001598,CU320,Furnish and Install 15 inch HDPE storm drain pipe,"75.74' of 15"" HDPE @ 0.99%",,,NOT_PROCESSED,,
region_001599,CU320,Furnish and Install 15 inch HDPE storm drain pipe,"72.78' of 15"" HDPE @ 3.71%",,,NOT_PROCESSED,,
region_001600,CU320,Furnish and Install 15 inch HDPE storm drain pipe,"125.96' of 15"" HDPE @ 5.56%",,,NOT_PROCESSED,,
region_001601,CU320,Furnish and Install 15 inch HDPE storm drain pipe,"87.52' of 15"" HDPE @ 1.94%",,,NOT_PROCESSED,,
region_001602,CU320,Furnish and Install 15 inch HDPE storm drain pipe,"35.55' of 15"" HDPE @ 1.19%",,,NOT_PROCESSED,,
region_001603,CU320,Furnish and Install 15 inch HDPE storm drain pipe,"NEW 15"" STORM DRAIN STA:20+52.30 INV:4766.64",,,NOT_PROCESSED,,
region_001604,CU320,Furnish & Install 12-Inch Storm Drain Pipe,> 12''SD,,,NOT_PROCESSED,,
region_001605,CU320,Furnish & Install 12-Inch Storm Drain Pipe,> 12''SD,,,NOT_PROCESSED,,
region_001606,CU320,Furnish & Install 12-Inch Storm Drain Pipe,> 12''SD,,,NOT_PROCESSED,,
region_001607,CU320,Furnish & Install 12-Inch Storm Drain Pipe,> 12''SD,,,NOT_PROCESSED,,
region_001608,CU320,Furnish & Install 12-Inch Storm Drain Pipe,> 12''SD,,,NOT_PROCESSED,,
region_001609,CU320,Furnish & Install 12-Inch Storm Drain Pipe,> 12''SD,,,NOT_PROCESSED,,
region_001610,CU320,Furnish & Install 12-Inch Storm Drain Pipe,> 12''SD,,,NOT_PROCESSED,,
region_001611,CU320,Furnish & Install 12-Inch Storm Drain Pipe,> 12''SD,,,NOT_PROCESSED,,
region_001612,CU320,Furnish & Install 12-Inch Storm Drain Pipe,> 12''SD,,,NOT_PROCESSED,,
region_001613,CU320,Furnish & Install 12-Inch Storm Drain Pipe,> 12''SD,,,NOT_PROCESSED,,
region_001614,CU320,Furnish & Install 12-Inch Storm Drain Pipe,> 12''SD,,,NOT_PROCESSED,,
region_001615,CU320,Furnish & Install 12-Inch Storm Drain Pipe,12''SD,,,NOT_PROCESSED,,
region_001616,CU320,Furnish & Install 12-Inch Storm Drain Pipe,12''SD,,,NOT_PROCESSED,,
region_001617,CU320,Furnish & Install 12-Inch Storm Drain Pipe,12''SD,,,NOT_PROCESSED,,
region_001618,CU320,Furnish & Install 12-Inch Storm Drain Pipe,12''SD,,,NOT_PROCESSED,,
region_001619,CU320,Furnish & Install 12-Inch Storm Drain Pipe,12''SD,,,NOT_PROCESSED,,
region_001620,CU320,Furnish & Install 12-Inch Storm Drain Pipe,12''SD,,,NOT_PROCESSED,,
region_001621,CU320,Furnish & Install 12-Inch Storm Drain Pipe,12''SD,,,NOT_PROCESSED,,
region_001622,CU320,Furnish & Install 12-Inch Storm Drain Pipe,12''SD,,,NOT_PROCESSED,,
region_001623,CU320,Furnish & Install 12-Inch Storm Drain Pipe,12''SD,,,NOT_PROCESSED,,
region_001624,CU320,Furnish & Install 12-Inch Storm Drain Pipe,12''SD,,,NOT_PROCESSED,,
region_001625,CU320,Furnish & Install 12-Inch Storm Drain Pipe,"NEW 12"" STORM DRAIN STA:21+34.32 INV:4770.14",,,NOT_PROCESSED,,
region_001626,CU320,Furnish & Install 12-Inch Storm Drain Pipe,"30.86' of 12"" HDPE @ 0.49%",,,NOT_PROCESSED,,
region_001627,CU320,Furnish & Install 12-Inch Storm Drain Pipe,"30.86' of 12"" HDPE @ 0.49%",,,NOT_PROCESSED,,
region_001628,CU320,Furnish & Install 10-Inch Storm Drain Pipe,> 10''SD,,,NOT_PROCESSED,,
region_001629,CU320,Furnish & Install 10-Inch Storm Drain Pipe,> 10''SD,,,NOT_PROCESSED,,
region_001630,CU320,Furnish & Install 10-Inch Storm Drain Pipe,> 10''SD,,,NOT_PROCESSED,,
region_001631,CU320,Furnish & Install 10-Inch Storm Drain Pipe,> 10''SD,,,NOT_PROCESSED,,
region_001632,CU320,Furnish & Install 10-Inch Storm Drain Pipe,> 10''SD,,,NOT_PROCESSED,,
region_001633,CU320,Furnish & Install 10-Inch Storm Drain Pipe,> 10''SD,,,NOT_PROCESSED,,
region_001634,CU320,Furnish & Install 10-Inch Storm Drain Pipe,> 10''SD,,,NOT_PROCESSED,,
region_001635,CU320,Furnish & Install 10-Inch Storm Drain Pipe,> 10''SD,,,NOT_PROCESSED,,
region_001636,CU320,Furnish & Install 10-Inch Storm Drain Pipe,> 10''SD,,,NOT_PROCESSED,,
region_001637,CU320,Furnish & Install 10-Inch Storm Drain Pipe,> 10''SD,,,NOT_PROCESSED,,
region_001638,CU320,Furnish & Install 10-Inch Storm Drain Pipe,> 10''SD,,,NOT_PROCESSED,,
region_001639,CU320,Furnish & Install 10-Inch Storm Drain Pipe,> 10''SD,,,NOT_PROCESSED,,
region_001640,CU320,Furnish & Install 8-Inch Storm Drain Pipe,> 8''SD,,,NOT_PROCESSED,,
region_001641,CU320,Furnish & Install 8-Inch Storm Drain Pipe,> 8''SD,,,NOT_PROCESSED,,
region_001642,CU320,Furnish & Install 8-Inch Storm Drain Pipe,> 8''SD,,,NOT_PROCESSED,,
region_001643,CU320,Furnish & Install 8-Inch Storm Drain Pipe,> 8''SD,,,NOT_PROCESSED,,
region_001644,CU320,Furnish & Install 8-Inch Storm Drain Pipe,> 8''SD,,,NOT_PROCESSED,,
region_001645,CU320,Furnish & Install 8-Inch Storm Drain Pipe,> 8''SD,,,NOT_PROCESSED,,
region_001646,CU320,Furnish & Install 8-Inch Storm Drain Pipe,> 8''SD,,,NOT_PROCESSED,,
region_001647,CU320,Furnish & Install 8-Inch Storm Drain Pipe,> 8''SD,,,NOT_PROCESSED,,
region_001648,CU320,Furnish & Install 8-Inch Storm Drain Pipe,> 8''SD,,,NOT_PROCESSED,,
region_001649,CU320,Furnish & Install 8-Inch Storm Drain Pipe,> 8''SD,,,NOT_PROCESSED,,
region_001650,CU320,Furnish & Install 8-Inch Storm Drain Pipe,> 8''SD,,,NOT_PROCESSED,,
region_001651,CU320,Furnish & Install 8-Inch Storm Drain Pipe,> 8''SD,,,NOT_PROCESSED,,
region_001652,CU320,Furnish & Install 8-Inch Storm Drain Pipe,> 8''SD,,,NOT_PROCESSED,,
region_001653,CU320,Furnish & Install 8-Inch Storm Drain Pipe,> 8''SD,,,NOT_PROCESSED,,
region_001654,CU320,Furnish & Install 8-Inch Storm Drain Pipe,> 8''SD,,,NOT_PROCESSED,,
region_001655,CU320,Furnish & Install 8-Inch Storm Drain Pipe,> 8''SD,,,NOT_PROCESSED,,
region_001656,CU320,Furnish & Install 8-Inch Storm Drain Pipe,> 8''SD,,,NOT_PROCESSED,,
region_001657,CU320,Furnish & Install 8-Inch Storm Drain Pipe,> 8''SD,,,NOT_PROCESSED,,
region_001658,CU320,Furnish & Install 8-Inch Storm Drain Pipe,> 8''SD,,,NOT_PROCESSED,,
region_001659,CU320,Furnish & Install 8-Inch Storm Drain Pipe,> 8''SD,,,NOT_PROCESSED,,
region_001660,CU320,Furnish & Install 8-Inch Storm Drain Pipe,> 8''SD,,,NOT_PROCESSED,,
region_001661,CU320,Furnish & Install 8-Inch Storm Drain Pipe,> 8''SD,,,NOT_PROCESSED,,
region_001662,CU320,Furnish & Install 8-Inch Storm Drain Pipe,> 8''SD,,,NOT_PROCESSED,,
region_001663,CU320,Furnish & Install 8-Inch Storm Drain Pipe,> 8''SD,,,NOT_PROCESSED,,
region_001664,CU320,Furnish & Install 8-Inch Storm Drain Pipe,> 8''SD,,,NOT_PROCESSED,,
region_001665,CU320,Furnish & Install 8-Inch Storm Drain Pipe,> 8''SD,,,NOT_PROCESSED,,
region_001666,CU320,Furnish & Install 8-Inch Storm Drain Pipe,> 8''SD,,,NOT_PROCESSED,,
region_001667,CU320,Furnish & Install 8-Inch Storm Drain Pipe,> 8''SD,,,NOT_PROCESSED,,
region_001668,CU320,Furnish & Install 8-Inch Storm Drain Pipe,> 8''SD,,,NOT_PROCESSED,,
region_001669,CU320,Furnish & Install 8-Inch Storm Drain Pipe,> 8''SD,,,NOT_PROCESSED,,
region_001670,CU320,Furnish & Install 8-Inch Storm Drain Pipe,> 8''SD,,,NOT_PROCESSED,,
region_001671,CU320,Furnish & Install 8-Inch Storm Drain Pipe,> 8''SD,,,NOT_PROCESSED,,
region_001672,CU320,Furnish & Install 8-Inch Storm Drain Pipe,> 8''SD,,,NOT_PROCESSED,,
region_001673,CU320,Furnish & Install 8-Inch Storm Drain Pipe,> 8''SD,,,NOT_PROCESSED,,
region_001674,CU320,Furnish & Install 8-Inch Storm Drain Pipe,> 8''SD,,,NOT_PROCESSED,,
region_001675,CU320,Furnish & Install 8-Inch Storm Drain Pipe,> 8''SD,,,NOT_PROCESSED,,
region_001676,CU320,Furnish & Install 8-Inch Storm Drain Pipe,> 8''SD,,,NOT_PROCESSED,,
region_001677,CU320,Furnish & Install 8-Inch Storm Drain Pipe,> 8''SD,,,NOT_PROCESSED,,
region_001678,CU320,Furnish & Install 8-Inch Storm Drain Pipe,8''SD,,,NOT_PROCESSED,,
region_001679,CU320,Furnish & Install General Storm Drain Pipe and Connections,SD-2,,,NOT_PROCESSED,,
region_001680,CU320,Furnish & Install General Storm Drain Pipe and Connections,SD-2,,,NOT_PROCESSED,,
region_001681,CU320,Furnish & Install General Storm Drain Pipe and Connections,SD-2,,,NOT_PROCESSED,,
region_001682,CU320,Furnish & Install General Storm Drain Pipe and Connections,SD-2,,,NOT_PROCESSED,,
region_001683,CU320,Furnish & Install General Storm Drain Pipe and Connections,SD-2,,,NOT_PROCESSED,,
region_001684,CU320,Furnish & Install General Storm Drain Pipe and Connections,SD-1,,,NOT_PROCESSED,,
region_001685,CU320,Furnish & Install General Storm Drain Pipe and Connections,SD,,,NOT_PROCESSED,,
region_001686,CU320,Furnish & Install 8-Inch Water Pipe,8''W,,,NOT_PROCESSED,,
region_001687,CU320,Furnish & Install 8-Inch Water Pipe,8''W,,,NOT_PROCESSED,,
region_001688,CU320,Furnish & Install 8-Inch Water Pipe,8''W,,,NOT_PROCESSED,,
region_001689,CU320,Furnish & Install 8-Inch Water Pipe,8''W,,,NOT_PROCESSED,,
region_001690,CU320,Furnish & Install 8-Inch Water Pipe,8''W,,,NOT_PROCESSED,,
region_001691,CU320,Furnish & Install 8-Inch Water Pipe,8''W,,,NOT_PROCESSED,,
region_001692,CU320,Furnish & Install 8-Inch Water Pipe,8''W,,,NOT_PROCESSED,,
region_001693,CU320,Furnish & Install 8-Inch Water Pipe,8''W,,,NOT_PROCESSED,,
region_001694,CU320,Furnish & Install 8-Inch Water Pipe,8''W,,,NOT_PROCESSED,,
region_001695,CU320,Furnish & Install 8-Inch Water Pipe,8''W,,,NOT_PROCESSED,,
region_001696,CU320,Furnish & Install 8-Inch Water Pipe,8''W,,,NOT_PROCESSED,,
region_001697,CU320,Furnish & Install 8-Inch Water Pipe,8''W,,,NOT_PROCESSED,,
region_001698,CU320,Furnish & Install 8-Inch Water Pipe,8''W,,,NOT_PROCESSED,,
region_001699,CU320,Furnish & Install 8-Inch Water Pipe,8''W,,,NOT_PROCESSED,,
region_001700,CU320,Furnish & Install 8-Inch Water Pipe,8''W,,,NOT_PROCESSED,,
region_001701,CU320,Furnish & Install 8-Inch Water Pipe,8''W,,,NOT_PROCESSED,,
region_001702,CU320,Furnish & Install 8-Inch Water Pipe,8''W,,,NOT_PROCESSED,,
region_001703,CU320,Furnish & Install 8-Inch Water Pipe,8''W,,,NOT_PROCESSED,,
region_001704,CU320,Furnish & Install 8-Inch Water Pipe,8''W,,,NOT_PROCESSED,,
region_001705,CU320,Furnish & Install 8-Inch Water Pipe,8''W,,,NOT_PROCESSED,,
region_001706,CU320,Furnish & Install 8-Inch Water Pipe,8''W,,,NOT_PROCESSED,,
region_001707,CU320,Furnish & Install 8-Inch Water Pipe,8''W,,,NOT_PROCESSED,,
region_001708,CU320,Furnish & Install 8-Inch Water Pipe,8''W,,,NOT_PROCESSED,,
region_001709,CU320,Furnish & Install 8-Inch Water Pipe,8''W,,,NOT_PROCESSED,,
region_001710,CU320,Furnish & Install 8-Inch Water Pipe,8''W,,,NOT_PROCESSED,,
region_001711,CU320,Furnish & Install 8-Inch Water Pipe,8''W,,,NOT_PROCESSED,,
region_001712,CU320,Furnish & Install 8-Inch Water Pipe,8''W,,,NOT_PROCESSED,,
region_001713,CU320,Furnish & Install 8-Inch Water Pipe,8''W,,,NOT_PROCESSED,,
region_001714,CU320,Furnish & Install 8-Inch Water Pipe,8''W,,,NOT_PROCESSED,,
region_001715,CU320,Furnish & Install 8-Inch Water Pipe,8''W,,,NOT_PROCESSED,,
region_001716,CU320,Furnish & Install 8-Inch Water Pipe,8''W,,,NOT_PROCESSED,,
region_001717,CU320,Furnish & Install 8-Inch Water Pipe,8''W,,,NOT_PROCESSED,,
region_001718,CU320,Furnish & Install 8-Inch Water Pipe,8''W,,,NOT_PROCESSED,,
region_001719,CU320,Furnish & Install 8-Inch Water Pipe,8''W,,,NOT_PROCESSED,,
region_001720,CU320,Furnish & Install 8-Inch Water Pipe,8''W,,,NOT_PROCESSED,,
region_001721,CU320,Furnish & Install 8-Inch Water Pipe,"NEW 8"" WATER STA:20+83.07 INV:4766.47",,,NOT_PROCESSED,,
region_001722,CU320,Furnish & Install 8-Inch Water Pipe,"NEW 8"" WATER STA:23+88.43 INV:4778.65",,,NOT_PROCESSED,,
region_001723,CU320,Furnish & Install 6-Inch Water Pipe,6''W,,,NOT_PROCESSED,,
region_001724,CU320,Furnish & Install 2-Inch Water Pipe and Service Connections,2''W,,,NOT_PROCESSED,,
region_001725,CU320,Furnish & Install 2-Inch Water Pipe and Service Connections,2''W,,,NOT_PROCESSED,,
region_001726,CU320,Furnish & Install 2-Inch Water Pipe and Service Connections,2''W,,,NOT_PROCESSED,,
region_001727,CU320,Furnish & Install 2-Inch Water Pipe and Service Connections,2''W,,,NOT_PROCESSED,,
region_001728,CU320,Furnish & Install 2-Inch Water Pipe and Service Connections,2''W,,,NOT_PROCESSED,,
region_001729,CU320,Furnish & Install 2-Inch Water Pipe and Service Connections,2''W,,,NOT_PROCESSED,,
region_001730,CU320,Furnish & Install 2-Inch Water Pipe and Service Connections,2''W,,,NOT_PROCESSED,,
region_001731,CU320,Furnish & Install 2-Inch Water Pipe and Service Connections,2''W,,,NOT_PROCESSED,,
region_001732,CU320,Furnish & Install 2-Inch Water Pipe and Service Connections,2''W,,,NOT_PROCESSED,,
region_001733,CU320,Furnish & Install 2-Inch Water Pipe and Service Connections,2''W,,,NOT_PROCESSED,,
region_001734,CU320,Furnish & Install 2-Inch Water Pipe and Service Connections,2''W,,,NOT_PROCESSED,,
region_001735,CU320,Furnish & Install 2-Inch Water Pipe and Service Connections,2''W,,,NOT_PROCESSED,,
region_001736,CU320,Furnish & Install 2-Inch Water Pipe and Service Connections,2''W,,,NOT_PROCESSED,,
region_001737,CU320,Furnish & Install 2-Inch Water Pipe and Service Connections,2''W,,,NOT_PROCESSED,,
region_001738,CU320,Furnish & Install 2-Inch Water Pipe and Service Connections,2''W,,,NOT_PROCESSED,,
region_001739,CU320,Furnish & Install 2-Inch Water Pipe and Service Connections,2''W,,,NOT_PROCESSED,,
region_001740,CU320,Furnish & Install 2-Inch Water Pipe and Service Connections,2''W,,,NOT_PROCESSED,,
region_001741,CU320,Furnish & Install 2-Inch Water Pipe and Service Connections,2''W,,,NOT_PROCESSED,,
region_001742,CU320,Furnish & Install 2-Inch Water Pipe and Service Connections,2''W,,,NOT_PROCESSED,,
region_001743,CU320,Furnish & Install 2-Inch Water Pipe and Service Connections,2''W,,,NOT_PROCESSED,,
region_001744,CU320,Furnish & Install 2-Inch Water Pipe and Service Connections,2''W,,,NOT_PROCESSED,,
region_001745,CU320,Furnish & Install 2-Inch Water Pipe and Service Connections,2''W,,,NOT_PROCESSED,,
region_001746,CU320,Furnish & Install 2-Inch Water Pipe and Service Connections,2''W,,,NOT_PROCESSED,,
region_001747,CU320,Furnish & Install 2-Inch Water Pipe and Service Connections,2''W,,,NOT_PROCESSED,,
region_001748,CU320,Furnish & Install 8-Inch Sanitary Sewer Pipe,> 8''SS,,,NOT_PROCESSED,,
region_001749,CU320,Furnish & Install 8-Inch Sanitary Sewer Pipe,> 8''SS,,,NOT_PROCESSED,,
region_001750,CU320,Furnish & Install 8-Inch Sanitary Sewer Pipe,> 8''SS,,,NOT_PROCESSED,,
region_001751,CU320,Furnish & Install 8-Inch Sanitary Sewer Pipe,> 8''SS,,,NOT_PROCESSED,,
region_001752,CU320,Furnish & Install 8-Inch Sanitary Sewer Pipe,> 8''SS,,,NOT_PROCESSED,,
region_001753,CU320,Furnish & Install 8-Inch Sanitary Sewer Pipe,8''SS,,,NOT_PROCESSED,,
region_001754,CU320,Furnish & Install 8-Inch Sanitary Sewer Pipe,> 8''SS,,,NOT_PROCESSED,,
region_001755,CU320,Furnish & Install 8-Inch Sanitary Sewer Pipe,> 8''SS,,,NOT_PROCESSED,,
region_001756,CU320,Furnish & Install 8-Inch Sanitary Sewer Pipe,> 8''SS,,,NOT_PROCESSED,,
region_001757,CU320,Furnish & Install 8-Inch Sanitary Sewer Pipe,> 8''SS,,,NOT_PROCESSED,,
region_001758,CU320,Furnish & Install 8-Inch Sanitary Sewer Pipe,> 8''SS,,,NOT_PROCESSED,,
region_001759,CU320,Furnish & Install 8-Inch Sanitary Sewer Pipe,> 8''SS,,,NOT_PROCESSED,,
region_001760,CU320,Furnish & Install 8-Inch Sanitary Sewer Pipe,> 8''SS,,,NOT_PROCESSED,,
region_001761,CU320,Furnish & Install 8-Inch Sanitary Sewer Pipe,> 8''SS,,,NOT_PROCESSED,,
region_001762,CU320,Furnish & Install 8-Inch Sanitary Sewer Pipe,> 8''SS,,,NOT_PROCESSED,,
region_001763,CU320,Furnish & Install 8-Inch Sanitary Sewer Pipe,8''SS,,,NOT_PROCESSED,,
region_001764,CU320,Furnish & Install 8-Inch Sanitary Sewer Pipe,> 8''SS,,,NOT_PROCESSED,,
region_001765,CU320,Furnish & Install 8-Inch Sanitary Sewer Pipe,> 8''SS,,,NOT_PROCESSED,,
region_001766,CU320,Furnish & Install 8-Inch Sanitary Sewer Pipe,> 8''SS,,,NOT_PROCESSED,,
region_001767,CU320,Furnish & Install 8-Inch Sanitary Sewer Pipe,> 8''SS,,,NOT_PROCESSED,,
region_001768,CU320,Furnish & Install 8-Inch Sanitary Sewer Pipe,> 8''SS,,,NOT_PROCESSED,,
region_001769,CU320,Furnish & Install 8-Inch Sanitary Sewer Pipe,> 8''SS,,,NOT_PROCESSED,,
region_001770,CU320,Furnish & Install 8-Inch Sanitary Sewer Pipe,> 8''SS,,,NOT_PROCESSED,,
region_001771,CU320,Furnish & Install 8-Inch Sanitary Sewer Pipe,> 8''SS,,,NOT_PROCESSED,,
region_001772,CU320,Furnish & Install 8-Inch Sanitary Sewer Pipe,> 8''SS,,,NOT_PROCESSED,,
region_001773,CU320,Furnish & Install 8-Inch Sanitary Sewer Pipe,> 8''SS,,,NOT_PROCESSED,,
region_001774,CU320,Furnish & Install 8-Inch Sanitary Sewer Pipe,> 8''SS,,,NOT_PROCESSED,,
region_001775,CU320,Furnish & Install 8-Inch Sanitary Sewer Pipe,> 8''SS,,,NOT_PROCESSED,,
region_001776,CU320,Furnish & Install 8-Inch Sanitary Sewer Pipe,> 8''SS,,,NOT_PROCESSED,,
region_001777,CU320,Furnish & Install 8-Inch Sanitary Sewer Pipe,> 8''SS,,,NOT_PROCESSED,,
region_001778,CU320,Furnish & Install 8-Inch Sanitary Sewer Pipe,> 8''SS,,,NOT_PROCESSED,,
region_001779,CU320,Furnish & Install 8-Inch Sanitary Sewer Pipe,> 8''SS,,,NOT_PROCESSED,,
region_001780,CU320,Furnish & Install 8-Inch Sanitary Sewer Pipe,> 8''SS,,,NOT_PROCESSED,,
region_001781,CU320,Furnish & Install 8-Inch Sanitary Sewer Pipe,> 8''SS,,,NOT_PROCESSED,,
region_001782,CU320,Furnish & Install 8-Inch Sanitary Sewer Pipe,> 8''SS,,,NOT_PROCESSED,,
region_001783,CU320,Furnish & Install 8-Inch Sanitary Sewer Pipe,> 8''SS,,,NOT_PROCESSED,,
region_001784,CU320,Furnish & Install 8-Inch Sanitary Sewer Pipe,> 8''SS,,,NOT_PROCESSED,,
region_001785,CU320,Furnish & Install 8-Inch Sanitary Sewer Pipe,"NEW 8"" SEWER STA:10+12.45 INV:4763.93",,,NOT_PROCESSED,,
region_001786,CU320,Furnish & Install 6-Inch Sanitary Sewer Pipe,6''SS,,,NOT_PROCESSED,,
region_001787,CU320,Furnish & Install 6-Inch Sanitary Sewer Pipe,6''SS,,,NOT_PROCESSED,,
region_001788,CU320,Furnish & Install 6-Inch Sanitary Sewer Pipe,6''SS,,,NOT_PROCESSED,,
region_001789,CU320,Furnish & Install 6-Inch Sanitary Sewer Pipe,6''SS,,,NOT_PROCESSED,,
region_001790,CU320,Furnish & Install 6-Inch Sanitary Sewer Pipe,6''SS,,,NOT_PROCESSED,,
region_001791,CU320,Furnish & Install 6-Inch Sanitary Sewer Pipe,6''SS,,,NOT_PROCESSED,,
region_001792,CU320,Furnish & Install 6-Inch Sanitary Sewer Pipe,6''SS,,,NOT_PROCESSED,,
region_001793,CU320,Furnish & Install 6-Inch Sanitary Sewer Pipe,6''SS,,,NOT_PROCESSED,,
region_001794,CU320,Furnish & Install 6-Inch Sanitary Sewer Pipe,6''SS,,,NOT_PROCESSED,,
region_001795,CU320,Furnish & Install 6-Inch Sanitary Sewer Pipe,6''SS,,,NOT_PROCESSED,,
region_001796,CU320,Furnish & Install 6-Inch Sanitary Sewer Pipe,6''SS,,,NOT_PROCESSED,,
region_001797,CU320,Furnish & Install 6-Inch Sanitary Sewer Pipe,6''SS,,,NOT_PROCESSED,,
region_001798,CU320,Furnish & Install 6-Inch Sanitary Sewer Pipe,6''SS,,,NOT_PROCESSED,,
region_001799,CU320,Furnish & Install 6-Inch Sanitary Sewer Pipe,6''SS,,,NOT_PROCESSED,,
region_001800,CU320,Furnish & Install 6-Inch Sanitary Sewer Pipe,6''SS,,,NOT_PROCESSED,,
region_001801,CU320,Furnish & Install 6-Inch Sanitary Sewer Pipe,6''SS,,,NOT_PROCESSED,,
region_001802,CU320,Furnish & Install 6-Inch Sanitary Sewer Pipe,6''SS,,,NOT_PROCESSED,,
region_001803,CU320,Furnish & Install 6-Inch Sanitary Sewer Pipe,6''SS,,,NOT_PROCESSED,,
region_001804,CU320,Furnish & Install 6-Inch Sanitary Sewer Pipe,6''SS,,,NOT_PROCESSED,,
region_001805,CU320,Furnish & Install 6-Inch Sanitary Sewer Pipe,6''SS,,,NOT_PROCESSED,,
region_001806,CU320,Furnish & Install 6-Inch Sanitary Sewer Pipe,6''SS,,,NOT_PROCESSED,,
region_001807,CU320,Furnish & Install 6-Inch Sanitary Sewer Pipe,6''SS,,,NOT_PROCESSED,,
region_001808,CU320,Furnish & Install 6-Inch Sanitary Sewer Pipe,6''SS,,,NOT_PROCESSED,,
region_001809,CU320,Furnish & Install 6-Inch Sanitary Sewer Pipe,6''SS,,,NOT_PROCESSED,,
region_001810,CU320,Furnish & Install 6-Inch Sanitary Sewer Pipe,6''SS,,,NOT_PROCESSED,,
region_001811,CU320,Furnish & Install 6-Inch Sanitary Sewer Pipe,6''SS,,,NOT_PROCESSED,,
region_001812,CU320,Furnish & Install General Sanitary Sewer Pipe and Laterals,SS,,,NOT_PROCESSED,,
region_001813,CU320,Furnish & Install Core Drilling for New Pipe Connections,"7. REFER TO NOTES FOR WYE FITTINGS ON PIPE 8"" OR LARGER THAN 8"" ON CU300.",,,NOT_PROCESSED,,
region_001814,CU320,Furnish & Install Trench Drains and Drain Structures,"12. THE 15"" LINE ROUTES THROUGH OVERFLOW BOX-1 DOWN STREAM ON THE ORIFICE PLATE WALL. REFER TO NOTES ON THE DETAIL ON SHEET C102..",,,NOT_PROCESSED,,
region_001815,CU320,Furnish & Install Pipe Connection Accessories,13. REFER TO NOTES ON CU300 FOR TRENCH DRAIN REQUIREMENTS. CONNECT TRENCH DRAINS TO STORM DRAIN SYSTEM AS SHOWN ON PLAN AND PROFILE SHEETS.,,,NOT_PROCESSED,,
region_001816,CU320,Furnish & Install Relocation and Adjustment of Existing Utilities,"4. REFER TO NOTES ON CU300 FOR GENERAL UTILITY NOTES, TYP.",,,NOT_PROCESSED,,
region_001817,CU320,"Furnish & Install Phased Installation, Coordination, and Layout",15. SD-2 AND SD-9 STORM DRAIN LINES MUST BE COMPLETED PRIOR TO ANY DEMO BEING COMPLETED ON THE STORM DRAIN LINES SERVICING AREAS NORTH OF THE SITE. ALL OTHER STORM LINES MAY BE COMPLETED WITH OTHER PHASE 1 UTILITY CONSTRUCTION.,,,NOT_PROCESSED,,
region_001818,CU320,Furnish & Install Electrical Manholes,EM,,,NOT_PROCESSED,,
region_001819,CU320,Furnish & Install Electrical Manholes,EM,,,NOT_PROCESSED,,
region_001820,CU320,Furnish & Install Electrical Manholes,EM,,,NOT_PROCESSED,,
region_001821,CU320,Furnish & Install Electrical Manholes,EM,,,NOT_PROCESSED,,
region_001822,CU320,Furnish & Install Electrical Manholes,EM,,,NOT_PROCESSED,,
region_001823,CU320,Furnish & Install Electrical Manholes,EM,,,NOT_PROCESSED,,
region_001824,CU320,Furnish & Install Electrical Manholes,EM,,,NOT_PROCESSED,,
region_001825,CU320,Furnish & Install Electrical Manholes,EM,,,NOT_PROCESSED,,
region_001826,CU320,Furnish & Install Electrical Manholes,EM,,,NOT_PROCESSED,,
region_001827,CU320,Furnish & Install Electrical Pull Boxes,PB,,,NOT_PROCESSED,,
region_001828,CU320,Furnish & Install Electrical Pull Boxes,PB,,,NOT_PROCESSED,,
region_001829,CU320,Furnish & Install Electrical Pull Boxes,PB,,,NOT_PROCESSED,,
region_001830,CU320,Furnish & Install Electrical Pull Boxes,PB,,,NOT_PROCESSED,,
region_001831,CU320,Furnish & Install Electrical Pull Boxes,PB,,,NOT_PROCESSED,,
region_001832,CU320,Furnish & Install Electrical Pull Boxes,PB,,,NOT_PROCESSED,,
region_001833,CU320,Furnish & Install Electrical Pull Boxes,PB,,,NOT_PROCESSED,,
region_001834,CU320,Furnish & Install Electrical Pull Boxes,PB,,,NOT_PROCESSED,,
region_001835,CU320,Furnish & Install Electrical Pull Boxes,PB,,,NOT_PROCESSED,,
region_001836,CU320,Furnish & Install Electrical Pull Boxes,PB,,,NOT_PROCESSED,,
region_001837,CU320,Furnish & Install Electrical Pull Boxes,PB,,,NOT_PROCESSED,,
region_001838,CU320,Furnish & Install Electrical Pull Boxes,PB,,,NOT_PROCESSED,,
region_001839,CU320,Furnish & Install Electrical Pull Boxes,PB,,,NOT_PROCESSED,,
region_001840,CU320,Furnish & Install Electrical Pull Boxes,PB,,,NOT_PROCESSED,,
region_001841,CU320,Furnish & Install Electrical Pull Boxes,PB,,,NOT_PROCESSED,,
region_001842,CU320,Furnish & Install Electrical Pull Boxes,PB,,,NOT_PROCESSED,,
region_001843,CU320,Furnish & Install Electrical Pull Boxes,PB,,,NOT_PROCESSED,,
region_001844,CU320,Furnish & Install Electrical Pull Boxes,PB,,,NOT_PROCESSED,,
region_001845,CU320,Furnish & Install Electrical Pull Boxes,PB,,,NOT_PROCESSED,,
region_001846,CU320,Furnish & Install Electrical Pull Boxes,PB,,,NOT_PROCESSED,,
region_001847,CU320,Furnish & Install Electrical Pull Boxes,PB,,,NOT_PROCESSED,,
region_001848,CU320,Furnish & Install Electrical Pull Boxes,PB,,,NOT_PROCESSED,,
region_001849,CU320,Furnish & Install Electrical Pull Boxes,PB,,,NOT_PROCESSED,,
region_001850,CU320,Furnish & Install Electrical Pull Boxes,PB,,,NOT_PROCESSED,,
region_001851,CU320,Furnish & Install Electrical Pull Boxes,PB,,,NOT_PROCESSED,,
region_001852,CU320,Furnish & Install Electrical Pull Boxes,PB,,,NOT_PROCESSED,,
region_001853,CU320,Furnish & Install Electrical Pull Boxes,PB,,,NOT_PROCESSED,,
region_001854,CU320,Furnish & Install Electrical Pull Boxes,PB,,,NOT_PROCESSED,,
region_001855,CU320,Furnish & Install Electrical Pull Boxes,PB,,,NOT_PROCESSED,,
region_001856,CU320,Furnish & Install Electrical Pull Boxes,PB,,,NOT_PROCESSED,,
region_001857,CU320,Furnish & Install Electrical Pull Boxes,PB,,,NOT_PROCESSED,,
region_001858,CU320,Furnish & Install Electrical Pull Boxes,PB,,,NOT_PROCESSED,,
region_001859,CU320,Furnish & Install Electrical Pull Boxes,PB,,,NOT_PROCESSED,,
region_001860,CU320,Furnish & Install Electrical Pull Boxes,PB,,,NOT_PROCESSED,,
region_001861,CU320,Furnish & Install Electrical Pull Boxes,PB,,,NOT_PROCESSED,,
region_001862,CU320,Furnish & Install Electrical Pull Boxes,PB,,,NOT_PROCESSED,,
region_001863,CU320,Furnish & Install Electrical Pull Boxes,PB,,,NOT_PROCESSED,,
region_001864,CU320,Furnish & Install Electrical Pull Boxes,PB,,,NOT_PROCESSED,,
region_001865,CU320,Furnish & Install Electrical Pull Boxes,PB,,,NOT_PROCESSED,,
region_001866,CU320,Furnish & Install Electrical Pull Boxes,PB,,,NOT_PROCESSED,,
region_001867,CU320,Furnish & Install Electrical Pull Boxes,PB,,,NOT_PROCESSED,,
region_001868,CU320,Furnish & Install Electrical Pull Boxes,PB,,,NOT_PROCESSED,,
region_001869,CU320,Furnish & Install Electrical Pull Boxes,PB,,,NOT_PROCESSED,,
region_001870,CU320,Furnish & Install Electrical Pull Boxes,PB,,,NOT_PROCESSED,,
region_001871,CU320,Furnish & Install Electrical Pull Boxes,PB,,,NOT_PROCESSED,,
region_001872,CU320,Furnish & Install Electrical Pull Boxes,PB,,,NOT_PROCESSED,,
region_001873,CU320,Furnish & Install Electrical Pull Boxes,PB,,,NOT_PROCESSED,,
region_001874,CU320,Furnish & Install Electrical Pull Boxes,PB,,,NOT_PROCESSED,,
region_001875,CU320,Furnish & Install Electrical Pull Boxes,PB,,,NOT_PROCESSED,,
region_001876,CU320,Furnish & Install Electrical Pull Boxes,PB,,,NOT_PROCESSED,,
region_001877,CU320,Furnish & Install Electrical Pull Boxes,PB,,,NOT_PROCESSED,,
region_001878,CU320,Furnish & Install Electrical Pull Boxes,PB,,,NOT_PROCESSED,,
region_001879,CU320,Furnish & Install Electrical Pull Boxes,PB,,,NOT_PROCESSED,,
region_001880,CU320,Furnish & Install Electrical Pull Boxes,PB,,,NOT_PROCESSED,,
region_001881,CU320,Furnish & Install Electrical Pull Boxes,PB,,,NOT_PROCESSED,,
region_001882,CU320,Furnish & Install Electrical Pull Boxes,PB,,,NOT_PROCESSED,,
region_001883,CU320,Furnish & Install Electrical Pull Boxes,PB,,,NOT_PROCESSED,,
region_001884,CU320,Furnish & Install Electrical Pull Boxes,PB,,,NOT_PROCESSED,,
region_001885,CU320,Furnish & Install Electrical Pull Boxes,PB,,,NOT_PROCESSED,,
region_001886,CU320,Furnish & Install Electrical Pull Boxes,PB,,,NOT_PROCESSED,,
region_001887,CU320,Furnish & Install Electrical Pull Boxes,PB,,,NOT_PROCESSED,,
region_001888,CU320,Furnish & Install Electrical Pull Boxes,PB,,,NOT_PROCESSED,,
region_001889,CU320,Furnish & Install Electrical Pull Boxes,PB,,,NOT_PROCESSED,,
region_001890,CU320,Furnish & Install Electrical Pull Boxes,PB,,,NOT_PROCESSED,,
region_001891,CU320,Furnish & Install Electrical Pull Boxes,PB,,,NOT_PROCESSED,,
region_001892,CU320,Furnish & Install Electrical Pull Boxes,PB,,,NOT_PROCESSED,,
region_001893,CU320,Furnish & Install Electrical Pull Boxes,PB,,,NOT_PROCESSED,,
region_001894,CU320,Furnish & Install Electrical Pull Boxes,PB,,,NOT_PROCESSED,,
region_001895,CU320,Furnish & Install Electrical Pull Boxes,PB,,,NOT_PROCESSED,,
region_001896,CU320,Furnish & Install Electrical Pull Boxes,PB,,,NOT_PROCESSED,,
region_001897,CU320,Furnish & Install Optical Fiber Cabling,FO,,,NOT_PROCESSED,,
region_001898,CU320,Furnish & Install Optical Fiber Cabling,FO,,,NOT_PROCESSED,,
region_001899,CU320,Furnish & Install Optical Fiber Cabling,FO,,,NOT_PROCESSED,,
region_001900,CU320,Furnish & Install Optical Fiber Cabling,FO,,,NOT_PROCESSED,,
region_001901,CU320,Furnish & Install Optical Fiber Cabling,FO,,,NOT_PROCESSED,,
region_001902,CU320,Furnish & Install Optical Fiber Cabling,FO,,,NOT_PROCESSED,,
region_001903,CU320,Furnish & Install Optical Fiber Cabling,FO,,,NOT_PROCESSED,,
region_001904,CU320,Furnish & Install Optical Fiber Cabling,FO,,,NOT_PROCESSED,,
region_001905,CU320,Furnish & Install Optical Fiber Cabling,FO,,,NOT_PROCESSED,,
region_001906,CU320,Furnish & Install Optical Fiber Cabling,FO,,,NOT_PROCESSED,,
region_001907,CU320,Furnish & Install Optical Fiber Cabling,FO,,,NOT_PROCESSED,,
region_001908,CU320,Furnish & Install Optical Fiber Cabling,FO,,,NOT_PROCESSED,,
region_001909,CU320,Furnish & Install Optical Fiber Cabling,FO,,,NOT_PROCESSED,,
region_001910,CU320,Furnish & Install Optical Fiber Cabling,FO,,,NOT_PROCESSED,,
region_001911,CU320,Furnish & Install Optical Fiber Cabling,FO,,,NOT_PROCESSED,,
region_001912,CU320,Furnish & Install Optical Fiber Cabling,FO,,,NOT_PROCESSED,,
region_001913,CU320,Furnish & Install Optical Fiber Cabling,FO,,,NOT_PROCESSED,,
region_001914,CU320,Furnish & Install Optical Fiber Cabling,FO,,,NOT_PROCESSED,,
region_001915,CU320,Furnish & Install Optical Fiber Cabling,FO,,,NOT_PROCESSED,,
region_001916,CU320,Furnish & Install Optical Fiber Cabling,FO,,,NOT_PROCESSED,,
region_001917,CU320,Furnish & Install Optical Fiber Cabling,FO,,,NOT_PROCESSED,,
region_001918,CU320,Furnish & Install Optical Fiber Cabling,FO,,,NOT_PROCESSED,,
region_001919,CU320,Furnish & Install Optical Fiber Cabling,FO,,,NOT_PROCESSED,,
region_001920,CU320,Furnish & Install Optical Fiber Cabling,FO,,,NOT_PROCESSED,,
region_001921,CU320,Furnish & Install Optical Fiber Cabling,FO,,,NOT_PROCESSED,,
region_001922,CU320,Furnish & Install Optical Fiber Cabling,FO,,,NOT_PROCESSED,,
region_001923,CU320,Furnish & Install Optical Fiber Cabling,FO,,,NOT_PROCESSED,,
region_001924,CU320,Furnish & Install Optical Fiber Cabling,FO,,,NOT_PROCESSED,,
region_001925,CU320,Furnish & Install Optical Fiber Cabling,FO,,,NOT_PROCESSED,,
region_001926,CU320,Furnish & Install Optical Fiber Cabling,FO,,,NOT_PROCESSED,,
region_001927,CU320,Furnish & Install Optical Fiber Cabling,FO,,,NOT_PROCESSED,,
region_001928,CU320,Furnish & Install Optical Fiber Cabling,FO,,,NOT_PROCESSED,,
region_001929,CU320,Furnish & Install Optical Fiber Cabling,FO,,,NOT_PROCESSED,,
region_001930,CU320,Furnish & Install Optical Fiber Cabling,FO,,,NOT_PROCESSED,,
region_001931,CU320,Furnish & Install Optical Fiber Cabling,FO,,,NOT_PROCESSED,,
region_001932,CU320,Furnish & Install Optical Fiber Cabling,FO,,,NOT_PROCESSED,,
region_001933,CU320,Furnish & Install Optical Fiber Cabling,FO,,,NOT_PROCESSED,,
region_001934,CU320,Furnish & Install Optical Fiber Cabling,FO,,,NOT_PROCESSED,,
region_001935,CU320,Furnish & Install Optical Fiber Cabling,FO,,,NOT_PROCESSED,,
region_001936,CU320,Furnish & Install Concrete Wall Footings,1. REFER TO SHEET CU300 FOR DETAIL REFERENCES FOR EACH DRAINAGE STRUCTURE. ONLY MAIN LINES ARE PROFILED. SLOPE AND STRUCTURE INVERTS ARE PROVIDED FOR ALL PIPE SECTIONS THAT ARE NOT PROFILED ON THE STORM DRAIN PLAN AND PROFILE SHEETS. STEP WALL FOOTING PER NOTES ON CU300 FOR STORM DRAIN LINES.,,,NOT_PROCESSED,,
region_001937,CU320,Furnish & Install Concrete Wall Footings,"5. POT HOLE ALL EXISTING UTILITY CROSSINGS FOR NEW STORM DRAIN SEWER LINES,  LOWER OR RAISE COMMUNICATIONS, ELECTRICAL, OR GAS LINES TO PROVIDE PROPER VERTICAL ALIGNMENT FOR THE GRAVITY LINES.  LOWER EXISTING OR NEW WATER LINES WHERE CONFLICTS OCCUR WITH DRAIN LINES OR OTHER EXISTING UTILITIES. WHERE CROSSING OF THE EXISTING UTILITY TUNNEL OCCURS, POTHOLE TUNNEL TO INSURE PIPING CLEARS TUNNEL STRUCTURE 12"" MINIMUM.",,,NOT_PROCESSED,,
region_001938,CG452,Furnish & Install Site Grading,FF=81.50,,,NOT_PROCESSED,,
region_001939,CG452,Furnish & Install Site Grading,FF=75.00,,,NOT_PROCESSED,,
region_001940,CG452,Furnish & Install Site Grading,FF=81.00,,,NOT_PROCESSED,,
region_001941,CG452,Furnish & Install Site Grading,FF=78.25,,,NOT_PROCESSED,,
region_001942,CG452,Furnish & Install Site Grading,FF=72.50,,,NOT_PROCESSED,,
region_001943,CG452,Furnish & Install Site Grading,FF=76.00,,,NOT_PROCESSED,,
region_001944,CG452,Furnish & Install Site Grading,FF=71.00,,,NOT_PROCESSED,,
region_001945,CG452,Furnish & Install Site Grading,FF=69.00,,,NOT_PROCESSED,,
region_001946,CG452,Furnish & Install Site Grading,FF=67.00,,,NOT_PROCESSED,,
region_001947,CG452,Furnish & Install Site Grading,FF=66.50,,,NOT_PROCESSED,,
region_001948,CG452,Furnish & Install Site Grading,FF=67.00,,,NOT_PROCESSED,,
region_001949,CG452,Furnish & Install Site Grading,FF=66.50,,,NOT_PROCESSED,,
region_001950,CG452,Provide sediment control and basin maintenance during construction,1. SEDIMENT WILL NOT BE ALLOWED INTO RETENTION BASIN DURING CONSTRUCTION AND DURING LANDSCAPE STABILIZATION OF SOILS. CONTRACTOR WILL BE REQUIRED TO CLEAN OR REPLACE RETENTION BASINS THAT ARE NOT MAINTAINED FREE OF SEDIMENT DURING CONSTRUCTION AND DURING ESTABLISHMENT OF ALL LANDSCAPED AREAS.,,,NOT_PROCESSED,,
region_001951,CG452,Furnish & Install — ADA Compliant Site Features,ADA,,,NOT_PROCESSED,,
region_001952,CG452,Furnish & Install — ADA Compliant Site Features,ADA,,,NOT_PROCESSED,,
region_001953,CG452,Furnish & Install — ADA Compliant Site Features,ADA,,,NOT_PROCESSED,,
region_001954,CG452,Furnish & Install — ADA Compliant Site Features,ADA,,,NOT_PROCESSED,,
region_001955,CG452,Furnish & Install — ADA Compliant Site Features,ADA,,,NOT_PROCESSED,,
region_001956,CG452,Furnish & Install — ADA Compliant Site Features,ADA,,,NOT_PROCESSED,,
region_001957,CG452,Furnish & Install — ADA Compliant Site Features,ADA,,,NOT_PROCESSED,,
region_001958,CG452,Refer to the Site Improvements schedules,Wqv (Water Quality Volume),,,NOT_PROCESSED,,
region_001959,CG452,Furnish & Install Irrigation System Components,IRR,,,NOT_PROCESSED,,
region_001960,CG452,Furnish & Install Irrigation System Components,IRR,,,NOT_PROCESSED,,
region_001961,CG452,Furnish & Install Irrigation System Components,IRR,,,NOT_PROCESSED,,
region_001962,CG452,Furnish & Install Irrigation System Components,IRR,,,NOT_PROCESSED,,
region_001963,CG452,Furnish & Install Irrigation System Components,IRR,,,NOT_PROCESSED,,
region_001964,CG452,Furnish & Install Irrigation System Components,IRR,,,NOT_PROCESSED,,
region_001965,CG452,Furnish & Install Irrigation System Components,IRR,,,NOT_PROCESSED,,
region_001966,CG452,Furnish & Install Irrigation System Components,IRR,,,NOT_PROCESSED,,
region_001967,CG452,Furnish & Install Irrigation System Components,IRR,,,NOT_PROCESSED,,
region_001968,CG452,Furnish & Install Irrigation System Components,IRR,,,NOT_PROCESSED,,
region_001969,CG452,Furnish & Install Underground Detention and Retention Systems,BASIN 1,,,NOT_PROCESSED,,
region_001970,CG452,Furnish & Install Underground Detention and Retention Systems,"REQUIRED DETENTION: 1,436 CF PROVIDED DETENTION: 1,848 CF PROVIDED RETENTION: 550± CF HIGHWATER ELEVATION: 4,779' BOTTOM OF STONE: 4,775' PARTIAL DETENTION 0.50 CFS/ACRE APPROXIMATELY 60% DETENTION",,,NOT_PROCESSED,,
region_001971,CG452,Furnish & Install Underground Detention and Retention Systems,BASIN 3 BASIN 3,,,NOT_PROCESSED,,
region_001972,CG452,Furnish & Install Underground Detention and Retention Systems,BASIN 4 BASIN 4,,,NOT_PROCESSED,,
region_001973,CG452,Furnish & Install Underground Detention and Retention Systems,"BASIN 3 REQUIRED DETENTION: 1,692 CF PROVIDED DETENTION: 2,232 CF PROVIDED RETENTION: 250± CF HIGHWATER ELEVATION: 4,771.50' BOTTOM OF STONE: 4,767.50' PARTIAL DETENTION 0.50 CFS/ACRE APPROXIMATELY 60% DETENTION",,,NOT_PROCESSED,,
region_001974,CG452,Furnish & Install Underground Detention and Retention Systems,"BASIN 4 REQUIRED DETENTION: 3,951 CF (SEE NOTE 3) PROVIDED DETENTION: 4,558 CF PROVIDED RETENTION: 1,200± CF HIGHWATER ELEVATION: 4,763.50' BOTTOM OF STONE: 4,758' PARTIAL DETENTION 0.50 CFS/ACRE APPROXIMATELY 60% DETENTION",,,NOT_PROCESSED,,
region_001975,CG452,Furnish & Install Underground Detention and Retention Systems,DELINEATION INCLUDES FUTURE BUILDING ROOF DRAIN AND FRONTAGE,,,NOT_PROCESSED,,
region_001976,CG452,Furnish & Install Underground Detention and Retention Systems,2. APPROXIMATED A 10 YEAR STORM EVENT IS TO BE DETAINED UNDERGROUND.,,,NOT_PROCESSED,,
region_001977,CG452,Furnish & Install Underground Detention and Retention Systems,"3. THE ROADWAY IN THE SOUTH (APPROXIMATELY 30,000 SF OF IMPERVIOUS SURFACE) IS NOT ABLE TO BE DETAINED, BASIN 4'S UNDERGROUND DETENTION SYSTEM WAS OVERSIZED TO INCORPORATE THIS VOLUME. BOTH BASIN 4 AND THE ROAD WERE SIZED WITH THE PARTIAL DETENTION RELEASE RATE OF 0.50 CFS/ACRE. BASIN 4'S ORIFICE PLATE WAS UNDERSIZED TO 0.33 CFS/ACRE AS WITH THIS RELEASE RATE A VOLUME OF APPROXIMATELY 4,000 CF IS NEEDED TO BE STORED WHICH IS EQUIVALENT TO THE COMBINED STORAGE VALUES OF BASIN 4 AND THE ROAD.",,,NOT_PROCESSED,,
region_001978,CG452,Furnish & Install Pretreatment Catch Basins and Inserts,PRETREATMENT CATCH BASIN SNOUT EAST INVERT,,,NOT_PROCESSED,,
region_001979,CG452,Furnish & Install Pretreatment Catch Basins and Inserts,PRETREATMENT CATCH BASIN SNOUT EAST INVERT,,,NOT_PROCESSED,,
region_001980,CG452,Furnish & Install Pretreatment Catch Basins and Inserts,PRETREATMENT CATCH BASIN SNOUT NE INVERT,,,NOT_PROCESSED,,
region_001981,CG452,Furnish & Install Overflow Boxes,OVERFLOW BOX W/ ORIFICE PLATE,,,NOT_PROCESSED,,
region_001982,CG452,Furnish & Install Overflow Boxes,OVERFLOW BOX W/ ORIFICE PLATE,,,NOT_PROCESSED,,
region_001983,CG452,Furnish & Install Overflow Boxes,OVERFLOW BOX W/ ORIFICE PLATE,,,NOT_PROCESSED,,
region_001984,CG452,Furnish & Install Fire Hydrants and Fire Department Connections,FH,,,NOT_PROCESSED,,
region_001985,CG452,Furnish & Install Fire Hydrants and Fire Department Connections,FH,,,NOT_PROCESSED,,
region_001986,CG452,Furnish & Install Fire Hydrants and Fire Department Connections,FH,,,NOT_PROCESSED,,
region_001987,CG452,Furnish & Install Fire Hydrants and Fire Department Connections,FH,,,NOT_PROCESSED,,
region_001988,CG452,Furnish & Install Fire Hydrants and Fire Department Connections,FH,,,NOT_PROCESSED,,
region_001989,CG452,Furnish & Install Fire Hydrants and Fire Department Connections,FH,,,NOT_PROCESSED,,
region_001990,CG452,Furnish & Install Fire Hydrants and Fire Department Connections,FH,,,NOT_PROCESSED,,
region_001991,CG452,Furnish & Install Fire Hydrants and Fire Department Connections,FH,,,NOT_PROCESSED,,
region_001992,CG452,Furnish & Install Fire Hydrants and Fire Department Connections,FH,,,NOT_PROCESSED,,
region_001993,CG452,Furnish & Install Fire Hydrants and Fire Department Connections,FH,,,NOT_PROCESSED,,
region_001994,CG452,Furnish & Install Fire Hydrants and Fire Department Connections,FH,,,NOT_PROCESSED,,
region_001995,CG452,Furnish & Install Fire Hydrants and Fire Department Connections,FH,,,NOT_PROCESSED,,
region_001996,CG452,Furnish & Install Fire Hydrants and Fire Department Connections,FH,,,NOT_PROCESSED,,
region_001997,CG452,Furnish & Install Fire Hydrants and Fire Department Connections,FH,,,NOT_PROCESSED,,
region_001998,CG452,Furnish & Install Fire Hydrants and Fire Department Connections,FH,,,NOT_PROCESSED,,
region_001999,CG452,Furnish & Install Fire Hydrants and Fire Department Connections,FH,,,NOT_PROCESSED,,
region_002000,CG452,Furnish & Install Fire Hydrants and Fire Department Connections,FH,,,NOT_PROCESSED,,
region_002001,CG452,Furnish & Install Fire Hydrants and Fire Department Connections,FH,,,NOT_PROCESSED,,
region_002002,CG452,Furnish & Install 5-Inch Storm Drain Pipe,5''SD,,,NOT_PROCESSED,,
region_002003,CG452,Furnish & Install 5-Inch Storm Drain Pipe,5''SD,,,NOT_PROCESSED,,
region_002004,CG452,Furnish & Install 5-Inch Storm Drain Pipe,5''SD,,,NOT_PROCESSED,,
region_002005,CG452,Furnish & Install 8-Inch Storm Drain Pipe,> 8''SD,,,NOT_PROCESSED,,
region_002006,CG452,Furnish & Install 8-Inch Storm Drain Pipe,> 8''SD,,,NOT_PROCESSED,,
region_002007,CG452,Furnish & Install 8-Inch Storm Drain Pipe,> 8''SD,,,NOT_PROCESSED,,
region_002008,CG452,Furnish & Install 8-Inch Storm Drain Pipe,> 8''SD,,,NOT_PROCESSED,,
region_002009,CG452,Furnish & Install 8-Inch Storm Drain Pipe,> 8''SD,,,NOT_PROCESSED,,
region_002010,CG452,Furnish & Install 8-Inch Storm Drain Pipe,> 8''SD,,,NOT_PROCESSED,,
region_002011,CG452,Furnish & Install 8-Inch Storm Drain Pipe,> 8''SD,,,NOT_PROCESSED,,
region_002012,CG452,Furnish & Install 8-Inch Storm Drain Pipe,> 8''SD,,,NOT_PROCESSED,,
region_002013,CG452,Furnish & Install 8-Inch Storm Drain Pipe,> 8''SD,,,NOT_PROCESSED,,
region_002014,CG452,Furnish & Install 8-Inch Storm Drain Pipe,> 8''SD,,,NOT_PROCESSED,,
region_002015,CG452,Furnish & Install 8-Inch Storm Drain Pipe,> 8''SD,,,NOT_PROCESSED,,
region_002016,CG452,Furnish & Install 8-Inch Storm Drain Pipe,> 8''SD,,,NOT_PROCESSED,,
region_002017,CG452,Furnish & Install 8-Inch Storm Drain Pipe,> 8''SD,,,NOT_PROCESSED,,
region_002018,CG452,Furnish & Install 8-Inch Storm Drain Pipe,> 8''SD,,,NOT_PROCESSED,,
region_002019,CG452,Furnish & Install 8-Inch Storm Drain Pipe,> 8''SD,,,NOT_PROCESSED,,
region_002020,CG452,Furnish & Install 8-Inch Storm Drain Pipe,> 8''SD,,,NOT_PROCESSED,,
region_002021,CG452,Furnish & Install 8-Inch Storm Drain Pipe,> 8''SD,,,NOT_PROCESSED,,
region_002022,CG452,Furnish & Install 8-Inch Storm Drain Pipe,> 8''SD,,,NOT_PROCESSED,,
region_002023,CG452,Furnish & Install 8-Inch Storm Drain Pipe,> 8''SD,,,NOT_PROCESSED,,
region_002024,CG452,Furnish & Install 8-Inch Storm Drain Pipe,> 8''SD,,,NOT_PROCESSED,,
region_002025,CG452,Furnish & Install 8-Inch Storm Drain Pipe,> 8''SD,,,NOT_PROCESSED,,
region_002026,CG452,Furnish & Install 8-Inch Storm Drain Pipe,> 8''SD,,,NOT_PROCESSED,,
region_002027,CG452,Furnish & Install 8-Inch Storm Drain Pipe,> 8''SD,,,NOT_PROCESSED,,
region_002028,CG452,Furnish & Install 8-Inch Storm Drain Pipe,> 8''SD,,,NOT_PROCESSED,,
region_002029,CG452,Furnish & Install 8-Inch Storm Drain Pipe,> 8''SD,,,NOT_PROCESSED,,
region_002030,CG452,Furnish & Install 8-Inch Storm Drain Pipe,> 8''SD,,,NOT_PROCESSED,,
region_002031,CG452,Furnish & Install 8-Inch Storm Drain Pipe,> 8''SD,,,NOT_PROCESSED,,
region_002032,CG452,Furnish & Install 8-Inch Storm Drain Pipe,> 8''SD,,,NOT_PROCESSED,,
region_002033,CG452,Furnish & Install 8-Inch Storm Drain Pipe,> 8''SD,,,NOT_PROCESSED,,
region_002034,CG452,Furnish & Install 8-Inch Storm Drain Pipe,> 8''SD,,,NOT_PROCESSED,,
region_002035,CG452,Furnish & Install 8-Inch Storm Drain Pipe,> 8''SD,,,NOT_PROCESSED,,
region_002036,CG452,Furnish & Install 8-Inch Storm Drain Pipe,> 8''SD,,,NOT_PROCESSED,,
region_002037,CG452,Furnish & Install 8-Inch Storm Drain Pipe,> 8''SD,,,NOT_PROCESSED,,
region_002038,CG452,Furnish & Install 8-Inch Storm Drain Pipe,> 8''SD,,,NOT_PROCESSED,,
region_002039,CG452,Furnish & Install 8-Inch Storm Drain Pipe,> 8''SD,,,NOT_PROCESSED,,
region_002040,CG452,Furnish & Install 8-Inch Storm Drain Pipe,> 8''SD,,,NOT_PROCESSED,,
region_002041,CG452,Furnish & Install 8-Inch Storm Drain Pipe,> 8''SD,,,NOT_PROCESSED,,
region_002042,CG452,Furnish & Install 8-Inch Storm Drain Pipe,> 8''SD,,,NOT_PROCESSED,,
region_002043,CG452,Furnish & Install 8-Inch Storm Drain Pipe,> 8''SD,,,NOT_PROCESSED,,
region_002044,CG452,Furnish & Install 8-Inch Storm Drain Pipe,> 8''SD,,,NOT_PROCESSED,,
region_002045,CG452,Furnish & Install 8-Inch Storm Drain Pipe,> 8''SD,,,NOT_PROCESSED,,
region_002046,CG452,Furnish & Install 8-Inch Storm Drain Pipe,> 8''SD,,,NOT_PROCESSED,,
region_002047,CG452,Furnish & Install 8-Inch Storm Drain Pipe,> 8''SD,,,NOT_PROCESSED,,
region_002048,CG452,Furnish & Install 8-Inch Storm Drain Pipe,> 8''SD,,,NOT_PROCESSED,,
region_002049,CG452,Furnish & Install 8-Inch Storm Drain Pipe,> 8''SD,,,NOT_PROCESSED,,
region_002050,CG452,Furnish & Install 8-Inch Storm Drain Pipe,> 8''SD,,,NOT_PROCESSED,,
region_002051,CG452,Furnish & Install 8-Inch Storm Drain Pipe,> 8''SD,,,NOT_PROCESSED,,
region_002052,CG452,Furnish & Install 8-Inch Storm Drain Pipe,> 8''SD,,,NOT_PROCESSED,,
region_002053,CG452,Furnish & Install 8-Inch Storm Drain Pipe,> 8''SD,,,NOT_PROCESSED,,
region_002054,CG452,Furnish & Install 8-Inch Storm Drain Pipe,> 8''SD,,,NOT_PROCESSED,,
region_002055,CG452,Furnish & Install 8-Inch Storm Drain Pipe,> 8''SD,,,NOT_PROCESSED,,
region_002056,CG452,Furnish & Install 8-Inch Storm Drain Pipe,> 8''SD,,,NOT_PROCESSED,,
region_002057,CG452,Furnish & Install 8-Inch Storm Drain Pipe,> 8''SD,,,NOT_PROCESSED,,
region_002058,CG452,Furnish & Install 8-Inch Storm Drain Pipe,> 8''SD,,,NOT_PROCESSED,,
region_002059,CG452,Furnish & Install 8-Inch Storm Drain Pipe,> 8''SD,,,NOT_PROCESSED,,
region_002060,CG452,Furnish & Install 8-Inch Storm Drain Pipe,> 8''SD,,,NOT_PROCESSED,,
region_002061,CG452,Furnish & Install 8-Inch Storm Drain Pipe,> 8''SD,,,NOT_PROCESSED,,
region_002062,CG452,Furnish & Install 8-Inch Storm Drain Pipe,> 8''SD,,,NOT_PROCESSED,,
region_002063,CG452,Furnish & Install 8-Inch Storm Drain Pipe,> 8''SD,,,NOT_PROCESSED,,
region_002064,CG452,Furnish & Install 8-Inch Storm Drain Pipe,> 8''SD,,,NOT_PROCESSED,,
region_002065,CG452,Furnish & Install 8-Inch Storm Drain Pipe,> 8''SD,,,NOT_PROCESSED,,
region_002066,CG452,Furnish & Install 8-Inch Storm Drain Pipe,> 8''SD,,,NOT_PROCESSED,,
region_002067,CG452,Furnish & Install 8-Inch Storm Drain Pipe,> 8''SD,,,NOT_PROCESSED,,
region_002068,CG452,Furnish & Install 8-Inch Storm Drain Pipe,> 8''SD,,,NOT_PROCESSED,,
region_002069,CG452,Furnish & Install 8-Inch Storm Drain Pipe,> 8''SD,,,NOT_PROCESSED,,
region_002070,CG452,Furnish & Install 8-Inch Storm Drain Pipe,> 8''SD,,,NOT_PROCESSED,,
region_002071,CG452,Furnish & Install 8-Inch Storm Drain Pipe,> 8''SD,,,NOT_PROCESSED,,
region_002072,CG452,Furnish & Install 8-Inch Storm Drain Pipe,> 8''SD,,,NOT_PROCESSED,,
region_002073,CG452,Furnish & Install 8-Inch Storm Drain Pipe,> 8''SD,,,NOT_PROCESSED,,
region_002074,CG452,Furnish & Install 8-Inch Storm Drain Pipe,> 8''SD,,,NOT_PROCESSED,,
region_002075,CG452,Furnish & Install 8-Inch Storm Drain Pipe,> 8''SD,,,NOT_PROCESSED,,
region_002076,CG452,Furnish & Install 8-Inch Storm Drain Pipe,> 8''SD,,,NOT_PROCESSED,,
region_002077,CG452,Furnish & Install 8-Inch Storm Drain Pipe,> 8''SD,,,NOT_PROCESSED,,
region_002078,CG452,Furnish & Install 8-Inch Storm Drain Pipe,> 8''SD,,,NOT_PROCESSED,,
region_002079,CG452,Furnish & Install 8-Inch Storm Drain Pipe,> 8''SD,,,NOT_PROCESSED,,
region_002080,CG452,Furnish & Install 8-Inch Storm Drain Pipe,> 8''SD,,,NOT_PROCESSED,,
region_002081,CG452,Furnish & Install 8-Inch Storm Drain Pipe,> 8''SD,,,NOT_PROCESSED,,
region_002082,CG452,Furnish & Install 8-Inch Storm Drain Pipe,> 8''SD,,,NOT_PROCESSED,,
region_002083,CG452,Furnish & Install 8-Inch Storm Drain Pipe,> 8''SD,,,NOT_PROCESSED,,
region_002084,CG452,Furnish & Install 8-Inch Storm Drain Pipe,> 8''SD,,,NOT_PROCESSED,,
region_002085,CG452,Furnish & Install 8-Inch Storm Drain Pipe,> 8''SD,,,NOT_PROCESSED,,
region_002086,CG452,Furnish & Install 8-Inch Storm Drain Pipe,> 8''SD,,,NOT_PROCESSED,,
region_002087,CG452,Furnish & Install 8-Inch Storm Drain Pipe,> 8''SD,,,NOT_PROCESSED,,
region_002088,CG452,Furnish & Install 8-Inch Storm Drain Pipe,> 8''SD,,,NOT_PROCESSED,,
region_002089,CG452,Furnish & Install 8-Inch Storm Drain Pipe,> 8''SD,,,NOT_PROCESSED,,
region_002090,CG452,Furnish & Install 8-Inch Storm Drain Pipe,> 8''SD,,,NOT_PROCESSED,,
region_002091,CG452,Furnish & Install 8-Inch Storm Drain Pipe,> 8''SD,,,NOT_PROCESSED,,
region_002092,CG452,Furnish & Install 10-Inch Storm Drain Pipe,> 10''SD,,,NOT_PROCESSED,,
region_002093,CG452,Furnish & Install 10-Inch Storm Drain Pipe,> 10''SD,,,NOT_PROCESSED,,
region_002094,CG452,Furnish & Install 10-Inch Storm Drain Pipe,> 10''SD,,,NOT_PROCESSED,,
region_002095,CG452,Furnish & Install 10-Inch Storm Drain Pipe,> 10''SD,,,NOT_PROCESSED,,
region_002096,CG452,Furnish & Install 10-Inch Storm Drain Pipe,> 10''SD,,,NOT_PROCESSED,,
region_002097,CG452,Furnish & Install 10-Inch Storm Drain Pipe,> 10''SD,,,NOT_PROCESSED,,
region_002098,CG452,Furnish & Install 10-Inch Storm Drain Pipe,> 10''SD,,,NOT_PROCESSED,,
region_002099,CG452,Furnish & Install 10-Inch Storm Drain Pipe,> 10''SD,,,NOT_PROCESSED,,
region_002100,CG452,Furnish & Install 10-Inch Storm Drain Pipe,> 10''SD,,,NOT_PROCESSED,,
region_002101,CG452,Furnish & Install 10-Inch Storm Drain Pipe,> 10''SD,,,NOT_PROCESSED,,
region_002102,CG452,Furnish & Install 10-Inch Storm Drain Pipe,> 10''SD,,,NOT_PROCESSED,,
region_002103,CG452,Furnish & Install 10-Inch Storm Drain Pipe,> 10''SD,,,NOT_PROCESSED,,
region_002104,CG452,Furnish & Install 10-Inch Storm Drain Pipe,10''SD,,,NOT_PROCESSED,,
region_002105,CG452,Furnish & Install 10-Inch Storm Drain Pipe,10''SD,,,NOT_PROCESSED,,
region_002106,CG452,Furnish & Install 10-Inch Storm Drain Pipe,10''SD,,,NOT_PROCESSED,,
region_002107,CG452,Furnish & Install 10-Inch Storm Drain Pipe,10''SD,,,NOT_PROCESSED,,
region_002108,CG452,Furnish & Install 10-Inch Storm Drain Pipe,> 10''SD,,,NOT_PROCESSED,,
region_002109,CG452,Furnish & Install 10-Inch Storm Drain Pipe,> 10''SD,,,NOT_PROCESSED,,
region_002110,CG452,Furnish & Install 10-Inch Storm Drain Pipe,10''SD,,,NOT_PROCESSED,,
region_002111,CG452,Furnish & Install 10-Inch Storm Drain Pipe,10''SD,,,NOT_PROCESSED,,
region_002112,CG452,Furnish & Install 10-Inch Storm Drain Pipe,10''SD,,,NOT_PROCESSED,,
region_002113,CG452,Furnish & Install 10-Inch Storm Drain Pipe,10''SD,,,NOT_PROCESSED,,
region_002114,CG452,Furnish & Install 10-Inch Storm Drain Pipe,10''SD,,,NOT_PROCESSED,,
region_002115,CG452,Furnish & Install 10-Inch Storm Drain Pipe,10''SD,,,NOT_PROCESSED,,
region_002116,CG452,Furnish & Install 10-Inch Storm Drain Pipe,10''SD,,,NOT_PROCESSED,,
region_002117,CG452,Furnish & Install 10-Inch Storm Drain Pipe,10''SD,,,NOT_PROCESSED,,
region_002118,CG452,Furnish & Install 10-Inch Storm Drain Pipe,> 10''SD,,,NOT_PROCESSED,,
region_002119,CG452,Furnish & Install 10-Inch Storm Drain Pipe,> 10''SD,,,NOT_PROCESSED,,
region_002120,CG452,Furnish & Install 10-Inch Storm Drain Pipe,10''SD,,,NOT_PROCESSED,,
region_002121,CG452,Furnish & Install 10-Inch Storm Drain Pipe,10''SD,,,NOT_PROCESSED,,
region_002122,CG452,Furnish & Install 10-Inch Storm Drain Pipe,10''SD,,,NOT_PROCESSED,,
region_002123,CG452,Furnish & Install 10-Inch Storm Drain Pipe,10''SD,,,NOT_PROCESSED,,
region_002124,CG452,Furnish & Install 10-Inch Storm Drain Pipe,10''SD,,,NOT_PROCESSED,,
region_002125,CG452,Furnish & Install 10-Inch Storm Drain Pipe,10''SD,,,NOT_PROCESSED,,
region_002126,CG452,Furnish & Install 10-Inch Storm Drain Pipe,10''SD,,,NOT_PROCESSED,,
region_002127,CG452,Furnish & Install 10-Inch Storm Drain Pipe,> 10''SD,,,NOT_PROCESSED,,
region_002128,CG452,Furnish & Install 10-Inch Storm Drain Pipe,> 10''SD,,,NOT_PROCESSED,,
region_002129,CG452,Furnish & Install 10-Inch Storm Drain Pipe,10''SD,,,NOT_PROCESSED,,
region_002130,CG452,Furnish & Install 10-Inch Storm Drain Pipe,10''SD,,,NOT_PROCESSED,,
region_002131,CG452,Furnish & Install 10-Inch Storm Drain Pipe,10''SD,,,NOT_PROCESSED,,
region_002132,CG452,Furnish & Install 10-Inch Storm Drain Pipe,10''SD,,,NOT_PROCESSED,,
region_002133,CG452,Furnish & Install 12-Inch Storm Drain Pipe,> 12''SD,,,NOT_PROCESSED,,
region_002134,CG452,Furnish & Install 12-Inch Storm Drain Pipe,> 12''SD,,,NOT_PROCESSED,,
region_002135,CG452,Furnish & Install 12-Inch Storm Drain Pipe,> 12''SD,,,NOT_PROCESSED,,
region_002136,CG452,Furnish & Install 12-Inch Storm Drain Pipe,> 12''SD,,,NOT_PROCESSED,,
region_002137,CG452,Furnish & Install 12-Inch Storm Drain Pipe,> 12''SD,,,NOT_PROCESSED,,
region_002138,CG452,Furnish & Install 12-Inch Storm Drain Pipe,> 12''SD,,,NOT_PROCESSED,,
region_002139,CG452,Furnish & Install 12-Inch Storm Drain Pipe,> 12''SD,,,NOT_PROCESSED,,
region_002140,CG452,Furnish & Install 12-Inch Storm Drain Pipe,> 12''SD,,,NOT_PROCESSED,,
region_002141,CG452,Furnish & Install 12-Inch Storm Drain Pipe,> 12''SD,,,NOT_PROCESSED,,
region_002142,CG452,Furnish & Install 12-Inch Storm Drain Pipe,> 12''SD,,,NOT_PROCESSED,,
region_002143,CG452,Furnish & Install 12-Inch Storm Drain Pipe,> 12''SD,,,NOT_PROCESSED,,
region_002144,CG452,Furnish & Install 12-Inch Storm Drain Pipe,> 12''SD,,,NOT_PROCESSED,,
region_002145,CG452,Furnish & Install 12-Inch Storm Drain Pipe,> 12''SD,,,NOT_PROCESSED,,
region_002146,CG452,Furnish & Install 12-Inch Storm Drain Pipe,> 12''SD,,,NOT_PROCESSED,,
region_002147,CG452,Furnish & Install 12-Inch Storm Drain Pipe,> 12''SD,,,NOT_PROCESSED,,
region_002148,CG452,Furnish & Install 12-Inch Storm Drain Pipe,> 12''SD,,,NOT_PROCESSED,,
region_002149,CG452,Furnish & Install 12-Inch Storm Drain Pipe,> 12''SD,,,NOT_PROCESSED,,
region_002150,CG452,Furnish & Install 12-Inch Storm Drain Pipe,> 12''SD,,,NOT_PROCESSED,,
region_002151,CG452,Furnish & Install 12-Inch Storm Drain Pipe,> 12''SD,,,NOT_PROCESSED,,
region_002152,CG452,Furnish & Install 12-Inch Storm Drain Pipe,> 12''SD,,,NOT_PROCESSED,,
region_002153,CG452,Furnish & Install 12-Inch Storm Drain Pipe,12''SD,,,NOT_PROCESSED,,
region_002154,CG452,Furnish & Install 12-Inch Storm Drain Pipe,12''SD,,,NOT_PROCESSED,,
region_002155,CG452,Furnish & Install 12-Inch Storm Drain Pipe,12''SD,,,NOT_PROCESSED,,
region_002156,CG452,Furnish & Install 12-Inch Storm Drain Pipe,> 12''SD,,,NOT_PROCESSED,,
region_002157,CG452,Furnish & Install 12-Inch Storm Drain Pipe,> 12''SD,,,NOT_PROCESSED,,
region_002158,CG452,Furnish & Install 12-Inch Storm Drain Pipe,> 12''SD,,,NOT_PROCESSED,,
region_002159,CG452,Furnish & Install 12-Inch Storm Drain Pipe,> 12''SD,,,NOT_PROCESSED,,
region_002160,CG452,Furnish & Install 12-Inch Storm Drain Pipe,> 12''SD,,,NOT_PROCESSED,,
region_002161,CG452,Furnish & Install 12-Inch Storm Drain Pipe,12''SD,,,NOT_PROCESSED,,
region_002162,CG452,Furnish & Install 12-Inch Storm Drain Pipe,12''SD,,,NOT_PROCESSED,,
region_002163,CG452,Furnish & Install 12-Inch Storm Drain Pipe,12''SD,,,NOT_PROCESSED,,
region_002164,CG452,Furnish & Install 12-Inch Storm Drain Pipe,12''SD,,,NOT_PROCESSED,,
region_002165,CG452,Furnish & Install 12-Inch Storm Drain Pipe,> 12''SD,,,NOT_PROCESSED,,
region_002166,CG452,Furnish & Install 12-Inch Storm Drain Pipe,12''SD,,,NOT_PROCESSED,,
region_002167,CG452,Furnish & Install 12-Inch Storm Drain Pipe,12''SD,,,NOT_PROCESSED,,
region_002168,CG452,Furnish & Install 12-Inch Storm Drain Pipe,> 12''SD,,,NOT_PROCESSED,,
region_002169,CG452,Furnish & Install 12-Inch Storm Drain Pipe,12''SD,,,NOT_PROCESSED,,
region_002170,CG452,Furnish & Install 12-Inch Storm Drain Pipe,12''SD,,,NOT_PROCESSED,,
region_002171,CG452,Furnish & Install 12-Inch Storm Drain Pipe,12''SD,,,NOT_PROCESSED,,
region_002172,CG452,Furnish & Install 12-Inch Storm Drain Pipe,12''SD,,,NOT_PROCESSED,,
region_002173,CG452,Furnish & Install 12-Inch Storm Drain Pipe,> 12''SD,,,NOT_PROCESSED,,
region_002174,CG452,Furnish & Install 12-Inch Storm Drain Pipe,12''SD,,,NOT_PROCESSED,,
region_002175,CG452,Furnish & Install 12-Inch Storm Drain Pipe,12''SD,,,NOT_PROCESSED,,
region_002176,CG452,Furnish & Install 12-Inch Storm Drain Pipe,> 12''SD,,,NOT_PROCESSED,,
region_002177,CG452,Furnish & Install 12-Inch Storm Drain Pipe,12''SD,,,NOT_PROCESSED,,
region_002178,CG452,Furnish & Install 12-Inch Storm Drain Pipe,12''SD,,,NOT_PROCESSED,,
region_002179,CG452,Furnish & Install 12-Inch Storm Drain Pipe,12''SD,,,NOT_PROCESSED,,
region_002180,CG452,Furnish & Install 12-Inch Storm Drain Pipe,12''SD,,,NOT_PROCESSED,,
region_002181,CG452,Furnish & Install 12-Inch Storm Drain Pipe,> 12''SD,,,NOT_PROCESSED,,
region_002182,CG452,Furnish & Install 12-Inch Storm Drain Pipe,12''SD,,,NOT_PROCESSED,,
region_002183,CG452,Furnish & Install 12-Inch Storm Drain Pipe,12''SD,,,NOT_PROCESSED,,
region_002184,CG452,Furnish & Install 12-Inch Storm Drain Pipe,> 12''SD,,,NOT_PROCESSED,,
region_002185,CG452,Furnish & Install 15-Inch Storm Drain Pipe,15''SD,,,NOT_PROCESSED,,
region_002186,CG452,Furnish & Install 15-Inch Storm Drain Pipe,15''SD,,,NOT_PROCESSED,,
region_002187,CG452,Furnish & Install 15-Inch Storm Drain Pipe,15''SD,,,NOT_PROCESSED,,
region_002188,CG452,Furnish & Install 15-Inch Storm Drain Pipe,15''SD,,,NOT_PROCESSED,,
region_002189,CG452,Furnish & Install 15-Inch Storm Drain Pipe,15''SD,,,NOT_PROCESSED,,
region_002190,CG452,Furnish & Install 15-Inch Storm Drain Pipe,15''SD,,,NOT_PROCESSED,,
region_002191,CG452,Furnish & Install 15-Inch Storm Drain Pipe,15''SD,,,NOT_PROCESSED,,
region_002192,CG452,Furnish & Install 15-Inch Storm Drain Pipe,15''SD,,,NOT_PROCESSED,,
region_002193,CG452,Furnish & Install 15-Inch Storm Drain Pipe,15''SD,,,NOT_PROCESSED,,
region_002194,CG452,Furnish & Install 15-Inch Storm Drain Pipe,15''SD,,,NOT_PROCESSED,,
region_002195,CG452,Furnish & Install 15-Inch Storm Drain Pipe,15''SD,,,NOT_PROCESSED,,
region_002196,CG452,Furnish & Install 15-Inch Storm Drain Pipe,> 15''SD,,,NOT_PROCESSED,,
region_002197,CG452,Furnish & Install 15-Inch Storm Drain Pipe,> 15''SD,,,NOT_PROCESSED,,
region_002198,CG452,Furnish & Install 15-Inch Storm Drain Pipe,> 15''SD,,,NOT_PROCESSED,,
region_002199,CG452,Furnish & Install 15-Inch Storm Drain Pipe,15''SD,,,NOT_PROCESSED,,
region_002200,CG452,Furnish & Install 15-Inch Storm Drain Pipe,15''SD,,,NOT_PROCESSED,,
region_002201,CG452,Furnish & Install 15-Inch Storm Drain Pipe,15''SD,,,NOT_PROCESSED,,
region_002202,CG452,Furnish & Install 15-Inch Storm Drain Pipe,> 15''SD,,,NOT_PROCESSED,,
region_002203,CG452,Furnish & Install 15-Inch Storm Drain Pipe,15''SD,,,NOT_PROCESSED,,
region_002204,CG452,Furnish & Install 15-Inch Storm Drain Pipe,15''SD,,,NOT_PROCESSED,,
region_002205,CG452,Furnish & Install 15-Inch Storm Drain Pipe,> 15''SD,,,NOT_PROCESSED,,
region_002206,CG452,Furnish & Install 15-Inch Storm Drain Pipe,15''SD,,,NOT_PROCESSED,,
region_002207,CG452,Furnish & Install 15-Inch Storm Drain Pipe,15''SD,,,NOT_PROCESSED,,
region_002208,CG452,Furnish & Install 15-Inch Storm Drain Pipe,> 15''SD,,,NOT_PROCESSED,,
region_002209,CG452,Furnish & Install 15-Inch Storm Drain Pipe,15''SD,,,NOT_PROCESSED,,
region_002210,CG452,Furnish & Install 18-Inch Storm Drain Pipe,18''SD,,,NOT_PROCESSED,,
region_002211,CG452,Furnish & Install 18-Inch Storm Drain Pipe,18''SD,,,NOT_PROCESSED,,
region_002212,CG452,Furnish & Install 18-Inch Storm Drain Pipe,18''SD,,,NOT_PROCESSED,,
region_002213,CG452,Furnish & Install 18-Inch Storm Drain Pipe,18''SD,,,NOT_PROCESSED,,
region_002214,CG452,Furnish & Install 18-Inch Storm Drain Pipe,18''SD,,,NOT_PROCESSED,,
region_002215,CG452,Furnish & Install 18-Inch Storm Drain Pipe,18''SD,,,NOT_PROCESSED,,
region_002216,CG452,Furnish & Install 18-Inch Storm Drain Pipe,18''SD,,,NOT_PROCESSED,,
region_002217,CG452,Furnish & Install 18-Inch Storm Drain Pipe,18''SD,,,NOT_PROCESSED,,
region_002218,CG452,Furnish & Install 18-Inch Storm Drain Pipe,18''SD,,,NOT_PROCESSED,,
region_002219,CG452,Furnish & Install General Storm Drain Pipe and Connections,SD,,,NOT_PROCESSED,,
region_002220,CG452,Furnish & Install General Notes and Identification,NOTES:,,,NOT_PROCESSED,,
region_002221,CG452,Furnish & Install General Notes and Identification,HYDROLOGY LEGEND,,,NOT_PROCESSED,,
region_002222,CG452,Furnish & Install General Notes and Identification,HIGH WATER LINE,,,NOT_PROCESSED,,
region_002223,CG452,Furnish & Install General Notes and Identification,100-YEAR STORM OVERFLOW PATH - PIPES,,,NOT_PROCESSED,,
region_002224,CG452,Furnish & Install General Notes and Identification,100-YEAR STORM OVERFLOW PATH - OVERLAND,,,NOT_PROCESSED,,
region_002225,CG452,Refer to the Utilities schedules,Drainage Calculations For Wymount Basin 4,,,NOT_PROCESSED,,
region_002226,CG452,Furnish & Install — Fire Department Connections (FDC),FDC,,,NOT_PROCESSED,,
region_002227,CG452,Furnish & Install — Fire Department Connections (FDC),FDC,,,NOT_PROCESSED,,
region_002228,CG452,Furnish & Install — Fire Department Connections (FDC),FDC,,,NOT_PROCESSED,,
region_002229,CG452,Furnish & Install — Fire Department Connections (FDC),FDC,,,NOT_PROCESSED,,
region_002230,CG452,Furnish & Install — Fire Department Connections (FDC),FDC,,,NOT_PROCESSED,,
region_002231,CG452,Furnish & Install — Fire Department Connections (FDC),FDC,,,NOT_PROCESSED,,
region_002232,CG452,Furnish & Install — Fire Department Connections (FDC),FDC,,,NOT_PROCESSED,,
region_002233,CG452,Furnish & Install — Fire Department Connections (FDC),FDC,,,NOT_PROCESSED,,
region_002234,CG452,Furnish & Install — Fire Department Connections (FDC),FDC,,,NOT_PROCESSED,,
region_002235,CG452,Furnish & Install — Fire Department Connections (FDC),FDC,,,NOT_PROCESSED,,
region_002236,CG452,Furnish & Install — Fire Department Connections (FDC),FDC,,,NOT_PROCESSED,,
region_002237,CG452,Furnish & Install — Fire Department Connections (FDC),FDC,,,NOT_PROCESSED,,
region_002238,CG452,Furnish & Install — Fire Department Connections (FDC),FDC,,,NOT_PROCESSED,,
region_002239,CG452,Furnish & Install — Fire Department Connections (FDC),FDC,,,NOT_PROCESSED,,
region_002240,CG452,Furnish & Install — Fire Department Connections (FDC),FDC,,,NOT_PROCESSED,,
region_002241,CG452,Furnish & Install — Fire Department Connections (FDC),FDC,,,NOT_PROCESSED,,
region_002242,CG452,Furnish & Install — Fire Department Connections (FDC),FDC,,,NOT_PROCESSED,,
region_002243,CG452,Furnish & Install — Fire Department Connections (FDC),FDC,,,NOT_PROCESSED,,
region_002244,CG452,Furnish & Install — Fire Department Connections (FDC),FDC,,,NOT_PROCESSED,,
region_002245,CG452,Furnish & Install — Fire Department Connections (FDC),FDC,,,NOT_PROCESSED,,
region_002246,CG452,Furnish & Install — Fire Department Connections (FDC),FDC,,,NOT_PROCESSED,,
region_002247,CG452,Furnish & Install — Fire Department Connections (FDC),FDC,,,NOT_PROCESSED,,
region_002248,CG452,Furnish & Install — Fire Department Connections (FDC),FDC,,,NOT_PROCESSED,,
region_002249,CG452,Furnish & Install — Fire Department Connections (FDC),FDC,,,NOT_PROCESSED,,
region_002250,CG452,Furnish & Install — Fire Department Connections (FDC),FDC,,,NOT_PROCESSED,,
region_002251,CG452,Furnish & Install — Fire Department Connections (FDC),FDC,,,NOT_PROCESSED,,
region_002252,CG452,Furnish & Install — Fire Department Connections (FDC),FDC,,,NOT_PROCESSED,,
region_002253,CG452,Furnish & Install — Fire Department Connections (FDC),FDC,,,NOT_PROCESSED,,
region_002254,CG452,Furnish & Install — Fire Department Connections (FDC),FDC,,,NOT_PROCESSED,,
region_002255,CG452,Furnish & Install — Fire Department Connections (FDC),FDC,,,NOT_PROCESSED,,
region_002256,CG452,Furnish & Install — Fire Department Connections (FDC),FDC,,,NOT_PROCESSED,,
region_002257,CG452,Furnish & Install — Fire Department Connections (FDC),FDC,,,NOT_PROCESSED,,
region_002258,CG452,Furnish & Install — Fire Department Connections (FDC),FDC,,,NOT_PROCESSED,,
region_002259,CG452,Furnish & Install — Fire Department Connections (FDC),FDC,,,NOT_PROCESSED,,
region_002260,CG452,Furnish & Install — Fire Department Connections (FDC),FDC,,,NOT_PROCESSED,,
region_002261,CG452,Furnish & Install — Fire Department Connections (FDC),FDC,,,NOT_PROCESSED,,
region_002262,CG452,Furnish & Install — Fire Department Connections (FDC),FDC,,,NOT_PROCESSED,,
region_002263,CG452,Furnish & Install — Fire Department Connections (FDC),FDC,,,NOT_PROCESSED,,
region_002264,CG452,Furnish & Install — Fire Department Connections (FDC),FDC,,,NOT_PROCESSED,,
region_002265,CG452,Furnish & Install — Fire Department Connections (FDC),FDC,,,NOT_PROCESSED,,
region_002266,CG452,Furnish & Install — Fire Department Connections (FDC),FDC,,,NOT_PROCESSED,,
region_002267,CG452,Furnish & Install — Fire Department Connections (FDC),FDC,,,NOT_PROCESSED,,
region_002268,CG452,Furnish & Install — Fire Department Connections (FDC),FDC,,,NOT_PROCESSED,,
region_002269,CG452,Furnish & Install — Fire Department Connections (FDC),FDC,,,NOT_PROCESSED,,
region_002270,CG452,Furnish & Install — Fire Department Connections (FDC),FDC,,,NOT_PROCESSED,,
region_002271,CG452,Furnish & Install — Fire Department Connections (FDC),FDC,,,NOT_PROCESSED,,
region_002272,CG452,Furnish & Install — Fire Department Connections (FDC),FDC,,,NOT_PROCESSED,,
region_002273,CG452,Furnish & Install — Fire Department Connections (FDC),FDC,,,NOT_PROCESSED,,
region_002274,CG452,Furnish & Install — Fire Department Connections (FDC),FDC,,,NOT_PROCESSED,,
region_002275,CG452,Furnish & Install — Fire Department Connections (FDC),FDC,,,NOT_PROCESSED,,
region_002276,CG452,Furnish & Install — Fire Department Connections (FDC),FDC,,,NOT_PROCESSED,,
region_002277,CG452,Furnish & Install — Fire Department Connections (FDC),FDC,,,NOT_PROCESSED,,
region_002278,CG452,Furnish & Install — Fire Department Connections (FDC),FDC,,,NOT_PROCESSED,,
region_002279,CG452,Furnish & Install — Fire Department Connections (FDC),FDC,,,NOT_PROCESSED,,
region_002280,CG452,Furnish & Install — Fire Department Connections (FDC),FDC,,,NOT_PROCESSED,,
region_002281,CG452,Furnish & Install — Fire Department Connections (FDC),FDC,,,NOT_PROCESSED,,
region_002282,CG452,Furnish & Install Emergency System Components,EM,,,NOT_PROCESSED,,
region_002283,CG452,Furnish & Install Emergency System Components,EM,,,NOT_PROCESSED,,
region_002284,CG452,Furnish & Install Emergency System Components,EM,,,NOT_PROCESSED,,
region_002285,CG452,Furnish & Install Emergency System Components,EM,,,NOT_PROCESSED,,
region_002286,CG452,Furnish & Install Emergency System Components,EM,,,NOT_PROCESSED,,
region_002287,CG452,Furnish & Install Emergency System Components,EM,,,NOT_PROCESSED,,
region_002288,CG452,Furnish & Install Emergency System Components,EM,,,NOT_PROCESSED,,
region_002289,CG452,Furnish & Install Emergency System Components,EM,,,NOT_PROCESSED,,
region_002290,CG452,Furnish & Install Emergency System Components,EM,,,NOT_PROCESSED,,
region_002291,CG452,Furnish & Install Emergency System Components,EM,,,NOT_PROCESSED,,
region_002292,CG452,Furnish & Install Emergency System Components,EM,,,NOT_PROCESSED,,
region_002293,CG452,Furnish & Install Emergency System Components,EM,,,NOT_PROCESSED,,
region_002294,CG452,Furnish & Install Emergency System Components,EM,,,NOT_PROCESSED,,
region_002295,CG452,Furnish & Install Emergency System Components,EM,,,NOT_PROCESSED,,
region_002296,CG452,Furnish & Install Emergency System Components,EM,,,NOT_PROCESSED,,
region_002297,CG452,Furnish & Install Emergency System Components,EM,,,NOT_PROCESSED,,
region_002298,CG452,Furnish & Install Emergency System Components,EM,,,NOT_PROCESSED,,
region_002299,CG452,Furnish & Install Emergency System Components,EM,,,NOT_PROCESSED,,
region_002300,CG452,Furnish & Install Emergency System Components,EM,,,NOT_PROCESSED,,
region_002301,CG452,Furnish & Install Emergency System Components,EM,,,NOT_PROCESSED,,
region_002302,CG452,Furnish & Install Emergency System Components,EM,,,NOT_PROCESSED,,
region_002303,CG452,Furnish & Install Emergency System Components,EM,,,NOT_PROCESSED,,
region_002304,CG452,Furnish & Install Emergency System Components,EM,,,NOT_PROCESSED,,
region_002305,CG452,Furnish & Install Emergency System Components,EM,,,NOT_PROCESSED,,
region_002306,CG452,Furnish & Install Emergency System Components,EM,,,NOT_PROCESSED,,
region_002307,CG452,Furnish & Install Emergency System Components,EM,,,NOT_PROCESSED,,
region_002308,LP101,Furnish & Install — ADA Compliant Site Features,ADA,,,NOT_PROCESSED,,
region_002309,LP101,Furnish & Install — ADA Compliant Site Features,ADA,,,NOT_PROCESSED,,
region_002310,LP101,Furnish & Install — ADA Compliant Site Features,ADA,,,NOT_PROCESSED,,
region_002311,LP101,Furnish & Install Shrubs,Vn,,,NOT_PROCESSED,,
region_002312,LP101,Furnish & Install Shrubs,Ec,,,NOT_PROCESSED,,
region_002313,LP101,Furnish & Install Shrubs,Ec,,,NOT_PROCESSED,,
region_002314,LP101,Furnish & Install Shrubs,Ec,,,NOT_PROCESSED,,
region_002315,LP101,Furnish & Install Shrubs,Ec,,,NOT_PROCESSED,,
region_002316,LP101,Furnish & Install Shrubs,Ec,,,NOT_PROCESSED,,
region_002317,LP101,Furnish & Install Shrubs,Ec,,,NOT_PROCESSED,,
region_002318,LP101,Furnish & Install Shrubs,Ec,,,NOT_PROCESSED,,
region_002319,LP101,Furnish & Install Shrubs,Ec,,,NOT_PROCESSED,,
region_002320,LP101,Furnish & Install Shrubs,Ec,,,NOT_PROCESSED,,
region_002321,LP101,Furnish & Install Shrubs,Ec,,,NOT_PROCESSED,,
region_002322,LP101,Furnish & Install Shrubs,Sy,,,NOT_PROCESSED,,
region_002323,LP101,Furnish & Install Shrubs,Sy,,,NOT_PROCESSED,,
region_002324,LP101,Furnish & Install Shrubs,Sy,,,NOT_PROCESSED,,
region_002325,LP101,Furnish & Install Shrubs,Sy,,,NOT_PROCESSED,,
region_002326,LP101,Furnish & Install Shrubs,Sy,,,NOT_PROCESSED,,
region_002327,LP101,Furnish & Install Shrubs,Sy,,,NOT_PROCESSED,,
region_002328,LP101,Furnish & Install Shrubs,Sy,,,NOT_PROCESSED,,
region_002329,LP101,Furnish & Install Shrubs,Sy,,,NOT_PROCESSED,,
region_002330,LP101,Furnish & Install Shrubs,Sy,,,NOT_PROCESSED,,
region_002331,LP101,Furnish & Install Shrubs,Sy,,,NOT_PROCESSED,,
region_002332,LP101,Furnish & Install Shrubs,St,,,NOT_PROCESSED,,
region_002333,LP101,Furnish & Install Shrubs,St,,,NOT_PROCESSED,,
region_002334,LP101,Furnish & Install Shrubs,St,,,NOT_PROCESSED,,
region_002335,LP101,Furnish & Install Shrubs,St,,,NOT_PROCESSED,,
region_002336,LP101,Furnish & Install Shrubs,St,,,NOT_PROCESSED,,
region_002337,LP101,Furnish & Install Shrubs,St,,,NOT_PROCESSED,,
region_002338,LP101,Furnish & Install Shrubs,St,,,NOT_PROCESSED,,
region_002339,LP101,Furnish & Install Shrubs,St,,,NOT_PROCESSED,,
region_002340,LP101,Furnish & Install Shrubs,St,,,NOT_PROCESSED,,
region_002341,LP101,Furnish & Install Shrubs,St,,,NOT_PROCESSED,,
region_002342,LP101,Furnish & Install Shrubs,St,,,NOT_PROCESSED,,
region_002343,LP101,Furnish & Install Shrubs,St,,,NOT_PROCESSED,,
region_002344,LP101,Furnish & Install Shrubs,St,,,NOT_PROCESSED,,
region_002345,LP101,Furnish & Install Shrubs,St,,,NOT_PROCESSED,,
region_002346,LP101,Furnish & Install Shrubs,St,,,NOT_PROCESSED,,
region_002347,LP101,Furnish & Install Shrubs,Hr,,,NOT_PROCESSED,,
region_002348,LP101,Furnish & Install Shrubs,Hr,,,NOT_PROCESSED,,
region_002349,LP101,Furnish & Install Shrubs,Hr,,,NOT_PROCESSED,,
region_002350,LP101,Furnish & Install Shrubs,Hr,,,NOT_PROCESSED,,
region_002351,LP101,Furnish & Install Shrubs,Hr,,,NOT_PROCESSED,,
region_002352,LP101,Furnish & Install Shrubs,Hr,,,NOT_PROCESSED,,
region_002353,LP101,Furnish & Install Shrubs,Hr,,,NOT_PROCESSED,,
region_002354,LP101,Furnish & Install Shrubs,Hr,,,NOT_PROCESSED,,
region_002355,LP101,Furnish & Install Shrubs,Hr,,,NOT_PROCESSED,,
region_002356,LP101,Furnish & Install Shrubs,Hr,,,NOT_PROCESSED,,
region_002357,LP101,Furnish & Install Shrubs,Pd,,,NOT_PROCESSED,,
region_002358,LP101,Furnish & Install Shrubs,Pd,,,NOT_PROCESSED,,
region_002359,LP101,Furnish & Install Shrubs,Pd,,,NOT_PROCESSED,,
region_002360,LP101,Furnish & Install Shrubs,Pd,,,NOT_PROCESSED,,
region_002361,LP101,Furnish & Install Shrubs,Pd,,,NOT_PROCESSED,,
region_002362,LP101,Furnish & Install Shrubs,Pd,,,NOT_PROCESSED,,
region_002363,LP101,Furnish & Install Shrubs,Pd,,,NOT_PROCESSED,,
region_002364,LP101,Furnish & Install Shrubs,Pd,,,NOT_PROCESSED,,
region_002365,LP101,Furnish & Install Shrubs,Pd,,,NOT_PROCESSED,,
region_002366,LP101,Furnish & Install Shrubs,Pd,,,NOT_PROCESSED,,
region_002367,LP101,Furnish & Install Shrubs,Pd,,,NOT_PROCESSED,,
region_002368,LP101,Furnish & Install Shrubs,F J F J F J F J F J F J F J F J F J F J F J F J F J F J F J F J F J F J F J F J F J,,,NOT_PROCESSED,,
region_002369,LP101,Furnish & Install Shrubs,Ck Ck Ck Ck CkCkCkCk CkCkCkCkCkCkCk CkCkCkCk Ck Ck Ck Ck Ck Ck Ck Ck Ck Ck Ck Ck Ck Ck Ck Ck Ck Ck Ck Ck Ck Ck Ck,,,NOT_PROCESSED,,
region_002370,LP101,Furnish & Install Shrubs,CkCk,,,NOT_PROCESSED,,
region_002371,LP101,Furnish & Install Shrubs,Ec,,,NOT_PROCESSED,,
region_002372,LP101,Furnish & Install Shrubs,Ec,,,NOT_PROCESSED,,
region_002373,LP101,Furnish & Install Shrubs,Ec,,,NOT_PROCESSED,,
region_002374,LP101,Furnish & Install Shrubs,Ec,,,NOT_PROCESSED,,
region_002375,LP101,Furnish & Install Shrubs,Ec,,,NOT_PROCESSED,,
region_002376,LP101,Furnish & Install Shrubs,Ec,,,NOT_PROCESSED,,
region_002377,LP101,Furnish & Install Shrubs,Ec,,,NOT_PROCESSED,,
region_002378,LP101,Furnish & Install Shrubs,Ec,,,NOT_PROCESSED,,
region_002379,LP101,Furnish & Install Shrubs,Ec,,,NOT_PROCESSED,,
region_002380,LP101,Furnish & Install Shrubs,Ec,,,NOT_PROCESSED,,
region_002381,LP101,Furnish & Install Shrubs,B J B J B J B J B J B J,,,NOT_PROCESSED,,
region_002382,LP101,Furnish & Install Shrubs,Pl,,,NOT_PROCESSED,,
region_002383,LP101,Furnish & Install Shrubs,Pl,,,NOT_PROCESSED,,
region_002384,LP101,Furnish & Install Shrubs,Pl,,,NOT_PROCESSED,,
region_002385,LP101,Furnish & Install Shrubs,Pl,,,NOT_PROCESSED,,
region_002386,LP101,Furnish & Install Shrubs,Pl,,,NOT_PROCESSED,,
region_002387,LP101,Furnish & Install Shrubs,Pl,,,NOT_PROCESSED,,
region_002388,LP101,Furnish & Install Shrubs,Pl,,,NOT_PROCESSED,,
region_002389,LP101,Furnish & Install Shrubs,Hr,,,NOT_PROCESSED,,
region_002390,LP101,Furnish & Install Shrubs,Hr,,,NOT_PROCESSED,,
region_002391,LP101,Furnish & Install Shrubs,Hr,,,NOT_PROCESSED,,
region_002392,LP101,Furnish & Install Shrubs,Hr,,,NOT_PROCESSED,,
region_002393,LP101,Furnish & Install Shrubs,Hr,,,NOT_PROCESSED,,
region_002394,LP101,Furnish & Install Shrubs,Hr,,,NOT_PROCESSED,,
region_002395,LP101,Furnish & Install Shrubs,Hr,,,NOT_PROCESSED,,
region_002396,LP101,Furnish & Install Shrubs,Hr,,,NOT_PROCESSED,,
region_002397,LP101,Furnish & Install Shrubs,Hr,,,NOT_PROCESSED,,
region_002398,LP101,Furnish & Install Shrubs,Hr,,,NOT_PROCESSED,,
region_002399,LP101,Furnish & Install Shrubs,Hr,,,NOT_PROCESSED,,
region_002400,LP101,Furnish & Install Shrubs,Hr,,,NOT_PROCESSED,,
region_002401,LP101,Furnish & Install Shrubs,Hr,,,NOT_PROCESSED,,
region_002402,LP101,Furnish & Install Shrubs,Hr,,,NOT_PROCESSED,,
region_002403,LP101,Furnish & Install Shrubs,Hr,,,NOT_PROCESSED,,
region_002404,LP101,Furnish & Install Shrubs,Hr,,,NOT_PROCESSED,,
region_002405,LP101,Furnish & Install Shrubs,Hr,,,NOT_PROCESSED,,
region_002406,LP101,Furnish & Install Shrubs,Hr,,,NOT_PROCESSED,,
region_002407,LP101,Furnish & Install Shrubs,Hr,,,NOT_PROCESSED,,
region_002408,LP101,Furnish & Install Shrubs,Hr,,,NOT_PROCESSED,,
region_002409,LP101,Furnish & Install Shrubs,Hr,,,NOT_PROCESSED,,
region_002410,LP101,Furnish & Install Shrubs,Hr,,,NOT_PROCESSED,,
region_002411,LP101,Furnish & Install Shrubs,Hr,,,NOT_PROCESSED,,
region_002412,LP101,Furnish & Install Shrubs,Hr,,,NOT_PROCESSED,,
region_002413,LP101,Furnish & Install Shrubs,Hr,,,NOT_PROCESSED,,
region_002414,LP101,Furnish & Install Shrubs,Hr,,,NOT_PROCESSED,,
region_002415,LP101,Furnish & Install Shrubs,Hr,,,NOT_PROCESSED,,
region_002416,LP101,Furnish & Install Shrubs,Hr,,,NOT_PROCESSED,,
region_002417,LP101,Furnish & Install Shrubs,Hr,,,NOT_PROCESSED,,
region_002418,LP101,Furnish & Install Shrubs,Hr,,,NOT_PROCESSED,,
region_002419,LP101,Furnish & Install Shrubs,Hr,,,NOT_PROCESSED,,
region_002420,LP101,Furnish & Install Shrubs,Hr,,,NOT_PROCESSED,,
region_002421,LP101,Furnish & Install Shrubs,Hr,,,NOT_PROCESSED,,
region_002422,LP101,Furnish & Install Shrubs,Hr,,,NOT_PROCESSED,,
region_002423,LP101,Furnish & Install Shrubs,Hr,,,NOT_PROCESSED,,
region_002424,LP101,Furnish & Install Shrubs,Hr,,,NOT_PROCESSED,,
region_002425,LP101,Furnish & Install Shrubs,Hr,,,NOT_PROCESSED,,
region_002426,LP101,Furnish & Install Shrubs,Hr,,,NOT_PROCESSED,,
region_002427,LP101,Furnish & Install Shrubs,Pd,,,NOT_PROCESSED,,
region_002428,LP101,Furnish & Install Shrubs,Pd,,,NOT_PROCESSED,,
region_002429,LP101,Furnish & Install Shrubs,Pd,,,NOT_PROCESSED,,
region_002430,LP101,Furnish & Install Shrubs,Pd,,,NOT_PROCESSED,,
region_002431,LP101,Furnish & Install Shrubs,Pd,,,NOT_PROCESSED,,
region_002432,LP101,Furnish & Install Shrubs,Pd,,,NOT_PROCESSED,,
region_002433,LP101,Furnish & Install Shrubs,Pd Pd,,,NOT_PROCESSED,,
region_002434,LP101,Furnish & Install Shrubs,Pd,,,NOT_PROCESSED,,
region_002435,LP101,Furnish & Install Shrubs,Pd,,,NOT_PROCESSED,,
region_002436,LP101,Furnish & Install Shrubs,Pd,,,NOT_PROCESSED,,
region_002437,LP101,Furnish & Install Shrubs,Pd,,,NOT_PROCESSED,,
region_002438,LP101,Furnish & Install Shrubs,Pd,,,NOT_PROCESSED,,
region_002439,LP101,Furnish & Install Shrubs,Pd,,,NOT_PROCESSED,,
region_002440,LP101,Furnish & Install Shrubs,Td,,,NOT_PROCESSED,,
region_002441,LP101,Furnish & Install Shrubs,Bl,,,NOT_PROCESSED,,
region_002442,LP101,Furnish & Install Shrubs,Bl,,,NOT_PROCESSED,,
region_002443,LP101,Furnish & Install Shrubs,Bl,,,NOT_PROCESSED,,
region_002444,LP101,Furnish & Install Shrubs,Bl,,,NOT_PROCESSED,,
region_002445,LP101,Furnish & Install Shrubs,Bl,,,NOT_PROCESSED,,
region_002446,LP101,Furnish & Install Shrubs,Bl,,,NOT_PROCESSED,,
region_002447,LP101,Furnish & Install Shrubs,Bl,,,NOT_PROCESSED,,
region_002448,LP101,Furnish & Install Shrubs,Bl,,,NOT_PROCESSED,,
region_002449,LP101,Furnish & Install Shrubs,Bl,,,NOT_PROCESSED,,
region_002450,LP101,Furnish & Install Shrubs,Bl,,,NOT_PROCESSED,,
region_002451,LP101,Furnish & Install Shrubs,Bl,,,NOT_PROCESSED,,
region_002452,LP101,Furnish & Install Shrubs,Bl,,,NOT_PROCESSED,,
region_002453,LP101,Furnish & Install Shrubs,Bl,,,NOT_PROCESSED,,
region_002454,LP101,Furnish & Install Shrubs,Bl,,,NOT_PROCESSED,,
region_002455,LP101,Furnish & Install Shrubs,Bl,,,NOT_PROCESSED,,
region_002456,LP101,Furnish & Install Shrubs,Bl,,,NOT_PROCESSED,,
region_002457,LP101,Furnish & Install Shrubs,Bl,,,NOT_PROCESSED,,
region_002458,LP101,Furnish & Install Shrubs,Bl,,,NOT_PROCESSED,,
region_002459,LP101,Furnish & Install Shrubs,Bl,,,NOT_PROCESSED,,
region_002460,LP101,Furnish & Install Shrubs,Bl,,,NOT_PROCESSED,,
region_002461,LP101,Furnish & Install Shrubs,Bl,,,NOT_PROCESSED,,
region_002462,LP101,Furnish & Install Shrubs,Bl,,,NOT_PROCESSED,,
region_002463,LP101,Furnish & Install Shrubs,Bl,,,NOT_PROCESSED,,
region_002464,LP101,Furnish & Install Shrubs,Bl,,,NOT_PROCESSED,,
region_002465,LP101,Furnish & Install Shrubs,Bl,,,NOT_PROCESSED,,
region_002466,LP101,Furnish & Install Shrubs,Td,,,NOT_PROCESSED,,
region_002467,LP101,Furnish & Install Shrubs,Td,,,NOT_PROCESSED,,
region_002468,LP101,Furnish & Install Shrubs,Pd,,,NOT_PROCESSED,,
region_002469,LP101,Furnish & Install Shrubs,Pd,,,NOT_PROCESSED,,
region_002470,LP101,Furnish & Install Shrubs,Td,,,NOT_PROCESSED,,
region_002471,LP101,Furnish & Install Shrubs,Td,,,NOT_PROCESSED,,
region_002472,LP101,Furnish & Install Shrubs,Td,,,NOT_PROCESSED,,
region_002473,LP101,Furnish & Install Shrubs,Bl,,,NOT_PROCESSED,,
region_002474,LP101,Furnish & Install Shrubs,Bl,,,NOT_PROCESSED,,
region_002475,LP101,Furnish & Install Shrubs,Bl,,,NOT_PROCESSED,,
region_002476,LP101,Furnish & Install Shrubs,Bl,,,NOT_PROCESSED,,
region_002477,LP101,Furnish & Install Shrubs,Bl,,,NOT_PROCESSED,,
region_002478,LP101,Furnish & Install Shrubs,Td,,,NOT_PROCESSED,,
region_002479,LP101,Furnish & Install Shrubs,Td,,,NOT_PROCESSED,,
region_002480,LP101,Furnish & Install Shrubs,Td,,,NOT_PROCESSED,,
region_002481,LP101,Furnish & Install Shrubs,Td,,,NOT_PROCESSED,,
region_002482,LP101,Furnish & Install Shrubs,Td,,,NOT_PROCESSED,,
region_002483,LP101,Furnish & Install Shrubs,B J B J B J B J B J B J B J,,,NOT_PROCESSED,,
region_002484,LP101,Furnish & Install Shrubs,Pl,,,NOT_PROCESSED,,
region_002485,LP101,Furnish & Install Shrubs,Pl,,,NOT_PROCESSED,,
region_002486,LP101,Furnish & Install Shrubs,Pl,,,NOT_PROCESSED,,
region_002487,LP101,Furnish & Install Shrubs,Pl,,,NOT_PROCESSED,,
region_002488,LP101,Furnish & Install Shrubs,Pl,,,NOT_PROCESSED,,
region_002489,LP101,Furnish & Install Shrubs,Pl,,,NOT_PROCESSED,,
region_002490,LP101,Furnish & Install Shrubs,Pl,,,NOT_PROCESSED,,
region_002491,LP101,Furnish & Install Shrubs,Pl,,,NOT_PROCESSED,,
region_002492,LP101,Furnish & Install Shrubs,Pl,,,NOT_PROCESSED,,
region_002493,LP101,Furnish & Install Shrubs,Pl,,,NOT_PROCESSED,,
region_002494,LP101,Furnish & Install Shrubs,Hr,,,NOT_PROCESSED,,
region_002495,LP101,Furnish & Install Shrubs,Hr,,,NOT_PROCESSED,,
region_002496,LP101,Furnish & Install Shrubs,Hr,,,NOT_PROCESSED,,
region_002497,LP101,Furnish & Install Shrubs,Hr,,,NOT_PROCESSED,,
region_002498,LP101,Furnish & Install Shrubs,Hr,,,NOT_PROCESSED,,
region_002499,LP101,Furnish & Install Shrubs,Hr,,,NOT_PROCESSED,,
region_002500,LP101,Furnish & Install Shrubs,Hr,,,NOT_PROCESSED,,
region_002501,LP101,Furnish & Install Shrubs,Hr,,,NOT_PROCESSED,,
region_002502,LP101,Furnish & Install Shrubs,Hr,,,NOT_PROCESSED,,
region_002503,LP101,Furnish & Install Shrubs,Hr,,,NOT_PROCESSED,,
region_002504,LP101,Furnish & Install Shrubs,Hr,,,NOT_PROCESSED,,
region_002505,LP101,Furnish & Install Shrubs,Hr,,,NOT_PROCESSED,,
region_002506,LP101,Furnish & Install Shrubs,Hr,,,NOT_PROCESSED,,
region_002507,LP101,Furnish & Install Shrubs,Hr,,,NOT_PROCESSED,,
region_002508,LP101,Furnish & Install Shrubs,Hr,,,NOT_PROCESSED,,
region_002509,LP101,Furnish & Install Shrubs,Hr,,,NOT_PROCESSED,,
region_002510,LP101,Furnish & Install Shrubs,Hr,,,NOT_PROCESSED,,
region_002511,LP101,Furnish & Install Shrubs,Hr,,,NOT_PROCESSED,,
region_002512,LP101,Furnish & Install Shrubs,Hr,,,NOT_PROCESSED,,
region_002513,LP101,Furnish & Install Shrubs,Hr,,,NOT_PROCESSED,,
region_002514,LP101,Furnish & Install Shrubs,Hr,,,NOT_PROCESSED,,
region_002515,LP101,Furnish & Install Shrubs,Hr,,,NOT_PROCESSED,,
region_002516,LP101,Furnish & Install Shrubs,Hr,,,NOT_PROCESSED,,
region_002517,LP101,Furnish & Install Shrubs,Hr,,,NOT_PROCESSED,,
region_002518,LP101,Furnish & Install Shrubs,Hr,,,NOT_PROCESSED,,
region_002519,LP101,Furnish & Install Shrubs,Hr,,,NOT_PROCESSED,,
region_002520,LP101,Furnish & Install Shrubs,Hr,,,NOT_PROCESSED,,
region_002521,LP101,Furnish & Install Shrubs,Hr,,,NOT_PROCESSED,,
region_002522,LP101,Furnish & Install Shrubs,Hr,,,NOT_PROCESSED,,
region_002523,LP101,Furnish & Install Shrubs,Hr,,,NOT_PROCESSED,,
region_002524,LP101,Furnish & Install Shrubs,Hr,,,NOT_PROCESSED,,
region_002525,LP101,Furnish & Install Shrubs,Hr,,,NOT_PROCESSED,,
region_002526,LP101,Furnish & Install Shrubs,Hr,,,NOT_PROCESSED,,
region_002527,LP101,Furnish & Install Shrubs,Hr,,,NOT_PROCESSED,,
region_002528,LP101,Furnish & Install Shrubs,Hr,,,NOT_PROCESSED,,
region_002529,LP101,Furnish & Install Shrubs,Hr,,,NOT_PROCESSED,,
region_002530,LP101,Furnish & Install Shrubs,Pd,,,NOT_PROCESSED,,
region_002531,LP101,Furnish & Install Shrubs,Pd,,,NOT_PROCESSED,,
region_002532,LP101,Furnish & Install Shrubs,Pd,,,NOT_PROCESSED,,
region_002533,LP101,Furnish & Install Shrubs,Pd,,,NOT_PROCESSED,,
region_002534,LP101,Furnish & Install Shrubs,Pd,,,NOT_PROCESSED,,
region_002535,LP101,Furnish & Install Shrubs,Pd,,,NOT_PROCESSED,,
region_002536,LP101,Furnish & Install Shrubs,Pd,,,NOT_PROCESSED,,
region_002537,LP101,Furnish & Install Shrubs,Pd,,,NOT_PROCESSED,,
region_002538,LP101,Furnish & Install Shrubs,Pd,,,NOT_PROCESSED,,
region_002539,LP101,Furnish & Install Shrubs,Pd,,,NOT_PROCESSED,,
region_002540,LP101,Furnish & Install Shrubs,Pd,,,NOT_PROCESSED,,
region_002541,LP101,Furnish & Install Shrubs,Pd,,,NOT_PROCESSED,,
region_002542,LP101,Furnish & Install Shrubs,Pd,,,NOT_PROCESSED,,
region_002543,LP101,Furnish & Install Shrubs,Pd,,,NOT_PROCESSED,,
region_002544,LP101,Furnish & Install Shrubs,Td,,,NOT_PROCESSED,,
region_002545,LP101,Furnish & Install Shrubs,Td,,,NOT_PROCESSED,,
region_002546,LP101,Furnish & Install Shrubs,Bl,,,NOT_PROCESSED,,
region_002547,LP101,Furnish & Install Shrubs,Bl,,,NOT_PROCESSED,,
region_002548,LP101,Furnish & Install Shrubs,Bl,,,NOT_PROCESSED,,
region_002549,LP101,Furnish & Install Shrubs,Bl,,,NOT_PROCESSED,,
region_002550,LP101,Furnish & Install Shrubs,Bl,,,NOT_PROCESSED,,
region_002551,LP101,Furnish & Install Shrubs,Bl,,,NOT_PROCESSED,,
region_002552,LP101,Furnish & Install Shrubs,Bl,,,NOT_PROCESSED,,
region_002553,LP101,Furnish & Install Shrubs,Bl,,,NOT_PROCESSED,,
region_002554,LP101,Furnish & Install Shrubs,Bl,,,NOT_PROCESSED,,
region_002555,LP101,Furnish & Install Shrubs,Bl,,,NOT_PROCESSED,,
region_002556,LP101,Furnish & Install Shrubs,Bl,,,NOT_PROCESSED,,
region_002557,LP101,Furnish & Install Shrubs,Bl,,,NOT_PROCESSED,,
region_002558,LP101,Furnish & Install Shrubs,Bl,,,NOT_PROCESSED,,
region_002559,LP101,Furnish & Install Shrubs,Bl,,,NOT_PROCESSED,,
region_002560,LP101,Furnish & Install Shrubs,Bl,,,NOT_PROCESSED,,
region_002561,LP101,Furnish & Install Shrubs,Bl,,,NOT_PROCESSED,,
region_002562,LP101,Furnish & Install Shrubs,Bl,,,NOT_PROCESSED,,
region_002563,LP101,Furnish & Install Shrubs,Bl,,,NOT_PROCESSED,,
region_002564,LP101,Furnish & Install Shrubs,Bl,,,NOT_PROCESSED,,
region_002565,LP101,Furnish & Install Shrubs,Bl,,,NOT_PROCESSED,,
region_002566,LP101,Furnish & Install Shrubs,Bl,,,NOT_PROCESSED,,
region_002567,LP101,Furnish & Install Shrubs,Bl,,,NOT_PROCESSED,,
region_002568,LP101,Furnish & Install Shrubs,Bl,,,NOT_PROCESSED,,
region_002569,LP101,Furnish & Install Shrubs,Bl,,,NOT_PROCESSED,,
region_002570,LP101,Furnish & Install Shrubs,Bl,,,NOT_PROCESSED,,
region_002571,LP101,Furnish & Install Shrubs,Td,,,NOT_PROCESSED,,
region_002572,LP101,Furnish & Install Shrubs,Td,,,NOT_PROCESSED,,
region_002573,LP101,Furnish & Install Shrubs,Pd,,,NOT_PROCESSED,,
region_002574,LP101,Furnish & Install Shrubs,Pd,,,NOT_PROCESSED,,
region_002575,LP101,Furnish & Install Shrubs,Td,,,NOT_PROCESSED,,
region_002576,LP101,Furnish & Install Shrubs,Td,,,NOT_PROCESSED,,
region_002577,LP101,Furnish & Install Shrubs,Td,,,NOT_PROCESSED,,
region_002578,LP101,Furnish & Install Shrubs,Bl,,,NOT_PROCESSED,,
region_002579,LP101,Furnish & Install Shrubs,Bl,,,NOT_PROCESSED,,
region_002580,LP101,Furnish & Install Shrubs,Bl,,,NOT_PROCESSED,,
region_002581,LP101,Furnish & Install Shrubs,Bl,,,NOT_PROCESSED,,
region_002582,LP101,Furnish & Install Shrubs,Td,,,NOT_PROCESSED,,
region_002583,LP101,Furnish & Install Shrubs,Td,,,NOT_PROCESSED,,
region_002584,LP101,Furnish & Install Shrubs,Td,,,NOT_PROCESSED,,
region_002585,LP101,Furnish & Install Shrubs,Td,,,NOT_PROCESSED,,
region_002586,LP101,Furnish & Install Shrubs,Td,,,NOT_PROCESSED,,
region_002587,LP101,Furnish & Install Shrubs,Td,,,NOT_PROCESSED,,
region_002588,LP101,Furnish & Install Shrubs,Td,,,NOT_PROCESSED,,
region_002589,LP101,Furnish & Install Shrubs,Td,,,NOT_PROCESSED,,
region_002590,LP101,Furnish & Install Shrubs,Hr,,,NOT_PROCESSED,,
region_002591,LP101,Furnish & Install Shrubs,Hr,,,NOT_PROCESSED,,
region_002592,LP101,Furnish & Install Shrubs,Hr,,,NOT_PROCESSED,,
region_002593,LP101,Furnish & Install Shrubs,Hr,,,NOT_PROCESSED,,
region_002594,LP101,Furnish & Install Shrubs,Hr,,,NOT_PROCESSED,,
region_002595,LP101,Furnish & Install Shrubs,Hr,,,NOT_PROCESSED,,
region_002596,LP101,Furnish & Install Shrubs,Hr,,,NOT_PROCESSED,,
region_002597,LP101,Furnish & Install Shrubs,Hr,,,NOT_PROCESSED,,
region_002598,LP101,Furnish & Install Shrubs,Hr,,,NOT_PROCESSED,,
region_002599,LP101,Furnish & Install Shrubs,Hr,,,NOT_PROCESSED,,
region_002600,LP101,Furnish & Install Shrubs,Hr,,,NOT_PROCESSED,,
region_002601,LP101,Furnish & Install Shrubs,Hr,,,NOT_PROCESSED,,
region_002602,LP101,Furnish & Install Shrubs,Hr,,,NOT_PROCESSED,,
region_002603,LP101,Furnish & Install Shrubs,Hr,,,NOT_PROCESSED,,
region_002604,LP101,Furnish & Install Shrubs,Hr,,,NOT_PROCESSED,,
region_002605,LP101,Furnish & Install Shrubs,Hr,,,NOT_PROCESSED,,
region_002606,LP101,Furnish & Install Shrubs,Hr,,,NOT_PROCESSED,,
region_002607,LP101,Furnish & Install Shrubs,Hr,,,NOT_PROCESSED,,
region_002608,LP101,Furnish & Install Shrubs,Hr,,,NOT_PROCESSED,,
region_002609,LP101,Furnish & Install Shrubs,Hr,,,NOT_PROCESSED,,
region_002610,LP101,Furnish & Install Shrubs,Hr,,,NOT_PROCESSED,,
region_002611,LP101,Furnish & Install Shrubs,Hr,,,NOT_PROCESSED,,
region_002612,LP101,Furnish & Install Shrubs,Hr,,,NOT_PROCESSED,,
region_002613,LP101,Furnish & Install Shrubs,Hr,,,NOT_PROCESSED,,
region_002614,LP101,Furnish & Install Shrubs,Hr,,,NOT_PROCESSED,,
region_002615,LP101,Furnish & Install Shrubs,Hr,,,NOT_PROCESSED,,
region_002616,LP101,Furnish & Install Shrubs,Pd,,,NOT_PROCESSED,,
region_002617,LP101,Furnish & Install Shrubs,Pd,,,NOT_PROCESSED,,
region_002618,LP101,Furnish & Install Shrubs,Pd,,,NOT_PROCESSED,,
region_002619,LP101,Furnish & Install Shrubs,Pd,,,NOT_PROCESSED,,
region_002620,LP101,Furnish & Install Shrubs,Pd,,,NOT_PROCESSED,,
region_002621,LP101,Furnish & Install Shrubs,Pd,,,NOT_PROCESSED,,
region_002622,LP101,Furnish & Install Shrubs,Pd,,,NOT_PROCESSED,,
region_002623,LP101,Furnish & Install Shrubs,Pd,,,NOT_PROCESSED,,
region_002624,LP101,Furnish & Install Shrubs,Pd,,,NOT_PROCESSED,,
region_002625,LP101,Furnish & Install Shrubs,Pd,,,NOT_PROCESSED,,
region_002626,LP101,Furnish & Install Shrubs,Pd,,,NOT_PROCESSED,,
region_002627,LP101,Furnish & Install Shrubs,Pd,,,NOT_PROCESSED,,
region_002628,LP101,Furnish & Install Shrubs,Pd,,,NOT_PROCESSED,,
region_002629,LP101,Furnish & Install Shrubs,Pd,,,NOT_PROCESSED,,
region_002630,LP101,Furnish & Install Shrubs,Td,,,NOT_PROCESSED,,
region_002631,LP101,Furnish & Install Shrubs,Td,,,NOT_PROCESSED,,
region_002632,LP101,Furnish & Install Shrubs,Td,,,NOT_PROCESSED,,
region_002633,LP101,Furnish & Install Shrubs,Bl,,,NOT_PROCESSED,,
region_002634,LP101,Furnish & Install Shrubs,Bl,,,NOT_PROCESSED,,
region_002635,LP101,Furnish & Install Shrubs,Bl,,,NOT_PROCESSED,,
region_002636,LP101,Furnish & Install Shrubs,Bl,,,NOT_PROCESSED,,
region_002637,LP101,Furnish & Install Shrubs,Bl,,,NOT_PROCESSED,,
region_002638,LP101,Furnish & Install Shrubs,Bl,,,NOT_PROCESSED,,
region_002639,LP101,Furnish & Install Shrubs,Bl,,,NOT_PROCESSED,,
region_002640,LP101,Furnish & Install Shrubs,Bl,,,NOT_PROCESSED,,
region_002641,LP101,Furnish & Install Shrubs,Bl,,,NOT_PROCESSED,,
region_002642,LP101,Furnish & Install Shrubs,Bl,,,NOT_PROCESSED,,
region_002643,LP101,Furnish & Install Shrubs,Bl,,,NOT_PROCESSED,,
region_002644,LP101,Furnish & Install Shrubs,Bl,,,NOT_PROCESSED,,
region_002645,LP101,Furnish & Install Shrubs,Bl,,,NOT_PROCESSED,,
region_002646,LP101,Furnish & Install Shrubs,Bl,,,NOT_PROCESSED,,
region_002647,LP101,Furnish & Install Shrubs,Bl,,,NOT_PROCESSED,,
region_002648,LP101,Furnish & Install Shrubs,Bl,,,NOT_PROCESSED,,
region_002649,LP101,Furnish & Install Shrubs,Bl,,,NOT_PROCESSED,,
region_002650,LP101,Furnish & Install Shrubs,Bl,,,NOT_PROCESSED,,
region_002651,LP101,Furnish & Install Shrubs,Bl,,,NOT_PROCESSED,,
region_002652,LP101,Furnish & Install Shrubs,Bl,,,NOT_PROCESSED,,
region_002653,LP101,Furnish & Install Shrubs,Bl,,,NOT_PROCESSED,,
region_002654,LP101,Furnish & Install Shrubs,Bl,,,NOT_PROCESSED,,
region_002655,LP101,Furnish & Install Shrubs,Bl,,,NOT_PROCESSED,,
region_002656,LP101,Furnish & Install Shrubs,Pd,,,NOT_PROCESSED,,
region_002657,LP101,Furnish & Install Shrubs,Pd,,,NOT_PROCESSED,,
region_002658,LP101,Furnish & Install Shrubs,Td,,,NOT_PROCESSED,,
region_002659,LP101,Furnish & Install Shrubs,Td,,,NOT_PROCESSED,,
region_002660,LP101,Furnish & Install Shrubs,Td,,,NOT_PROCESSED,,
region_002661,LP101,Furnish & Install Shrubs,Bl,,,NOT_PROCESSED,,
region_002662,LP101,Furnish & Install Shrubs,Bl,,,NOT_PROCESSED,,
region_002663,LP101,Furnish & Install Shrubs,Bl,,,NOT_PROCESSED,,
region_002664,LP101,Furnish & Install Shrubs,Bl,,,NOT_PROCESSED,,
region_002665,LP101,Furnish & Install Shrubs,Td,,,NOT_PROCESSED,,
region_002666,LP101,Furnish & Install Shrubs,Td,,,NOT_PROCESSED,,
region_002667,LP101,Furnish & Install Shrubs,Td,,,NOT_PROCESSED,,
region_002668,LP101,Furnish & Install Shrubs,Td,,,NOT_PROCESSED,,
region_002669,LP101,Furnish & Install Shrubs,Td,,,NOT_PROCESSED,,
region_002670,LP101,Furnish & Install Shrubs,B J B J B J B J B J B J,,,NOT_PROCESSED,,
region_002671,LP101,Furnish & Install Shrubs,Pl,,,NOT_PROCESSED,,
region_002672,LP101,Furnish & Install Shrubs,Pl,,,NOT_PROCESSED,,
region_002673,LP101,Furnish & Install Shrubs,Pl,,,NOT_PROCESSED,,
region_002674,LP101,Furnish & Install Shrubs,Pl,,,NOT_PROCESSED,,
region_002675,LP101,Furnish & Install Shrubs,Pl,,,NOT_PROCESSED,,
region_002676,LP101,Furnish & Install Shrubs,Pl,,,NOT_PROCESSED,,
region_002677,LP101,Furnish & Install Shrubs,Pl,,,NOT_PROCESSED,,
region_002678,LP101,Furnish & Install Shrubs,Pl,,,NOT_PROCESSED,,
region_002679,LP101,Furnish & Install Shrubs,Pl,,,NOT_PROCESSED,,
region_002680,LP101,Furnish & Install Shrubs,Hr,,,NOT_PROCESSED,,
region_002681,LP101,Furnish & Install Shrubs,Hr,,,NOT_PROCESSED,,
region_002682,LP101,Furnish & Install Shrubs,Hr,,,NOT_PROCESSED,,
region_002683,LP101,Furnish & Install Shrubs,Hr,,,NOT_PROCESSED,,
region_002684,LP101,Furnish & Install Shrubs,Hr,,,NOT_PROCESSED,,
region_002685,LP101,Furnish & Install Shrubs,Hr,,,NOT_PROCESSED,,
region_002686,LP101,Furnish & Install Shrubs,Hr,,,NOT_PROCESSED,,
region_002687,LP101,Furnish & Install Shrubs,Hr,,,NOT_PROCESSED,,
region_002688,LP101,Furnish & Install Shrubs,Hr,,,NOT_PROCESSED,,
region_002689,LP101,Furnish & Install Shrubs,Hr,,,NOT_PROCESSED,,
region_002690,LP101,Furnish & Install Shrubs,Hr,,,NOT_PROCESSED,,
region_002691,LP101,Furnish & Install Shrubs,Hr,,,NOT_PROCESSED,,
region_002692,LP101,Furnish & Install Shrubs,Hr,,,NOT_PROCESSED,,
region_002693,LP101,Furnish & Install Shrubs,Hr,,,NOT_PROCESSED,,
region_002694,LP101,Furnish & Install Shrubs,Hr,,,NOT_PROCESSED,,
region_002695,LP101,Furnish & Install Shrubs,Hr,,,NOT_PROCESSED,,
region_002696,LP101,Furnish & Install Shrubs,Hr,,,NOT_PROCESSED,,
region_002697,LP101,Furnish & Install Shrubs,Hr,,,NOT_PROCESSED,,
region_002698,LP101,Furnish & Install Shrubs,Hr,,,NOT_PROCESSED,,
region_002699,LP101,Furnish & Install Shrubs,Hr,,,NOT_PROCESSED,,
region_002700,LP101,Furnish & Install Shrubs,Hr,,,NOT_PROCESSED,,
region_002701,LP101,Furnish & Install Shrubs,Hr,,,NOT_PROCESSED,,
region_002702,LP101,Furnish & Install Shrubs,Hr,,,NOT_PROCESSED,,
region_002703,LP101,Furnish & Install Shrubs,Hr,,,NOT_PROCESSED,,
region_002704,LP101,Furnish & Install Shrubs,Hr,,,NOT_PROCESSED,,
region_002705,LP101,Furnish & Install Shrubs,Hr,,,NOT_PROCESSED,,
region_002706,LP101,Furnish & Install Shrubs,Hr,,,NOT_PROCESSED,,
region_002707,LP101,Furnish & Install Shrubs,Hr,,,NOT_PROCESSED,,
region_002708,LP101,Furnish & Install Shrubs,Hr,,,NOT_PROCESSED,,
region_002709,LP101,Furnish & Install Shrubs,Hr,,,NOT_PROCESSED,,
region_002710,LP101,Furnish & Install Shrubs,Hr,,,NOT_PROCESSED,,
region_002711,LP101,Furnish & Install Shrubs,Hr,,,NOT_PROCESSED,,
region_002712,LP101,Furnish & Install Shrubs,Hr,,,NOT_PROCESSED,,
region_002713,LP101,Furnish & Install Shrubs,Hr,,,NOT_PROCESSED,,
region_002714,LP101,Furnish & Install Shrubs,Hr,,,NOT_PROCESSED,,
region_002715,LP101,Furnish & Install Shrubs,Hr,,,NOT_PROCESSED,,
region_002716,LP101,Furnish & Install Shrubs,Pd,,,NOT_PROCESSED,,
region_002717,LP101,Furnish & Install Shrubs,Pd,,,NOT_PROCESSED,,
region_002718,LP101,Furnish & Install Shrubs,Pd,,,NOT_PROCESSED,,
region_002719,LP101,Furnish & Install Shrubs,Pd,,,NOT_PROCESSED,,
region_002720,LP101,Furnish & Install Shrubs,Pd,,,NOT_PROCESSED,,
region_002721,LP101,Furnish & Install Shrubs,Pd,,,NOT_PROCESSED,,
region_002722,LP101,Furnish & Install Shrubs,Pd,,,NOT_PROCESSED,,
region_002723,LP101,Furnish & Install Shrubs,Pd,,,NOT_PROCESSED,,
region_002724,LP101,Furnish & Install Shrubs,Pd,,,NOT_PROCESSED,,
region_002725,LP101,Furnish & Install Shrubs,Pd,,,NOT_PROCESSED,,
region_002726,LP101,Furnish & Install Shrubs,Pd,,,NOT_PROCESSED,,
region_002727,LP101,Furnish & Install Shrubs,Pd,,,NOT_PROCESSED,,
region_002728,LP101,Furnish & Install Shrubs,Pd,,,NOT_PROCESSED,,
region_002729,LP101,Furnish & Install Shrubs,Pd,,,NOT_PROCESSED,,
region_002730,LP101,Furnish & Install Shrubs,Bl,,,NOT_PROCESSED,,
region_002731,LP101,Furnish & Install Shrubs,Bl,,,NOT_PROCESSED,,
region_002732,LP101,Furnish & Install Shrubs,Bl,,,NOT_PROCESSED,,
region_002733,LP101,Furnish & Install Shrubs,Bl,,,NOT_PROCESSED,,
region_002734,LP101,Furnish & Install Shrubs,Bl,,,NOT_PROCESSED,,
region_002735,LP101,Furnish & Install Shrubs,Bl,,,NOT_PROCESSED,,
region_002736,LP101,Furnish & Install Shrubs,Bl,,,NOT_PROCESSED,,
region_002737,LP101,Furnish & Install Shrubs,Bl,,,NOT_PROCESSED,,
region_002738,LP101,Furnish & Install Shrubs,Bl,,,NOT_PROCESSED,,
region_002739,LP101,Furnish & Install Shrubs,Bl,,,NOT_PROCESSED,,
region_002740,LP101,Furnish & Install Shrubs,Bl,,,NOT_PROCESSED,,
region_002741,LP101,Furnish & Install Shrubs,Bl,,,NOT_PROCESSED,,
region_002742,LP101,Furnish & Install Shrubs,Bl,,,NOT_PROCESSED,,
region_002743,LP101,Furnish & Install Shrubs,Bl,,,NOT_PROCESSED,,
region_002744,LP101,Furnish & Install Shrubs,Bl,,,NOT_PROCESSED,,
region_002745,LP101,Furnish & Install Shrubs,Bl,,,NOT_PROCESSED,,
region_002746,LP101,Furnish & Install Shrubs,Bl,,,NOT_PROCESSED,,
region_002747,LP101,Furnish & Install Shrubs,Bl,,,NOT_PROCESSED,,
region_002748,LP101,Furnish & Install Shrubs,Bl,,,NOT_PROCESSED,,
region_002749,LP101,Furnish & Install Shrubs,Bl,,,NOT_PROCESSED,,
region_002750,LP101,Furnish & Install Shrubs,Bl,,,NOT_PROCESSED,,
region_002751,LP101,Furnish & Install Shrubs,Bl,,,NOT_PROCESSED,,
region_002752,LP101,Furnish & Install Shrubs,Bl,,,NOT_PROCESSED,,
region_002753,LP101,Furnish & Install Shrubs,Td,,,NOT_PROCESSED,,
region_002754,LP101,Furnish & Install Shrubs,Td,,,NOT_PROCESSED,,
region_002755,LP101,Furnish & Install Shrubs,Td,,,NOT_PROCESSED,,
region_002756,LP101,Furnish & Install Shrubs,Bl,,,NOT_PROCESSED,,
region_002757,LP101,Furnish & Install Shrubs,Bl,,,NOT_PROCESSED,,
region_002758,LP101,Furnish & Install Shrubs,Bl,,,NOT_PROCESSED,,
region_002759,LP101,Furnish & Install Shrubs,Bl,,,NOT_PROCESSED,,
region_002760,LP101,Furnish & Install Shrubs,Bl,,,NOT_PROCESSED,,
region_002761,LP101,Furnish & Install Shrubs,Bl,,,NOT_PROCESSED,,
region_002762,LP101,Furnish & Install Shrubs,Td,,,NOT_PROCESSED,,
region_002763,LP101,Furnish & Install Shrubs,Td,,,NOT_PROCESSED,,
region_002764,LP101,Furnish & Install Shrubs,Td,,,NOT_PROCESSED,,
region_002765,LP101,Furnish & Install Shrubs,Td,,,NOT_PROCESSED,,
region_002766,LP101,Furnish & Install Shrubs,Td,,,NOT_PROCESSED,,
region_002767,LP101,Furnish & Install Shrubs,B J B J B J B J B J B J B J B J B J B J B J B J B J,,,NOT_PROCESSED,,
region_002768,LP101,Furnish & Install Shrubs,Pl,,,NOT_PROCESSED,,
region_002769,LP101,Furnish & Install Shrubs,Pl,,,NOT_PROCESSED,,
region_002770,LP101,Furnish & Install Shrubs,Pl,,,NOT_PROCESSED,,
region_002771,LP101,Furnish & Install Shrubs,Pl,,,NOT_PROCESSED,,
region_002772,LP101,Furnish & Install Shrubs,Pl,,,NOT_PROCESSED,,
region_002773,LP101,Furnish & Install Shrubs,Pl,,,NOT_PROCESSED,,
region_002774,LP101,Furnish & Install Shrubs,Pl,,,NOT_PROCESSED,,
region_002775,LP101,Furnish & Install Shrubs,Pl,,,NOT_PROCESSED,,
region_002776,LP101,Furnish & Install Shrubs,Pl,,,NOT_PROCESSED,,
region_002777,LP101,Furnish & Install Shrubs,Pl,,,NOT_PROCESSED,,
region_002778,LP101,Furnish & Install Shrubs,Hp,,,NOT_PROCESSED,,
region_002779,LP101,Furnish & Install Shrubs,Hp,,,NOT_PROCESSED,,
region_002780,LP101,Furnish & Install Shrubs,Hp,,,NOT_PROCESSED,,
region_002781,LP101,Furnish & Install Shrubs,Hp,,,NOT_PROCESSED,,
region_002782,LP101,Furnish & Install Shrubs,Bh,,,NOT_PROCESSED,,
region_002783,LP101,Furnish & Install Shrubs,Bh,,,NOT_PROCESSED,,
region_002784,LP101,Furnish & Install Shrubs,Bh,,,NOT_PROCESSED,,
region_002785,LP101,Furnish & Install Shrubs,Bh,,,NOT_PROCESSED,,
region_002786,LP101,Furnish & Install Shrubs,Bh,,,NOT_PROCESSED,,
region_002787,LP101,Furnish & Install Shrubs,Bh,,,NOT_PROCESSED,,
region_002788,LP101,Furnish & Install Shrubs,Sy,,,NOT_PROCESSED,,
region_002789,LP101,Furnish & Install Shrubs,Sy,,,NOT_PROCESSED,,
region_002790,LP101,Furnish & Install Shrubs,Sy,,,NOT_PROCESSED,,
region_002791,LP101,Furnish & Install Shrubs,Sy,,,NOT_PROCESSED,,
region_002792,LP101,Furnish & Install Shrubs,Sy,,,NOT_PROCESSED,,
region_002793,LP101,Furnish & Install Shrubs,Sy,,,NOT_PROCESSED,,
region_002794,LP101,Furnish & Install Shrubs,Sy,,,NOT_PROCESSED,,
region_002795,LP101,Furnish & Install Shrubs,Sy,,,NOT_PROCESSED,,
region_002796,LP101,Furnish & Install Shrubs,Sy,,,NOT_PROCESSED,,
region_002797,LP101,Furnish & Install Shrubs,Sy,,,NOT_PROCESSED,,
region_002798,LP101,Furnish & Install Shrubs,Sy,,,NOT_PROCESSED,,
region_002799,LP101,Furnish & Install Shrubs,Sy,,,NOT_PROCESSED,,
region_002800,LP101,Furnish & Install Shrubs,Sy,,,NOT_PROCESSED,,
region_002801,LP101,Furnish & Install Shrubs,Sy,,,NOT_PROCESSED,,
region_002802,LP101,Furnish & Install Shrubs,Sy,,,NOT_PROCESSED,,
region_002803,LP101,Furnish & Install Shrubs,Sy,,,NOT_PROCESSED,,
region_002804,LP101,Furnish & Install Shrubs,Pl,,,NOT_PROCESSED,,
region_002805,LP101,Furnish & Install Shrubs,Pl,,,NOT_PROCESSED,,
region_002806,LP101,Furnish & Install Shrubs,Pl,,,NOT_PROCESSED,,
region_002807,LP101,Furnish & Install Shrubs,Pl,,,NOT_PROCESSED,,
region_002808,LP101,Furnish & Install Shrubs,Pl,,,NOT_PROCESSED,,
region_002809,LP101,Furnish & Install Shrubs,Pl,,,NOT_PROCESSED,,
region_002810,LP101,Furnish & Install Shrubs,Pl,,,NOT_PROCESSED,,
region_002811,LP101,Furnish & Install Shrubs,Pl,,,NOT_PROCESSED,,
region_002812,LP101,Furnish & Install Shrubs,Ck,,,NOT_PROCESSED,,
region_002813,LP101,Furnish & Install Shrubs,Ck,,,NOT_PROCESSED,,
region_002814,LP101,Furnish & Install Shrubs,Ck,,,NOT_PROCESSED,,
region_002815,LP101,Furnish & Install Shrubs,Ck,,,NOT_PROCESSED,,
region_002816,LP101,Furnish & Install Shrubs,Ck,,,NOT_PROCESSED,,
region_002817,LP101,Furnish & Install Shrubs,Ck,,,NOT_PROCESSED,,
region_002818,LP101,Furnish & Install Shrubs,Ck,,,NOT_PROCESSED,,
region_002819,LP101,Furnish & Install Shrubs,Ck,,,NOT_PROCESSED,,
region_002820,LP101,Furnish & Install Shrubs,Ck,,,NOT_PROCESSED,,
region_002821,LP101,Furnish & Install Shrubs,Ck,,,NOT_PROCESSED,,
region_002822,LP101,Furnish & Install Shrubs,Ck,,,NOT_PROCESSED,,
region_002823,LP101,Furnish & Install Shrubs,Ck,,,NOT_PROCESSED,,
region_002824,LP101,Furnish & Install Shrubs,Ck,,,NOT_PROCESSED,,
region_002825,LP101,Furnish & Install Shrubs,Ck,,,NOT_PROCESSED,,
region_002826,LP101,Furnish & Install Shrubs,Ck,,,NOT_PROCESSED,,
region_002827,LP101,Furnish & Install Shrubs,Ck,,,NOT_PROCESSED,,
region_002828,LP101,Furnish & Install Shrubs,Ck,,,NOT_PROCESSED,,
region_002829,LP101,Furnish & Install Shrubs,Hp,,,NOT_PROCESSED,,
region_002830,LP101,Furnish & Install Shrubs,Hp,,,NOT_PROCESSED,,
region_002831,LP101,Furnish & Install Shrubs,Hp,,,NOT_PROCESSED,,
region_002832,LP101,Furnish & Install Shrubs,Hp,,,NOT_PROCESSED,,
region_002833,LP101,Furnish & Install Shrubs,Hp,,,NOT_PROCESSED,,
region_002834,LP101,Furnish & Install Shrubs,Hp,,,NOT_PROCESSED,,
region_002835,LP101,Furnish & Install Shrubs,Hp,,,NOT_PROCESSED,,
region_002836,LP101,Furnish & Install Shrubs,Hp,,,NOT_PROCESSED,,
region_002837,LP101,Furnish & Install Shrubs,Hp,,,NOT_PROCESSED,,
region_002838,LP101,Furnish & Install Shrubs,Hp,,,NOT_PROCESSED,,
region_002839,LP101,Furnish & Install Shrubs,Hp,,,NOT_PROCESSED,,
region_002840,LP101,Furnish & Install Shrubs,Hp,,,NOT_PROCESSED,,
region_002841,LP101,Furnish & Install Shrubs,Hp,,,NOT_PROCESSED,,
region_002842,LP101,Furnish & Install Shrubs,Hp,,,NOT_PROCESSED,,
region_002843,LP101,Furnish & Install Shrubs,Hp,,,NOT_PROCESSED,,
region_002844,LP101,Furnish & Install Shrubs,Hp,,,NOT_PROCESSED,,
region_002845,LP101,Furnish & Install Shrubs,Hp,,,NOT_PROCESSED,,
region_002846,LP101,Furnish & Install Shrubs,Hp,,,NOT_PROCESSED,,
region_002847,LP101,Furnish & Install Shrubs,Hp,,,NOT_PROCESSED,,
region_002848,LP101,Furnish & Install Shrubs,Hp,,,NOT_PROCESSED,,
region_002849,LP101,Furnish & Install Shrubs,Hp,,,NOT_PROCESSED,,
region_002850,LP101,Furnish & Install Shrubs,Hp,,,NOT_PROCESSED,,
region_002851,LP101,Furnish & Install Shrubs,P P P Hp,,,NOT_PROCESSED,,
region_002852,LP101,Furnish & Install Shrubs,Hr,,,NOT_PROCESSED,,
region_002853,LP101,Furnish & Install Shrubs,Hr,,,NOT_PROCESSED,,
region_002854,LP101,Furnish & Install Shrubs,Hr,,,NOT_PROCESSED,,
region_002855,LP101,Furnish & Install Shrubs,Bl,,,NOT_PROCESSED,,
region_002856,LP101,Furnish & Install Shrubs,Bl,,,NOT_PROCESSED,,
region_002857,LP101,Furnish & Install Shrubs,Bl,,,NOT_PROCESSED,,
region_002858,LP101,Furnish & Install Shrubs,Bl,,,NOT_PROCESSED,,
region_002859,LP101,Furnish & Install Shrubs,Bl,,,NOT_PROCESSED,,
region_002860,LP101,Furnish & Install Shrubs,Td,,,NOT_PROCESSED,,
region_002861,LP101,Furnish & Install Shrubs,Td,,,NOT_PROCESSED,,
region_002862,LP101,Furnish & Install Shrubs,Td,,,NOT_PROCESSED,,
region_002863,LP101,Furnish & Install Shrubs,Td,,,NOT_PROCESSED,,
region_002864,LP101,Furnish & Install Shrubs,Td,,,NOT_PROCESSED,,
region_002865,LP101,Furnish & Install Shrubs,Hr,,,NOT_PROCESSED,,
region_002866,LP101,Furnish & Install Shrubs,Hr,,,NOT_PROCESSED,,
region_002867,LP101,Furnish & Install Shrubs,Hr,,,NOT_PROCESSED,,
region_002868,LP101,Furnish & Install Shrubs,Hr,,,NOT_PROCESSED,,
region_002869,LP101,Furnish & Install Shrubs,Hr,,,NOT_PROCESSED,,
region_002870,LP101,Furnish & Install Shrubs,Hr,,,NOT_PROCESSED,,
region_002871,LP101,Furnish & Install Shrubs,Td,,,NOT_PROCESSED,,
region_002872,LP101,Furnish & Install Shrubs,Td,,,NOT_PROCESSED,,
region_002873,LP101,Furnish & Install Shrubs,Bl,,,NOT_PROCESSED,,
region_002874,LP101,Furnish & Install Shrubs,Bl,,,NOT_PROCESSED,,
region_002875,LP101,Furnish & Install Shrubs,Bl,,,NOT_PROCESSED,,
region_002876,LP101,Furnish & Install Shrubs,Bl,,,NOT_PROCESSED,,
region_002877,LP101,Furnish & Install Shrubs,Td,,,NOT_PROCESSED,,
region_002878,LP101,Furnish & Install Shrubs,Td,,,NOT_PROCESSED,,
region_002879,LP101,Furnish & Install Shrubs,B J B J B J B J B J B J,,,NOT_PROCESSED,,
region_002880,LP101,Furnish & Install Shrubs,Bl,,,NOT_PROCESSED,,
region_002881,LP101,Furnish & Install Shrubs,Bl,,,NOT_PROCESSED,,
region_002882,LP101,Furnish & Install Shrubs,Hr,,,NOT_PROCESSED,,
region_002883,LP101,Furnish & Install Shrubs,Hr,,,NOT_PROCESSED,,
region_002884,LP101,Furnish & Install Shrubs,Hr,,,NOT_PROCESSED,,
region_002885,LP101,Furnish & Install Shrubs,Hr,,,NOT_PROCESSED,,
region_002886,LP101,Furnish & Install Shrubs,Hr,,,NOT_PROCESSED,,
region_002887,LP101,Furnish & Install Shrubs,Hr,,,NOT_PROCESSED,,
region_002888,LP101,Furnish & Install Shrubs,Td,,,NOT_PROCESSED,,
region_002889,LP101,Furnish & Install Shrubs,Td,,,NOT_PROCESSED,,
region_002890,LP101,Furnish & Install Shrubs,Bl,,,NOT_PROCESSED,,
region_002891,LP101,Furnish & Install Shrubs,Bl,,,NOT_PROCESSED,,
region_002892,LP101,Furnish & Install Shrubs,Bl,,,NOT_PROCESSED,,
region_002893,LP101,Furnish & Install Shrubs,Bl,,,NOT_PROCESSED,,
region_002894,LP101,Furnish & Install Shrubs,Td,,,NOT_PROCESSED,,
region_002895,LP101,Furnish & Install Shrubs,Td,,,NOT_PROCESSED,,
region_002896,LP101,Furnish & Install Shrubs,Td,,,NOT_PROCESSED,,
region_002897,LP101,Furnish & Install Shrubs,Pd,,,NOT_PROCESSED,,
region_002898,LP101,Furnish & Install Shrubs,Pd,,,NOT_PROCESSED,,
region_002899,LP101,Furnish & Install Shrubs,Pd,,,NOT_PROCESSED,,
region_002900,LP101,Furnish & Install Shrubs,Hr,,,NOT_PROCESSED,,
region_002901,LP101,Furnish & Install Shrubs,Hr,,,NOT_PROCESSED,,
region_002902,LP101,Furnish & Install Shrubs,Hr,,,NOT_PROCESSED,,
region_002903,LP101,Furnish & Install Shrubs,Hr,,,NOT_PROCESSED,,
region_002904,LP101,Furnish & Install Shrubs,Hr,,,NOT_PROCESSED,,
region_002905,LP101,Furnish & Install Shrubs,Hr,,,NOT_PROCESSED,,
region_002906,LP101,Furnish & Install Shrubs,Hr,,,NOT_PROCESSED,,
region_002907,LP101,Furnish & Install Shrubs,Hr,,,NOT_PROCESSED,,
region_002908,LP101,Furnish & Install Shrubs,Hr,,,NOT_PROCESSED,,
region_002909,LP101,Furnish & Install Shrubs,Hr,,,NOT_PROCESSED,,
region_002910,LP101,Furnish & Install Shrubs,Hr,,,NOT_PROCESSED,,
region_002911,LP101,Furnish & Install Shrubs,Hr,,,NOT_PROCESSED,,
region_002912,LP101,Furnish & Install Shrubs,Pd,,,NOT_PROCESSED,,
region_002913,LP101,Furnish & Install Shrubs,Sb,,,NOT_PROCESSED,,
region_002914,LP101,Furnish & Install Shrubs,Sb,,,NOT_PROCESSED,,
region_002915,LP101,Furnish & Install Shrubs,Sb,,,NOT_PROCESSED,,
region_002916,LP101,Furnish & Install Shrubs,Sb,,,NOT_PROCESSED,,
region_002917,LP101,Furnish & Install Shrubs,Sb,,,NOT_PROCESSED,,
region_002918,LP101,Furnish & Install Shrubs,Sb,,,NOT_PROCESSED,,
region_002919,LP101,Furnish & Install Shrubs,Ck Ck Ck Ck C Ck Ck Ck Ck Ck C Ck,,,NOT_PROCESSED,,
region_002920,LP101,Furnish & Install Shrubs,Hp,,,NOT_PROCESSED,,
region_002921,LP101,Furnish & Install Shrubs,Hp,,,NOT_PROCESSED,,
region_002922,LP101,Furnish & Install Shrubs,Hp,,,NOT_PROCESSED,,
region_002923,LP101,Furnish & Install Shrubs,Hp,,,NOT_PROCESSED,,
region_002924,LP101,Furnish & Install Shrubs,Hp,,,NOT_PROCESSED,,
region_002925,LP101,Furnish & Install Shrubs,Hp,,,NOT_PROCESSED,,
region_002926,LP101,Furnish & Install Shrubs,St,,,NOT_PROCESSED,,
region_002927,LP101,Furnish & Install Shrubs,St,,,NOT_PROCESSED,,
region_002928,LP101,Furnish & Install Shrubs,St,,,NOT_PROCESSED,,
region_002929,LP101,Furnish & Install Shrubs,F J F J,,,NOT_PROCESSED,,
region_002930,LP101,Furnish & Install Shrubs,St,,,NOT_PROCESSED,,
region_002931,LP101,Furnish & Install Shrubs,St,,,NOT_PROCESSED,,
region_002932,LP101,Furnish & Install Shrubs,St,,,NOT_PROCESSED,,
region_002933,LP101,Furnish & Install Shrubs,F J,,,NOT_PROCESSED,,
region_002934,LP101,Furnish & Install Shrubs,F J F J F J F J F J F J,,,NOT_PROCESSED,,
region_002935,LP101,Furnish & Install Shrubs,F J F J F J F J F J F J F J F J,,,NOT_PROCESSED,,
region_002936,LP101,Furnish & Install Shrubs,St,,,NOT_PROCESSED,,
region_002937,LP101,Furnish & Install Shrubs,St,,,NOT_PROCESSED,,
region_002938,LP101,Furnish & Install Shrubs,St,,,NOT_PROCESSED,,
region_002939,LP101,Furnish & Install Shrubs,St,,,NOT_PROCESSED,,
region_002940,LP101,Furnish & Install Shrubs,St,,,NOT_PROCESSED,,
region_002941,LP101,Furnish & Install Shrubs,St,,,NOT_PROCESSED,,
region_002942,LP101,Furnish & Install Shrubs,Bc Bc Bc,,,NOT_PROCESSED,,
region_002943,LP101,Furnish & Install Shrubs,Bc Bc Bc Bc,,,NOT_PROCESSED,,
region_002944,LP101,Furnish & Install Shrubs,F J F J F J F J F J F J F J F J,,,NOT_PROCESSED,,
region_002945,LP101,Furnish & Install Shrubs,St,,,NOT_PROCESSED,,
region_002946,LP101,Furnish & Install Shrubs,St,,,NOT_PROCESSED,,
region_002947,LP101,Furnish & Install Shrubs,St,,,NOT_PROCESSED,,
region_002948,LP101,Furnish & Install Shrubs,St,,,NOT_PROCESSED,,
region_002949,LP101,Furnish & Install Shrubs,Bc Bc Bc Bc,,,NOT_PROCESSED,,
region_002950,LP101,Furnish & Install Shrubs,St,,,NOT_PROCESSED,,
region_002951,LP101,Furnish & Install Shrubs,St,,,NOT_PROCESSED,,
region_002952,LP101,Furnish & Install Shrubs,St,,,NOT_PROCESSED,,
region_002953,LP101,Furnish & Install Shrubs,F J F J,,,NOT_PROCESSED,,
region_002954,LP101,Furnish & Install Shrubs,St,,,NOT_PROCESSED,,
region_002955,LP101,Furnish & Install Shrubs,St,,,NOT_PROCESSED,,
region_002956,LP101,Furnish & Install Shrubs,St,,,NOT_PROCESSED,,
region_002957,LP101,Furnish & Install Shrubs,F J F J,,,NOT_PROCESSED,,
region_002958,LP101,Furnish & Install Shrubs,St,,,NOT_PROCESSED,,
region_002959,LP101,Furnish & Install Shrubs,St,,,NOT_PROCESSED,,
region_002960,LP101,Furnish & Install Shrubs,St,,,NOT_PROCESSED,,
region_002961,LP101,Furnish & Install Shrubs,F J F J,,,NOT_PROCESSED,,
region_002962,LP101,Furnish & Install Shrubs,St,,,NOT_PROCESSED,,
region_002963,LP101,Furnish & Install Shrubs,St,,,NOT_PROCESSED,,
region_002964,LP101,Furnish & Install Shrubs,St,,,NOT_PROCESSED,,
region_002965,LP101,Furnish & Install Shrubs,F J F J,,,NOT_PROCESSED,,
region_002966,LP101,Furnish & Install Shrubs,Td,,,NOT_PROCESSED,,
region_002967,LP101,Furnish & Install Shrubs,Td,,,NOT_PROCESSED,,
region_002968,LP101,Furnish & Install Shrubs,Td,,,NOT_PROCESSED,,
region_002969,LP101,Furnish & Install Shrubs,Td,,,NOT_PROCESSED,,
region_002970,LP101,Furnish & Install Shrubs,Td,,,NOT_PROCESSED,,
region_002971,LP101,Furnish & Install Shrubs,Td,,,NOT_PROCESSED,,
region_002972,LP101,Furnish & Install Shrubs,Pn,,,NOT_PROCESSED,,
region_002973,LP101,Furnish & Install Shrubs,Pn,,,NOT_PROCESSED,,
region_002974,LP101,Furnish & Install Shrubs,F J F J F J F J F J,,,NOT_PROCESSED,,
region_002975,LP101,Furnish & Install Shrubs,F J F J F J F J,,,NOT_PROCESSED,,
region_002976,LP101,Furnish & Install Shrubs,St St St St St St,,,NOT_PROCESSED,,
region_002977,LP101,Furnish & Install Shrubs,Bc,,,NOT_PROCESSED,,
region_002978,LP101,Furnish & Install Shrubs,Bc,,,NOT_PROCESSED,,
region_002979,LP101,Furnish & Install Shrubs,Bc,,,NOT_PROCESSED,,
region_002980,LP101,Furnish & Install Shrubs,Bc,,,NOT_PROCESSED,,
region_002981,LP101,Furnish & Install Shrubs,Bc,,,NOT_PROCESSED,,
region_002982,LP101,Furnish & Install Shrubs,Bc,,,NOT_PROCESSED,,
region_002983,LP101,Furnish & Install Shrubs,Bc,,,NOT_PROCESSED,,
region_002984,LP101,Furnish & Install Shrubs,Bc,,,NOT_PROCESSED,,
region_002985,LP101,Furnish & Install Shrubs,Bc,,,NOT_PROCESSED,,
region_002986,LP101,Furnish & Install Shrubs,Bc,,,NOT_PROCESSED,,
region_002987,LP101,Furnish & Install Shrubs,Bc,,,NOT_PROCESSED,,
region_002988,LP101,Furnish & Install Shrubs,B J,,,NOT_PROCESSED,,
region_002989,LP101,Furnish & Install Shrubs,Td,,,NOT_PROCESSED,,
region_002990,LP101,Furnish & Install Shrubs,Td,,,NOT_PROCESSED,,
region_002991,LP101,Furnish & Install Shrubs,Td,,,NOT_PROCESSED,,
region_002992,LP101,Furnish & Install Shrubs,Td,,,NOT_PROCESSED,,
region_002993,LP101,Furnish & Install Shrubs,Td,,,NOT_PROCESSED,,
region_002994,LP101,Furnish & Install Shrubs,Td,,,NOT_PROCESSED,,
region_002995,LP101,Furnish & Install Shrubs,Td,,,NOT_PROCESSED,,
region_002996,LP101,Furnish & Install Shrubs,Td,,,NOT_PROCESSED,,
region_002997,LP101,Furnish & Install Shrubs,Td,,,NOT_PROCESSED,,
region_002998,LP101,Furnish & Install Shrubs,Td,,,NOT_PROCESSED,,
region_002999,LP101,Furnish & Install Shrubs,Td,,,NOT_PROCESSED,,
region_003000,LP101,Furnish & Install Shrubs,Td,,,NOT_PROCESSED,,
region_003001,LP101,Furnish & Install Shrubs,Td,,,NOT_PROCESSED,,
region_003002,LP101,Furnish & Install Shrubs,Td,,,NOT_PROCESSED,,
region_003003,LP101,Furnish & Install Shrubs,Td,,,NOT_PROCESSED,,
region_003004,LP101,Furnish & Install Shrubs,Td,,,NOT_PROCESSED,,
region_003005,LP101,Furnish & Install Shrubs,Td,,,NOT_PROCESSED,,
region_003006,LP101,Furnish & Install Shrubs,Td,,,NOT_PROCESSED,,
region_003007,LP101,Furnish & Install Shrubs,Td,,,NOT_PROCESSED,,
region_003008,LP101,Furnish & Install Shrubs,Td,,,NOT_PROCESSED,,
region_003009,LP101,Furnish & Install Shrubs,Td,,,NOT_PROCESSED,,
region_003010,LP101,Furnish & Install Shrubs,Td,,,NOT_PROCESSED,,
region_003011,LP101,Furnish & Install Shrubs,Td,,,NOT_PROCESSED,,
region_003012,LP101,Furnish & Install Shrubs,Td,,,NOT_PROCESSED,,
region_003013,LP101,Furnish & Install Shrubs,Td,,,NOT_PROCESSED,,
region_003014,LP101,Furnish & Install Shrubs,B J B J B J B J B J B J B J,,,NOT_PROCESSED,,
region_003015,LP101,Furnish & Install Shrubs,Td,,,NOT_PROCESSED,,
region_003016,LP101,Furnish & Install Shrubs,Td,,,NOT_PROCESSED,,
region_003017,LP101,Furnish & Install Shrubs,Td,,,NOT_PROCESSED,,
region_003018,LP101,Furnish & Install Shrubs,Td,,,NOT_PROCESSED,,
region_003019,LP101,Furnish & Install Shrubs,Hr,,,NOT_PROCESSED,,
region_003020,LP101,Furnish & Install Shrubs,Hr,,,NOT_PROCESSED,,
region_003021,LP101,Furnish & Install Shrubs,Hr,,,NOT_PROCESSED,,
region_003022,LP101,Furnish & Install Shrubs,Hr,,,NOT_PROCESSED,,
region_003023,LP101,Furnish & Install Shrubs,Hr,,,NOT_PROCESSED,,
region_003024,LP101,Furnish & Install Shrubs,Hr,,,NOT_PROCESSED,,
region_003025,LP101,Furnish & Install Shrubs,F J F J F J F J F J F J F J F J F J F J F J,,,NOT_PROCESSED,,
region_003026,LP101,Furnish & Install Shrubs,Ck Ck Ck Ck Ck Ck Ck Ck Ck Ck Ck Ck Ck Ck Ck CkCk Ck Ck Ck,,,NOT_PROCESSED,,
region_003027,LP101,Furnish & Install Shrubs,Bc Bc Bc Bc Bc Bc Bc Bc Bc Bc Bc Bc Bc Bc Bc Bc Bc Bc Bc Bc Bc,,,NOT_PROCESSED,,
region_003028,LP101,Furnish & Install Shrubs,Pd,,,NOT_PROCESSED,,
region_003029,LP101,Furnish & Install Shrubs,Pd,,,NOT_PROCESSED,,
region_003030,LP101,Furnish & Install Shrubs,Pd,,,NOT_PROCESSED,,
region_003031,LP101,Furnish & Install Shrubs,Pd,,,NOT_PROCESSED,,
region_003032,LP101,Furnish & Install Shrubs,Pd,,,NOT_PROCESSED,,
region_003033,LP101,Furnish & Install Shrubs,Pd,,,NOT_PROCESSED,,
region_003034,LP101,Furnish & Install Shrubs,Sb,,,NOT_PROCESSED,,
region_003035,LP101,Furnish & Install Shrubs,Sb,,,NOT_PROCESSED,,
region_003036,LP101,Furnish & Install Shrubs,Sb,,,NOT_PROCESSED,,
region_003037,LP101,Furnish & Install Shrubs,Sb,,,NOT_PROCESSED,,
region_003038,LP101,Furnish & Install Shrubs,Sb,,,NOT_PROCESSED,,
region_003039,LP101,Furnish & Install Shrubs,Sb,,,NOT_PROCESSED,,
region_003040,LP101,Furnish & Install Shrubs,Sm,,,NOT_PROCESSED,,
region_003041,LP101,Furnish & Install Shrubs,Sm,,,NOT_PROCESSED,,
region_003042,LP101,Furnish & Install Shrubs,Sm,,,NOT_PROCESSED,,
region_003043,LP101,Furnish & Install Shrubs,Ec,,,NOT_PROCESSED,,
region_003044,LP101,Furnish & Install Shrubs,Ec,,,NOT_PROCESSED,,
region_003045,LP101,Furnish & Install Shrubs,Ec,,,NOT_PROCESSED,,
region_003046,LP101,Furnish & Install Shrubs,Ec,,,NOT_PROCESSED,,
region_003047,LP101,Furnish & Install Shrubs,Ec,,,NOT_PROCESSED,,
region_003048,LP101,Furnish & Install Shrubs,Ec,,,NOT_PROCESSED,,
region_003049,LP101,Furnish & Install Shrubs,Ec,,,NOT_PROCESSED,,
region_003050,LP101,Furnish & Install Shrubs,Ec,,,NOT_PROCESSED,,
region_003051,LP101,Furnish & Install Shrubs,Ec,,,NOT_PROCESSED,,
region_003052,LP101,Furnish & Install Shrubs,F J F J,,,NOT_PROCESSED,,
region_003053,LP101,Furnish & Install Shrubs,St,,,NOT_PROCESSED,,
region_003054,LP101,Furnish & Install Shrubs,St,,,NOT_PROCESSED,,
region_003055,LP101,Furnish & Install Shrubs,St,,,NOT_PROCESSED,,
region_003056,LP101,Furnish & Install Shrubs,St,,,NOT_PROCESSED,,
region_003057,LP101,Furnish & Install Shrubs,St,,,NOT_PROCESSED,,
region_003058,LP101,Furnish & Install Shrubs,St,,,NOT_PROCESSED,,
region_003059,LP101,Furnish & Install Shrubs,St,,,NOT_PROCESSED,,
region_003060,LP101,Furnish & Install Shrubs,St,,,NOT_PROCESSED,,
region_003061,LP101,Furnish & Install Shrubs,St,,,NOT_PROCESSED,,
region_003062,LP101,Furnish & Install Shrubs,St,,,NOT_PROCESSED,,
region_003063,LP101,Furnish & Install Shrubs,Hr,,,NOT_PROCESSED,,
region_003064,LP101,Furnish & Install Shrubs,Hr,,,NOT_PROCESSED,,
region_003065,LP101,Furnish & Install Shrubs,Hr,,,NOT_PROCESSED,,
region_003066,LP101,Furnish & Install Shrubs,Hr,,,NOT_PROCESSED,,
region_003067,LP101,Furnish & Install Shrubs,Hr,,,NOT_PROCESSED,,
region_003068,LP101,Furnish & Install Shrubs,Hr,,,NOT_PROCESSED,,
region_003069,LP101,Furnish & Install Shrubs,Hr,,,NOT_PROCESSED,,
region_003070,LP101,Furnish & Install Shrubs,Hr,,,NOT_PROCESSED,,
region_003071,LP101,Furnish & Install Shrubs,F J F J F J F J F J F J F J F J F J F J F J,,,NOT_PROCESSED,,
region_003072,LP101,Furnish & Install Shrubs,Pd,,,NOT_PROCESSED,,
region_003073,LP101,Furnish & Install Shrubs,Pd,,,NOT_PROCESSED,,
region_003074,LP101,Furnish & Install Shrubs,Pd,,,NOT_PROCESSED,,
region_003075,LP101,Furnish & Install Shrubs,Pd,,,NOT_PROCESSED,,
region_003076,LP101,Furnish & Install Shrubs,Pd,,,NOT_PROCESSED,,
region_003077,LP101,Furnish & Install Shrubs,Pd,,,NOT_PROCESSED,,
region_003078,LP101,Furnish & Install Shrubs,IV,,,NOT_PROCESSED,,
region_003079,LP101,Furnish & Install Shrubs,IV,,,NOT_PROCESSED,,
region_003080,LP101,Furnish & Install Shrubs,IV,,,NOT_PROCESSED,,
region_003081,LP101,Furnish & Install Shrubs,IV,,,NOT_PROCESSED,,
region_003082,LP101,Furnish & Install Shrubs,Ps,,,NOT_PROCESSED,,
region_003083,LP101,Furnish & Install Shrubs,Ps,,,NOT_PROCESSED,,
region_003084,LP101,Furnish & Install Shrubs,Ps,,,NOT_PROCESSED,,
region_003085,LP101,Furnish & Install Shrubs,Ps,,,NOT_PROCESSED,,
region_003086,LP101,Furnish & Install Shrubs,Ps,,,NOT_PROCESSED,,
region_003087,LP101,Furnish & Install Shrubs,Ps,,,NOT_PROCESSED,,
region_003088,LP101,Furnish & Install Shrubs,Ps,,,NOT_PROCESSED,,
region_003089,LP101,Furnish & Install Shrubs,Ps,,,NOT_PROCESSED,,
region_003090,LP101,Furnish & Install Shrubs,Ps,,,NOT_PROCESSED,,
region_003091,LP101,Furnish & Install Shrubs,Sb,,,NOT_PROCESSED,,
region_003092,LP101,Furnish & Install Shrubs,Sb,,,NOT_PROCESSED,,
region_003093,LP101,Furnish & Install Shrubs,Sb,,,NOT_PROCESSED,,
region_003094,LP101,Furnish & Install Shrubs,Sb,,,NOT_PROCESSED,,
region_003095,LP101,Furnish & Install Shrubs,Sb,,,NOT_PROCESSED,,
region_003096,LP101,Furnish & Install Shrubs,Sb,,,NOT_PROCESSED,,
region_003097,LP101,Furnish & Install Shrubs,Sb,,,NOT_PROCESSED,,
region_003098,LP101,Furnish & Install Shrubs,Vn,,,NOT_PROCESSED,,
region_003099,LP101,Furnish & Install Shrubs,Vn,,,NOT_PROCESSED,,
region_003100,LP101,Furnish & Install Shrubs,Vn,,,NOT_PROCESSED,,
region_003101,LP101,Furnish & Install Shrubs,Vn,,,NOT_PROCESSED,,
region_003102,LP101,Furnish & Install Shrubs,Vn,,,NOT_PROCESSED,,
region_003103,LP101,Furnish & Install Shrubs,Vn,,,NOT_PROCESSED,,
region_003104,LP101,Furnish & Install Shrubs,Vn,,,NOT_PROCESSED,,
region_003105,LP101,Furnish & Install Shrubs,Vn,,,NOT_PROCESSED,,
region_003106,LP101,Furnish & Install Shrubs,Pd,,,NOT_PROCESSED,,
region_003107,LP101,Furnish & Install Shrubs,Pd,,,NOT_PROCESSED,,
region_003108,LP101,Furnish & Install Shrubs,Pd,,,NOT_PROCESSED,,
region_003109,LP101,Furnish & Install Shrubs,Pd,,,NOT_PROCESSED,,
region_003110,LP101,Furnish & Install Shrubs,Pd,,,NOT_PROCESSED,,
region_003111,LP101,Furnish & Install Shrubs,Pd,,,NOT_PROCESSED,,
region_003112,LP101,Furnish & Install Shrubs,IV,,,NOT_PROCESSED,,
region_003113,LP101,Furnish & Install Shrubs,IV,,,NOT_PROCESSED,,
region_003114,LP101,Furnish & Install Shrubs,IV,,,NOT_PROCESSED,,
region_003115,LP101,Furnish & Install Shrubs,IV,,,NOT_PROCESSED,,
region_003116,LP101,Furnish & Install Shrubs,IV,,,NOT_PROCESSED,,
region_003117,LP101,Furnish & Install Shrubs,Ps,,,NOT_PROCESSED,,
region_003118,LP101,Furnish & Install Shrubs,Ps,,,NOT_PROCESSED,,
region_003119,LP101,Furnish & Install Shrubs,Ps,,,NOT_PROCESSED,,
region_003120,LP101,Furnish & Install Shrubs,Ps,,,NOT_PROCESSED,,
region_003121,LP101,Furnish & Install Shrubs,Ps,,,NOT_PROCESSED,,
region_003122,LP101,Furnish & Install Shrubs,Ps,,,NOT_PROCESSED,,
region_003123,LP101,Furnish & Install Shrubs,Ps,,,NOT_PROCESSED,,
region_003124,LP101,Furnish & Install Shrubs,Ps,,,NOT_PROCESSED,,
region_003125,LP101,Furnish & Install Shrubs,Ps,,,NOT_PROCESSED,,
region_003126,LP101,Furnish & Install Shrubs,Ps,,,NOT_PROCESSED,,
region_003127,LP101,Furnish & Install Shrubs,Sb,,,NOT_PROCESSED,,
region_003128,LP101,Furnish & Install Shrubs,Sb,,,NOT_PROCESSED,,
region_003129,LP101,Furnish & Install Shrubs,Sb,,,NOT_PROCESSED,,
region_003130,LP101,Furnish & Install Shrubs,Sb,,,NOT_PROCESSED,,
region_003131,LP101,Furnish & Install Shrubs,Sb,,,NOT_PROCESSED,,
region_003132,LP101,Furnish & Install Shrubs,Sb,,,NOT_PROCESSED,,
region_003133,LP101,Furnish & Install Shrubs,Sb,,,NOT_PROCESSED,,
region_003134,LP101,Furnish & Install Shrubs,Vn,,,NOT_PROCESSED,,
region_003135,LP101,Furnish & Install Shrubs,Vn,,,NOT_PROCESSED,,
region_003136,LP101,Furnish & Install Shrubs,Vn,,,NOT_PROCESSED,,
region_003137,LP101,Furnish & Install Shrubs,Vn,,,NOT_PROCESSED,,
region_003138,LP101,Furnish & Install Shrubs,Vn,,,NOT_PROCESSED,,
region_003139,LP101,Furnish & Install Shrubs,Vn,,,NOT_PROCESSED,,
region_003140,LP101,Furnish & Install Shrubs,Vn,,,NOT_PROCESSED,,
region_003141,LP101,Furnish & Install Shrubs,Vn,,,NOT_PROCESSED,,
region_003142,LP101,Furnish & Install Shrubs,Vn,,,NOT_PROCESSED,,
region_003143,LP101,Furnish & Install Shrubs,Vn,,,NOT_PROCESSED,,
region_003144,LP101,Furnish & Install Shrubs,Vn,,,NOT_PROCESSED,,
region_003145,LP101,Furnish & Install Shrubs,Hr,,,NOT_PROCESSED,,
region_003146,LP101,Furnish & Install Shrubs,Hr,,,NOT_PROCESSED,,
region_003147,LP101,Furnish & Install Shrubs,Hr,,,NOT_PROCESSED,,
region_003148,LP101,Furnish & Install Shrubs,Hr,,,NOT_PROCESSED,,
region_003149,LP101,Furnish & Install Shrubs,Hr,,,NOT_PROCESSED,,
region_003150,LP101,Furnish & Install Shrubs,Hr,,,NOT_PROCESSED,,
region_003151,LP101,Furnish & Install Shrubs,Hr,,,NOT_PROCESSED,,
region_003152,LP101,Furnish & Install Shrubs,Hr,,,NOT_PROCESSED,,
region_003153,LP101,Furnish & Install Shrubs,F J F J F J F J F J F J F J F J F J F J,,,NOT_PROCESSED,,
region_003154,LP101,Furnish & Install Shrubs,Sm,,,NOT_PROCESSED,,
region_003155,LP101,Furnish & Install Shrubs,Sm,,,NOT_PROCESSED,,
region_003156,LP101,Furnish & Install Shrubs,Sm,,,NOT_PROCESSED,,
region_003157,LP101,Furnish & Install Shrubs,Sm,,,NOT_PROCESSED,,
region_003158,LP101,Furnish & Install Shrubs,Sm,,,NOT_PROCESSED,,
region_003159,LP101,Furnish & Install Shrubs,Sm,,,NOT_PROCESSED,,
region_003160,LP101,Furnish & Install Shrubs,Sm,,,NOT_PROCESSED,,
region_003161,LP101,Furnish & Install Shrubs,Sm,,,NOT_PROCESSED,,
region_003162,LP101,Furnish & Install Shrubs,Sm,,,NOT_PROCESSED,,
region_003163,LP101,Furnish & Install Shrubs,Sm,,,NOT_PROCESSED,,
region_003164,LP101,Furnish & Install Shrubs,Bc,,,NOT_PROCESSED,,
region_003165,LP101,Furnish & Install Shrubs,Bc,,,NOT_PROCESSED,,
region_003166,LP101,Furnish & Install Shrubs,Bc,,,NOT_PROCESSED,,
region_003167,LP101,Furnish & Install Shrubs,Bc,,,NOT_PROCESSED,,
region_003168,LP101,Furnish & Install Shrubs,St,,,NOT_PROCESSED,,
region_003169,LP101,Furnish & Install Shrubs,St,,,NOT_PROCESSED,,
region_003170,LP101,Furnish & Install Shrubs,Bc,,,NOT_PROCESSED,,
region_003171,LP101,Furnish & Install Shrubs,Bc,,,NOT_PROCESSED,,
region_003172,LP101,Furnish & Install Shrubs,Bc,,,NOT_PROCESSED,,
region_003173,LP101,Furnish & Install Shrubs,Bc,,,NOT_PROCESSED,,
region_003174,LP101,Furnish & Install Shrubs,St,,,NOT_PROCESSED,,
region_003175,LP101,Furnish & Install Shrubs,St,,,NOT_PROCESSED,,
region_003176,LP101,Furnish & Install Shrubs,Bc,,,NOT_PROCESSED,,
region_003177,LP101,Furnish & Install Shrubs,Bc,,,NOT_PROCESSED,,
region_003178,LP101,Furnish & Install Shrubs,Bc,,,NOT_PROCESSED,,
region_003179,LP101,Furnish & Install Shrubs,Bc,,,NOT_PROCESSED,,
region_003180,LP101,Furnish & Install Shrubs,St,,,NOT_PROCESSED,,
region_003181,LP101,Furnish & Install Shrubs,St,,,NOT_PROCESSED,,
region_003182,LP101,Furnish & Install Shrubs,Bc,,,NOT_PROCESSED,,
region_003183,LP101,Furnish & Install Shrubs,Bc,,,NOT_PROCESSED,,
region_003184,LP101,Furnish & Install Shrubs,Bc,,,NOT_PROCESSED,,
region_003185,LP101,Furnish & Install Shrubs,Bc,,,NOT_PROCESSED,,
region_003186,LP101,Furnish & Install Shrubs,St,,,NOT_PROCESSED,,
region_003187,LP101,Furnish & Install Shrubs,St,,,NOT_PROCESSED,,
region_003188,LP101,Furnish & Install Shrubs,Bc,,,NOT_PROCESSED,,
region_003189,LP101,Furnish & Install Shrubs,Bc,,,NOT_PROCESSED,,
region_003190,LP101,Furnish & Install Shrubs,Bc,,,NOT_PROCESSED,,
region_003191,LP101,Furnish & Install Shrubs,St,,,NOT_PROCESSED,,
region_003192,LP101,Furnish & Install Shrubs,St,,,NOT_PROCESSED,,
region_003193,LP101,Furnish & Install Shrubs,St,,,NOT_PROCESSED,,
region_003194,LP101,Furnish & Install Shrubs,St,,,NOT_PROCESSED,,
region_003195,LP101,Furnish & Install Shrubs,St,,,NOT_PROCESSED,,
region_003196,LP101,Furnish & Install Shrubs,F J F J,,,NOT_PROCESSED,,
region_003197,LP101,Furnish & Install Shrubs,St,,,NOT_PROCESSED,,
region_003198,LP101,Furnish & Install Shrubs,St,,,NOT_PROCESSED,,
region_003199,LP101,Furnish & Install Shrubs,F J F J,,,NOT_PROCESSED,,
region_003200,LP101,Furnish & Install Shrubs,St,,,NOT_PROCESSED,,
region_003201,LP101,Furnish & Install Shrubs,St,,,NOT_PROCESSED,,
region_003202,LP101,Furnish & Install Shrubs,F J F J F J,,,NOT_PROCESSED,,
region_003203,LP101,Furnish & Install Shrubs,F J F J,,,NOT_PROCESSED,,
region_003204,LP101,Furnish & Install Shrubs,St,,,NOT_PROCESSED,,
region_003205,LP101,Furnish & Install Shrubs,St,,,NOT_PROCESSED,,
region_003206,LP101,Furnish & Install Shrubs,F J F J,,,NOT_PROCESSED,,
region_003207,LP101,Furnish & Install Shrubs,St,,,NOT_PROCESSED,,
region_003208,LP101,Furnish & Install Shrubs,St,,,NOT_PROCESSED,,
region_003209,LP101,Furnish & Install Shrubs,F J F J,,,NOT_PROCESSED,,
region_003210,LP101,Furnish & Install Shrubs,St,,,NOT_PROCESSED,,
region_003211,LP101,Furnish & Install Shrubs,St,,,NOT_PROCESSED,,
region_003212,LP101,Furnish & Install Shrubs,F J F J,,,NOT_PROCESSED,,
region_003213,LP101,Furnish & Install Shrubs,St,,,NOT_PROCESSED,,
region_003214,LP101,Furnish & Install Shrubs,St,,,NOT_PROCESSED,,
region_003215,LP101,Furnish & Install Shrubs,Hr,,,NOT_PROCESSED,,
region_003216,LP101,Furnish & Install Shrubs,B J B J,,,NOT_PROCESSED,,
region_003217,LP101,Furnish & Install Shrubs,C F J Bc n n n F J F J F J F J Bc C C Bc Bc St St St C C C St,,,NOT_PROCESSED,,
region_003218,LP101,Furnish & Install Shrubs,BERBERIS THUNBERGII 'BAILELLA' / LAMBRUSCO™ JAPANESE BARBERRY Bl,,,NOT_PROCESSED,,
region_003219,LP101,Furnish & Install Shrubs,BERBERIS THUNBERGII 'CRIMSON PYGMY' / CRIMSON PYGMY JAPANESE BARBERRY Bc,,,NOT_PROCESSED,,
region_003220,LP101,Furnish & Install Shrubs,BUXUS MICROPHYLLA 'BULTHOUSE' / SPRINTER® LITTLELEAF BOXWOOD Bs,,,NOT_PROCESSED,,
region_003221,LP101,Furnish & Install Shrubs,BUXUS SEMPERVIRENS 'GRAHAM BLANDY' / GRAHAM BLANDY COMMON BOXWOOD B J,,,NOT_PROCESSED,,
region_003222,LP101,Furnish & Install Shrubs,BUXUS SEMPERVIRENS 'HIGHLANDER' / HIGHLANDER COMMON BOXWOOD Bh,,,NOT_PROCESSED,,
region_003223,LP101,Furnish & Install Shrubs,CORNUS ALBA `BAILHALO` TM / IVORY HALO DOGWOOD IV,,,NOT_PROCESSED,,
region_003224,LP101,Furnish & Install Shrubs,CORNUS SERICEA 'KELSEYI' / KELSEY'S DWARF RED TWIG DOGWOOD Ck,,,NOT_PROCESSED,,
region_003225,LP101,Furnish & Install Shrubs,EUONYMUS ALATUS 'COMPACTUS' / COMPACT BURNING BUSH Ec,,,NOT_PROCESSED,,
region_003226,LP101,Furnish & Install Shrubs,FORSYTHIA X 'GOLD TIDES' / GOLDEN TIDE FORSYTHIA F J,,,NOT_PROCESSED,,
region_003227,LP101,Furnish & Install Shrubs,HYDRANGEA PANICULATA 'HYLV02' / WHITELIGHT® PANICLE HYDRANGEA Hp,,,NOT_PROCESSED,,
region_003228,LP101,Furnish & Install Shrubs,HYDRANGEA PANICULATA 'RENHY' / VANILLA STRAWBERRY™ PANICLE HYDRANGEA Hr,,,NOT_PROCESSED,,
region_003229,LP101,Furnish & Install Shrubs,PHYSOCARPUS OPULIFOLIUS 'NANUS' / DWARF NINEBARK Pn,,,NOT_PROCESSED,,
region_003230,LP101,Furnish & Install Shrubs,PHYSOCARPUS OPULIFOLIUS 'SMNPOTWG' / TINY WINE® GOLD NINEBARK Pd,,,NOT_PROCESSED,,
region_003231,LP101,Furnish & Install Shrubs,PINUS MUGO 'SLOWMOUND' / SLOWMOUND MUGO PINE Ps,,,NOT_PROCESSED,,
region_003232,LP101,Furnish & Install Shrubs,PRUNUS LAUROCERASUS 'JONG2' / GREENFINITY ENGLISH LAUREL Pl,,,NOT_PROCESSED,,
region_003233,LP101,Furnish & Install Shrubs,SPIRAEA BETULIFOLIA 'TOR' / WHITE FROST™ BIRCHLEAF SPIREA St,,,NOT_PROCESSED,,
region_003234,LP101,Furnish & Install Shrubs,SPIRAEA X BUMALDA 'DART'S RED' / DART'S RED SPIREA Sb,,,NOT_PROCESSED,,
region_003235,LP101,Furnish & Install Shrubs,SYRINGA MEYERI 'PALIBIN' / DWARF KOREAN LILAC Sm,,,NOT_PROCESSED,,
region_003236,LP101,Furnish & Install Shrubs,SYRINGA X 'SMNSPH' / BLOOMERANG BALLET® LILAC Sy,,,NOT_PROCESSED,,
region_003237,LP101,Furnish & Install Shrubs,TAXUS CUSPIDATA 'DENSIFORMIS' / DENSE JAPANESE YEW Td,,,NOT_PROCESSED,,
region_003238,LP101,Furnish & Install Shrubs,VIBURNUM OPULUS 'NANUM' / DWARF EUROPEAN CRANBERRYBUSH Vn,,,NOT_PROCESSED,,
region_003239,LP101,Furnish & Install Ground Cover And Perennials,S S S S S S S S S S S S,,,NOT_PROCESSED,,
region_003240,LP101,Furnish & Install Ground Cover And Perennials,S S S S S S S S S S S S S S,,,NOT_PROCESSED,,
region_003241,LP101,Furnish & Install Ground Cover And Perennials,S S S S S S S S S S S S S S S S S S S S S S S S S S S,,,NOT_PROCESSED,,
region_003242,LP101,Furnish & Install Ground Cover And Perennials,S S S S S S S,,,NOT_PROCESSED,,
region_003243,LP101,Furnish & Install Ground Cover And Perennials,S S S S S S S S S S S S S,,,NOT_PROCESSED,,
region_003244,LP101,Furnish & Install Ground Cover And Perennials,S S S S S S S S S S S S S S,,,NOT_PROCESSED,,
region_003245,LP101,Furnish & Install Ground Cover And Perennials,S S S S S S S S S S S S S S S S,,,NOT_PROCESSED,,
region_003246,LP101,Furnish & Install Ground Cover And Perennials,S S S S,,,NOT_PROCESSED,,
region_003247,LP101,Furnish & Install Ground Cover And Perennials,S S S S S S S S S S S S S S S S,,,NOT_PROCESSED,,
region_003248,LP101,Furnish & Install Ground Cover And Perennials,S S S S,,,NOT_PROCESSED,,
region_003249,LP101,Furnish & Install Ground Cover And Perennials,P P P Hp,,,NOT_PROCESSED,,
region_003250,LP101,Furnish & Install Ground Cover And Perennials,S S S S S S S S S S S S S S S S S S S S S S S S S S,,,NOT_PROCESSED,,
region_003251,LP101,Furnish & Install Ground Cover And Perennials,S S S S S S S S,,,NOT_PROCESSED,,
region_003252,LP101,Furnish & Install Ground Cover And Perennials,Ck Ck Ck Ck C Ck Ck Ck Ck Ck C Ck,,,NOT_PROCESSED,,
region_003253,LP101,Furnish & Install Ground Cover And Perennials,S S S S S S S S S S S S S S,,,NOT_PROCESSED,,
region_003254,LP101,Furnish & Install Ground Cover And Perennials,S S S S S S S S S S,,,NOT_PROCESSED,,
region_003255,LP101,Furnish & Install Ground Cover And Perennials,Jm,,,NOT_PROCESSED,,
region_003256,LP101,Furnish & Install Ground Cover And Perennials,Jm,,,NOT_PROCESSED,,
region_003257,LP101,Furnish & Install Ground Cover And Perennials,Jm,,,NOT_PROCESSED,,
region_003258,LP101,Furnish & Install Ground Cover And Perennials,C C C C,,,NOT_PROCESSED,,
region_003259,LP101,Furnish & Install Ground Cover And Perennials,v v v v v r r r r r v,,,NOT_PROCESSED,,
region_003260,LP101,Furnish & Install Ground Cover And Perennials,h h h h h h h h,,,NOT_PROCESSED,,
region_003261,LP101,Furnish & Install Ground Cover And Perennials,h h h h h h h h,,,NOT_PROCESSED,,
region_003262,LP101,Furnish & Install Ground Cover And Perennials,h h h h,,,NOT_PROCESSED,,
region_003263,LP101,Furnish & Install Ground Cover And Perennials,h h h h h h h h h h h h,,,NOT_PROCESSED,,
region_003264,LP101,Furnish & Install Ground Cover And Perennials,b b b b b b b b b b b b b b b b b b b b b b b b b b r,,,NOT_PROCESSED,,
region_003265,LP101,Furnish & Install Ground Cover And Perennials,b b b b b b b b b b b b,,,NOT_PROCESSED,,
region_003266,LP101,Furnish & Install Ground Cover And Perennials,P P P P P P P P P P P P P P P P P P P P P P P P P P P P P PP P,,,NOT_PROCESSED,,
region_003267,LP101,Furnish & Install Ground Cover And Perennials,C F J Bc n n n F J F J F J F J Bc C C Bc Bc St St St C C C St,,,NOT_PROCESSED,,
region_003268,LP101,Furnish & Install Ground Cover And Perennials,JUNIPERUS CHINENSIS PROCUMBENS 'GREEN MOUND' / GREEN MOUND JUNIPER Jm,,,NOT_PROCESSED,,
region_003269,LP101,Furnish & Install Ground Cover And Perennials,CALAMAGROSTIS X ACUTIFLORA `KARL FOERSTER` / FEATHER REED GRASS K,,,NOT_PROCESSED,,
region_003270,LP101,Furnish & Install Ground Cover And Perennials,HELICTOTRICHON SEMPERVIRENS / BLUE OAT GRASS S,,,NOT_PROCESSED,,
region_003271,LP101,Furnish & Install Ground Cover And Perennials,MUHLENBERGIA CAPILLARIS / PINK MUHLY GRASS C,,,NOT_PROCESSED,,
region_003272,LP101,Furnish & Install Ground Cover And Perennials,PENNISETUM ALOPECUROIDES 'HAMELN' / HAMELN FOUNTAIN GRASS P,,,NOT_PROCESSED,,
region_003273,LP101,Furnish & Install Ground Cover And Perennials,HEMEROCALLIS X 'MALJA' / GOLDEN ZEBRA® DAYLILY h,,,NOT_PROCESSED,,
region_003274,LP101,Furnish & Install Ground Cover And Perennials,HEMEROCALLIS X 'ROSY RETURNS' / ROSY RETURNS DAYLILY r,,,NOT_PROCESSED,,
region_003275,LP101,Furnish & Install Ground Cover And Perennials,HEUCHERA X BRIZOIDES 'FIREFLY' / FIREFLY CORAL BELLS I,,,NOT_PROCESSED,,
region_003276,LP101,Furnish & Install Ground Cover And Perennials,HOSTA X 'VULCAN' / VULCAN HOSTA v,,,NOT_PROCESSED,,
region_003277,LP101,Furnish & Install Ground Cover And Perennials,NEPETA X 'WALKER'S LOW' / WALKER'S LOW CATMINT n,,,NOT_PROCESSED,,
region_003278,LP101,Furnish & Install Ground Cover And Perennials,VINCA MINOR 'BOWLES' / BOWLES PERIWINKLE b,,,NOT_PROCESSED,,
region_003279,LP101,Provide Coordination And Clarifications For Landscaping Scope,DECIDUOUS TREES,,,NOT_PROCESSED,,
region_003280,LP101,Provide Coordination And Clarifications For Landscaping Scope,EVERGREEN TREES,,,NOT_PROCESSED,,
region_003281,LP101,Provide Coordination And Clarifications For Landscaping Scope,ORNAMENTAL TREES,,,NOT_PROCESSED,,
region_003282,LP101,Provide Coordination And Clarifications For Landscaping Scope,STREET TREES,,,NOT_PROCESSED,,
region_003283,LP101,Provide Coordination And Clarifications For Landscaping Scope,SHRUBS,,,NOT_PROCESSED,,
region_003284,LP101,Provide Coordination And Clarifications For Landscaping Scope,ORNAMENTAL GRASSES,,,NOT_PROCESSED,,
region_003285,LP101,Provide Coordination And Clarifications For Landscaping Scope,PERENNIALS,,,NOT_PROCESSED,,
region_003286,LP101,Provide Coordination And Clarifications For Landscaping Scope,GROUND COVERS,,,NOT_PROCESSED,,
region_003287,LP101,Furnish & Install Trees,ACER PLATANOIDES 'CRIMSON SENTRY' / CRIMSON SENTRY NORWAY MAPLE,,,NOT_PROCESSED,,
region_003288,LP101,Furnish & Install Trees,CARPINUS BETULUS 'FRANS FONTAINE' / FRANS FONTAINE HORNBEAM,,,NOT_PROCESSED,,
region_003289,LP101,Furnish & Install Trees,QUERCUS ROBUR X ALBA 'JFS-KW2QX' / SKINNY GENES® OAK,,,NOT_PROCESSED,,
region_003290,LP101,Furnish & Install Trees,JUNIPERUS SCOPULORUM 'COLOGREEN' / COLOGREEN JUNIPER,,,NOT_PROCESSED,,
region_003291,LP101,Furnish & Install Trees,PICEA ABIES 'CUPRESSINA' / CUPRESSINA NORWAY SPRUCE,,,NOT_PROCESSED,,
region_003292,LP101,Furnish & Install Trees,PINUS NIGRA 'ARNOLD SENTINEL' / ARNOLD SENTINEL AUSTRIAN PINE,,,NOT_PROCESSED,,
region_003293,LP101,Furnish & Install Trees,CERCIS CANADENSIS 'APPALACHIAN RED' / APPALACHIAN RED EASTERN REDBUD,,,NOT_PROCESSED,,
region_003294,LP101,Furnish & Install Trees,CERCIS CANADENSIS 'MERLOT' / MERLOT EASTERN REDBUD,,,NOT_PROCESSED,,
region_003295,LP101,Furnish & Install Trees,MALUS X 'JFS-KW5' / ROYAL RAINDROPS® CRABAPPLE,,,NOT_PROCESSED,,
region_003296,LP101,Furnish & Install Trees,SYRINGA RETICULATA / JAPANESE TREE LILAC,,,NOT_PROCESSED,,
region_003297,LP101,Furnish & Install Trees,ACER GRANDIDENTATUM X SACCHARUM 'HIPZAM' / HIGHLAND PARK® MAPLE,,,NOT_PROCESSED,,
region_003298,LP101,Furnish & Install Trees,ACER PLATANOIDES 'EMERALD QUEEN' / EMERALD QUEEN NORWAY MAPLE,,,NOT_PROCESSED,,
region_003299,LP101,Furnish & Install Trees,GLEDITSIA TRIACANTHOS INERMIS 'SHADEMASTER' / SHADEMASTER HONEY LOCUST,,,NOT_PROCESSED,,
region_003300,LP101,Furnish & Install Trees,PRUNUS SERRULATA 'KWANZAN' / KWANZAN JAPANESE FLOWERING CHERRY,,,NOT_PROCESSED,,
region_003301,LP101,Furnish & Install Trees,ZELKOVA SERRATA 'SCHMIDTLOW' / WIRELESS® JAPANESE ZELKOVA,,,NOT_PROCESSED,,
region_003302,LP101,Furnish & Install Landscape Bed Preparation,LANDSCAPE BED,,,NOT_PROCESSED,,
region_003303,LP101,Furnish & Install Patch And Repair Of Existing Landscape,PATCH AND REPAIR EXISTING LANDSCAPE,,,NOT_PROCESSED,,
region_003304,LP101,Furnish & Install Kentucky Bluegrass,POA PRATENSIS / KENTUCKY BLUEGRASS,,,NOT_PROCESSED,,
region_003305,EP501,Furnish & Install Panelboards as per Schedules and Diagrams,Branch Panel: 1LA1,,,NOT_PROCESSED,,
region_003306,EP501,Furnish & Install Panelboards as per Schedules and Diagrams,Location: HALL H Volts: 120/208 Single A.I.C. Rating: 10K Supply From: See PSLD Phases: 1 Mains Type: MLO Mounting: Recessed Mains Rating: 100 A Enclosure: Type 1 Wires: 3,,,NOT_PROCESSED,,
region_003307,EP501,Furnish & Install Panelboards as per Schedules and Diagrams,Legend:,,,NOT_PROCESSED,,
region_003308,EP501,Furnish & Install Panelboards as per Schedules and Diagrams,Branch Panel: 1LA2,,,NOT_PROCESSED,,
region_003309,EP501,Furnish & Install Panelboards as per Schedules and Diagrams,Location: HALL H Volts: 120/208 Single A.I.C. Rating: 10K Supply From: See PSLD Phases: 1 Mains Type: MLO Mounting: Recessed Mains Rating: 100 A Enclosure: Type 1 Wires: 3,,,NOT_PROCESSED,,
region_003310,EP501,Furnish & Install Panelboards as per Schedules and Diagrams,Legend:,,,NOT_PROCESSED,,
region_003311,EP501,Furnish & Install Panelboards as per Schedules and Diagrams,Branch Panel: 1LA3,,,NOT_PROCESSED,,
region_003312,EP501,Furnish & Install Panelboards as per Schedules and Diagrams,Location: HALL H Volts: 120/208 Single A.I.C. Rating: 10K Supply From: See PSLD Phases: 1 Mains Type: MLO Mounting: Recessed Mains Rating: 100 A Enclosure: Type 1 Wires: 3,,,NOT_PROCESSED,,
region_003313,EP501,Furnish & Install Panelboards as per Schedules and Diagrams,Legend:,,,NOT_PROCESSED,,
region_003314,EP501,Furnish & Install Panelboards as per Schedules and Diagrams,Branch Panel: 1LA4,,,NOT_PROCESSED,,
region_003315,EP501,Furnish & Install Panelboards as per Schedules and Diagrams,Location: HALL H Volts: 120/208 Single A.I.C. Rating: 10K Supply From: See PSLD Phases: 1 Mains Type: MLO Mounting: Recessed Mains Rating: 100 A Enclosure: Type 1 Wires: 3,,,NOT_PROCESSED,,
region_003316,EP501,Furnish & Install Panelboards as per Schedules and Diagrams,Legend:,,,NOT_PROCESSED,,
region_003317,EP501,Furnish & Install Panelboards as per Schedules and Diagrams,Branch Panel: 1LB1,,,NOT_PROCESSED,,
region_003318,EP501,Furnish & Install Panelboards as per Schedules and Diagrams,Location: HALL H Volts: 120/208 Single A.I.C. Rating: 10K Supply From: See PSLD Phases: 1 Mains Type: MLO Mounting: Recessed Mains Rating: 100 A Enclosure: Type 1 Wires: 3,,,NOT_PROCESSED,,
region_003319,EP501,Furnish & Install Panelboards as per Schedules and Diagrams,Legend:,,,NOT_PROCESSED,,
region_003320,EP501,Furnish & Install Panelboards as per Schedules and Diagrams,Branch Panel: 1LB3,,,NOT_PROCESSED,,
region_003321,EP501,Furnish & Install Panelboards as per Schedules and Diagrams,Location: HALL J Volts: 120/208 Single A.I.C. Rating: 10K Supply From: See PSLD Phases: 1 Mains Type: MLO Mounting: Recessed Mains Rating: 100 A Enclosure: Type 1 Wires: 3,,,NOT_PROCESSED,,
region_003322,EP501,Furnish & Install Panelboards as per Schedules and Diagrams,Legend:,,,NOT_PROCESSED,,
region_003323,EP501,Furnish & Install Panelboards as per Schedules and Diagrams,Branch Panel: 1LC1,,,NOT_PROCESSED,,
region_003324,EP501,Furnish & Install Panelboards as per Schedules and Diagrams,Location: HALL J Volts: 120/208 Single A.I.C. Rating: 10K Supply From: See PSLD Phases: 1 Mains Type: MLO Mounting: Recessed Mains Rating: 100 A Enclosure: Type 1 Wires: 3,,,NOT_PROCESSED,,
region_003325,EP501,Furnish & Install Panelboards as per Schedules and Diagrams,Legend:,,,NOT_PROCESSED,,
region_003326,EP501,Furnish & Install Panelboards as per Schedules and Diagrams,Branch Panel: 1LB2,,,NOT_PROCESSED,,
region_003327,EP501,Furnish & Install Panelboards as per Schedules and Diagrams,Location: HALL H Volts: 120/208 Single A.I.C. Rating: 10K Supply From: See PSLD Phases: 1 Mains Type: MLO Mounting: Recessed Mains Rating: 100 A Enclosure: Type 1 Wires: 3,,,NOT_PROCESSED,,
region_003328,EP501,Furnish & Install Panelboards as per Schedules and Diagrams,Legend:,,,NOT_PROCESSED,,
region_003329,EP501,Furnish & Install Panelboards as per Schedules and Diagrams,Branch Panel: 1LB4,,,NOT_PROCESSED,,
region_003330,EP501,Furnish & Install Panelboards as per Schedules and Diagrams,Location: HALL J Volts: 120/208 Single A.I.C. Rating: 10K Supply From: See PSLD Phases: 1 Mains Type: MLO Mounting: Recessed Mains Rating: 100 A Enclosure: Type 1 Wires: 3,,,NOT_PROCESSED,,
region_003331,EP501,Furnish & Install Panelboards as per Schedules and Diagrams,Legend:,,,NOT_PROCESSED,,
region_003332,EP501,Furnish & Install Gfci Rated Circuit Breakers,"Notes: * PROVIDE GFCI RATED CIRCUIT BREAKER, SIZED AS INDICATED.",,,NOT_PROCESSED,,
region_003333,EP501,Furnish & Install Gfci Rated Circuit Breakers,"Notes: * PROVIDE GFCI RATED CIRCUIT BREAKER, SIZED AS INDICATED.",,,NOT_PROCESSED,,
region_003334,EP501,Furnish & Install Gfci Rated Circuit Breakers,"Notes: *PROVIDE GFCI RATED CIRCUIT BREAKER, SIZED AS INDICATED.",,,NOT_PROCESSED,,
region_003335,EP501,Furnish & Install Gfci Rated Circuit Breakers,"Notes: * PROVIDE GFCI RATED CIRCUIT BREAKER, SIZED AS INDICATED.",,,NOT_PROCESSED,,
region_003336,EP501,Furnish & Install Gfci Rated Circuit Breakers,"Notes: * PROVIDE GFCI RATED CIRCUIT BREAKER, SIZED AS INDICATED.",,,NOT_PROCESSED,,
region_003337,EP501,Furnish & Install Gfci Rated Circuit Breakers,"Notes: * PROVIDE A GFCI RATED CIRCUIT BREAKER, SIZED AS INDICATED.",,,NOT_PROCESSED,,
region_003338,EP501,Furnish & Install Gfci Rated Circuit Breakers,"Notes: * PROVIDE GFCI RATED CIRCUIT BREAKER, SIZED AS INDICATED.",,,NOT_PROCESSED,,
region_003339,EP501,Furnish & Install Gfci Rated Circuit Breakers,"Notes: * PROVIDE A GFCI RATED CIRCUIT BREAKER, SIZED AS INDICATED.",,,NOT_PROCESSED,,
region_003340,EP501,Furnish & Install Gfci Rated Circuit Breakers,"Notes: * PROVIDE A GFCI RATED CIRCUIT BREAKER, SIZED AS INDICATED.",,,NOT_PROCESSED,,
region_003341,EP501,Refer to the Electrical schedules,Branch Panel: 1LA1,,,NOT_PROCESSED,,
