row_index,sheet_number,scope,bid_item,text,text_frequency
209,A-005,Thermal Protection,Furnish & Install Wall Partition Assemblies As Per Wall Type Schedules And Tags,A1,16
210,A-005,Thermal Protection,Furnish & Install Wall Partition Assemblies As Per Wall Type Schedules And Tags,A1,16
211,A-005,Thermal Protection,Furnish & Install Wall Partition Assemblies As Per Wall Type Schedules And Tags,A4,16
212,A-005,Thermal Protection,Furnish & Install Wall Partition Assemblies As Per Wall Type Schedules And Tags,A4,16
213,A-005,Thermal Protection,Furnish & Install Wall Partition Assemblies As Per Wall Type Schedules And Tags,AX,16
214,A-005,Thermal Protection,Furnish & Install Wall Partition Assemblies As Per Wall Type Schedules And Tags,AX,16
215,A-005,Thermal Protection,Furnish & Install Wall Partition Assemblies As Per Wall Type Schedules And Tags,AV,16
216,A-005,Thermal Protection,Furnish & Install Wall Partition Assemblies As Per Wall Type Schedules And Tags,AV,16
217,A-005,Thermal Protection,Furnish & Install Wall Partition Assemblies As Per Wall Type Schedules And Tags,AZ,16
218,A-005,Thermal Protection,Furnish & Install Wall Partition Assemblies As Per Wall Type Schedules And Tags,AZ,16
219,A-005,Thermal Protection,Furnish & Install Wall Partition Assemblies As Per Wall Type Schedules And Tags,A2,16
220,A-005,Thermal Protection,Furnish & Install Wall Partition Assemblies As Per Wall Type Schedules And Tags,A2,16
221,A-005,Thermal Protection,Furnish & Install Wall Partition Assemblies As Per Wall Type Schedules And Tags,A3,16
222,A-005,Thermal Protection,Furnish & Install Wall Partition Assemblies As Per Wall Type Schedules And Tags,A3,16
223,A-005,Thermal Protection,Furnish & Install Wall Partition Assemblies As Per Wall Type Schedules And Tags,A1,16
224,A-005,Thermal Protection,Furnish & Install Wall Partition Assemblies As Per Wall Type Schedules And Tags,A1,16
225,A-005,Thermal Protection,Furnish & Install Wall Partition Assemblies As Per Wall Type Schedules And Tags,A4,16
226,A-005,Thermal Protection,Furnish & Install Wall Partition Assemblies As Per Wall Type Schedules And Tags,A4,16
227,A-005,Thermal Protection,Furnish & Install Wall Partition Assemblies As Per Wall Type Schedules And Tags,AX,16
228,A-005,Thermal Protection,Furnish & Install Wall Partition Assemblies As Per Wall Type Schedules And Tags,AX,16
229,A-005,Thermal Protection,Furnish & Install Wall Partition Assemblies As Per Wall Type Schedules And Tags,AV,16
230,A-005,Thermal Protection,Furnish & Install Wall Partition Assemblies As Per Wall Type Schedules And Tags,AV,16
231,A-005,Thermal Protection,Furnish & Install Wall Partition Assemblies As Per Wall Type Schedules And Tags,AZ,16
232,A-005,Thermal Protection,Furnish & Install Wall Partition Assemblies As Per Wall Type Schedules And Tags,AZ,16
233,A-005,Thermal Protection,Furnish & Install Wall Partition Assemblies As Per Wall Type Schedules And Tags,A2,16
234,A-005,Thermal Protection,Furnish & Install Wall Partition Assemblies As Per Wall Type Schedules And Tags,A2,16
235,A-005,Thermal Protection,Furnish & Install Wall Partition Assemblies As Per Wall Type Schedules And Tags,A3,16
236,A-005,Thermal Protection,Furnish & Install Wall Partition Assemblies As Per Wall Type Schedules And Tags,A3,16
237,A-005,Thermal Protection,Furnish & Install Wall Partition Assemblies As Per Wall Type Schedules And Tags,A1,16
238,A-005,Thermal Protection,Furnish & Install Wall Partition Assemblies As Per Wall Type Schedules And Tags,A1,16
239,A-005,Thermal Protection,Furnish & Install Wall Partition Assemblies As Per Wall Type Schedules And Tags,A4,16
240,A-005,Thermal Protection,Furnish & Install Wall Partition Assemblies As Per Wall Type Schedules And Tags,A4,16
241,A-005,Thermal Protection,Furnish & Install Wall Partition Assemblies As Per Wall Type Schedules And Tags,AX,16
242,A-005,Thermal Protection,Furnish & Install Wall Partition Assemblies As Per Wall Type Schedules And Tags,AX,16
243,A-005,Thermal Protection,Furnish & Install Wall Partition Assemblies As Per Wall Type Schedules And Tags,AV,16
244,A-005,Thermal Protection,Furnish & Install Wall Partition Assemblies As Per Wall Type Schedules And Tags,AV,16
245,A-005,Thermal Protection,Furnish & Install Wall Partition Assemblies As Per Wall Type Schedules And Tags,AZ,16
246,A-005,Thermal Protection,Furnish & Install Wall Partition Assemblies As Per Wall Type Schedules And Tags,AZ,16
247,A-005,Thermal Protection,Furnish & Install Wall Partition Assemblies As Per Wall Type Schedules And Tags,A2,16
248,A-005,Thermal Protection,Furnish & Install Wall Partition Assemblies As Per Wall Type Schedules And Tags,A2,16
249,A-005,Thermal Protection,Furnish & Install Wall Partition Assemblies As Per Wall Type Schedules And Tags,A3,16
250,A-005,Thermal Protection,Furnish & Install Wall Partition Assemblies As Per Wall Type Schedules And Tags,A3,16
251,A-005,Thermal Protection,Furnish & Install Wall Partition Assemblies As Per Wall Type Schedules And Tags,A1,16
252,A-005,Thermal Protection,Furnish & Install Wall Partition Assemblies As Per Wall Type Schedules And Tags,A1,16
253,A-005,Thermal Protection,Furnish & Install Wall Partition Assemblies As Per Wall Type Schedules And Tags,A4,16
254,A-005,Thermal Protection,Furnish & Install Wall Partition Assemblies As Per Wall Type Schedules And Tags,A4,16
255,A-005,Thermal Protection,Furnish & Install Wall Partition Assemblies As Per Wall Type Schedules And Tags,AX,16
256,A-005,Thermal Protection,Furnish & Install Wall Partition Assemblies As Per Wall Type Schedules And Tags,AX,16
257,A-005,Thermal Protection,Furnish & Install Wall Partition Assemblies As Per Wall Type Schedules And Tags,AV,16
258,A-005,Thermal Protection,Furnish & Install Wall Partition Assemblies As Per Wall Type Schedules And Tags,AV,16
259,A-005,Thermal Protection,Furnish & Install Wall Partition Assemblies As Per Wall Type Schedules And Tags,AZ,16
260,A-005,Thermal Protection,Furnish & Install Wall Partition Assemblies As Per Wall Type Schedules And Tags,AZ,16
261,A-005,Thermal Protection,Furnish & Install Wall Partition Assemblies As Per Wall Type Schedules And Tags,A2,16
262,A-005,Thermal Protection,Furnish & Install Wall Partition Assemblies As Per Wall Type Schedules And Tags,A2,16
263,A-005,Thermal Protection,Furnish & Install Wall Partition Assemblies As Per Wall Type Schedules And Tags,A3,16
264,A-005,Thermal Protection,Furnish & Install Wall Partition Assemblies As Per Wall Type Schedules And Tags,A3,16
265,A-005,Thermal Protection,Furnish & Install Wall Partition Assemblies As Per Wall Type Schedules And Tags,A1,16
266,A-005,Thermal Protection,Furnish & Install Wall Partition Assemblies As Per Wall Type Schedules And Tags,A1,16
267,A-005,Thermal Protection,Furnish & Install Wall Partition Assemblies As Per Wall Type Schedules And Tags,A4,16
268,A-005,Thermal Protection,Furnish & Install Wall Partition Assemblies As Per Wall Type Schedules And Tags,A4,16
269,A-005,Thermal Protection,Furnish & Install Wall Partition Assemblies As Per Wall Type Schedules And Tags,AX,16
270,A-005,Thermal Protection,Furnish & Install Wall Partition Assemblies As Per Wall Type Schedules And Tags,AX,16
271,A-005,Thermal Protection,Furnish & Install Wall Partition Assemblies As Per Wall Type Schedules And Tags,AV,16
272,A-005,Thermal Protection,Furnish & Install Wall Partition Assemblies As Per Wall Type Schedules And Tags,AV,16
273,A-005,Thermal Protection,Furnish & Install Wall Partition Assemblies As Per Wall Type Schedules And Tags,AZ,16
274,A-005,Thermal Protection,Furnish & Install Wall Partition Assemblies As Per Wall Type Schedules And Tags,AZ,16
275,A-005,Thermal Protection,Furnish & Install Wall Partition Assemblies As Per Wall Type Schedules And Tags,A2,16
276,A-005,Thermal Protection,Furnish & Install Wall Partition Assemblies As Per Wall Type Schedules And Tags,A2,16
277,A-005,Thermal Protection,Furnish & Install Wall Partition Assemblies As Per Wall Type Schedules And Tags,A3,16
278,A-005,Thermal Protection,Furnish & Install Wall Partition Assemblies As Per Wall Type Schedules And Tags,A3,16
279,A-005,Thermal Protection,Furnish & Install Wall Partition Assemblies As Per Wall Type Schedules And Tags,A1,16
280,A-005,Thermal Protection,Furnish & Install Wall Partition Assemblies As Per Wall Type Schedules And Tags,A1,16
281,A-005,Thermal Protection,Furnish & Install Wall Partition Assemblies As Per Wall Type Schedules And Tags,A4,16
282,A-005,Thermal Protection,Furnish & Install Wall Partition Assemblies As Per Wall Type Schedules And Tags,A4,16
283,A-005,Thermal Protection,Furnish & Install Wall Partition Assemblies As Per Wall Type Schedules And Tags,AX,16
284,A-005,Thermal Protection,Furnish & Install Wall Partition Assemblies As Per Wall Type Schedules And Tags,AX,16
285,A-005,Thermal Protection,Furnish & Install Wall Partition Assemblies As Per Wall Type Schedules And Tags,AV,16
286,A-005,Thermal Protection,Furnish & Install Wall Partition Assemblies As Per Wall Type Schedules And Tags,AV,16
287,A-005,Thermal Protection,Furnish & Install Wall Partition Assemblies As Per Wall Type Schedules And Tags,AZ,16
288,A-005,Thermal Protection,Furnish & Install Wall Partition Assemblies As Per Wall Type Schedules And Tags,AZ,16
289,A-005,Thermal Protection,Furnish & Install Wall Partition Assemblies As Per Wall Type Schedules And Tags,A2,16
290,A-005,Thermal Protection,Furnish & Install Wall Partition Assemblies As Per Wall Type Schedules And Tags,A2,16
291,A-005,Thermal Protection,Furnish & Install Wall Partition Assemblies As Per Wall Type Schedules And Tags,A3,16
292,A-005,Thermal Protection,Furnish & Install Wall Partition Assemblies As Per Wall Type Schedules And Tags,A3,16
293,A-005,Thermal Protection,Furnish & Install Wall Partition Assemblies As Per Wall Type Schedules And Tags,A1,16
294,A-005,Thermal Protection,Furnish & Install Wall Partition Assemblies As Per Wall Type Schedules And Tags,A1,16
295,A-005,Thermal Protection,Furnish & Install Wall Partition Assemblies As Per Wall Type Schedules And Tags,A4,16
296,A-005,Thermal Protection,Furnish & Install Wall Partition Assemblies As Per Wall Type Schedules And Tags,A4,16
297,A-005,Thermal Protection,Furnish & Install Wall Partition Assemblies As Per Wall Type Schedules And Tags,AX,16
298,A-005,Thermal Protection,Furnish & Install Wall Partition Assemblies As Per Wall Type Schedules And Tags,AX,16
299,A-005,Thermal Protection,Furnish & Install Wall Partition Assemblies As Per Wall Type Schedules And Tags,AV,16
300,A-005,Thermal Protection,Furnish & Install Wall Partition Assemblies As Per Wall Type Schedules And Tags,AV,16
301,A-005,Thermal Protection,Furnish & Install Wall Partition Assemblies As Per Wall Type Schedules And Tags,AZ,16
302,A-005,Thermal Protection,Furnish & Install Wall Partition Assemblies As Per Wall Type Schedules And Tags,AZ,16
303,A-005,Thermal Protection,Furnish & Install Wall Partition Assemblies As Per Wall Type Schedules And Tags,A2,16
304,A-005,Thermal Protection,Furnish & Install Wall Partition Assemblies As Per Wall Type Schedules And Tags,A2,16
305,A-005,Thermal Protection,Furnish & Install Wall Partition Assemblies As Per Wall Type Schedules And Tags,A3,16
306,A-005,Thermal Protection,Furnish & Install Wall Partition Assemblies As Per Wall Type Schedules And Tags,A3,16
307,A-005,Thermal Protection,Furnish & Install Wall Partition Assemblies As Per Wall Type Schedules And Tags,A1,16
308,A-005,Thermal Protection,Furnish & Install Wall Partition Assemblies As Per Wall Type Schedules And Tags,A1,16
309,A-005,Thermal Protection,Furnish & Install Wall Partition Assemblies As Per Wall Type Schedules And Tags,A4,16
310,A-005,Thermal Protection,Furnish & Install Wall Partition Assemblies As Per Wall Type Schedules And Tags,A4,16
311,A-005,Thermal Protection,Furnish & Install Wall Partition Assemblies As Per Wall Type Schedules And Tags,AX,16
312,A-005,Thermal Protection,Furnish & Install Wall Partition Assemblies As Per Wall Type Schedules And Tags,AX,16
313,A-005,Thermal Protection,Furnish & Install Wall Partition Assemblies As Per Wall Type Schedules And Tags,AV,16
314,A-005,Thermal Protection,Furnish & Install Wall Partition Assemblies As Per Wall Type Schedules And Tags,AV,16
315,A-005,Thermal Protection,Furnish & Install Wall Partition Assemblies As Per Wall Type Schedules And Tags,AZ,16
316,A-005,Thermal Protection,Furnish & Install Wall Partition Assemblies As Per Wall Type Schedules And Tags,AZ,16
317,A-005,Thermal Protection,Furnish & Install Wall Partition Assemblies As Per Wall Type Schedules And Tags,A2,16
318,A-005,Thermal Protection,Furnish & Install Wall Partition Assemblies As Per Wall Type Schedules And Tags,A2,16
319,A-005,Thermal Protection,Furnish & Install Wall Partition Assemblies As Per Wall Type Schedules And Tags,A3,16
320,A-005,Thermal Protection,Furnish & Install Wall Partition Assemblies As Per Wall Type Schedules And Tags,A3,16
322,A-005,Flooring,Furnish & Install Unspecified Floor Finish From Schedule,F1,16
323,A-005,Flooring,Furnish & Install Unspecified Floor Finish From Schedule,F1,16
324,A-005,Flooring,Furnish & Install Unspecified Floor Finish From Schedule,F3,16
325,A-005,Flooring,Furnish & Install Unspecified Floor Finish From Schedule,F3,16
326,A-005,Flooring,Furnish & Install Unspecified Floor Finish From Schedule,FZ,16
327,A-005,Flooring,Furnish & Install Unspecified Floor Finish From Schedule,FZ,16
328,A-005,Flooring,Furnish & Install Unspecified Floor Finish From Schedule,FX,16
329,A-005,Flooring,Furnish & Install Unspecified Floor Finish From Schedule,FX,16
330,A-005,Flooring,Furnish & Install Unspecified Floor Finish From Schedule,FV,16
331,A-005,Flooring,Furnish & Install Unspecified Floor Finish From Schedule,FV,16
332,A-005,Flooring,Furnish & Install Unspecified Floor Finish From Schedule,F2,16
333,A-005,Flooring,Furnish & Install Unspecified Floor Finish From Schedule,F2,16
334,A-005,Flooring,Furnish & Install Unspecified Floor Finish From Schedule,F1,16
335,A-005,Flooring,Furnish & Install Unspecified Floor Finish From Schedule,F1,16
336,A-005,Flooring,Furnish & Install Unspecified Floor Finish From Schedule,F3,16
337,A-005,Flooring,Furnish & Install Unspecified Floor Finish From Schedule,F3,16
338,A-005,Flooring,Furnish & Install Unspecified Floor Finish From Schedule,FZ,16
339,A-005,Flooring,Furnish & Install Unspecified Floor Finish From Schedule,FZ,16
340,A-005,Flooring,Furnish & Install Unspecified Floor Finish From Schedule,FX,16
341,A-005,Flooring,Furnish & Install Unspecified Floor Finish From Schedule,FX,16
342,A-005,Flooring,Furnish & Install Unspecified Floor Finish From Schedule,FV,16
343,A-005,Flooring,Furnish & Install Unspecified Floor Finish From Schedule,FV,16
344,A-005,Flooring,Furnish & Install Unspecified Floor Finish From Schedule,F2,16
345,A-005,Flooring,Furnish & Install Unspecified Floor Finish From Schedule,F2,16
346,A-005,Flooring,Furnish & Install Unspecified Floor Finish From Schedule,F1,16
347,A-005,Flooring,Furnish & Install Unspecified Floor Finish From Schedule,F1,16
348,A-005,Flooring,Furnish & Install Unspecified Floor Finish From Schedule,F3,16
349,A-005,Flooring,Furnish & Install Unspecified Floor Finish From Schedule,F3,16
350,A-005,Flooring,Furnish & Install Unspecified Floor Finish From Schedule,FZ,16
351,A-005,Flooring,Furnish & Install Unspecified Floor Finish From Schedule,FZ,16
352,A-005,Flooring,Furnish & Install Unspecified Floor Finish From Schedule,FX,16
353,A-005,Flooring,Furnish & Install Unspecified Floor Finish From Schedule,FX,16
354,A-005,Flooring,Furnish & Install Unspecified Floor Finish From Schedule,FV,16
355,A-005,Flooring,Furnish & Install Unspecified Floor Finish From Schedule,FV,16
356,A-005,Flooring,Furnish & Install Unspecified Floor Finish From Schedule,F2,16
357,A-005,Flooring,Furnish & Install Unspecified Floor Finish From Schedule,F2,16
358,A-005,Flooring,Furnish & Install Unspecified Floor Finish From Schedule,F1,16
359,A-005,Flooring,Furnish & Install Unspecified Floor Finish From Schedule,F1,16
360,A-005,Flooring,Furnish & Install Unspecified Floor Finish From Schedule,F3,16
361,A-005,Flooring,Furnish & Install Unspecified Floor Finish From Schedule,F3,16
362,A-005,Flooring,Furnish & Install Unspecified Floor Finish From Schedule,FZ,16
363,A-005,Flooring,Furnish & Install Unspecified Floor Finish From Schedule,FZ,16
364,A-005,Flooring,Furnish & Install Unspecified Floor Finish From Schedule,FX,16
365,A-005,Flooring,Furnish & Install Unspecified Floor Finish From Schedule,FX,16
366,A-005,Flooring,Furnish & Install Unspecified Floor Finish From Schedule,FV,16
367,A-005,Flooring,Furnish & Install Unspecified Floor Finish From Schedule,FV,16
368,A-005,Flooring,Furnish & Install Unspecified Floor Finish From Schedule,F2,16
369,A-005,Flooring,Furnish & Install Unspecified Floor Finish From Schedule,F2,16
370,A-005,Flooring,Furnish & Install Unspecified Floor Finish From Schedule,F1,16
371,A-005,Flooring,Furnish & Install Unspecified Floor Finish From Schedule,F1,16
372,A-005,Flooring,Furnish & Install Unspecified Floor Finish From Schedule,F3,16
373,A-005,Flooring,Furnish & Install Unspecified Floor Finish From Schedule,F3,16
374,A-005,Flooring,Furnish & Install Unspecified Floor Finish From Schedule,FZ,16
375,A-005,Flooring,Furnish & Install Unspecified Floor Finish From Schedule,FZ,16
376,A-005,Flooring,Furnish & Install Unspecified Floor Finish From Schedule,FX,16
377,A-005,Flooring,Furnish & Install Unspecified Floor Finish From Schedule,FX,16
378,A-005,Flooring,Furnish & Install Unspecified Floor Finish From Schedule,FV,16
379,A-005,Flooring,Furnish & Install Unspecified Floor Finish From Schedule,FV,16
380,A-005,Flooring,Furnish & Install Unspecified Floor Finish From Schedule,F2,16
381,A-005,Flooring,Furnish & Install Unspecified Floor Finish From Schedule,F2,16
382,A-005,Flooring,Furnish & Install Unspecified Floor Finish From Schedule,F1,16
383,A-005,Flooring,Furnish & Install Unspecified Floor Finish From Schedule,F1,16
384,A-005,Flooring,Furnish & Install Unspecified Floor Finish From Schedule,F3,16
385,A-005,Flooring,Furnish & Install Unspecified Floor Finish From Schedule,F3,16
386,A-005,Flooring,Furnish & Install Unspecified Floor Finish From Schedule,FZ,16
387,A-005,Flooring,Furnish & Install Unspecified Floor Finish From Schedule,FZ,16
388,A-005,Flooring,Furnish & Install Unspecified Floor Finish From Schedule,FX,16
389,A-005,Flooring,Furnish & Install Unspecified Floor Finish From Schedule,FX,16
390,A-005,Flooring,Furnish & Install Unspecified Floor Finish From Schedule,FV,16
391,A-005,Flooring,Furnish & Install Unspecified Floor Finish From Schedule,FV,16
392,A-005,Flooring,Furnish & Install Unspecified Floor Finish From Schedule,F2,16
393,A-005,Flooring,Furnish & Install Unspecified Floor Finish From Schedule,F2,16
394,A-005,Flooring,Furnish & Install Unspecified Floor Finish From Schedule,F1,16
395,A-005,Flooring,Furnish & Install Unspecified Floor Finish From Schedule,F1,16
396,A-005,Flooring,Furnish & Install Unspecified Floor Finish From Schedule,F3,16
397,A-005,Flooring,Furnish & Install Unspecified Floor Finish From Schedule,F3,16
398,A-005,Flooring,Furnish & Install Unspecified Floor Finish From Schedule,FZ,16
399,A-005,Flooring,Furnish & Install Unspecified Floor Finish From Schedule,FZ,16
400,A-005,Flooring,Furnish & Install Unspecified Floor Finish From Schedule,FX,16
401,A-005,Flooring,Furnish & Install Unspecified Floor Finish From Schedule,FX,16
402,A-005,Flooring,Furnish & Install Unspecified Floor Finish From Schedule,FV,16
403,A-005,Flooring,Furnish & Install Unspecified Floor Finish From Schedule,FV,16
404,A-005,Flooring,Furnish & Install Unspecified Floor Finish From Schedule,F2,16
405,A-005,Flooring,Furnish & Install Unspecified Floor Finish From Schedule,F2,16
406,A-005,Flooring,Furnish & Install Unspecified Floor Finish From Schedule,F1,16
407,A-005,Flooring,Furnish & Install Unspecified Floor Finish From Schedule,F1,16
408,A-005,Flooring,Furnish & Install Unspecified Floor Finish From Schedule,F3,16
409,A-005,Flooring,Furnish & Install Unspecified Floor Finish From Schedule,F3,16
410,A-005,Flooring,Furnish & Install Unspecified Floor Finish From Schedule,FZ,16
411,A-005,Flooring,Furnish & Install Unspecified Floor Finish From Schedule,FZ,16
412,A-005,Flooring,Furnish & Install Unspecified Floor Finish From Schedule,FX,16
413,A-005,Flooring,Furnish & Install Unspecified Floor Finish From Schedule,FX,16
414,A-005,Flooring,Furnish & Install Unspecified Floor Finish From Schedule,FV,16
415,A-005,Flooring,Furnish & Install Unspecified Floor Finish From Schedule,FV,16
416,A-005,Flooring,Furnish & Install Unspecified Floor Finish From Schedule,F2,16
417,A-005,Flooring,Furnish & Install Unspecified Floor Finish From Schedule,F2,16
550,A-101CD,Drywall,Furnish & Install Wall Framing Layout And Coordination,F.O.S.,20
551,A-101CD,Drywall,Furnish & Install Wall Framing Layout And Coordination,F.O.S.,20
552,A-101CD,Drywall,Furnish & Install Wall Framing Layout And Coordination,F.O.S.,20
553,A-101CD,Drywall,Furnish & Install Wall Framing Layout And Coordination,F.O.S.,20
554,A-101CD,Drywall,Furnish & Install Wall Framing Layout And Coordination,F.O.S.,20
555,A-101CD,Drywall,Furnish & Install Wall Framing Layout And Coordination,F.O.S.,20
556,A-101CD,Drywall,Furnish & Install Wall Framing Layout And Coordination,F.O.S.,20
557,A-101CD,Drywall,Furnish & Install Wall Framing Layout And Coordination,F.O.S.,20
558,A-101CD,Drywall,Furnish & Install Wall Framing Layout And Coordination,F.O.S.,20
559,A-101CD,Drywall,Furnish & Install Wall Framing Layout And Coordination,F.O.S.,20
560,A-101CD,Drywall,Furnish & Install Wall Framing Layout And Coordination,F.O.S.,20
561,A-101CD,Drywall,Furnish & Install Wall Framing Layout And Coordination,F.O.S.,20
562,A-101CD,Drywall,Furnish & Install Wall Framing Layout And Coordination,F.O.S.,20
563,A-101CD,Drywall,Furnish & Install Wall Framing Layout And Coordination,F.O.S.,20
564,A-101CD,Drywall,Furnish & Install Wall Framing Layout And Coordination,F.O.S.,20
565,A-101CD,Drywall,Furnish & Install Wall Framing Layout And Coordination,F.O.S.,20
566,A-101CD,Drywall,Furnish & Install Wall Framing Layout And Coordination,F.O.S.,20
567,A-101CD,Drywall,Furnish & Install Wall Framing Layout And Coordination,F.O.S.,20
568,A-101CD,Drywall,Furnish & Install Wall Framing Layout And Coordination,F.O.S.,20
569,A-101CD,Drywall,Furnish & Install Wall Framing Layout And Coordination,F.O.S.,20
638,A-203,Masonry,Furnish & Install Brick Veneer System,BR1,17
639,A-203,Masonry,Furnish & Install Brick Veneer System,BR1,17
640,A-203,Masonry,Furnish & Install Brick Veneer System,BR1,17
641,A-203,Masonry,Furnish & Install Brick Veneer System,BR1,17
642,A-203,Masonry,Furnish & Install Brick Veneer System,BR1,17
643,A-203,Masonry,Furnish & Install Brick Veneer System,BR1,17
644,A-203,Masonry,Furnish & Install Brick Veneer System,BR1,17
645,A-203,Masonry,Furnish & Install Brick Veneer System,BR1,17
646,A-203,Masonry,Furnish & Install Brick Veneer System,BR1,17
651,A-203,Roofing and Siding Panels,Furnish & Install Fiber Cement Siding,FB1,18
652,A-203,Roofing and Siding Panels,Furnish & Install Fiber Cement Siding,FB1,18
653,A-203,Roofing and Siding Panels,Furnish & Install Fiber Cement Siding,FB1,18
654,A-203,Roofing and Siding Panels,Furnish & Install Fiber Cement Siding,FB1,18
655,A-203,Roofing and Siding Panels,Furnish & Install Fiber Cement Siding,FB1,18
656,A-203,Roofing and Siding Panels,Furnish & Install Fiber Cement Siding,FB1,18
657,A-203,Roofing and Siding Panels,Furnish & Install Fiber Cement Siding,FB1,18
658,A-203,Roofing and Siding Panels,Furnish & Install Fiber Cement Siding,FB1,18
659,A-203,Roofing and Siding Panels,Furnish & Install Fiber Cement Siding,FB1,18
660,A-203,Roofing and Siding Panels,Furnish & Install Fiber Cement Siding,FB1,18
661,A-203,Roofing and Siding Panels,Furnish & Install Fiber Cement Siding,FB1,18
662,A-203,Roofing and Siding Panels,Furnish & Install Fiber Cement Siding,FB1,18
700,A-351,Masonry,Furnish & Install Brick Veneer System,BR1,17
701,A-351,Masonry,Furnish & Install Brick Veneer System,BR1,17
704,A-351,Masonry,Furnish & Install Brick Veneer System,BR1,17
705,A-351,Masonry,Furnish & Install Brick Veneer System,FB1,18
706,A-351,Masonry,Furnish & Install Brick Veneer System,FB1,18
707,A-351,Masonry,Furnish & Install Brick Veneer System,FB1,18
708,A-351,Masonry,Furnish & Install Brick Veneer System,FB1,18
709,A-351,Masonry,Furnish & Install Brick Veneer System,BR1,17
710,A-351,Masonry,Furnish & Install Brick Veneer System,FB1,18
711,A-351,Masonry,Furnish & Install Brick Veneer System,FB1,18
993,A-425,Window Treatments,Furnish & Install Window Shades,SHADE,26
994,A-425,Window Treatments,Furnish & Install Window Shades,SHADE,26
995,A-425,Window Treatments,Furnish & Install Window Shades,SHADE,26
996,A-425,Window Treatments,Furnish & Install Window Shades,SHADE,26
997,A-425,Window Treatments,Furnish & Install Window Shades,SHADE,26
998,A-425,Window Treatments,Furnish & Install Window Shades,SHADE,26
999,A-425,Window Treatments,Furnish & Install Window Shades,SHADE,26
1001,A-425,Window Treatments,Furnish & Install Window Shades,SHADE,26
1002,A-425,Window Treatments,Furnish & Install Window Shades,SHADE,26
1003,A-425,Window Treatments,Furnish & Install Window Shades,SHADE,26
1004,A-425,Window Treatments,Furnish & Install Window Shades,SHADE,26
1005,A-425,Window Treatments,Furnish & Install Window Shades,SHADE,26
1006,A-425,Window Treatments,Furnish & Install Window Shades,SHADE,26
1007,A-425,Window Treatments,Furnish & Install Window Shades,SHADE,26
1008,A-425,Window Treatments,Furnish & Install Window Shades,SHADE,26
1009,A-425,Window Treatments,Furnish & Install Window Shades,SHADE,26
1010,A-425,Window Treatments,Furnish & Install Window Shades,SHADE,26
1011,A-425,Window Treatments,Furnish & Install Window Shades,SHADE,26
1012,A-425,Window Treatments,Furnish & Install Window Shades,SHADE,26
1013,A-425,Window Treatments,Furnish & Install Window Shades,SHADE,26
1014,A-425,Window Treatments,Furnish & Install Window Shades,SHADE,26
1015,A-425,Window Treatments,Furnish & Install Window Shades,SHADE,26
1016,A-425,Window Treatments,Furnish & Install Window Shades,SHADE,26
1017,A-425,Window Treatments,Furnish & Install Window Shades,SHADE,26
1018,A-425,Window Treatments,Furnish & Install Window Shades,SHADE,26
1019,A-425,Window Treatments,Furnish & Install Window Shades,SHADE,26
1107,A-425,Site Improvements,Furnish & Install — Bike Racks,BR1,17
1108,A-425,Site Improvements,Furnish & Install — Bike Racks,BR1,17
1110,A-425,Site Improvements,Furnish & Install — Bike Racks,BR1,17
1111,A-425,Site Improvements,Furnish & Install — Bike Racks,BR1,17
1280,CU300,Utilities,Furnish & Install General Storm Drain Pipe and Connections,> 8''SD,153
1281,CU300,Utilities,Furnish & Install General Storm Drain Pipe and Connections,> 8''SD,153
1282,CU300,Utilities,Furnish & Install General Storm Drain Pipe and Connections,> 8''SD,153
1305,CU300,Utilities,Furnish & Install 8-Inch Storm Drain Pipe,> 8''SD,153
1306,CU300,Utilities,Furnish & Install 8-Inch Storm Drain Pipe,> 8''SD,153
1307,CU300,Utilities,Furnish & Install 8-Inch Storm Drain Pipe,> 8''SD,153
1308,CU300,Utilities,Furnish & Install 8-Inch Storm Drain Pipe,> 8''SD,153
1309,CU300,Utilities,Furnish & Install 8-Inch Storm Drain Pipe,> 8''SD,153
1310,CU300,Utilities,Furnish & Install 8-Inch Storm Drain Pipe,> 8''SD,153
1311,CU300,Utilities,Furnish & Install 8-Inch Storm Drain Pipe,> 8''SD,153
1312,CU300,Utilities,Furnish & Install 8-Inch Storm Drain Pipe,> 8''SD,153
1313,CU300,Utilities,Furnish & Install 8-Inch Storm Drain Pipe,> 8''SD,153
1314,CU300,Utilities,Furnish & Install 8-Inch Storm Drain Pipe,> 8''SD,153
1315,CU300,Utilities,Furnish & Install 8-Inch Storm Drain Pipe,> 8''SD,153
1316,CU300,Utilities,Furnish & Install 8-Inch Storm Drain Pipe,> 8''SD,153
1317,CU300,Utilities,Furnish & Install 8-Inch Storm Drain Pipe,> 8''SD,153
1318,CU300,Utilities,Furnish & Install 8-Inch Storm Drain Pipe,> 8''SD,153
1319,CU300,Utilities,Furnish & Install 8-Inch Storm Drain Pipe,> 8''SD,153
1320,CU300,Utilities,Furnish & Install 8-Inch Storm Drain Pipe,> 8''SD,153
1321,CU300,Utilities,Furnish & Install 8-Inch Storm Drain Pipe,> 8''SD,153
1322,CU300,Utilities,Furnish & Install 8-Inch Storm Drain Pipe,> 8''SD,153
1323,CU300,Utilities,Furnish & Install 8-Inch Storm Drain Pipe,> 8''SD,153
1324,CU300,Utilities,Furnish & Install 8-Inch Storm Drain Pipe,> 8''SD,153
1325,CU300,Utilities,Furnish & Install 8-Inch Storm Drain Pipe,> 8''SD,153
1326,CU300,Utilities,Furnish & Install 8-Inch Storm Drain Pipe,> 8''SD,153
1327,CU300,Utilities,Furnish & Install 8-Inch Storm Drain Pipe,> 8''SD,153
1328,CU300,Utilities,Furnish & Install 8-Inch Storm Drain Pipe,> 8''SD,153
1329,CU300,Utilities,Furnish & Install 8-Inch Storm Drain Pipe,> 8''SD,153
1330,CU300,Utilities,Furnish & Install 10-Inch Storm Drain Pipe,> 10''SD,39
1331,CU300,Utilities,Furnish & Install 10-Inch Storm Drain Pipe,> 10''SD,39
1332,CU300,Utilities,Furnish & Install 10-Inch Storm Drain Pipe,> 10''SD,39
1333,CU300,Utilities,Furnish & Install 10-Inch Storm Drain Pipe,> 10''SD,39
1334,CU300,Utilities,Furnish & Install 10-Inch Storm Drain Pipe,> 10''SD,39
1335,CU300,Utilities,Furnish & Install 10-Inch Storm Drain Pipe,> 10''SD,39
1336,CU300,Utilities,Furnish & Install 10-Inch Storm Drain Pipe,> 10''SD,39
1337,CU300,Utilities,Furnish & Install 10-Inch Storm Drain Pipe,10''SD,27
1338,CU300,Utilities,Furnish & Install 10-Inch Storm Drain Pipe,10''SD,27
1339,CU300,Utilities,Furnish & Install 10-Inch Storm Drain Pipe,> 10''SD,39
1340,CU300,Utilities,Furnish & Install 10-Inch Storm Drain Pipe,> 10''SD,39
1341,CU300,Utilities,Furnish & Install 10-Inch Storm Drain Pipe,10''SD,27
1342,CU300,Utilities,Furnish & Install 10-Inch Storm Drain Pipe,10''SD,27
1343,CU300,Utilities,Furnish & Install 12-Inch Storm Drain Pipe,> 12''SD,63
1344,CU300,Utilities,Furnish & Install 12-Inch Storm Drain Pipe,> 12''SD,63
1345,CU300,Utilities,Furnish & Install 12-Inch Storm Drain Pipe,> 12''SD,63
1346,CU300,Utilities,Furnish & Install 12-Inch Storm Drain Pipe,> 12''SD,63
1347,CU300,Utilities,Furnish & Install 12-Inch Storm Drain Pipe,> 12''SD,63
1348,CU300,Utilities,Furnish & Install 12-Inch Storm Drain Pipe,> 12''SD,63
1349,CU300,Utilities,Furnish & Install 12-Inch Storm Drain Pipe,> 12''SD,63
1350,CU300,Utilities,Furnish & Install 12-Inch Storm Drain Pipe,> 12''SD,63
1351,CU300,Utilities,Furnish & Install 12-Inch Storm Drain Pipe,> 12''SD,63
1352,CU300,Utilities,Furnish & Install 12-Inch Storm Drain Pipe,> 12''SD,63
1353,CU300,Utilities,Furnish & Install 12-Inch Storm Drain Pipe,> 12''SD,63
1354,CU300,Utilities,Furnish & Install 12-Inch Storm Drain Pipe,> 12''SD,63
1355,CU300,Utilities,Furnish & Install 12-Inch Storm Drain Pipe,> 12''SD,63
1356,CU300,Utilities,Furnish & Install 12-Inch Storm Drain Pipe,> 12''SD,63
1357,CU300,Utilities,Furnish & Install 12-Inch Storm Drain Pipe,> 12''SD,63
1358,CU300,Utilities,Furnish & Install 12-Inch Storm Drain Pipe,> 12''SD,63
1359,CU300,Utilities,Furnish & Install 12-Inch Storm Drain Pipe,12''SD,34
1360,CU300,Utilities,Furnish & Install 12-Inch Storm Drain Pipe,> 12''SD,63
1361,CU300,Utilities,Furnish & Install 12-Inch Storm Drain Pipe,> 12''SD,63
1362,CU300,Utilities,Furnish & Install 12-Inch Storm Drain Pipe,12''SD,34
1363,CU300,Utilities,Furnish & Install 12-Inch Storm Drain Pipe,> 12''SD,63
1364,CU300,Utilities,Furnish & Install 12-Inch Storm Drain Pipe,12''SD,34
1365,CU300,Utilities,Furnish & Install 12-Inch Storm Drain Pipe,> 12''SD,63
1366,CU300,Utilities,Furnish & Install 12-Inch Storm Drain Pipe,> 12''SD,63
1367,CU300,Utilities,Furnish & Install 15-Inch Storm Drain Pipe,15''SD,53
1368,CU300,Utilities,Furnish & Install 15-Inch Storm Drain Pipe,15''SD,53
1369,CU300,Utilities,Furnish & Install 15-Inch Storm Drain Pipe,15''SD,53
1370,CU300,Utilities,Furnish & Install 15-Inch Storm Drain Pipe,15''SD,53
1371,CU300,Utilities,Furnish & Install 15-Inch Storm Drain Pipe,15''SD,53
1373,CU300,Utilities,Furnish & Install 15-Inch Storm Drain Pipe,15''SD,53
1374,CU300,Utilities,Furnish & Install 15-Inch Storm Drain Pipe,15''SD,53
1375,CU300,Utilities,Furnish & Install 15-Inch Storm Drain Pipe,15''SD,53
1381,CU300,Utilities,Furnish & Install 6-Inch Sanitary Sewer Pipe,6''SS,27
1382,CU300,Utilities,Furnish & Install 8-Inch Sanitary Sewer Pipe,> 8''SS,69
1383,CU300,Utilities,Furnish & Install 8-Inch Sanitary Sewer Pipe,> 8''SS,69
1384,CU300,Utilities,Furnish & Install 8-Inch Sanitary Sewer Pipe,> 8''SS,69
1385,CU300,Utilities,Furnish & Install 8-Inch Sanitary Sewer Pipe,> 8''SS,69
1386,CU300,Utilities,Furnish & Install 8-Inch Sanitary Sewer Pipe,> 8''SS,69
1387,CU300,Utilities,Furnish & Install 8-Inch Sanitary Sewer Pipe,> 8''SS,69
1388,CU300,Utilities,Furnish & Install 8-Inch Sanitary Sewer Pipe,> 8''SS,69
1389,CU300,Utilities,Furnish & Install 8-Inch Sanitary Sewer Pipe,> 8''SS,69
1390,CU300,Utilities,Furnish & Install 8-Inch Sanitary Sewer Pipe,> 8''SS,69
1391,CU300,Utilities,Furnish & Install 8-Inch Sanitary Sewer Pipe,> 8''SS,69
1392,CU300,Utilities,Furnish & Install 8-Inch Sanitary Sewer Pipe,> 8''SS,69
1393,CU300,Utilities,Furnish & Install 8-Inch Sanitary Sewer Pipe,> 8''SS,69
1394,CU300,Utilities,Furnish & Install 8-Inch Sanitary Sewer Pipe,> 8''SS,69
1395,CU300,Utilities,Furnish & Install 8-Inch Sanitary Sewer Pipe,> 8''SS,69
1396,CU300,Utilities,Furnish & Install 8-Inch Sanitary Sewer Pipe,> 8''SS,69
1397,CU300,Utilities,Furnish & Install 8-Inch Sanitary Sewer Pipe,> 8''SS,69
1398,CU300,Utilities,Furnish & Install 8-Inch Sanitary Sewer Pipe,> 8''SS,69
1399,CU300,Utilities,Furnish & Install 8-Inch Sanitary Sewer Pipe,> 8''SS,69
1400,CU300,Utilities,Furnish & Install 8-Inch Sanitary Sewer Pipe,> 8''SS,69
1401,CU300,Utilities,Furnish & Install 8-Inch Sanitary Sewer Pipe,> 8''SS,69
1402,CU300,Utilities,Furnish & Install 8-Inch Sanitary Sewer Pipe,> 8''SS,69
1403,CU300,Utilities,Furnish & Install 8-Inch Sanitary Sewer Pipe,> 8''SS,69
1404,CU300,Utilities,Furnish & Install 8-Inch Sanitary Sewer Pipe,> 8''SS,69
1405,CU300,Utilities,Furnish & Install 8-Inch Sanitary Sewer Pipe,> 8''SS,69
1406,CU300,Utilities,Furnish & Install 8-Inch Sanitary Sewer Pipe,> 8''SS,69
1407,CU300,Utilities,Furnish & Install 8-Inch Sanitary Sewer Pipe,> 8''SS,69
1408,CU300,Utilities,Furnish & Install 8-Inch Sanitary Sewer Pipe,> 8''SS,69
1409,CU300,Utilities,Furnish & Install 8-Inch Sanitary Sewer Pipe,> 8''SS,69
1410,CU300,Utilities,Furnish & Install 8-Inch Sanitary Sewer Pipe,> 8''SS,69
1411,CU300,Utilities,Furnish & Install 8-Inch Sanitary Sewer Pipe,> 8''SS,69
1412,CU300,Utilities,Furnish & Install 8-Inch Sanitary Sewer Pipe,> 8''SS,69
1413,CU300,Utilities,Furnish & Install 8-Inch Sanitary Sewer Pipe,> 8''SS,69
1414,CU300,Utilities,Furnish & Install 8-Inch Sanitary Sewer Pipe,> 8''SS,69
1416,CU300,Utilities,Furnish & Install 8-Inch Sanitary Sewer Pipe,> 8''SS,69
1418,CU300,Utilities,Furnish & Install 8-Inch Water Pipe,8''W,66
1419,CU300,Utilities,Furnish & Install 8-Inch Water Pipe,8''W,66
1420,CU300,Utilities,Furnish & Install 8-Inch Water Pipe,8''W,66
1421,CU300,Utilities,Furnish & Install 8-Inch Water Pipe,8''W,66
1422,CU300,Utilities,Furnish & Install 8-Inch Water Pipe,8''W,66
1423,CU300,Utilities,Furnish & Install 8-Inch Water Pipe,8''W,66
1424,CU300,Utilities,Furnish & Install 8-Inch Water Pipe,8''W,66
1425,CU300,Utilities,Furnish & Install 8-Inch Water Pipe,8''W,66
1426,CU300,Utilities,Furnish & Install 8-Inch Water Pipe,8''W,66
1427,CU300,Utilities,Furnish & Install 8-Inch Water Pipe,8''W,66
1428,CU300,Utilities,Furnish & Install 8-Inch Water Pipe,8''W,66
1429,CU300,Utilities,Furnish & Install 8-Inch Water Pipe,8''W,66
1430,CU300,Utilities,Furnish & Install 8-Inch Water Pipe,8''W,66
1431,CU300,Utilities,Furnish & Install 8-Inch Water Pipe,8''W,66
1432,CU300,Utilities,Furnish & Install 8-Inch Water Pipe,8''W,66
1433,CU300,Utilities,Furnish & Install 8-Inch Water Pipe,8''W,66
1434,CU300,Utilities,Furnish & Install 8-Inch Water Pipe,8''W,66
1435,CU300,Utilities,Furnish & Install 8-Inch Water Pipe,8''W,66
1436,CU300,Utilities,Furnish & Install 8-Inch Water Pipe,8''W,66
1437,CU300,Utilities,Furnish & Install 8-Inch Water Pipe,8''W,66
1438,CU300,Utilities,Furnish & Install 8-Inch Water Pipe,8''W,66
1439,CU300,Utilities,Furnish & Install 8-Inch Water Pipe,8''W,66
1440,CU300,Utilities,Furnish & Install 8-Inch Water Pipe,8''W,66
1441,CU300,Utilities,Furnish & Install 8-Inch Water Pipe,8''W,66
1442,CU300,Utilities,Furnish & Install 8-Inch Water Pipe,8''W,66
1443,CU300,Utilities,Furnish & Install 8-Inch Water Pipe,8''W,66
1444,CU300,Utilities,Furnish & Install 8-Inch Water Pipe,8''W,66
1445,CU300,Utilities,Furnish & Install 8-Inch Water Pipe,8''W,66
1446,CU300,Utilities,Furnish & Install 8-Inch Water Pipe,8''W,66
1447,CU300,Utilities,Furnish & Install 8-Inch Water Pipe,8''W,66
1448,CU300,Utilities,Furnish & Install 8-Inch Water Pipe,8''W,66
1455,CU320,Fire Suppression,Furnish & Install — Fire Department Connections (FDC),FDC,71
1456,CU320,Fire Suppression,Furnish & Install — Fire Department Connections (FDC),FDC,71
1457,CU320,Fire Suppression,Furnish & Install — Fire Department Connections (FDC),FDC,71
1458,CU320,Fire Suppression,Furnish & Install — Fire Department Connections (FDC),FDC,71
1459,CU320,Fire Suppression,Furnish & Install — Fire Department Connections (FDC),FDC,71
1460,CU320,Fire Suppression,Furnish & Install — Fire Department Connections (FDC),FDC,71
1461,CU320,Fire Suppression,Furnish & Install — Fire Department Connections (FDC),FDC,71
1462,CU320,Fire Suppression,Furnish & Install — Fire Department Connections (FDC),FDC,71
1463,CU320,Fire Suppression,Furnish & Install — Fire Department Connections (FDC),FDC,71
1464,CU320,Fire Suppression,Furnish & Install — Fire Department Connections (FDC),FDC,71
1465,CU320,Fire Suppression,Furnish & Install — Fire Department Connections (FDC),FDC,71
1466,CU320,Fire Suppression,Furnish & Install — Fire Department Connections (FDC),FDC,71
1467,CU320,Fire Suppression,Furnish & Install — Fire Department Connections (FDC),FDC,71
1468,CU320,Fire Suppression,Furnish & Install — Fire Department Connections (FDC),FDC,71
1469,CU320,Fire Suppression,Furnish & Install — Fire Department Connections (FDC),FDC,71
1470,CU320,Fire Suppression,Furnish & Install — Fire Hydrants,FH,23
1471,CU320,Fire Suppression,Furnish & Install — Fire Hydrants,FH,23
1472,CU320,Fire Suppression,Furnish & Install — Fire Hydrants,FH,23
1473,CU320,Fire Suppression,Furnish & Install — Fire Hydrants,FH,23
1474,CU320,Fire Suppression,Furnish & Install — Fire Hydrants,FH,23
1570,CU320,Utilities,Furnish and Install 15 inch HDPE storm drain pipe,15''SD,53
1571,CU320,Utilities,Furnish and Install 15 inch HDPE storm drain pipe,15''SD,53
1572,CU320,Utilities,Furnish and Install 15 inch HDPE storm drain pipe,15''SD,53
1573,CU320,Utilities,Furnish and Install 15 inch HDPE storm drain pipe,15''SD,53
1574,CU320,Utilities,Furnish and Install 15 inch HDPE storm drain pipe,15''SD,53
1575,CU320,Utilities,Furnish and Install 15 inch HDPE storm drain pipe,15''SD,53
1576,CU320,Utilities,Furnish and Install 15 inch HDPE storm drain pipe,15''SD,53
1577,CU320,Utilities,Furnish and Install 15 inch HDPE storm drain pipe,15''SD,53
1578,CU320,Utilities,Furnish and Install 15 inch HDPE storm drain pipe,15''SD,53
1579,CU320,Utilities,Furnish and Install 15 inch HDPE storm drain pipe,15''SD,53
1580,CU320,Utilities,Furnish and Install 15 inch HDPE storm drain pipe,15''SD,53
1581,CU320,Utilities,Furnish and Install 15 inch HDPE storm drain pipe,15''SD,53
1582,CU320,Utilities,Furnish and Install 15 inch HDPE storm drain pipe,15''SD,53
1583,CU320,Utilities,Furnish and Install 15 inch HDPE storm drain pipe,15''SD,53
1584,CU320,Utilities,Furnish and Install 15 inch HDPE storm drain pipe,15''SD,53
1585,CU320,Utilities,Furnish and Install 15 inch HDPE storm drain pipe,15''SD,53
1586,CU320,Utilities,Furnish and Install 15 inch HDPE storm drain pipe,15''SD,53
1587,CU320,Utilities,Furnish and Install 15 inch HDPE storm drain pipe,15''SD,53
1588,CU320,Utilities,Furnish and Install 15 inch HDPE storm drain pipe,15''SD,53
1589,CU320,Utilities,Furnish and Install 15 inch HDPE storm drain pipe,15''SD,53
1590,CU320,Utilities,Furnish and Install 15 inch HDPE storm drain pipe,15''SD,53
1591,CU320,Utilities,Furnish and Install 15 inch HDPE storm drain pipe,15''SD,53
1592,CU320,Utilities,Furnish and Install 15 inch HDPE storm drain pipe,15''SD,53
1593,CU320,Utilities,Furnish and Install 15 inch HDPE storm drain pipe,15''SD,53
1594,CU320,Utilities,Furnish and Install 15 inch HDPE storm drain pipe,15''SD,53
1595,CU320,Utilities,Furnish and Install 15 inch HDPE storm drain pipe,15''SD,53
1604,CU320,Utilities,Furnish & Install 12-Inch Storm Drain Pipe,> 12''SD,63
1605,CU320,Utilities,Furnish & Install 12-Inch Storm Drain Pipe,> 12''SD,63
1606,CU320,Utilities,Furnish & Install 12-Inch Storm Drain Pipe,> 12''SD,63
1607,CU320,Utilities,Furnish & Install 12-Inch Storm Drain Pipe,> 12''SD,63
1608,CU320,Utilities,Furnish & Install 12-Inch Storm Drain Pipe,> 12''SD,63
1609,CU320,Utilities,Furnish & Install 12-Inch Storm Drain Pipe,> 12''SD,63
1610,CU320,Utilities,Furnish & Install 12-Inch Storm Drain Pipe,> 12''SD,63
1611,CU320,Utilities,Furnish & Install 12-Inch Storm Drain Pipe,> 12''SD,63
1612,CU320,Utilities,Furnish & Install 12-Inch Storm Drain Pipe,> 12''SD,63
1613,CU320,Utilities,Furnish & Install 12-Inch Storm Drain Pipe,> 12''SD,63
1614,CU320,Utilities,Furnish & Install 12-Inch Storm Drain Pipe,> 12''SD,63
1615,CU320,Utilities,Furnish & Install 12-Inch Storm Drain Pipe,12''SD,34
1616,CU320,Utilities,Furnish & Install 12-Inch Storm Drain Pipe,12''SD,34
1617,CU320,Utilities,Furnish & Install 12-Inch Storm Drain Pipe,12''SD,34
1618,CU320,Utilities,Furnish & Install 12-Inch Storm Drain Pipe,12''SD,34
1619,CU320,Utilities,Furnish & Install 12-Inch Storm Drain Pipe,12''SD,34
1620,CU320,Utilities,Furnish & Install 12-Inch Storm Drain Pipe,12''SD,34
1621,CU320,Utilities,Furnish & Install 12-Inch Storm Drain Pipe,12''SD,34
1622,CU320,Utilities,Furnish & Install 12-Inch Storm Drain Pipe,12''SD,34
1623,CU320,Utilities,Furnish & Install 12-Inch Storm Drain Pipe,12''SD,34
1624,CU320,Utilities,Furnish & Install 12-Inch Storm Drain Pipe,12''SD,34
1628,CU320,Utilities,Furnish & Install 10-Inch Storm Drain Pipe,> 10''SD,39
1629,CU320,Utilities,Furnish & Install 10-Inch Storm Drain Pipe,> 10''SD,39
1630,CU320,Utilities,Furnish & Install 10-Inch Storm Drain Pipe,> 10''SD,39
1631,CU320,Utilities,Furnish & Install 10-Inch Storm Drain Pipe,> 10''SD,39
1632,CU320,Utilities,Furnish & Install 10-Inch Storm Drain Pipe,> 10''SD,39
1633,CU320,Utilities,Furnish & Install 10-Inch Storm Drain Pipe,> 10''SD,39
1634,CU320,Utilities,Furnish & Install 10-Inch Storm Drain Pipe,> 10''SD,39
1635,CU320,Utilities,Furnish & Install 10-Inch Storm Drain Pipe,> 10''SD,39
1636,CU320,Utilities,Furnish & Install 10-Inch Storm Drain Pipe,> 10''SD,39
1637,CU320,Utilities,Furnish & Install 10-Inch Storm Drain Pipe,> 10''SD,39
1638,CU320,Utilities,Furnish & Install 10-Inch Storm Drain Pipe,> 10''SD,39
1639,CU320,Utilities,Furnish & Install 10-Inch Storm Drain Pipe,> 10''SD,39
1640,CU320,Utilities,Furnish & Install 8-Inch Storm Drain Pipe,> 8''SD,153
1641,CU320,Utilities,Furnish & Install 8-Inch Storm Drain Pipe,> 8''SD,153
1642,CU320,Utilities,Furnish & Install 8-Inch Storm Drain Pipe,> 8''SD,153
1643,CU320,Utilities,Furnish & Install 8-Inch Storm Drain Pipe,> 8''SD,153
1644,CU320,Utilities,Furnish & Install 8-Inch Storm Drain Pipe,> 8''SD,153
1645,CU320,Utilities,Furnish & Install 8-Inch Storm Drain Pipe,> 8''SD,153
1646,CU320,Utilities,Furnish & Install 8-Inch Storm Drain Pipe,> 8''SD,153
1647,CU320,Utilities,Furnish & Install 8-Inch Storm Drain Pipe,> 8''SD,153
1648,CU320,Utilities,Furnish & Install 8-Inch Storm Drain Pipe,> 8''SD,153
1649,CU320,Utilities,Furnish & Install 8-Inch Storm Drain Pipe,> 8''SD,153
1650,CU320,Utilities,Furnish & Install 8-Inch Storm Drain Pipe,> 8''SD,153
1651,CU320,Utilities,Furnish & Install 8-Inch Storm Drain Pipe,> 8''SD,153
1652,CU320,Utilities,Furnish & Install 8-Inch Storm Drain Pipe,> 8''SD,153
1653,CU320,Utilities,Furnish & Install 8-Inch Storm Drain Pipe,> 8''SD,153
1654,CU320,Utilities,Furnish & Install 8-Inch Storm Drain Pipe,> 8''SD,153
1655,CU320,Utilities,Furnish & Install 8-Inch Storm Drain Pipe,> 8''SD,153
1656,CU320,Utilities,Furnish & Install 8-Inch Storm Drain Pipe,> 8''SD,153
1657,CU320,Utilities,Furnish & Install 8-Inch Storm Drain Pipe,> 8''SD,153
1658,CU320,Utilities,Furnish & Install 8-Inch Storm Drain Pipe,> 8''SD,153
1659,CU320,Utilities,Furnish & Install 8-Inch Storm Drain Pipe,> 8''SD,153
1660,CU320,Utilities,Furnish & Install 8-Inch Storm Drain Pipe,> 8''SD,153
1661,CU320,Utilities,Furnish & Install 8-Inch Storm Drain Pipe,> 8''SD,153
1662,CU320,Utilities,Furnish & Install 8-Inch Storm Drain Pipe,> 8''SD,153
1663,CU320,Utilities,Furnish & Install 8-Inch Storm Drain Pipe,> 8''SD,153
1664,CU320,Utilities,Furnish & Install 8-Inch Storm Drain Pipe,> 8''SD,153
1665,CU320,Utilities,Furnish & Install 8-Inch Storm Drain Pipe,> 8''SD,153
1666,CU320,Utilities,Furnish & Install 8-Inch Storm Drain Pipe,> 8''SD,153
1667,CU320,Utilities,Furnish & Install 8-Inch Storm Drain Pipe,> 8''SD,153
1668,CU320,Utilities,Furnish & Install 8-Inch Storm Drain Pipe,> 8''SD,153
1669,CU320,Utilities,Furnish & Install 8-Inch Storm Drain Pipe,> 8''SD,153
1670,CU320,Utilities,Furnish & Install 8-Inch Storm Drain Pipe,> 8''SD,153
1671,CU320,Utilities,Furnish & Install 8-Inch Storm Drain Pipe,> 8''SD,153
1672,CU320,Utilities,Furnish & Install 8-Inch Storm Drain Pipe,> 8''SD,153
1673,CU320,Utilities,Furnish & Install 8-Inch Storm Drain Pipe,> 8''SD,153
1674,CU320,Utilities,Furnish & Install 8-Inch Storm Drain Pipe,> 8''SD,153
1675,CU320,Utilities,Furnish & Install 8-Inch Storm Drain Pipe,> 8''SD,153
1676,CU320,Utilities,Furnish & Install 8-Inch Storm Drain Pipe,> 8''SD,153
1677,CU320,Utilities,Furnish & Install 8-Inch Storm Drain Pipe,> 8''SD,153
1686,CU320,Utilities,Furnish & Install 8-Inch Water Pipe,8''W,66
1687,CU320,Utilities,Furnish & Install 8-Inch Water Pipe,8''W,66
1688,CU320,Utilities,Furnish & Install 8-Inch Water Pipe,8''W,66
1689,CU320,Utilities,Furnish & Install 8-Inch Water Pipe,8''W,66
1690,CU320,Utilities,Furnish & Install 8-Inch Water Pipe,8''W,66
1691,CU320,Utilities,Furnish & Install 8-Inch Water Pipe,8''W,66
1692,CU320,Utilities,Furnish & Install 8-Inch Water Pipe,8''W,66
1693,CU320,Utilities,Furnish & Install 8-Inch Water Pipe,8''W,66
1694,CU320,Utilities,Furnish & Install 8-Inch Water Pipe,8''W,66
1695,CU320,Utilities,Furnish & Install 8-Inch Water Pipe,8''W,66
1696,CU320,Utilities,Furnish & Install 8-Inch Water Pipe,8''W,66
1697,CU320,Utilities,Furnish & Install 8-Inch Water Pipe,8''W,66
1698,CU320,Utilities,Furnish & Install 8-Inch Water Pipe,8''W,66
1699,CU320,Utilities,Furnish & Install 8-Inch Water Pipe,8''W,66
1700,CU320,Utilities,Furnish & Install 8-Inch Water Pipe,8''W,66
1701,CU320,Utilities,Furnish & Install 8-Inch Water Pipe,8''W,66
1702,CU320,Utilities,Furnish & Install 8-Inch Water Pipe,8''W,66
1703,CU320,Utilities,Furnish & Install 8-Inch Water Pipe,8''W,66
1704,CU320,Utilities,Furnish & Install 8-Inch Water Pipe,8''W,66
1705,CU320,Utilities,Furnish & Install 8-Inch Water Pipe,8''W,66
1706,CU320,Utilities,Furnish & Install 8-Inch Water Pipe,8''W,66
1707,CU320,Utilities,Furnish & Install 8-Inch Water Pipe,8''W,66
1708,CU320,Utilities,Furnish & Install 8-Inch Water Pipe,8''W,66
1709,CU320,Utilities,Furnish & Install 8-Inch Water Pipe,8''W,66
1710,CU320,Utilities,Furnish & Install 8-Inch Water Pipe,8''W,66
1711,CU320,Utilities,Furnish & Install 8-Inch Water Pipe,8''W,66
1712,CU320,Utilities,Furnish & Install 8-Inch Water Pipe,8''W,66
1713,CU320,Utilities,Furnish & Install 8-Inch Water Pipe,8''W,66
1714,CU320,Utilities,Furnish & Install 8-Inch Water Pipe,8''W,66
1715,CU320,Utilities,Furnish & Install 8-Inch Water Pipe,8''W,66
1716,CU320,Utilities,Furnish & Install 8-Inch Water Pipe,8''W,66
1717,CU320,Utilities,Furnish & Install 8-Inch Water Pipe,8''W,66
1718,CU320,Utilities,Furnish & Install 8-Inch Water Pipe,8''W,66
1719,CU320,Utilities,Furnish & Install 8-Inch Water Pipe,8''W,66
1720,CU320,Utilities,Furnish & Install 8-Inch Water Pipe,8''W,66
1724,CU320,Utilities,Furnish & Install 2-Inch Water Pipe and Service Connections,2''W,24
1725,CU320,Utilities,Furnish & Install 2-Inch Water Pipe and Service Connections,2''W,24
1726,CU320,Utilities,Furnish & Install 2-Inch Water Pipe and Service Connections,2''W,24
1727,CU320,Utilities,Furnish & Install 2-Inch Water Pipe and Service Connections,2''W,24
1728,CU320,Utilities,Furnish & Install 2-Inch Water Pipe and Service Connections,2''W,24
1729,CU320,Utilities,Furnish & Install 2-Inch Water Pipe and Service Connections,2''W,24
1730,CU320,Utilities,Furnish & Install 2-Inch Water Pipe and Service Connections,2''W,24
1731,CU320,Utilities,Furnish & Install 2-Inch Water Pipe and Service Connections,2''W,24
1732,CU320,Utilities,Furnish & Install 2-Inch Water Pipe and Service Connections,2''W,24
1733,CU320,Utilities,Furnish & Install 2-Inch Water Pipe and Service Connections,2''W,24
1734,CU320,Utilities,Furnish & Install 2-Inch Water Pipe and Service Connections,2''W,24
1735,CU320,Utilities,Furnish & Install 2-Inch Water Pipe and Service Connections,2''W,24
1736,CU320,Utilities,Furnish & Install 2-Inch Water Pipe and Service Connections,2''W,24
1737,CU320,Utilities,Furnish & Install 2-Inch Water Pipe and Service Connections,2''W,24
1738,CU320,Utilities,Furnish & Install 2-Inch Water Pipe and Service Connections,2''W,24
1739,CU320,Utilities,Furnish & Install 2-Inch Water Pipe and Service Connections,2''W,24
1740,CU320,Utilities,Furnish & Install 2-Inch Water Pipe and Service Connections,2''W,24
1741,CU320,Utilities,Furnish & Install 2-Inch Water Pipe and Service Connections,2''W,24
1742,CU320,Utilities,Furnish & Install 2-Inch Water Pipe and Service Connections,2''W,24
1743,CU320,Utilities,Furnish & Install 2-Inch Water Pipe and Service Connections,2''W,24
1744,CU320,Utilities,Furnish & Install 2-Inch Water Pipe and Service Connections,2''W,24
1745,CU320,Utilities,Furnish & Install 2-Inch Water Pipe and Service Connections,2''W,24
1746,CU320,Utilities,Furnish & Install 2-Inch Water Pipe and Service Connections,2''W,24
1747,CU320,Utilities,Furnish & Install 2-Inch Water Pipe and Service Connections,2''W,24
1748,CU320,Utilities,Furnish & Install 8-Inch Sanitary Sewer Pipe,> 8''SS,69
1749,CU320,Utilities,Furnish & Install 8-Inch Sanitary Sewer Pipe,> 8''SS,69
1750,CU320,Utilities,Furnish & Install 8-Inch Sanitary Sewer Pipe,> 8''SS,69
1751,CU320,Utilities,Furnish & Install 8-Inch Sanitary Sewer Pipe,> 8''SS,69
1752,CU320,Utilities,Furnish & Install 8-Inch Sanitary Sewer Pipe,> 8''SS,69
1754,CU320,Utilities,Furnish & Install 8-Inch Sanitary Sewer Pipe,> 8''SS,69
1755,CU320,Utilities,Furnish & Install 8-Inch Sanitary Sewer Pipe,> 8''SS,69
1756,CU320,Utilities,Furnish & Install 8-Inch Sanitary Sewer Pipe,> 8''SS,69
1757,CU320,Utilities,Furnish & Install 8-Inch Sanitary Sewer Pipe,> 8''SS,69
1758,CU320,Utilities,Furnish & Install 8-Inch Sanitary Sewer Pipe,> 8''SS,69
1759,CU320,Utilities,Furnish & Install 8-Inch Sanitary Sewer Pipe,> 8''SS,69
1760,CU320,Utilities,Furnish & Install 8-Inch Sanitary Sewer Pipe,> 8''SS,69
1761,CU320,Utilities,Furnish & Install 8-Inch Sanitary Sewer Pipe,> 8''SS,69
1762,CU320,Utilities,Furnish & Install 8-Inch Sanitary Sewer Pipe,> 8''SS,69
1764,CU320,Utilities,Furnish & Install 8-Inch Sanitary Sewer Pipe,> 8''SS,69
1765,CU320,Utilities,Furnish & Install 8-Inch Sanitary Sewer Pipe,> 8''SS,69
1766,CU320,Utilities,Furnish & Install 8-Inch Sanitary Sewer Pipe,> 8''SS,69
1767,CU320,Utilities,Furnish & Install 8-Inch Sanitary Sewer Pipe,> 8''SS,69
1768,CU320,Utilities,Furnish & Install 8-Inch Sanitary Sewer Pipe,> 8''SS,69
1769,CU320,Utilities,Furnish & Install 8-Inch Sanitary Sewer Pipe,> 8''SS,69
1770,CU320,Utilities,Furnish & Install 8-Inch Sanitary Sewer Pipe,> 8''SS,69
1771,CU320,Utilities,Furnish & Install 8-Inch Sanitary Sewer Pipe,> 8''SS,69
1772,CU320,Utilities,Furnish & Install 8-Inch Sanitary Sewer Pipe,> 8''SS,69
1773,CU320,Utilities,Furnish & Install 8-Inch Sanitary Sewer Pipe,> 8''SS,69
1774,CU320,Utilities,Furnish & Install 8-Inch Sanitary Sewer Pipe,> 8''SS,69
1775,CU320,Utilities,Furnish & Install 8-Inch Sanitary Sewer Pipe,> 8''SS,69
1776,CU320,Utilities,Furnish & Install 8-Inch Sanitary Sewer Pipe,> 8''SS,69
1777,CU320,Utilities,Furnish & Install 8-Inch Sanitary Sewer Pipe,> 8''SS,69
1778,CU320,Utilities,Furnish & Install 8-Inch Sanitary Sewer Pipe,> 8''SS,69
1779,CU320,Utilities,Furnish & Install 8-Inch Sanitary Sewer Pipe,> 8''SS,69
1780,CU320,Utilities,Furnish & Install 8-Inch Sanitary Sewer Pipe,> 8''SS,69
1781,CU320,Utilities,Furnish & Install 8-Inch Sanitary Sewer Pipe,> 8''SS,69
1782,CU320,Utilities,Furnish & Install 8-Inch Sanitary Sewer Pipe,> 8''SS,69
1783,CU320,Utilities,Furnish & Install 8-Inch Sanitary Sewer Pipe,> 8''SS,69
1784,CU320,Utilities,Furnish & Install 8-Inch Sanitary Sewer Pipe,> 8''SS,69
1786,CU320,Utilities,Furnish & Install 6-Inch Sanitary Sewer Pipe,6''SS,27
1787,CU320,Utilities,Furnish & Install 6-Inch Sanitary Sewer Pipe,6''SS,27
1788,CU320,Utilities,Furnish & Install 6-Inch Sanitary Sewer Pipe,6''SS,27
1789,CU320,Utilities,Furnish & Install 6-Inch Sanitary Sewer Pipe,6''SS,27
1790,CU320,Utilities,Furnish & Install 6-Inch Sanitary Sewer Pipe,6''SS,27
1791,CU320,Utilities,Furnish & Install 6-Inch Sanitary Sewer Pipe,6''SS,27
1792,CU320,Utilities,Furnish & Install 6-Inch Sanitary Sewer Pipe,6''SS,27
1793,CU320,Utilities,Furnish & Install 6-Inch Sanitary Sewer Pipe,6''SS,27
1794,CU320,Utilities,Furnish & Install 6-Inch Sanitary Sewer Pipe,6''SS,27
1795,CU320,Utilities,Furnish & Install 6-Inch Sanitary Sewer Pipe,6''SS,27
1796,CU320,Utilities,Furnish & Install 6-Inch Sanitary Sewer Pipe,6''SS,27
1797,CU320,Utilities,Furnish & Install 6-Inch Sanitary Sewer Pipe,6''SS,27
1798,CU320,Utilities,Furnish & Install 6-Inch Sanitary Sewer Pipe,6''SS,27
1799,CU320,Utilities,Furnish & Install 6-Inch Sanitary Sewer Pipe,6''SS,27
1800,CU320,Utilities,Furnish & Install 6-Inch Sanitary Sewer Pipe,6''SS,27
1801,CU320,Utilities,Furnish & Install 6-Inch Sanitary Sewer Pipe,6''SS,27
1802,CU320,Utilities,Furnish & Install 6-Inch Sanitary Sewer Pipe,6''SS,27
1803,CU320,Utilities,Furnish & Install 6-Inch Sanitary Sewer Pipe,6''SS,27
1804,CU320,Utilities,Furnish & Install 6-Inch Sanitary Sewer Pipe,6''SS,27
1805,CU320,Utilities,Furnish & Install 6-Inch Sanitary Sewer Pipe,6''SS,27
1806,CU320,Utilities,Furnish & Install 6-Inch Sanitary Sewer Pipe,6''SS,27
1807,CU320,Utilities,Furnish & Install 6-Inch Sanitary Sewer Pipe,6''SS,27
1808,CU320,Utilities,Furnish & Install 6-Inch Sanitary Sewer Pipe,6''SS,27
1809,CU320,Utilities,Furnish & Install 6-Inch Sanitary Sewer Pipe,6''SS,27
1810,CU320,Utilities,Furnish & Install 6-Inch Sanitary Sewer Pipe,6''SS,27
1811,CU320,Utilities,Furnish & Install 6-Inch Sanitary Sewer Pipe,6''SS,27
1818,CU320,Electrical Utilities,Furnish & Install Electrical Manholes,EM,35
1819,CU320,Electrical Utilities,Furnish & Install Electrical Manholes,EM,35
1820,CU320,Electrical Utilities,Furnish & Install Electrical Manholes,EM,35
1821,CU320,Electrical Utilities,Furnish & Install Electrical Manholes,EM,35
1822,CU320,Electrical Utilities,Furnish & Install Electrical Manholes,EM,35
1823,CU320,Electrical Utilities,Furnish & Install Electrical Manholes,EM,35
1824,CU320,Electrical Utilities,Furnish & Install Electrical Manholes,EM,35
1825,CU320,Electrical Utilities,Furnish & Install Electrical Manholes,EM,35
1826,CU320,Electrical Utilities,Furnish & Install Electrical Manholes,EM,35
1827,CU320,Electrical Utilities,Furnish & Install Electrical Pull Boxes,PB,70
1828,CU320,Electrical Utilities,Furnish & Install Electrical Pull Boxes,PB,70
1829,CU320,Electrical Utilities,Furnish & Install Electrical Pull Boxes,PB,70
1830,CU320,Electrical Utilities,Furnish & Install Electrical Pull Boxes,PB,70
1831,CU320,Electrical Utilities,Furnish & Install Electrical Pull Boxes,PB,70
1832,CU320,Electrical Utilities,Furnish & Install Electrical Pull Boxes,PB,70
1833,CU320,Electrical Utilities,Furnish & Install Electrical Pull Boxes,PB,70
1834,CU320,Electrical Utilities,Furnish & Install Electrical Pull Boxes,PB,70
1835,CU320,Electrical Utilities,Furnish & Install Electrical Pull Boxes,PB,70
1836,CU320,Electrical Utilities,Furnish & Install Electrical Pull Boxes,PB,70
1837,CU320,Electrical Utilities,Furnish & Install Electrical Pull Boxes,PB,70
1838,CU320,Electrical Utilities,Furnish & Install Electrical Pull Boxes,PB,70
1839,CU320,Electrical Utilities,Furnish & Install Electrical Pull Boxes,PB,70
1840,CU320,Electrical Utilities,Furnish & Install Electrical Pull Boxes,PB,70
1841,CU320,Electrical Utilities,Furnish & Install Electrical Pull Boxes,PB,70
1842,CU320,Electrical Utilities,Furnish & Install Electrical Pull Boxes,PB,70
1843,CU320,Electrical Utilities,Furnish & Install Electrical Pull Boxes,PB,70
1844,CU320,Electrical Utilities,Furnish & Install Electrical Pull Boxes,PB,70
1845,CU320,Electrical Utilities,Furnish & Install Electrical Pull Boxes,PB,70
1846,CU320,Electrical Utilities,Furnish & Install Electrical Pull Boxes,PB,70
1847,CU320,Electrical Utilities,Furnish & Install Electrical Pull Boxes,PB,70
1848,CU320,Electrical Utilities,Furnish & Install Electrical Pull Boxes,PB,70
1849,CU320,Electrical Utilities,Furnish & Install Electrical Pull Boxes,PB,70
1850,CU320,Electrical Utilities,Furnish & Install Electrical Pull Boxes,PB,70
1851,CU320,Electrical Utilities,Furnish & Install Electrical Pull Boxes,PB,70
1852,CU320,Electrical Utilities,Furnish & Install Electrical Pull Boxes,PB,70
1853,CU320,Electrical Utilities,Furnish & Install Electrical Pull Boxes,PB,70
1854,CU320,Electrical Utilities,Furnish & Install Electrical Pull Boxes,PB,70
1855,CU320,Electrical Utilities,Furnish & Install Electrical Pull Boxes,PB,70
1856,CU320,Electrical Utilities,Furnish & Install Electrical Pull Boxes,PB,70
1857,CU320,Electrical Utilities,Furnish & Install Electrical Pull Boxes,PB,70
1858,CU320,Electrical Utilities,Furnish & Install Electrical Pull Boxes,PB,70
1859,CU320,Electrical Utilities,Furnish & Install Electrical Pull Boxes,PB,70
1860,CU320,Electrical Utilities,Furnish & Install Electrical Pull Boxes,PB,70
1861,CU320,Electrical Utilities,Furnish & Install Electrical Pull Boxes,PB,70
1862,CU320,Electrical Utilities,Furnish & Install Electrical Pull Boxes,PB,70
1863,CU320,Electrical Utilities,Furnish & Install Electrical Pull Boxes,PB,70
1864,CU320,Electrical Utilities,Furnish & Install Electrical Pull Boxes,PB,70
1865,CU320,Electrical Utilities,Furnish & Install Electrical Pull Boxes,PB,70
1866,CU320,Electrical Utilities,Furnish & Install Electrical Pull Boxes,PB,70
1867,CU320,Electrical Utilities,Furnish & Install Electrical Pull Boxes,PB,70
1868,CU320,Electrical Utilities,Furnish & Install Electrical Pull Boxes,PB,70
1869,CU320,Electrical Utilities,Furnish & Install Electrical Pull Boxes,PB,70
1870,CU320,Electrical Utilities,Furnish & Install Electrical Pull Boxes,PB,70
1871,CU320,Electrical Utilities,Furnish & Install Electrical Pull Boxes,PB,70
1872,CU320,Electrical Utilities,Furnish & Install Electrical Pull Boxes,PB,70
1873,CU320,Electrical Utilities,Furnish & Install Electrical Pull Boxes,PB,70
1874,CU320,Electrical Utilities,Furnish & Install Electrical Pull Boxes,PB,70
1875,CU320,Electrical Utilities,Furnish & Install Electrical Pull Boxes,PB,70
1876,CU320,Electrical Utilities,Furnish & Install Electrical Pull Boxes,PB,70
1877,CU320,Electrical Utilities,Furnish & Install Electrical Pull Boxes,PB,70
1878,CU320,Electrical Utilities,Furnish & Install Electrical Pull Boxes,PB,70
1879,CU320,Electrical Utilities,Furnish & Install Electrical Pull Boxes,PB,70
1880,CU320,Electrical Utilities,Furnish & Install Electrical Pull Boxes,PB,70
1881,CU320,Electrical Utilities,Furnish & Install Electrical Pull Boxes,PB,70
1882,CU320,Electrical Utilities,Furnish & Install Electrical Pull Boxes,PB,70
1883,CU320,Electrical Utilities,Furnish & Install Electrical Pull Boxes,PB,70
1884,CU320,Electrical Utilities,Furnish & Install Electrical Pull Boxes,PB,70
1885,CU320,Electrical Utilities,Furnish & Install Electrical Pull Boxes,PB,70
1886,CU320,Electrical Utilities,Furnish & Install Electrical Pull Boxes,PB,70
1887,CU320,Electrical Utilities,Furnish & Install Electrical Pull Boxes,PB,70
1888,CU320,Electrical Utilities,Furnish & Install Electrical Pull Boxes,PB,70
1889,CU320,Electrical Utilities,Furnish & Install Electrical Pull Boxes,PB,70
1890,CU320,Electrical Utilities,Furnish & Install Electrical Pull Boxes,PB,70
1891,CU320,Electrical Utilities,Furnish & Install Electrical Pull Boxes,PB,70
1892,CU320,Electrical Utilities,Furnish & Install Electrical Pull Boxes,PB,70
1893,CU320,Electrical Utilities,Furnish & Install Electrical Pull Boxes,PB,70
1894,CU320,Electrical Utilities,Furnish & Install Electrical Pull Boxes,PB,70
1895,CU320,Electrical Utilities,Furnish & Install Electrical Pull Boxes,PB,70
1896,CU320,Electrical Utilities,Furnish & Install Electrical Pull Boxes,PB,70
1897,CU320,Communications Utilities,Furnish & Install Optical Fiber Cabling,FO,39
1898,CU320,Communications Utilities,Furnish & Install Optical Fiber Cabling,FO,39
1899,CU320,Communications Utilities,Furnish & Install Optical Fiber Cabling,FO,39
1900,CU320,Communications Utilities,Furnish & Install Optical Fiber Cabling,FO,39
1901,CU320,Communications Utilities,Furnish & Install Optical Fiber Cabling,FO,39
1902,CU320,Communications Utilities,Furnish & Install Optical Fiber Cabling,FO,39
1903,CU320,Communications Utilities,Furnish & Install Optical Fiber Cabling,FO,39
1904,CU320,Communications Utilities,Furnish & Install Optical Fiber Cabling,FO,39
1905,CU320,Communications Utilities,Furnish & Install Optical Fiber Cabling,FO,39
1906,CU320,Communications Utilities,Furnish & Install Optical Fiber Cabling,FO,39
1907,CU320,Communications Utilities,Furnish & Install Optical Fiber Cabling,FO,39
1908,CU320,Communications Utilities,Furnish & Install Optical Fiber Cabling,FO,39
1909,CU320,Communications Utilities,Furnish & Install Optical Fiber Cabling,FO,39
1910,CU320,Communications Utilities,Furnish & Install Optical Fiber Cabling,FO,39
1911,CU320,Communications Utilities,Furnish & Install Optical Fiber Cabling,FO,39
1912,CU320,Communications Utilities,Furnish & Install Optical Fiber Cabling,FO,39
1913,CU320,Communications Utilities,Furnish & Install Optical Fiber Cabling,FO,39
1914,CU320,Communications Utilities,Furnish & Install Optical Fiber Cabling,FO,39
1915,CU320,Communications Utilities,Furnish & Install Optical Fiber Cabling,FO,39
1916,CU320,Communications Utilities,Furnish & Install Optical Fiber Cabling,FO,39
1917,CU320,Communications Utilities,Furnish & Install Optical Fiber Cabling,FO,39
1918,CU320,Communications Utilities,Furnish & Install Optical Fiber Cabling,FO,39
1919,CU320,Communications Utilities,Furnish & Install Optical Fiber Cabling,FO,39
1920,CU320,Communications Utilities,Furnish & Install Optical Fiber Cabling,FO,39
1921,CU320,Communications Utilities,Furnish & Install Optical Fiber Cabling,FO,39
1922,CU320,Communications Utilities,Furnish & Install Optical Fiber Cabling,FO,39
1923,CU320,Communications Utilities,Furnish & Install Optical Fiber Cabling,FO,39
1924,CU320,Communications Utilities,Furnish & Install Optical Fiber Cabling,FO,39
1925,CU320,Communications Utilities,Furnish & Install Optical Fiber Cabling,FO,39
1926,CU320,Communications Utilities,Furnish & Install Optical Fiber Cabling,FO,39
1927,CU320,Communications Utilities,Furnish & Install Optical Fiber Cabling,FO,39
1928,CU320,Communications Utilities,Furnish & Install Optical Fiber Cabling,FO,39
1929,CU320,Communications Utilities,Furnish & Install Optical Fiber Cabling,FO,39
1930,CU320,Communications Utilities,Furnish & Install Optical Fiber Cabling,FO,39
1931,CU320,Communications Utilities,Furnish & Install Optical Fiber Cabling,FO,39
1932,CU320,Communications Utilities,Furnish & Install Optical Fiber Cabling,FO,39
1933,CU320,Communications Utilities,Furnish & Install Optical Fiber Cabling,FO,39
1934,CU320,Communications Utilities,Furnish & Install Optical Fiber Cabling,FO,39
1935,CU320,Communications Utilities,Furnish & Install Optical Fiber Cabling,FO,39
1984,CG452,Utilities,Furnish & Install Fire Hydrants and Fire Department Connections,FH,23
1985,CG452,Utilities,Furnish & Install Fire Hydrants and Fire Department Connections,FH,23
1986,CG452,Utilities,Furnish & Install Fire Hydrants and Fire Department Connections,FH,23
1987,CG452,Utilities,Furnish & Install Fire Hydrants and Fire Department Connections,FH,23
1988,CG452,Utilities,Furnish & Install Fire Hydrants and Fire Department Connections,FH,23
1989,CG452,Utilities,Furnish & Install Fire Hydrants and Fire Department Connections,FH,23
1990,CG452,Utilities,Furnish & Install Fire Hydrants and Fire Department Connections,FH,23
1991,CG452,Utilities,Furnish & Install Fire Hydrants and Fire Department Connections,FH,23
1992,CG452,Utilities,Furnish & Install Fire Hydrants and Fire Department Connections,FH,23
1993,CG452,Utilities,Furnish & Install Fire Hydrants and Fire Department Connections,FH,23
1994,CG452,Utilities,Furnish & Install Fire Hydrants and Fire Department Connections,FH,23
1995,CG452,Utilities,Furnish & Install Fire Hydrants and Fire Department Connections,FH,23
1996,CG452,Utilities,Furnish & Install Fire Hydrants and Fire Department Connections,FH,23
1997,CG452,Utilities,Furnish & Install Fire Hydrants and Fire Department Connections,FH,23
1998,CG452,Utilities,Furnish & Install Fire Hydrants and Fire Department Connections,FH,23
1999,CG452,Utilities,Furnish & Install Fire Hydrants and Fire Department Connections,FH,23
2000,CG452,Utilities,Furnish & Install Fire Hydrants and Fire Department Connections,FH,23
2001,CG452,Utilities,Furnish & Install Fire Hydrants and Fire Department Connections,FH,23
2005,CG452,Utilities,Furnish & Install 8-Inch Storm Drain Pipe,> 8''SD,153
2006,CG452,Utilities,Furnish & Install 8-Inch Storm Drain Pipe,> 8''SD,153
2007,CG452,Utilities,Furnish & Install 8-Inch Storm Drain Pipe,> 8''SD,153
2008,CG452,Utilities,Furnish & Install 8-Inch Storm Drain Pipe,> 8''SD,153
2009,CG452,Utilities,Furnish & Install 8-Inch Storm Drain Pipe,> 8''SD,153
2010,CG452,Utilities,Furnish & Install 8-Inch Storm Drain Pipe,> 8''SD,153
2011,CG452,Utilities,Furnish & Install 8-Inch Storm Drain Pipe,> 8''SD,153
2012,CG452,Utilities,Furnish & Install 8-Inch Storm Drain Pipe,> 8''SD,153
2013,CG452,Utilities,Furnish & Install 8-Inch Storm Drain Pipe,> 8''SD,153
2014,CG452,Utilities,Furnish & Install 8-Inch Storm Drain Pipe,> 8''SD,153
2015,CG452,Utilities,Furnish & Install 8-Inch Storm Drain Pipe,> 8''SD,153
2016,CG452,Utilities,Furnish & Install 8-Inch Storm Drain Pipe,> 8''SD,153
2017,CG452,Utilities,Furnish & Install 8-Inch Storm Drain Pipe,> 8''SD,153
2018,CG452,Utilities,Furnish & Install 8-Inch Storm Drain Pipe,> 8''SD,153
2019,CG452,Utilities,Furnish & Install 8-Inch Storm Drain Pipe,> 8''SD,153
2020,CG452,Utilities,Furnish & Install 8-Inch Storm Drain Pipe,> 8''SD,153
2021,CG452,Utilities,Furnish & Install 8-Inch Storm Drain Pipe,> 8''SD,153
2022,CG452,Utilities,Furnish & Install 8-Inch Storm Drain Pipe,> 8''SD,153
2023,CG452,Utilities,Furnish & Install 8-Inch Storm Drain Pipe,> 8''SD,153
2024,CG452,Utilities,Furnish & Install 8-Inch Storm Drain Pipe,> 8''SD,153
2025,CG452,Utilities,Furnish & Install 8-Inch Storm Drain Pipe,> 8''SD,153
2026,CG452,Utilities,Furnish & Install 8-Inch Storm Drain Pipe,> 8''SD,153
2027,CG452,Utilities,Furnish & Install 8-Inch Storm Drain Pipe,> 8''SD,153
2028,CG452,Utilities,Furnish & Install 8-Inch Storm Drain Pipe,> 8''SD,153
2029,CG452,Utilities,Furnish & Install 8-Inch Storm Drain Pipe,> 8''SD,153
2030,CG452,Utilities,Furnish & Install 8-Inch Storm Drain Pipe,> 8''SD,153
2031,CG452,Utilities,Furnish & Install 8-Inch Storm Drain Pipe,> 8''SD,153
2032,CG452,Utilities,Furnish & Install 8-Inch Storm Drain Pipe,> 8''SD,153
2033,CG452,Utilities,Furnish & Install 8-Inch Storm Drain Pipe,> 8''SD,153
2034,CG452,Utilities,Furnish & Install 8-Inch Storm Drain Pipe,> 8''SD,153
2035,CG452,Utilities,Furnish & Install 8-Inch Storm Drain Pipe,> 8''SD,153
2036,CG452,Utilities,Furnish & Install 8-Inch Storm Drain Pipe,> 8''SD,153
2037,CG452,Utilities,Furnish & Install 8-Inch Storm Drain Pipe,> 8''SD,153
2038,CG452,Utilities,Furnish & Install 8-Inch Storm Drain Pipe,> 8''SD,153
2039,CG452,Utilities,Furnish & Install 8-Inch Storm Drain Pipe,> 8''SD,153
2040,CG452,Utilities,Furnish & Install 8-Inch Storm Drain Pipe,> 8''SD,153
2041,CG452,Utilities,Furnish & Install 8-Inch Storm Drain Pipe,> 8''SD,153
2042,CG452,Utilities,Furnish & Install 8-Inch Storm Drain Pipe,> 8''SD,153
2043,CG452,Utilities,Furnish & Install 8-Inch Storm Drain Pipe,> 8''SD,153
2044,CG452,Utilities,Furnish & Install 8-Inch Storm Drain Pipe,> 8''SD,153
2045,CG452,Utilities,Furnish & Install 8-Inch Storm Drain Pipe,> 8''SD,153
2046,CG452,Utilities,Furnish & Install 8-Inch Storm Drain Pipe,> 8''SD,153
2047,CG452,Utilities,Furnish & Install 8-Inch Storm Drain Pipe,> 8''SD,153
2048,CG452,Utilities,Furnish & Install 8-Inch Storm Drain Pipe,> 8''SD,153
2049,CG452,Utilities,Furnish & Install 8-Inch Storm Drain Pipe,> 8''SD,153
2050,CG452,Utilities,Furnish & Install 8-Inch Storm Drain Pipe,> 8''SD,153
2051,CG452,Utilities,Furnish & Install 8-Inch Storm Drain Pipe,> 8''SD,153
2052,CG452,Utilities,Furnish & Install 8-Inch Storm Drain Pipe,> 8''SD,153
2053,CG452,Utilities,Furnish & Install 8-Inch Storm Drain Pipe,> 8''SD,153
2054,CG452,Utilities,Furnish & Install 8-Inch Storm Drain Pipe,> 8''SD,153
2055,CG452,Utilities,Furnish & Install 8-Inch Storm Drain Pipe,> 8''SD,153
2056,CG452,Utilities,Furnish & Install 8-Inch Storm Drain Pipe,> 8''SD,153
2057,CG452,Utilities,Furnish & Install 8-Inch Storm Drain Pipe,> 8''SD,153
2058,CG452,Utilities,Furnish & Install 8-Inch Storm Drain Pipe,> 8''SD,153
2059,CG452,Utilities,Furnish & Install 8-Inch Storm Drain Pipe,> 8''SD,153
2060,CG452,Utilities,Furnish & Install 8-Inch Storm Drain Pipe,> 8''SD,153
2061,CG452,Utilities,Furnish & Install 8-Inch Storm Drain Pipe,> 8''SD,153
2062,CG452,Utilities,Furnish & Install 8-Inch Storm Drain Pipe,> 8''SD,153
2063,CG452,Utilities,Furnish & Install 8-Inch Storm Drain Pipe,> 8''SD,153
2064,CG452,Utilities,Furnish & Install 8-Inch Storm Drain Pipe,> 8''SD,153
2065,CG452,Utilities,Furnish & Install 8-Inch Storm Drain Pipe,> 8''SD,153
2066,CG452,Utilities,Furnish & Install 8-Inch Storm Drain Pipe,> 8''SD,153
2067,CG452,Utilities,Furnish & Install 8-Inch Storm Drain Pipe,> 8''SD,153
2068,CG452,Utilities,Furnish & Install 8-Inch Storm Drain Pipe,> 8''SD,153
2069,CG452,Utilities,Furnish & Install 8-Inch Storm Drain Pipe,> 8''SD,153
2070,CG452,Utilities,Furnish & Install 8-Inch Storm Drain Pipe,> 8''SD,153
2071,CG452,Utilities,Furnish & Install 8-Inch Storm Drain Pipe,> 8''SD,153
2072,CG452,Utilities,Furnish & Install 8-Inch Storm Drain Pipe,> 8''SD,153
2073,CG452,Utilities,Furnish & Install 8-Inch Storm Drain Pipe,> 8''SD,153
2074,CG452,Utilities,Furnish & Install 8-Inch Storm Drain Pipe,> 8''SD,153
2075,CG452,Utilities,Furnish & Install 8-Inch Storm Drain Pipe,> 8''SD,153
2076,CG452,Utilities,Furnish & Install 8-Inch Storm Drain Pipe,> 8''SD,153
2077,CG452,Utilities,Furnish & Install 8-Inch Storm Drain Pipe,> 8''SD,153
2078,CG452,Utilities,Furnish & Install 8-Inch Storm Drain Pipe,> 8''SD,153
2079,CG452,Utilities,Furnish & Install 8-Inch Storm Drain Pipe,> 8''SD,153
2080,CG452,Utilities,Furnish & Install 8-Inch Storm Drain Pipe,> 8''SD,153
2081,CG452,Utilities,Furnish & Install 8-Inch Storm Drain Pipe,> 8''SD,153
2082,CG452,Utilities,Furnish & Install 8-Inch Storm Drain Pipe,> 8''SD,153
2083,CG452,Utilities,Furnish & Install 8-Inch Storm Drain Pipe,> 8''SD,153
2084,CG452,Utilities,Furnish & Install 8-Inch Storm Drain Pipe,> 8''SD,153
2085,CG452,Utilities,Furnish & Install 8-Inch Storm Drain Pipe,> 8''SD,153
2086,CG452,Utilities,Furnish & Install 8-Inch Storm Drain Pipe,> 8''SD,153
2087,CG452,Utilities,Furnish & Install 8-Inch Storm Drain Pipe,> 8''SD,153
2088,CG452,Utilities,Furnish & Install 8-Inch Storm Drain Pipe,> 8''SD,153
2089,CG452,Utilities,Furnish & Install 8-Inch Storm Drain Pipe,> 8''SD,153
2090,CG452,Utilities,Furnish & Install 8-Inch Storm Drain Pipe,> 8''SD,153
2091,CG452,Utilities,Furnish & Install 8-Inch Storm Drain Pipe,> 8''SD,153
2092,CG452,Utilities,Furnish & Install 10-Inch Storm Drain Pipe,> 10''SD,39
2093,CG452,Utilities,Furnish & Install 10-Inch Storm Drain Pipe,> 10''SD,39
2094,CG452,Utilities,Furnish & Install 10-Inch Storm Drain Pipe,> 10''SD,39
2095,CG452,Utilities,Furnish & Install 10-Inch Storm Drain Pipe,> 10''SD,39
2096,CG452,Utilities,Furnish & Install 10-Inch Storm Drain Pipe,> 10''SD,39
2097,CG452,Utilities,Furnish & Install 10-Inch Storm Drain Pipe,> 10''SD,39
2098,CG452,Utilities,Furnish & Install 10-Inch Storm Drain Pipe,> 10''SD,39
2099,CG452,Utilities,Furnish & Install 10-Inch Storm Drain Pipe,> 10''SD,39
2100,CG452,Utilities,Furnish & Install 10-Inch Storm Drain Pipe,> 10''SD,39
2101,CG452,Utilities,Furnish & Install 10-Inch Storm Drain Pipe,> 10''SD,39
2102,CG452,Utilities,Furnish & Install 10-Inch Storm Drain Pipe,> 10''SD,39
2103,CG452,Utilities,Furnish & Install 10-Inch Storm Drain Pipe,> 10''SD,39
2104,CG452,Utilities,Furnish & Install 10-Inch Storm Drain Pipe,10''SD,27
2105,CG452,Utilities,Furnish & Install 10-Inch Storm Drain Pipe,10''SD,27
2106,CG452,Utilities,Furnish & Install 10-Inch Storm Drain Pipe,10''SD,27
2107,CG452,Utilities,Furnish & Install 10-Inch Storm Drain Pipe,10''SD,27
2108,CG452,Utilities,Furnish & Install 10-Inch Storm Drain Pipe,> 10''SD,39
2109,CG452,Utilities,Furnish & Install 10-Inch Storm Drain Pipe,> 10''SD,39
2110,CG452,Utilities,Furnish & Install 10-Inch Storm Drain Pipe,10''SD,27
2111,CG452,Utilities,Furnish & Install 10-Inch Storm Drain Pipe,10''SD,27
2112,CG452,Utilities,Furnish & Install 10-Inch Storm Drain Pipe,10''SD,27
2113,CG452,Utilities,Furnish & Install 10-Inch Storm Drain Pipe,10''SD,27
2114,CG452,Utilities,Furnish & Install 10-Inch Storm Drain Pipe,10''SD,27
2115,CG452,Utilities,Furnish & Install 10-Inch Storm Drain Pipe,10''SD,27
2116,CG452,Utilities,Furnish & Install 10-Inch Storm Drain Pipe,10''SD,27
2117,CG452,Utilities,Furnish & Install 10-Inch Storm Drain Pipe,10''SD,27
2118,CG452,Utilities,Furnish & Install 10-Inch Storm Drain Pipe,> 10''SD,39
2119,CG452,Utilities,Furnish & Install 10-Inch Storm Drain Pipe,> 10''SD,39
2120,CG452,Utilities,Furnish & Install 10-Inch Storm Drain Pipe,10''SD,27
2121,CG452,Utilities,Furnish & Install 10-Inch Storm Drain Pipe,10''SD,27
2122,CG452,Utilities,Furnish & Install 10-Inch Storm Drain Pipe,10''SD,27
2123,CG452,Utilities,Furnish & Install 10-Inch Storm Drain Pipe,10''SD,27
2124,CG452,Utilities,Furnish & Install 10-Inch Storm Drain Pipe,10''SD,27
2125,CG452,Utilities,Furnish & Install 10-Inch Storm Drain Pipe,10''SD,27
2126,CG452,Utilities,Furnish & Install 10-Inch Storm Drain Pipe,10''SD,27
2127,CG452,Utilities,Furnish & Install 10-Inch Storm Drain Pipe,> 10''SD,39
2128,CG452,Utilities,Furnish & Install 10-Inch Storm Drain Pipe,> 10''SD,39
2129,CG452,Utilities,Furnish & Install 10-Inch Storm Drain Pipe,10''SD,27
2130,CG452,Utilities,Furnish & Install 10-Inch Storm Drain Pipe,10''SD,27
2131,CG452,Utilities,Furnish & Install 10-Inch Storm Drain Pipe,10''SD,27
2132,CG452,Utilities,Furnish & Install 10-Inch Storm Drain Pipe,10''SD,27
2133,CG452,Utilities,Furnish & Install 12-Inch Storm Drain Pipe,> 12''SD,63
2134,CG452,Utilities,Furnish & Install 12-Inch Storm Drain Pipe,> 12''SD,63
2135,CG452,Utilities,Furnish & Install 12-Inch Storm Drain Pipe,> 12''SD,63
2136,CG452,Utilities,Furnish & Install 12-Inch Storm Drain Pipe,> 12''SD,63
2137,CG452,Utilities,Furnish & Install 12-Inch Storm Drain Pipe,> 12''SD,63
2138,CG452,Utilities,Furnish & Install 12-Inch Storm Drain Pipe,> 12''SD,63
2139,CG452,Utilities,Furnish & Install 12-Inch Storm Drain Pipe,> 12''SD,63
2140,CG452,Utilities,Furnish & Install 12-Inch Storm Drain Pipe,> 12''SD,63
2141,CG452,Utilities,Furnish & Install 12-Inch Storm Drain Pipe,> 12''SD,63
2142,CG452,Utilities,Furnish & Install 12-Inch Storm Drain Pipe,> 12''SD,63
2143,CG452,Utilities,Furnish & Install 12-Inch Storm Drain Pipe,> 12''SD,63
2144,CG452,Utilities,Furnish & Install 12-Inch Storm Drain Pipe,> 12''SD,63
2145,CG452,Utilities,Furnish & Install 12-Inch Storm Drain Pipe,> 12''SD,63
2146,CG452,Utilities,Furnish & Install 12-Inch Storm Drain Pipe,> 12''SD,63
2147,CG452,Utilities,Furnish & Install 12-Inch Storm Drain Pipe,> 12''SD,63
2148,CG452,Utilities,Furnish & Install 12-Inch Storm Drain Pipe,> 12''SD,63
2149,CG452,Utilities,Furnish & Install 12-Inch Storm Drain Pipe,> 12''SD,63
2150,CG452,Utilities,Furnish & Install 12-Inch Storm Drain Pipe,> 12''SD,63
2151,CG452,Utilities,Furnish & Install 12-Inch Storm Drain Pipe,> 12''SD,63
2152,CG452,Utilities,Furnish & Install 12-Inch Storm Drain Pipe,> 12''SD,63
2153,CG452,Utilities,Furnish & Install 12-Inch Storm Drain Pipe,12''SD,34
2154,CG452,Utilities,Furnish & Install 12-Inch Storm Drain Pipe,12''SD,34
2155,CG452,Utilities,Furnish & Install 12-Inch Storm Drain Pipe,12''SD,34
2156,CG452,Utilities,Furnish & Install 12-Inch Storm Drain Pipe,> 12''SD,63
2157,CG452,Utilities,Furnish & Install 12-Inch Storm Drain Pipe,> 12''SD,63
2158,CG452,Utilities,Furnish & Install 12-Inch Storm Drain Pipe,> 12''SD,63
2159,CG452,Utilities,Furnish & Install 12-Inch Storm Drain Pipe,> 12''SD,63
2160,CG452,Utilities,Furnish & Install 12-Inch Storm Drain Pipe,> 12''SD,63
2161,CG452,Utilities,Furnish & Install 12-Inch Storm Drain Pipe,12''SD,34
2162,CG452,Utilities,Furnish & Install 12-Inch Storm Drain Pipe,12''SD,34
2163,CG452,Utilities,Furnish & Install 12-Inch Storm Drain Pipe,12''SD,34
2164,CG452,Utilities,Furnish & Install 12-Inch Storm Drain Pipe,12''SD,34
2165,CG452,Utilities,Furnish & Install 12-Inch Storm Drain Pipe,> 12''SD,63
2166,CG452,Utilities,Furnish & Install 12-Inch Storm Drain Pipe,12''SD,34
2167,CG452,Utilities,Furnish & Install 12-Inch Storm Drain Pipe,12''SD,34
2168,CG452,Utilities,Furnish & Install 12-Inch Storm Drain Pipe,> 12''SD,63
2169,CG452,Utilities,Furnish & Install 12-Inch Storm Drain Pipe,12''SD,34
2170,CG452,Utilities,Furnish & Install 12-Inch Storm Drain Pipe,12''SD,34
2171,CG452,Utilities,Furnish & Install 12-Inch Storm Drain Pipe,12''SD,34
2172,CG452,Utilities,Furnish & Install 12-Inch Storm Drain Pipe,12''SD,34
2173,CG452,Utilities,Furnish & Install 12-Inch Storm Drain Pipe,> 12''SD,63
2174,CG452,Utilities,Furnish & Install 12-Inch Storm Drain Pipe,12''SD,34
2175,CG452,Utilities,Furnish & Install 12-Inch Storm Drain Pipe,12''SD,34
2176,CG452,Utilities,Furnish & Install 12-Inch Storm Drain Pipe,> 12''SD,63
2177,CG452,Utilities,Furnish & Install 12-Inch Storm Drain Pipe,12''SD,34
2178,CG452,Utilities,Furnish & Install 12-Inch Storm Drain Pipe,12''SD,34
2179,CG452,Utilities,Furnish & Install 12-Inch Storm Drain Pipe,12''SD,34
2180,CG452,Utilities,Furnish & Install 12-Inch Storm Drain Pipe,12''SD,34
2181,CG452,Utilities,Furnish & Install 12-Inch Storm Drain Pipe,> 12''SD,63
2182,CG452,Utilities,Furnish & Install 12-Inch Storm Drain Pipe,12''SD,34
2183,CG452,Utilities,Furnish & Install 12-Inch Storm Drain Pipe,12''SD,34
2184,CG452,Utilities,Furnish & Install 12-Inch Storm Drain Pipe,> 12''SD,63
2185,CG452,Utilities,Furnish & Install 15-Inch Storm Drain Pipe,15''SD,53
2186,CG452,Utilities,Furnish & Install 15-Inch Storm Drain Pipe,15''SD,53
2187,CG452,Utilities,Furnish & Install 15-Inch Storm Drain Pipe,15''SD,53
2188,CG452,Utilities,Furnish & Install 15-Inch Storm Drain Pipe,15''SD,53
2189,CG452,Utilities,Furnish & Install 15-Inch Storm Drain Pipe,15''SD,53
2190,CG452,Utilities,Furnish & Install 15-Inch Storm Drain Pipe,15''SD,53
2191,CG452,Utilities,Furnish & Install 15-Inch Storm Drain Pipe,15''SD,53
2192,CG452,Utilities,Furnish & Install 15-Inch Storm Drain Pipe,15''SD,53
2193,CG452,Utilities,Furnish & Install 15-Inch Storm Drain Pipe,15''SD,53
2194,CG452,Utilities,Furnish & Install 15-Inch Storm Drain Pipe,15''SD,53
2195,CG452,Utilities,Furnish & Install 15-Inch Storm Drain Pipe,15''SD,53
2199,CG452,Utilities,Furnish & Install 15-Inch Storm Drain Pipe,15''SD,53
2200,CG452,Utilities,Furnish & Install 15-Inch Storm Drain Pipe,15''SD,53
2201,CG452,Utilities,Furnish & Install 15-Inch Storm Drain Pipe,15''SD,53
2203,CG452,Utilities,Furnish & Install 15-Inch Storm Drain Pipe,15''SD,53
2204,CG452,Utilities,Furnish & Install 15-Inch Storm Drain Pipe,15''SD,53
2206,CG452,Utilities,Furnish & Install 15-Inch Storm Drain Pipe,15''SD,53
2207,CG452,Utilities,Furnish & Install 15-Inch Storm Drain Pipe,15''SD,53
2209,CG452,Utilities,Furnish & Install 15-Inch Storm Drain Pipe,15''SD,53
2226,CG452,Fire Suppression,Furnish & Install — Fire Department Connections (FDC),FDC,71
2227,CG452,Fire Suppression,Furnish & Install — Fire Department Connections (FDC),FDC,71
2228,CG452,Fire Suppression,Furnish & Install — Fire Department Connections (FDC),FDC,71
2229,CG452,Fire Suppression,Furnish & Install — Fire Department Connections (FDC),FDC,71
2230,CG452,Fire Suppression,Furnish & Install — Fire Department Connections (FDC),FDC,71
2231,CG452,Fire Suppression,Furnish & Install — Fire Department Connections (FDC),FDC,71
2232,CG452,Fire Suppression,Furnish & Install — Fire Department Connections (FDC),FDC,71
2233,CG452,Fire Suppression,Furnish & Install — Fire Department Connections (FDC),FDC,71
2234,CG452,Fire Suppression,Furnish & Install — Fire Department Connections (FDC),FDC,71
2235,CG452,Fire Suppression,Furnish & Install — Fire Department Connections (FDC),FDC,71
2236,CG452,Fire Suppression,Furnish & Install — Fire Department Connections (FDC),FDC,71
2237,CG452,Fire Suppression,Furnish & Install — Fire Department Connections (FDC),FDC,71
2238,CG452,Fire Suppression,Furnish & Install — Fire Department Connections (FDC),FDC,71
2239,CG452,Fire Suppression,Furnish & Install — Fire Department Connections (FDC),FDC,71
2240,CG452,Fire Suppression,Furnish & Install — Fire Department Connections (FDC),FDC,71
2241,CG452,Fire Suppression,Furnish & Install — Fire Department Connections (FDC),FDC,71
2242,CG452,Fire Suppression,Furnish & Install — Fire Department Connections (FDC),FDC,71
2243,CG452,Fire Suppression,Furnish & Install — Fire Department Connections (FDC),FDC,71
2244,CG452,Fire Suppression,Furnish & Install — Fire Department Connections (FDC),FDC,71
2245,CG452,Fire Suppression,Furnish & Install — Fire Department Connections (FDC),FDC,71
2246,CG452,Fire Suppression,Furnish & Install — Fire Department Connections (FDC),FDC,71
2247,CG452,Fire Suppression,Furnish & Install — Fire Department Connections (FDC),FDC,71
2248,CG452,Fire Suppression,Furnish & Install — Fire Department Connections (FDC),FDC,71
2249,CG452,Fire Suppression,Furnish & Install — Fire Department Connections (FDC),FDC,71
2250,CG452,Fire Suppression,Furnish & Install — Fire Department Connections (FDC),FDC,71
2251,CG452,Fire Suppression,Furnish & Install — Fire Department Connections (FDC),FDC,71
2252,CG452,Fire Suppression,Furnish & Install — Fire Department Connections (FDC),FDC,71
2253,CG452,Fire Suppression,Furnish & Install — Fire Department Connections (FDC),FDC,71
2254,CG452,Fire Suppression,Furnish & Install — Fire Department Connections (FDC),FDC,71
2255,CG452,Fire Suppression,Furnish & Install — Fire Department Connections (FDC),FDC,71
2256,CG452,Fire Suppression,Furnish & Install — Fire Department Connections (FDC),FDC,71
2257,CG452,Fire Suppression,Furnish & Install — Fire Department Connections (FDC),FDC,71
2258,CG452,Fire Suppression,Furnish & Install — Fire Department Connections (FDC),FDC,71
2259,CG452,Fire Suppression,Furnish & Install — Fire Department Connections (FDC),FDC,71
2260,CG452,Fire Suppression,Furnish & Install — Fire Department Connections (FDC),FDC,71
2261,CG452,Fire Suppression,Furnish & Install — Fire Department Connections (FDC),FDC,71
2262,CG452,Fire Suppression,Furnish & Install — Fire Department Connections (FDC),FDC,71
2263,CG452,Fire Suppression,Furnish & Install — Fire Department Connections (FDC),FDC,71
2264,CG452,Fire Suppression,Furnish & Install — Fire Department Connections (FDC),FDC,71
2265,CG452,Fire Suppression,Furnish & Install — Fire Department Connections (FDC),FDC,71
2266,CG452,Fire Suppression,Furnish & Install — Fire Department Connections (FDC),FDC,71
2267,CG452,Fire Suppression,Furnish & Install — Fire Department Connections (FDC),FDC,71
2268,CG452,Fire Suppression,Furnish & Install — Fire Department Connections (FDC),FDC,71
2269,CG452,Fire Suppression,Furnish & Install — Fire Department Connections (FDC),FDC,71
2270,CG452,Fire Suppression,Furnish & Install — Fire Department Connections (FDC),FDC,71
2271,CG452,Fire Suppression,Furnish & Install — Fire Department Connections (FDC),FDC,71
2272,CG452,Fire Suppression,Furnish & Install — Fire Department Connections (FDC),FDC,71
2273,CG452,Fire Suppression,Furnish & Install — Fire Department Connections (FDC),FDC,71
2274,CG452,Fire Suppression,Furnish & Install — Fire Department Connections (FDC),FDC,71
2275,CG452,Fire Suppression,Furnish & Install — Fire Department Connections (FDC),FDC,71
2276,CG452,Fire Suppression,Furnish & Install — Fire Department Connections (FDC),FDC,71
2277,CG452,Fire Suppression,Furnish & Install — Fire Department Connections (FDC),FDC,71
2278,CG452,Fire Suppression,Furnish & Install — Fire Department Connections (FDC),FDC,71
2279,CG452,Fire Suppression,Furnish & Install — Fire Department Connections (FDC),FDC,71
2280,CG452,Fire Suppression,Furnish & Install — Fire Department Connections (FDC),FDC,71
2281,CG452,Fire Suppression,Furnish & Install — Fire Department Connections (FDC),FDC,71
2282,CG452,Electrical,Furnish & Install Emergency System Components,EM,35
2283,CG452,Electrical,Furnish & Install Emergency System Components,EM,35
2284,CG452,Electrical,Furnish & Install Emergency System Components,EM,35
2285,CG452,Electrical,Furnish & Install Emergency System Components,EM,35
2286,CG452,Electrical,Furnish & Install Emergency System Components,EM,35
2287,CG452,Electrical,Furnish & Install Emergency System Components,EM,35
2288,CG452,Electrical,Furnish & Install Emergency System Components,EM,35
2289,CG452,Electrical,Furnish & Install Emergency System Components,EM,35
2290,CG452,Electrical,Furnish & Install Emergency System Components,EM,35
2291,CG452,Electrical,Furnish & Install Emergency System Components,EM,35
2292,CG452,Electrical,Furnish & Install Emergency System Components,EM,35
2293,CG452,Electrical,Furnish & Install Emergency System Components,EM,35
2294,CG452,Electrical,Furnish & Install Emergency System Components,EM,35
2295,CG452,Electrical,Furnish & Install Emergency System Components,EM,35
2296,CG452,Electrical,Furnish & Install Emergency System Components,EM,35
2297,CG452,Electrical,Furnish & Install Emergency System Components,EM,35
2298,CG452,Electrical,Furnish & Install Emergency System Components,EM,35
2299,CG452,Electrical,Furnish & Install Emergency System Components,EM,35
2300,CG452,Electrical,Furnish & Install Emergency System Components,EM,35
2301,CG452,Electrical,Furnish & Install Emergency System Components,EM,35
2302,CG452,Electrical,Furnish & Install Emergency System Components,EM,35
2303,CG452,Electrical,Furnish & Install Emergency System Components,EM,35
2304,CG452,Electrical,Furnish & Install Emergency System Components,EM,35
2305,CG452,Electrical,Furnish & Install Emergency System Components,EM,35
2306,CG452,Electrical,Furnish & Install Emergency System Components,EM,35
2307,CG452,Electrical,Furnish & Install Emergency System Components,EM,35
2311,LP101,Landscaping,Furnish & Install Shrubs,Vn,20
2312,LP101,Landscaping,Furnish & Install Shrubs,Ec,29
2313,LP101,Landscaping,Furnish & Install Shrubs,Ec,29
2314,LP101,Landscaping,Furnish & Install Shrubs,Ec,29
2315,LP101,Landscaping,Furnish & Install Shrubs,Ec,29
2316,LP101,Landscaping,Furnish & Install Shrubs,Ec,29
2317,LP101,Landscaping,Furnish & Install Shrubs,Ec,29
2318,LP101,Landscaping,Furnish & Install Shrubs,Ec,29
2319,LP101,Landscaping,Furnish & Install Shrubs,Ec,29
2320,LP101,Landscaping,Furnish & Install Shrubs,Ec,29
2321,LP101,Landscaping,Furnish & Install Shrubs,Ec,29
2322,LP101,Landscaping,Furnish & Install Shrubs,Sy,26
2323,LP101,Landscaping,Furnish & Install Shrubs,Sy,26
2324,LP101,Landscaping,Furnish & Install Shrubs,Sy,26
2325,LP101,Landscaping,Furnish & Install Shrubs,Sy,26
2326,LP101,Landscaping,Furnish & Install Shrubs,Sy,26
2327,LP101,Landscaping,Furnish & Install Shrubs,Sy,26
2328,LP101,Landscaping,Furnish & Install Shrubs,Sy,26
2329,LP101,Landscaping,Furnish & Install Shrubs,Sy,26
2330,LP101,Landscaping,Furnish & Install Shrubs,Sy,26
2331,LP101,Landscaping,Furnish & Install Shrubs,Sy,26
2332,LP101,Landscaping,Furnish & Install Shrubs,St,78
2333,LP101,Landscaping,Furnish & Install Shrubs,St,78
2334,LP101,Landscaping,Furnish & Install Shrubs,St,78
2335,LP101,Landscaping,Furnish & Install Shrubs,St,78
2336,LP101,Landscaping,Furnish & Install Shrubs,St,78
2337,LP101,Landscaping,Furnish & Install Shrubs,St,78
2338,LP101,Landscaping,Furnish & Install Shrubs,St,78
2339,LP101,Landscaping,Furnish & Install Shrubs,St,78
2340,LP101,Landscaping,Furnish & Install Shrubs,St,78
2341,LP101,Landscaping,Furnish & Install Shrubs,St,78
2342,LP101,Landscaping,Furnish & Install Shrubs,St,78
2343,LP101,Landscaping,Furnish & Install Shrubs,St,78
2344,LP101,Landscaping,Furnish & Install Shrubs,St,78
2345,LP101,Landscaping,Furnish & Install Shrubs,St,78
2346,LP101,Landscaping,Furnish & Install Shrubs,St,78
2347,LP101,Landscaping,Furnish & Install Shrubs,Hr,196
2348,LP101,Landscaping,Furnish & Install Shrubs,Hr,196
2349,LP101,Landscaping,Furnish & Install Shrubs,Hr,196
2350,LP101,Landscaping,Furnish & Install Shrubs,Hr,196
2351,LP101,Landscaping,Furnish & Install Shrubs,Hr,196
2352,LP101,Landscaping,Furnish & Install Shrubs,Hr,196
2353,LP101,Landscaping,Furnish & Install Shrubs,Hr,196
2354,LP101,Landscaping,Furnish & Install Shrubs,Hr,196
2355,LP101,Landscaping,Furnish & Install Shrubs,Hr,196
2356,LP101,Landscaping,Furnish & Install Shrubs,Hr,196
2357,LP101,Landscaping,Furnish & Install Shrubs,Pd,93
2358,LP101,Landscaping,Furnish & Install Shrubs,Pd,93
2359,LP101,Landscaping,Furnish & Install Shrubs,Pd,93
2360,LP101,Landscaping,Furnish & Install Shrubs,Pd,93
2361,LP101,Landscaping,Furnish & Install Shrubs,Pd,93
2362,LP101,Landscaping,Furnish & Install Shrubs,Pd,93
2363,LP101,Landscaping,Furnish & Install Shrubs,Pd,93
2364,LP101,Landscaping,Furnish & Install Shrubs,Pd,93
2365,LP101,Landscaping,Furnish & Install Shrubs,Pd,93
2366,LP101,Landscaping,Furnish & Install Shrubs,Pd,93
2367,LP101,Landscaping,Furnish & Install Shrubs,Pd,93
2371,LP101,Landscaping,Furnish & Install Shrubs,Ec,29
2372,LP101,Landscaping,Furnish & Install Shrubs,Ec,29
2373,LP101,Landscaping,Furnish & Install Shrubs,Ec,29
2374,LP101,Landscaping,Furnish & Install Shrubs,Ec,29
2375,LP101,Landscaping,Furnish & Install Shrubs,Ec,29
2376,LP101,Landscaping,Furnish & Install Shrubs,Ec,29
2377,LP101,Landscaping,Furnish & Install Shrubs,Ec,29
2378,LP101,Landscaping,Furnish & Install Shrubs,Ec,29
2379,LP101,Landscaping,Furnish & Install Shrubs,Ec,29
2380,LP101,Landscaping,Furnish & Install Shrubs,Ec,29
2382,LP101,Landscaping,Furnish & Install Shrubs,Pl,44
2383,LP101,Landscaping,Furnish & Install Shrubs,Pl,44
2384,LP101,Landscaping,Furnish & Install Shrubs,Pl,44
2385,LP101,Landscaping,Furnish & Install Shrubs,Pl,44
2386,LP101,Landscaping,Furnish & Install Shrubs,Pl,44
2387,LP101,Landscaping,Furnish & Install Shrubs,Pl,44
2388,LP101,Landscaping,Furnish & Install Shrubs,Pl,44
2389,LP101,Landscaping,Furnish & Install Shrubs,Hr,196
2390,LP101,Landscaping,Furnish & Install Shrubs,Hr,196
2391,LP101,Landscaping,Furnish & Install Shrubs,Hr,196
2392,LP101,Landscaping,Furnish & Install Shrubs,Hr,196
2393,LP101,Landscaping,Furnish & Install Shrubs,Hr,196
2394,LP101,Landscaping,Furnish & Install Shrubs,Hr,196
2395,LP101,Landscaping,Furnish & Install Shrubs,Hr,196
2396,LP101,Landscaping,Furnish & Install Shrubs,Hr,196
2397,LP101,Landscaping,Furnish & Install Shrubs,Hr,196
2398,LP101,Landscaping,Furnish & Install Shrubs,Hr,196
2399,LP101,Landscaping,Furnish & Install Shrubs,Hr,196
2400,LP101,Landscaping,Furnish & Install Shrubs,Hr,196
2401,LP101,Landscaping,Furnish & Install Shrubs,Hr,196
2402,LP101,Landscaping,Furnish & Install Shrubs,Hr,196
2403,LP101,Landscaping,Furnish & Install Shrubs,Hr,196
2404,LP101,Landscaping,Furnish & Install Shrubs,Hr,196
2405,LP101,Landscaping,Furnish & Install Shrubs,Hr,196
2406,LP101,Landscaping,Furnish & Install Shrubs,Hr,196
2407,LP101,Landscaping,Furnish & Install Shrubs,Hr,196
2408,LP101,Landscaping,Furnish & Install Shrubs,Hr,196
2409,LP101,Landscaping,Furnish & Install Shrubs,Hr,196
2410,LP101,Landscaping,Furnish & Install Shrubs,Hr,196
2411,LP101,Landscaping,Furnish & Install Shrubs,Hr,196
2412,LP101,Landscaping,Furnish & Install Shrubs,Hr,196
2413,LP101,Landscaping,Furnish & Install Shrubs,Hr,196
2414,LP101,Landscaping,Furnish & Install Shrubs,Hr,196
2415,LP101,Landscaping,Furnish & Install Shrubs,Hr,196
2416,LP101,Landscaping,Furnish & Install Shrubs,Hr,196
2417,LP101,Landscaping,Furnish & Install Shrubs,Hr,196
2418,LP101,Landscaping,Furnish & Install Shrubs,Hr,196
2419,LP101,Landscaping,Furnish & Install Shrubs,Hr,196
2420,LP101,Landscaping,Furnish & Install Shrubs,Hr,196
2421,LP101,Landscaping,Furnish & Install Shrubs,Hr,196
2422,LP101,Landscaping,Furnish & Install Shrubs,Hr,196
2423,LP101,Landscaping,Furnish & Install Shrubs,Hr,196
2424,LP101,Landscaping,Furnish & Install Shrubs,Hr,196
2425,LP101,Landscaping,Furnish & Install Shrubs,Hr,196
2426,LP101,Landscaping,Furnish & Install Shrubs,Hr,196
2427,LP101,Landscaping,Furnish & Install Shrubs,Pd,93
2428,LP101,Landscaping,Furnish & Install Shrubs,Pd,93
2429,LP101,Landscaping,Furnish & Install Shrubs,Pd,93
2430,LP101,Landscaping,Furnish & Install Shrubs,Pd,93
2431,LP101,Landscaping,Furnish & Install Shrubs,Pd,93
2432,LP101,Landscaping,Furnish & Install Shrubs,Pd,93
2434,LP101,Landscaping,Furnish & Install Shrubs,Pd,93
2435,LP101,Landscaping,Furnish & Install Shrubs,Pd,93
2436,LP101,Landscaping,Furnish & Install Shrubs,Pd,93
2437,LP101,Landscaping,Furnish & Install Shrubs,Pd,93
2438,LP101,Landscaping,Furnish & Install Shrubs,Pd,93
2439,LP101,Landscaping,Furnish & Install Shrubs,Pd,93
2440,LP101,Landscaping,Furnish & Install Shrubs,Td,94
2441,LP101,Landscaping,Furnish & Install Shrubs,Bl,130
2442,LP101,Landscaping,Furnish & Install Shrubs,Bl,130
2443,LP101,Landscaping,Furnish & Install Shrubs,Bl,130
2444,LP101,Landscaping,Furnish & Install Shrubs,Bl,130
2445,LP101,Landscaping,Furnish & Install Shrubs,Bl,130
2446,LP101,Landscaping,Furnish & Install Shrubs,Bl,130
2447,LP101,Landscaping,Furnish & Install Shrubs,Bl,130
2448,LP101,Landscaping,Furnish & Install Shrubs,Bl,130
2449,LP101,Landscaping,Furnish & Install Shrubs,Bl,130
2450,LP101,Landscaping,Furnish & Install Shrubs,Bl,130
2451,LP101,Landscaping,Furnish & Install Shrubs,Bl,130
2452,LP101,Landscaping,Furnish & Install Shrubs,Bl,130
2453,LP101,Landscaping,Furnish & Install Shrubs,Bl,130
2454,LP101,Landscaping,Furnish & Install Shrubs,Bl,130
2455,LP101,Landscaping,Furnish & Install Shrubs,Bl,130
2456,LP101,Landscaping,Furnish & Install Shrubs,Bl,130
2457,LP101,Landscaping,Furnish & Install Shrubs,Bl,130
2458,LP101,Landscaping,Furnish & Install Shrubs,Bl,130
2459,LP101,Landscaping,Furnish & Install Shrubs,Bl,130
2460,LP101,Landscaping,Furnish & Install Shrubs,Bl,130
2461,LP101,Landscaping,Furnish & Install Shrubs,Bl,130
2462,LP101,Landscaping,Furnish & Install Shrubs,Bl,130
2463,LP101,Landscaping,Furnish & Install Shrubs,Bl,130
2464,LP101,Landscaping,Furnish & Install Shrubs,Bl,130
2465,LP101,Landscaping,Furnish & Install Shrubs,Bl,130
2466,LP101,Landscaping,Furnish & Install Shrubs,Td,94
2467,LP101,Landscaping,Furnish & Install Shrubs,Td,94
2468,LP101,Landscaping,Furnish & Install Shrubs,Pd,93
2469,LP101,Landscaping,Furnish & Install Shrubs,Pd,93
2470,LP101,Landscaping,Furnish & Install Shrubs,Td,94
2471,LP101,Landscaping,Furnish & Install Shrubs,Td,94
2472,LP101,Landscaping,Furnish & Install Shrubs,Td,94
2473,LP101,Landscaping,Furnish & Install Shrubs,Bl,130
2474,LP101,Landscaping,Furnish & Install Shrubs,Bl,130
2475,LP101,Landscaping,Furnish & Install Shrubs,Bl,130
2476,LP101,Landscaping,Furnish & Install Shrubs,Bl,130
2477,LP101,Landscaping,Furnish & Install Shrubs,Bl,130
2478,LP101,Landscaping,Furnish & Install Shrubs,Td,94
2479,LP101,Landscaping,Furnish & Install Shrubs,Td,94
2480,LP101,Landscaping,Furnish & Install Shrubs,Td,94
2481,LP101,Landscaping,Furnish & Install Shrubs,Td,94
2482,LP101,Landscaping,Furnish & Install Shrubs,Td,94
2484,LP101,Landscaping,Furnish & Install Shrubs,Pl,44
2485,LP101,Landscaping,Furnish & Install Shrubs,Pl,44
2486,LP101,Landscaping,Furnish & Install Shrubs,Pl,44
2487,LP101,Landscaping,Furnish & Install Shrubs,Pl,44
2488,LP101,Landscaping,Furnish & Install Shrubs,Pl,44
2489,LP101,Landscaping,Furnish & Install Shrubs,Pl,44
2490,LP101,Landscaping,Furnish & Install Shrubs,Pl,44
2491,LP101,Landscaping,Furnish & Install Shrubs,Pl,44
2492,LP101,Landscaping,Furnish & Install Shrubs,Pl,44
2493,LP101,Landscaping,Furnish & Install Shrubs,Pl,44
2494,LP101,Landscaping,Furnish & Install Shrubs,Hr,196
2495,LP101,Landscaping,Furnish & Install Shrubs,Hr,196
2496,LP101,Landscaping,Furnish & Install Shrubs,Hr,196
2497,LP101,Landscaping,Furnish & Install Shrubs,Hr,196
2498,LP101,Landscaping,Furnish & Install Shrubs,Hr,196
2499,LP101,Landscaping,Furnish & Install Shrubs,Hr,196
2500,LP101,Landscaping,Furnish & Install Shrubs,Hr,196
2501,LP101,Landscaping,Furnish & Install Shrubs,Hr,196
2502,LP101,Landscaping,Furnish & Install Shrubs,Hr,196
2503,LP101,Landscaping,Furnish & Install Shrubs,Hr,196
2504,LP101,Landscaping,Furnish & Install Shrubs,Hr,196
2505,LP101,Landscaping,Furnish & Install Shrubs,Hr,196
2506,LP101,Landscaping,Furnish & Install Shrubs,Hr,196
2507,LP101,Landscaping,Furnish & Install Shrubs,Hr,196
2508,LP101,Landscaping,Furnish & Install Shrubs,Hr,196
2509,LP101,Landscaping,Furnish & Install Shrubs,Hr,196
2510,LP101,Landscaping,Furnish & Install Shrubs,Hr,196
2511,LP101,Landscaping,Furnish & Install Shrubs,Hr,196
2512,LP101,Landscaping,Furnish & Install Shrubs,Hr,196
2513,LP101,Landscaping,Furnish & Install Shrubs,Hr,196
2514,LP101,Landscaping,Furnish & Install Shrubs,Hr,196
2515,LP101,Landscaping,Furnish & Install Shrubs,Hr,196
2516,LP101,Landscaping,Furnish & Install Shrubs,Hr,196
2517,LP101,Landscaping,Furnish & Install Shrubs,Hr,196
2518,LP101,Landscaping,Furnish & Install Shrubs,Hr,196
2519,LP101,Landscaping,Furnish & Install Shrubs,Hr,196
2520,LP101,Landscaping,Furnish & Install Shrubs,Hr,196
2521,LP101,Landscaping,Furnish & Install Shrubs,Hr,196
2522,LP101,Landscaping,Furnish & Install Shrubs,Hr,196
2523,LP101,Landscaping,Furnish & Install Shrubs,Hr,196
2524,LP101,Landscaping,Furnish & Install Shrubs,Hr,196
2525,LP101,Landscaping,Furnish & Install Shrubs,Hr,196
2526,LP101,Landscaping,Furnish & Install Shrubs,Hr,196
2527,LP101,Landscaping,Furnish & Install Shrubs,Hr,196
2528,LP101,Landscaping,Furnish & Install Shrubs,Hr,196
2529,LP101,Landscaping,Furnish & Install Shrubs,Hr,196
2530,LP101,Landscaping,Furnish & Install Shrubs,Pd,93
2531,LP101,Landscaping,Furnish & Install Shrubs,Pd,93
2532,LP101,Landscaping,Furnish & Install Shrubs,Pd,93
2533,LP101,Landscaping,Furnish & Install Shrubs,Pd,93
2534,LP101,Landscaping,Furnish & Install Shrubs,Pd,93
2535,LP101,Landscaping,Furnish & Install Shrubs,Pd,93
2536,LP101,Landscaping,Furnish & Install Shrubs,Pd,93
2537,LP101,Landscaping,Furnish & Install Shrubs,Pd,93
2538,LP101,Landscaping,Furnish & Install Shrubs,Pd,93
2539,LP101,Landscaping,Furnish & Install Shrubs,Pd,93
2540,LP101,Landscaping,Furnish & Install Shrubs,Pd,93
2541,LP101,Landscaping,Furnish & Install Shrubs,Pd,93
2542,LP101,Landscaping,Furnish & Install Shrubs,Pd,93
2543,LP101,Landscaping,Furnish & Install Shrubs,Pd,93
2544,LP101,Landscaping,Furnish & Install Shrubs,Td,94
2545,LP101,Landscaping,Furnish & Install Shrubs,Td,94
2546,LP101,Landscaping,Furnish & Install Shrubs,Bl,130
2547,LP101,Landscaping,Furnish & Install Shrubs,Bl,130
2548,LP101,Landscaping,Furnish & Install Shrubs,Bl,130
2549,LP101,Landscaping,Furnish & Install Shrubs,Bl,130
2550,LP101,Landscaping,Furnish & Install Shrubs,Bl,130
2551,LP101,Landscaping,Furnish & Install Shrubs,Bl,130
2552,LP101,Landscaping,Furnish & Install Shrubs,Bl,130
2553,LP101,Landscaping,Furnish & Install Shrubs,Bl,130
2554,LP101,Landscaping,Furnish & Install Shrubs,Bl,130
2555,LP101,Landscaping,Furnish & Install Shrubs,Bl,130
2556,LP101,Landscaping,Furnish & Install Shrubs,Bl,130
2557,LP101,Landscaping,Furnish & Install Shrubs,Bl,130
2558,LP101,Landscaping,Furnish & Install Shrubs,Bl,130
2559,LP101,Landscaping,Furnish & Install Shrubs,Bl,130
2560,LP101,Landscaping,Furnish & Install Shrubs,Bl,130
2561,LP101,Landscaping,Furnish & Install Shrubs,Bl,130
2562,LP101,Landscaping,Furnish & Install Shrubs,Bl,130
2563,LP101,Landscaping,Furnish & Install Shrubs,Bl,130
2564,LP101,Landscaping,Furnish & Install Shrubs,Bl,130
2565,LP101,Landscaping,Furnish & Install Shrubs,Bl,130
2566,LP101,Landscaping,Furnish & Install Shrubs,Bl,130
2567,LP101,Landscaping,Furnish & Install Shrubs,Bl,130
2568,LP101,Landscaping,Furnish & Install Shrubs,Bl,130
2569,LP101,Landscaping,Furnish & Install Shrubs,Bl,130
2570,LP101,Landscaping,Furnish & Install Shrubs,Bl,130
2571,LP101,Landscaping,Furnish & Install Shrubs,Td,94
2572,LP101,Landscaping,Furnish & Install Shrubs,Td,94
2573,LP101,Landscaping,Furnish & Install Shrubs,Pd,93
2574,LP101,Landscaping,Furnish & Install Shrubs,Pd,93
2575,LP101,Landscaping,Furnish & Install Shrubs,Td,94
2576,LP101,Landscaping,Furnish & Install Shrubs,Td,94
2577,LP101,Landscaping,Furnish & Install Shrubs,Td,94
2578,LP101,Landscaping,Furnish & Install Shrubs,Bl,130
2579,LP101,Landscaping,Furnish & Install Shrubs,Bl,130
2580,LP101,Landscaping,Furnish & Install Shrubs,Bl,130
2581,LP101,Landscaping,Furnish & Install Shrubs,Bl,130
2582,LP101,Landscaping,Furnish & Install Shrubs,Td,94
2583,LP101,Landscaping,Furnish & Install Shrubs,Td,94
2584,LP101,Landscaping,Furnish & Install Shrubs,Td,94
2585,LP101,Landscaping,Furnish & Install Shrubs,Td,94
2586,LP101,Landscaping,Furnish & Install Shrubs,Td,94
2587,LP101,Landscaping,Furnish & Install Shrubs,Td,94
2588,LP101,Landscaping,Furnish & Install Shrubs,Td,94
2589,LP101,Landscaping,Furnish & Install Shrubs,Td,94
2590,LP101,Landscaping,Furnish & Install Shrubs,Hr,196
2591,LP101,Landscaping,Furnish & Install Shrubs,Hr,196
2592,LP101,Landscaping,Furnish & Install Shrubs,Hr,196
2593,LP101,Landscaping,Furnish & Install Shrubs,Hr,196
2594,LP101,Landscaping,Furnish & Install Shrubs,Hr,196
2595,LP101,Landscaping,Furnish & Install Shrubs,Hr,196
2596,LP101,Landscaping,Furnish & Install Shrubs,Hr,196
2597,LP101,Landscaping,Furnish & Install Shrubs,Hr,196
2598,LP101,Landscaping,Furnish & Install Shrubs,Hr,196
2599,LP101,Landscaping,Furnish & Install Shrubs,Hr,196
2600,LP101,Landscaping,Furnish & Install Shrubs,Hr,196
2601,LP101,Landscaping,Furnish & Install Shrubs,Hr,196
2602,LP101,Landscaping,Furnish & Install Shrubs,Hr,196
2603,LP101,Landscaping,Furnish & Install Shrubs,Hr,196
2604,LP101,Landscaping,Furnish & Install Shrubs,Hr,196
2605,LP101,Landscaping,Furnish & Install Shrubs,Hr,196
2606,LP101,Landscaping,Furnish & Install Shrubs,Hr,196
2607,LP101,Landscaping,Furnish & Install Shrubs,Hr,196
2608,LP101,Landscaping,Furnish & Install Shrubs,Hr,196
2609,LP101,Landscaping,Furnish & Install Shrubs,Hr,196
2610,LP101,Landscaping,Furnish & Install Shrubs,Hr,196
2611,LP101,Landscaping,Furnish & Install Shrubs,Hr,196
2612,LP101,Landscaping,Furnish & Install Shrubs,Hr,196
2613,LP101,Landscaping,Furnish & Install Shrubs,Hr,196
2614,LP101,Landscaping,Furnish & Install Shrubs,Hr,196
2615,LP101,Landscaping,Furnish & Install Shrubs,Hr,196
2616,LP101,Landscaping,Furnish & Install Shrubs,Pd,93
2617,LP101,Landscaping,Furnish & Install Shrubs,Pd,93
2618,LP101,Landscaping,Furnish & Install Shrubs,Pd,93
2619,LP101,Landscaping,Furnish & Install Shrubs,Pd,93
2620,LP101,Landscaping,Furnish & Install Shrubs,Pd,93
2621,LP101,Landscaping,Furnish & Install Shrubs,Pd,93
2622,LP101,Landscaping,Furnish & Install Shrubs,Pd,93
2623,LP101,Landscaping,Furnish & Install Shrubs,Pd,93
2624,LP101,Landscaping,Furnish & Install Shrubs,Pd,93
2625,LP101,Landscaping,Furnish & Install Shrubs,Pd,93
2626,LP101,Landscaping,Furnish & Install Shrubs,Pd,93
2627,LP101,Landscaping,Furnish & Install Shrubs,Pd,93
2628,LP101,Landscaping,Furnish & Install Shrubs,Pd,93
2629,LP101,Landscaping,Furnish & Install Shrubs,Pd,93
2630,LP101,Landscaping,Furnish & Install Shrubs,Td,94
2631,LP101,Landscaping,Furnish & Install Shrubs,Td,94
2632,LP101,Landscaping,Furnish & Install Shrubs,Td,94
2633,LP101,Landscaping,Furnish & Install Shrubs,Bl,130
2634,LP101,Landscaping,Furnish & Install Shrubs,Bl,130
2635,LP101,Landscaping,Furnish & Install Shrubs,Bl,130
2636,LP101,Landscaping,Furnish & Install Shrubs,Bl,130
2637,LP101,Landscaping,Furnish & Install Shrubs,Bl,130
2638,LP101,Landscaping,Furnish & Install Shrubs,Bl,130
2639,LP101,Landscaping,Furnish & Install Shrubs,Bl,130
2640,LP101,Landscaping,Furnish & Install Shrubs,Bl,130
2641,LP101,Landscaping,Furnish & Install Shrubs,Bl,130
2642,LP101,Landscaping,Furnish & Install Shrubs,Bl,130
2643,LP101,Landscaping,Furnish & Install Shrubs,Bl,130
2644,LP101,Landscaping,Furnish & Install Shrubs,Bl,130
2645,LP101,Landscaping,Furnish & Install Shrubs,Bl,130
2646,LP101,Landscaping,Furnish & Install Shrubs,Bl,130
2647,LP101,Landscaping,Furnish & Install Shrubs,Bl,130
2648,LP101,Landscaping,Furnish & Install Shrubs,Bl,130
2649,LP101,Landscaping,Furnish & Install Shrubs,Bl,130
2650,LP101,Landscaping,Furnish & Install Shrubs,Bl,130
2651,LP101,Landscaping,Furnish & Install Shrubs,Bl,130
2652,LP101,Landscaping,Furnish & Install Shrubs,Bl,130
2653,LP101,Landscaping,Furnish & Install Shrubs,Bl,130
2654,LP101,Landscaping,Furnish & Install Shrubs,Bl,130
2655,LP101,Landscaping,Furnish & Install Shrubs,Bl,130
2656,LP101,Landscaping,Furnish & Install Shrubs,Pd,93
2657,LP101,Landscaping,Furnish & Install Shrubs,Pd,93
2658,LP101,Landscaping,Furnish & Install Shrubs,Td,94
2659,LP101,Landscaping,Furnish & Install Shrubs,Td,94
2660,LP101,Landscaping,Furnish & Install Shrubs,Td,94
2661,LP101,Landscaping,Furnish & Install Shrubs,Bl,130
2662,LP101,Landscaping,Furnish & Install Shrubs,Bl,130
2663,LP101,Landscaping,Furnish & Install Shrubs,Bl,130
2664,LP101,Landscaping,Furnish & Install Shrubs,Bl,130
2665,LP101,Landscaping,Furnish & Install Shrubs,Td,94
2666,LP101,Landscaping,Furnish & Install Shrubs,Td,94
2667,LP101,Landscaping,Furnish & Install Shrubs,Td,94
2668,LP101,Landscaping,Furnish & Install Shrubs,Td,94
2669,LP101,Landscaping,Furnish & Install Shrubs,Td,94
2671,LP101,Landscaping,Furnish & Install Shrubs,Pl,44
2672,LP101,Landscaping,Furnish & Install Shrubs,Pl,44
2673,LP101,Landscaping,Furnish & Install Shrubs,Pl,44
2674,LP101,Landscaping,Furnish & Install Shrubs,Pl,44
2675,LP101,Landscaping,Furnish & Install Shrubs,Pl,44
2676,LP101,Landscaping,Furnish & Install Shrubs,Pl,44
2677,LP101,Landscaping,Furnish & Install Shrubs,Pl,44
2678,LP101,Landscaping,Furnish & Install Shrubs,Pl,44
2679,LP101,Landscaping,Furnish & Install Shrubs,Pl,44
2680,LP101,Landscaping,Furnish & Install Shrubs,Hr,196
2681,LP101,Landscaping,Furnish & Install Shrubs,Hr,196
2682,LP101,Landscaping,Furnish & Install Shrubs,Hr,196
2683,LP101,Landscaping,Furnish & Install Shrubs,Hr,196
2684,LP101,Landscaping,Furnish & Install Shrubs,Hr,196
2685,LP101,Landscaping,Furnish & Install Shrubs,Hr,196
2686,LP101,Landscaping,Furnish & Install Shrubs,Hr,196
2687,LP101,Landscaping,Furnish & Install Shrubs,Hr,196
2688,LP101,Landscaping,Furnish & Install Shrubs,Hr,196
2689,LP101,Landscaping,Furnish & Install Shrubs,Hr,196
2690,LP101,Landscaping,Furnish & Install Shrubs,Hr,196
2691,LP101,Landscaping,Furnish & Install Shrubs,Hr,196
2692,LP101,Landscaping,Furnish & Install Shrubs,Hr,196
2693,LP101,Landscaping,Furnish & Install Shrubs,Hr,196
2694,LP101,Landscaping,Furnish & Install Shrubs,Hr,196
2695,LP101,Landscaping,Furnish & Install Shrubs,Hr,196
2696,LP101,Landscaping,Furnish & Install Shrubs,Hr,196
2697,LP101,Landscaping,Furnish & Install Shrubs,Hr,196
2698,LP101,Landscaping,Furnish & Install Shrubs,Hr,196
2699,LP101,Landscaping,Furnish & Install Shrubs,Hr,196
2700,LP101,Landscaping,Furnish & Install Shrubs,Hr,196
2701,LP101,Landscaping,Furnish & Install Shrubs,Hr,196
2702,LP101,Landscaping,Furnish & Install Shrubs,Hr,196
2703,LP101,Landscaping,Furnish & Install Shrubs,Hr,196
2704,LP101,Landscaping,Furnish & Install Shrubs,Hr,196
2705,LP101,Landscaping,Furnish & Install Shrubs,Hr,196
2706,LP101,Landscaping,Furnish & Install Shrubs,Hr,196
2707,LP101,Landscaping,Furnish & Install Shrubs,Hr,196
2708,LP101,Landscaping,Furnish & Install Shrubs,Hr,196
2709,LP101,Landscaping,Furnish & Install Shrubs,Hr,196
2710,LP101,Landscaping,Furnish & Install Shrubs,Hr,196
2711,LP101,Landscaping,Furnish & Install Shrubs,Hr,196
2712,LP101,Landscaping,Furnish & Install Shrubs,Hr,196
2713,LP101,Landscaping,Furnish & Install Shrubs,Hr,196
2714,LP101,Landscaping,Furnish & Install Shrubs,Hr,196
2715,LP101,Landscaping,Furnish & Install Shrubs,Hr,196
2716,LP101,Landscaping,Furnish & Install Shrubs,Pd,93
2717,LP101,Landscaping,Furnish & Install Shrubs,Pd,93
2718,LP101,Landscaping,Furnish & Install Shrubs,Pd,93
2719,LP101,Landscaping,Furnish & Install Shrubs,Pd,93
2720,LP101,Landscaping,Furnish & Install Shrubs,Pd,93
2721,LP101,Landscaping,Furnish & Install Shrubs,Pd,93
2722,LP101,Landscaping,Furnish & Install Shrubs,Pd,93
2723,LP101,Landscaping,Furnish & Install Shrubs,Pd,93
2724,LP101,Landscaping,Furnish & Install Shrubs,Pd,93
2725,LP101,Landscaping,Furnish & Install Shrubs,Pd,93
2726,LP101,Landscaping,Furnish & Install Shrubs,Pd,93
2727,LP101,Landscaping,Furnish & Install Shrubs,Pd,93
2728,LP101,Landscaping,Furnish & Install Shrubs,Pd,93
2729,LP101,Landscaping,Furnish & Install Shrubs,Pd,93
2730,LP101,Landscaping,Furnish & Install Shrubs,Bl,130
2731,LP101,Landscaping,Furnish & Install Shrubs,Bl,130
2732,LP101,Landscaping,Furnish & Install Shrubs,Bl,130
2733,LP101,Landscaping,Furnish & Install Shrubs,Bl,130
2734,LP101,Landscaping,Furnish & Install Shrubs,Bl,130
2735,LP101,Landscaping,Furnish & Install Shrubs,Bl,130
2736,LP101,Landscaping,Furnish & Install Shrubs,Bl,130
2737,LP101,Landscaping,Furnish & Install Shrubs,Bl,130
2738,LP101,Landscaping,Furnish & Install Shrubs,Bl,130
2739,LP101,Landscaping,Furnish & Install Shrubs,Bl,130
2740,LP101,Landscaping,Furnish & Install Shrubs,Bl,130
2741,LP101,Landscaping,Furnish & Install Shrubs,Bl,130
2742,LP101,Landscaping,Furnish & Install Shrubs,Bl,130
2743,LP101,Landscaping,Furnish & Install Shrubs,Bl,130
2744,LP101,Landscaping,Furnish & Install Shrubs,Bl,130
2745,LP101,Landscaping,Furnish & Install Shrubs,Bl,130
2746,LP101,Landscaping,Furnish & Install Shrubs,Bl,130
2747,LP101,Landscaping,Furnish & Install Shrubs,Bl,130
2748,LP101,Landscaping,Furnish & Install Shrubs,Bl,130
2749,LP101,Landscaping,Furnish & Install Shrubs,Bl,130
2750,LP101,Landscaping,Furnish & Install Shrubs,Bl,130
2751,LP101,Landscaping,Furnish & Install Shrubs,Bl,130
2752,LP101,Landscaping,Furnish & Install Shrubs,Bl,130
2753,LP101,Landscaping,Furnish & Install Shrubs,Td,94
2754,LP101,Landscaping,Furnish & Install Shrubs,Td,94
2755,LP101,Landscaping,Furnish & Install Shrubs,Td,94
2756,LP101,Landscaping,Furnish & Install Shrubs,Bl,130
2757,LP101,Landscaping,Furnish & Install Shrubs,Bl,130
2758,LP101,Landscaping,Furnish & Install Shrubs,Bl,130
2759,LP101,Landscaping,Furnish & Install Shrubs,Bl,130
2760,LP101,Landscaping,Furnish & Install Shrubs,Bl,130
2761,LP101,Landscaping,Furnish & Install Shrubs,Bl,130
2762,LP101,Landscaping,Furnish & Install Shrubs,Td,94
2763,LP101,Landscaping,Furnish & Install Shrubs,Td,94
2764,LP101,Landscaping,Furnish & Install Shrubs,Td,94
2765,LP101,Landscaping,Furnish & Install Shrubs,Td,94
2766,LP101,Landscaping,Furnish & Install Shrubs,Td,94
2768,LP101,Landscaping,Furnish & Install Shrubs,Pl,44
2769,LP101,Landscaping,Furnish & Install Shrubs,Pl,44
2770,LP101,Landscaping,Furnish & Install Shrubs,Pl,44
2771,LP101,Landscaping,Furnish & Install Shrubs,Pl,44
2772,LP101,Landscaping,Furnish & Install Shrubs,Pl,44
2773,LP101,Landscaping,Furnish & Install Shrubs,Pl,44
2774,LP101,Landscaping,Furnish & Install Shrubs,Pl,44
2775,LP101,Landscaping,Furnish & Install Shrubs,Pl,44
2776,LP101,Landscaping,Furnish & Install Shrubs,Pl,44
2777,LP101,Landscaping,Furnish & Install Shrubs,Pl,44
2778,LP101,Landscaping,Furnish & Install Shrubs,Hp,32
2779,LP101,Landscaping,Furnish & Install Shrubs,Hp,32
2780,LP101,Landscaping,Furnish & Install Shrubs,Hp,32
2781,LP101,Landscaping,Furnish & Install Shrubs,Hp,32
2788,LP101,Landscaping,Furnish & Install Shrubs,Sy,26
2789,LP101,Landscaping,Furnish & Install Shrubs,Sy,26
2790,LP101,Landscaping,Furnish & Install Shrubs,Sy,26
2791,LP101,Landscaping,Furnish & Install Shrubs,Sy,26
2792,LP101,Landscaping,Furnish & Install Shrubs,Sy,26
2793,LP101,Landscaping,Furnish & Install Shrubs,Sy,26
2794,LP101,Landscaping,Furnish & Install Shrubs,Sy,26
2795,LP101,Landscaping,Furnish & Install Shrubs,Sy,26
2796,LP101,Landscaping,Furnish & Install Shrubs,Sy,26
2797,LP101,Landscaping,Furnish & Install Shrubs,Sy,26
2798,LP101,Landscaping,Furnish & Install Shrubs,Sy,26
2799,LP101,Landscaping,Furnish & Install Shrubs,Sy,26
2800,LP101,Landscaping,Furnish & Install Shrubs,Sy,26
2801,LP101,Landscaping,Furnish & Install Shrubs,Sy,26
2802,LP101,Landscaping,Furnish & Install Shrubs,Sy,26
2803,LP101,Landscaping,Furnish & Install Shrubs,Sy,26
2804,LP101,Landscaping,Furnish & Install Shrubs,Pl,44
2805,LP101,Landscaping,Furnish & Install Shrubs,Pl,44
2806,LP101,Landscaping,Furnish & Install Shrubs,Pl,44
2807,LP101,Landscaping,Furnish & Install Shrubs,Pl,44
2808,LP101,Landscaping,Furnish & Install Shrubs,Pl,44
2809,LP101,Landscaping,Furnish & Install Shrubs,Pl,44
2810,LP101,Landscaping,Furnish & Install Shrubs,Pl,44
2811,LP101,Landscaping,Furnish & Install Shrubs,Pl,44
2812,LP101,Landscaping,Furnish & Install Shrubs,Ck,17
2813,LP101,Landscaping,Furnish & Install Shrubs,Ck,17
2814,LP101,Landscaping,Furnish & Install Shrubs,Ck,17
2815,LP101,Landscaping,Furnish & Install Shrubs,Ck,17
2816,LP101,Landscaping,Furnish & Install Shrubs,Ck,17
2817,LP101,Landscaping,Furnish & Install Shrubs,Ck,17
2818,LP101,Landscaping,Furnish & Install Shrubs,Ck,17
2819,LP101,Landscaping,Furnish & Install Shrubs,Ck,17
2820,LP101,Landscaping,Furnish & Install Shrubs,Ck,17
2821,LP101,Landscaping,Furnish & Install Shrubs,Ck,17
2822,LP101,Landscaping,Furnish & Install Shrubs,Ck,17
2823,LP101,Landscaping,Furnish & Install Shrubs,Ck,17
2824,LP101,Landscaping,Furnish & Install Shrubs,Ck,17
2825,LP101,Landscaping,Furnish & Install Shrubs,Ck,17
2826,LP101,Landscaping,Furnish & Install Shrubs,Ck,17
2827,LP101,Landscaping,Furnish & Install Shrubs,Ck,17
2828,LP101,Landscaping,Furnish & Install Shrubs,Ck,17
2829,LP101,Landscaping,Furnish & Install Shrubs,Hp,32
2830,LP101,Landscaping,Furnish & Install Shrubs,Hp,32
2831,LP101,Landscaping,Furnish & Install Shrubs,Hp,32
2832,LP101,Landscaping,Furnish & Install Shrubs,Hp,32
2833,LP101,Landscaping,Furnish & Install Shrubs,Hp,32
2834,LP101,Landscaping,Furnish & Install Shrubs,Hp,32
2835,LP101,Landscaping,Furnish & Install Shrubs,Hp,32
2836,LP101,Landscaping,Furnish & Install Shrubs,Hp,32
2837,LP101,Landscaping,Furnish & Install Shrubs,Hp,32
2838,LP101,Landscaping,Furnish & Install Shrubs,Hp,32
2839,LP101,Landscaping,Furnish & Install Shrubs,Hp,32
2840,LP101,Landscaping,Furnish & Install Shrubs,Hp,32
2841,LP101,Landscaping,Furnish & Install Shrubs,Hp,32
2842,LP101,Landscaping,Furnish & Install Shrubs,Hp,32
2843,LP101,Landscaping,Furnish & Install Shrubs,Hp,32
2844,LP101,Landscaping,Furnish & Install Shrubs,Hp,32
2845,LP101,Landscaping,Furnish & Install Shrubs,Hp,32
2846,LP101,Landscaping,Furnish & Install Shrubs,Hp,32
2847,LP101,Landscaping,Furnish & Install Shrubs,Hp,32
2848,LP101,Landscaping,Furnish & Install Shrubs,Hp,32
2849,LP101,Landscaping,Furnish & Install Shrubs,Hp,32
2850,LP101,Landscaping,Furnish & Install Shrubs,Hp,32
2852,LP101,Landscaping,Furnish & Install Shrubs,Hr,196
2853,LP101,Landscaping,Furnish & Install Shrubs,Hr,196
2854,LP101,Landscaping,Furnish & Install Shrubs,Hr,196
2855,LP101,Landscaping,Furnish & Install Shrubs,Bl,130
2856,LP101,Landscaping,Furnish & Install Shrubs,Bl,130
2857,LP101,Landscaping,Furnish & Install Shrubs,Bl,130
2858,LP101,Landscaping,Furnish & Install Shrubs,Bl,130
2859,LP101,Landscaping,Furnish & Install Shrubs,Bl,130
2860,LP101,Landscaping,Furnish & Install Shrubs,Td,94
2861,LP101,Landscaping,Furnish & Install Shrubs,Td,94
2862,LP101,Landscaping,Furnish & Install Shrubs,Td,94
2863,LP101,Landscaping,Furnish & Install Shrubs,Td,94
2864,LP101,Landscaping,Furnish & Install Shrubs,Td,94
2865,LP101,Landscaping,Furnish & Install Shrubs,Hr,196
2866,LP101,Landscaping,Furnish & Install Shrubs,Hr,196
2867,LP101,Landscaping,Furnish & Install Shrubs,Hr,196
2868,LP101,Landscaping,Furnish & Install Shrubs,Hr,196
2869,LP101,Landscaping,Furnish & Install Shrubs,Hr,196
2870,LP101,Landscaping,Furnish & Install Shrubs,Hr,196
2871,LP101,Landscaping,Furnish & Install Shrubs,Td,94
2872,LP101,Landscaping,Furnish & Install Shrubs,Td,94
2873,LP101,Landscaping,Furnish & Install Shrubs,Bl,130
2874,LP101,Landscaping,Furnish & Install Shrubs,Bl,130
2875,LP101,Landscaping,Furnish & Install Shrubs,Bl,130
2876,LP101,Landscaping,Furnish & Install Shrubs,Bl,130
2877,LP101,Landscaping,Furnish & Install Shrubs,Td,94
2878,LP101,Landscaping,Furnish & Install Shrubs,Td,94
2880,LP101,Landscaping,Furnish & Install Shrubs,Bl,130
2881,LP101,Landscaping,Furnish & Install Shrubs,Bl,130
2882,LP101,Landscaping,Furnish & Install Shrubs,Hr,196
2883,LP101,Landscaping,Furnish & Install Shrubs,Hr,196
2884,LP101,Landscaping,Furnish & Install Shrubs,Hr,196
2885,LP101,Landscaping,Furnish & Install Shrubs,Hr,196
2886,LP101,Landscaping,Furnish & Install Shrubs,Hr,196
2887,LP101,Landscaping,Furnish & Install Shrubs,Hr,196
2888,LP101,Landscaping,Furnish & Install Shrubs,Td,94
2889,LP101,Landscaping,Furnish & Install Shrubs,Td,94
2890,LP101,Landscaping,Furnish & Install Shrubs,Bl,130
2891,LP101,Landscaping,Furnish & Install Shrubs,Bl,130
2892,LP101,Landscaping,Furnish & Install Shrubs,Bl,130
2893,LP101,Landscaping,Furnish & Install Shrubs,Bl,130
2894,LP101,Landscaping,Furnish & Install Shrubs,Td,94
2895,LP101,Landscaping,Furnish & Install Shrubs,Td,94
2896,LP101,Landscaping,Furnish & Install Shrubs,Td,94
2897,LP101,Landscaping,Furnish & Install Shrubs,Pd,93
2898,LP101,Landscaping,Furnish & Install Shrubs,Pd,93
2899,LP101,Landscaping,Furnish & Install Shrubs,Pd,93
2900,LP101,Landscaping,Furnish & Install Shrubs,Hr,196
2901,LP101,Landscaping,Furnish & Install Shrubs,Hr,196
2902,LP101,Landscaping,Furnish & Install Shrubs,Hr,196
2903,LP101,Landscaping,Furnish & Install Shrubs,Hr,196
2904,LP101,Landscaping,Furnish & Install Shrubs,Hr,196
2905,LP101,Landscaping,Furnish & Install Shrubs,Hr,196
2906,LP101,Landscaping,Furnish & Install Shrubs,Hr,196
2907,LP101,Landscaping,Furnish & Install Shrubs,Hr,196
2908,LP101,Landscaping,Furnish & Install Shrubs,Hr,196
2909,LP101,Landscaping,Furnish & Install Shrubs,Hr,196
2910,LP101,Landscaping,Furnish & Install Shrubs,Hr,196
2911,LP101,Landscaping,Furnish & Install Shrubs,Hr,196
2912,LP101,Landscaping,Furnish & Install Shrubs,Pd,93
2913,LP101,Landscaping,Furnish & Install Shrubs,Sb,26
2914,LP101,Landscaping,Furnish & Install Shrubs,Sb,26
2915,LP101,Landscaping,Furnish & Install Shrubs,Sb,26
2916,LP101,Landscaping,Furnish & Install Shrubs,Sb,26
2917,LP101,Landscaping,Furnish & Install Shrubs,Sb,26
2918,LP101,Landscaping,Furnish & Install Shrubs,Sb,26
2920,LP101,Landscaping,Furnish & Install Shrubs,Hp,32
2921,LP101,Landscaping,Furnish & Install Shrubs,Hp,32
2922,LP101,Landscaping,Furnish & Install Shrubs,Hp,32
2923,LP101,Landscaping,Furnish & Install Shrubs,Hp,32
2924,LP101,Landscaping,Furnish & Install Shrubs,Hp,32
2925,LP101,Landscaping,Furnish & Install Shrubs,Hp,32
2926,LP101,Landscaping,Furnish & Install Shrubs,St,78
2927,LP101,Landscaping,Furnish & Install Shrubs,St,78
2928,LP101,Landscaping,Furnish & Install Shrubs,St,78
2930,LP101,Landscaping,Furnish & Install Shrubs,St,78
2931,LP101,Landscaping,Furnish & Install Shrubs,St,78
2932,LP101,Landscaping,Furnish & Install Shrubs,St,78
2936,LP101,Landscaping,Furnish & Install Shrubs,St,78
2937,LP101,Landscaping,Furnish & Install Shrubs,St,78
2938,LP101,Landscaping,Furnish & Install Shrubs,St,78
2939,LP101,Landscaping,Furnish & Install Shrubs,St,78
2940,LP101,Landscaping,Furnish & Install Shrubs,St,78
2941,LP101,Landscaping,Furnish & Install Shrubs,St,78
2945,LP101,Landscaping,Furnish & Install Shrubs,St,78
2946,LP101,Landscaping,Furnish & Install Shrubs,St,78
2947,LP101,Landscaping,Furnish & Install Shrubs,St,78
2948,LP101,Landscaping,Furnish & Install Shrubs,St,78
2950,LP101,Landscaping,Furnish & Install Shrubs,St,78
2951,LP101,Landscaping,Furnish & Install Shrubs,St,78
2952,LP101,Landscaping,Furnish & Install Shrubs,St,78
2954,LP101,Landscaping,Furnish & Install Shrubs,St,78
2955,LP101,Landscaping,Furnish & Install Shrubs,St,78
2956,LP101,Landscaping,Furnish & Install Shrubs,St,78
2958,LP101,Landscaping,Furnish & Install Shrubs,St,78
2959,LP101,Landscaping,Furnish & Install Shrubs,St,78
2960,LP101,Landscaping,Furnish & Install Shrubs,St,78
2962,LP101,Landscaping,Furnish & Install Shrubs,St,78
2963,LP101,Landscaping,Furnish & Install Shrubs,St,78
2964,LP101,Landscaping,Furnish & Install Shrubs,St,78
2966,LP101,Landscaping,Furnish & Install Shrubs,Td,94
2967,LP101,Landscaping,Furnish & Install Shrubs,Td,94
2968,LP101,Landscaping,Furnish & Install Shrubs,Td,94
2969,LP101,Landscaping,Furnish & Install Shrubs,Td,94
2970,LP101,Landscaping,Furnish & Install Shrubs,Td,94
2971,LP101,Landscaping,Furnish & Install Shrubs,Td,94
2977,LP101,Landscaping,Furnish & Install Shrubs,Bc,30
2978,LP101,Landscaping,Furnish & Install Shrubs,Bc,30
2979,LP101,Landscaping,Furnish & Install Shrubs,Bc,30
2980,LP101,Landscaping,Furnish & Install Shrubs,Bc,30
2981,LP101,Landscaping,Furnish & Install Shrubs,Bc,30
2982,LP101,Landscaping,Furnish & Install Shrubs,Bc,30
2983,LP101,Landscaping,Furnish & Install Shrubs,Bc,30
2984,LP101,Landscaping,Furnish & Install Shrubs,Bc,30
2985,LP101,Landscaping,Furnish & Install Shrubs,Bc,30
2986,LP101,Landscaping,Furnish & Install Shrubs,Bc,30
2987,LP101,Landscaping,Furnish & Install Shrubs,Bc,30
2989,LP101,Landscaping,Furnish & Install Shrubs,Td,94
2990,LP101,Landscaping,Furnish & Install Shrubs,Td,94
2991,LP101,Landscaping,Furnish & Install Shrubs,Td,94
2992,LP101,Landscaping,Furnish & Install Shrubs,Td,94
2993,LP101,Landscaping,Furnish & Install Shrubs,Td,94
2994,LP101,Landscaping,Furnish & Install Shrubs,Td,94
2995,LP101,Landscaping,Furnish & Install Shrubs,Td,94
2996,LP101,Landscaping,Furnish & Install Shrubs,Td,94
2997,LP101,Landscaping,Furnish & Install Shrubs,Td,94
2998,LP101,Landscaping,Furnish & Install Shrubs,Td,94
2999,LP101,Landscaping,Furnish & Install Shrubs,Td,94
3000,LP101,Landscaping,Furnish & Install Shrubs,Td,94
3001,LP101,Landscaping,Furnish & Install Shrubs,Td,94
3002,LP101,Landscaping,Furnish & Install Shrubs,Td,94
3003,LP101,Landscaping,Furnish & Install Shrubs,Td,94
3004,LP101,Landscaping,Furnish & Install Shrubs,Td,94
3005,LP101,Landscaping,Furnish & Install Shrubs,Td,94
3006,LP101,Landscaping,Furnish & Install Shrubs,Td,94
3007,LP101,Landscaping,Furnish & Install Shrubs,Td,94
3008,LP101,Landscaping,Furnish & Install Shrubs,Td,94
3009,LP101,Landscaping,Furnish & Install Shrubs,Td,94
3010,LP101,Landscaping,Furnish & Install Shrubs,Td,94
3011,LP101,Landscaping,Furnish & Install Shrubs,Td,94
3012,LP101,Landscaping,Furnish & Install Shrubs,Td,94
3013,LP101,Landscaping,Furnish & Install Shrubs,Td,94
3015,LP101,Landscaping,Furnish & Install Shrubs,Td,94
3016,LP101,Landscaping,Furnish & Install Shrubs,Td,94
3017,LP101,Landscaping,Furnish & Install Shrubs,Td,94
3018,LP101,Landscaping,Furnish & Install Shrubs,Td,94
3019,LP101,Landscaping,Furnish & Install Shrubs,Hr,196
3020,LP101,Landscaping,Furnish & Install Shrubs,Hr,196
3021,LP101,Landscaping,Furnish & Install Shrubs,Hr,196
3022,LP101,Landscaping,Furnish & Install Shrubs,Hr,196
3023,LP101,Landscaping,Furnish & Install Shrubs,Hr,196
3024,LP101,Landscaping,Furnish & Install Shrubs,Hr,196
3028,LP101,Landscaping,Furnish & Install Shrubs,Pd,93
3029,LP101,Landscaping,Furnish & Install Shrubs,Pd,93
3030,LP101,Landscaping,Furnish & Install Shrubs,Pd,93
3031,LP101,Landscaping,Furnish & Install Shrubs,Pd,93
3032,LP101,Landscaping,Furnish & Install Shrubs,Pd,93
3033,LP101,Landscaping,Furnish & Install Shrubs,Pd,93
3034,LP101,Landscaping,Furnish & Install Shrubs,Sb,26
3035,LP101,Landscaping,Furnish & Install Shrubs,Sb,26
3036,LP101,Landscaping,Furnish & Install Shrubs,Sb,26
3037,LP101,Landscaping,Furnish & Install Shrubs,Sb,26
3038,LP101,Landscaping,Furnish & Install Shrubs,Sb,26
3039,LP101,Landscaping,Furnish & Install Shrubs,Sb,26
3043,LP101,Landscaping,Furnish & Install Shrubs,Ec,29
3044,LP101,Landscaping,Furnish & Install Shrubs,Ec,29
3045,LP101,Landscaping,Furnish & Install Shrubs,Ec,29
3046,LP101,Landscaping,Furnish & Install Shrubs,Ec,29
3047,LP101,Landscaping,Furnish & Install Shrubs,Ec,29
3048,LP101,Landscaping,Furnish & Install Shrubs,Ec,29
3049,LP101,Landscaping,Furnish & Install Shrubs,Ec,29
3050,LP101,Landscaping,Furnish & Install Shrubs,Ec,29
3051,LP101,Landscaping,Furnish & Install Shrubs,Ec,29
3053,LP101,Landscaping,Furnish & Install Shrubs,St,78
3054,LP101,Landscaping,Furnish & Install Shrubs,St,78
3055,LP101,Landscaping,Furnish & Install Shrubs,St,78
3056,LP101,Landscaping,Furnish & Install Shrubs,St,78
3057,LP101,Landscaping,Furnish & Install Shrubs,St,78
3058,LP101,Landscaping,Furnish & Install Shrubs,St,78
3059,LP101,Landscaping,Furnish & Install Shrubs,St,78
3060,LP101,Landscaping,Furnish & Install Shrubs,St,78
3061,LP101,Landscaping,Furnish & Install Shrubs,St,78
3062,LP101,Landscaping,Furnish & Install Shrubs,St,78
3063,LP101,Landscaping,Furnish & Install Shrubs,Hr,196
3064,LP101,Landscaping,Furnish & Install Shrubs,Hr,196
3065,LP101,Landscaping,Furnish & Install Shrubs,Hr,196
3066,LP101,Landscaping,Furnish & Install Shrubs,Hr,196
3067,LP101,Landscaping,Furnish & Install Shrubs,Hr,196
3068,LP101,Landscaping,Furnish & Install Shrubs,Hr,196
3069,LP101,Landscaping,Furnish & Install Shrubs,Hr,196
3070,LP101,Landscaping,Furnish & Install Shrubs,Hr,196
3072,LP101,Landscaping,Furnish & Install Shrubs,Pd,93
3073,LP101,Landscaping,Furnish & Install Shrubs,Pd,93
3074,LP101,Landscaping,Furnish & Install Shrubs,Pd,93
3075,LP101,Landscaping,Furnish & Install Shrubs,Pd,93
3076,LP101,Landscaping,Furnish & Install Shrubs,Pd,93
3077,LP101,Landscaping,Furnish & Install Shrubs,Pd,93
3082,LP101,Landscaping,Furnish & Install Shrubs,Ps,19
3083,LP101,Landscaping,Furnish & Install Shrubs,Ps,19
3084,LP101,Landscaping,Furnish & Install Shrubs,Ps,19
3085,LP101,Landscaping,Furnish & Install Shrubs,Ps,19
3086,LP101,Landscaping,Furnish & Install Shrubs,Ps,19
3087,LP101,Landscaping,Furnish & Install Shrubs,Ps,19
3088,LP101,Landscaping,Furnish & Install Shrubs,Ps,19
3089,LP101,Landscaping,Furnish & Install Shrubs,Ps,19
3090,LP101,Landscaping,Furnish & Install Shrubs,Ps,19
3091,LP101,Landscaping,Furnish & Install Shrubs,Sb,26
3092,LP101,Landscaping,Furnish & Install Shrubs,Sb,26
3093,LP101,Landscaping,Furnish & Install Shrubs,Sb,26
3094,LP101,Landscaping,Furnish & Install Shrubs,Sb,26
3095,LP101,Landscaping,Furnish & Install Shrubs,Sb,26
3096,LP101,Landscaping,Furnish & Install Shrubs,Sb,26
3097,LP101,Landscaping,Furnish & Install Shrubs,Sb,26
3098,LP101,Landscaping,Furnish & Install Shrubs,Vn,20
3099,LP101,Landscaping,Furnish & Install Shrubs,Vn,20
3100,LP101,Landscaping,Furnish & Install Shrubs,Vn,20
3101,LP101,Landscaping,Furnish & Install Shrubs,Vn,20
3102,LP101,Landscaping,Furnish & Install Shrubs,Vn,20
3103,LP101,Landscaping,Furnish & Install Shrubs,Vn,20
3104,LP101,Landscaping,Furnish & Install Shrubs,Vn,20
3105,LP101,Landscaping,Furnish & Install Shrubs,Vn,20
3106,LP101,Landscaping,Furnish & Install Shrubs,Pd,93
3107,LP101,Landscaping,Furnish & Install Shrubs,Pd,93
3108,LP101,Landscaping,Furnish & Install Shrubs,Pd,93
3109,LP101,Landscaping,Furnish & Install Shrubs,Pd,93
3110,LP101,Landscaping,Furnish & Install Shrubs,Pd,93
3111,LP101,Landscaping,Furnish & Install Shrubs,Pd,93
3117,LP101,Landscaping,Furnish & Install Shrubs,Ps,19
3118,LP101,Landscaping,Furnish & Install Shrubs,Ps,19
3119,LP101,Landscaping,Furnish & Install Shrubs,Ps,19
3120,LP101,Landscaping,Furnish & Install Shrubs,Ps,19
3121,LP101,Landscaping,Furnish & Install Shrubs,Ps,19
3122,LP101,Landscaping,Furnish & Install Shrubs,Ps,19
3123,LP101,Landscaping,Furnish & Install Shrubs,Ps,19
3124,LP101,Landscaping,Furnish & Install Shrubs,Ps,19
3125,LP101,Landscaping,Furnish & Install Shrubs,Ps,19
3126,LP101,Landscaping,Furnish & Install Shrubs,Ps,19
3127,LP101,Landscaping,Furnish & Install Shrubs,Sb,26
3128,LP101,Landscaping,Furnish & Install Shrubs,Sb,26
3129,LP101,Landscaping,Furnish & Install Shrubs,Sb,26
3130,LP101,Landscaping,Furnish & Install Shrubs,Sb,26
3131,LP101,Landscaping,Furnish & Install Shrubs,Sb,26
3132,LP101,Landscaping,Furnish & Install Shrubs,Sb,26
3133,LP101,Landscaping,Furnish & Install Shrubs,Sb,26
3134,LP101,Landscaping,Furnish & Install Shrubs,Vn,20
3135,LP101,Landscaping,Furnish & Install Shrubs,Vn,20
3136,LP101,Landscaping,Furnish & Install Shrubs,Vn,20
3137,LP101,Landscaping,Furnish & Install Shrubs,Vn,20
3138,LP101,Landscaping,Furnish & Install Shrubs,Vn,20
3139,LP101,Landscaping,Furnish & Install Shrubs,Vn,20
3140,LP101,Landscaping,Furnish & Install Shrubs,Vn,20
3141,LP101,Landscaping,Furnish & Install Shrubs,Vn,20
3142,LP101,Landscaping,Furnish & Install Shrubs,Vn,20
3143,LP101,Landscaping,Furnish & Install Shrubs,Vn,20
3144,LP101,Landscaping,Furnish & Install Shrubs,Vn,20
3145,LP101,Landscaping,Furnish & Install Shrubs,Hr,196
3146,LP101,Landscaping,Furnish & Install Shrubs,Hr,196
3147,LP101,Landscaping,Furnish & Install Shrubs,Hr,196
3148,LP101,Landscaping,Furnish & Install Shrubs,Hr,196
3149,LP101,Landscaping,Furnish & Install Shrubs,Hr,196
3150,LP101,Landscaping,Furnish & Install Shrubs,Hr,196
3151,LP101,Landscaping,Furnish & Install Shrubs,Hr,196
3152,LP101,Landscaping,Furnish & Install Shrubs,Hr,196
3164,LP101,Landscaping,Furnish & Install Shrubs,Bc,30
3165,LP101,Landscaping,Furnish & Install Shrubs,Bc,30
3166,LP101,Landscaping,Furnish & Install Shrubs,Bc,30
3167,LP101,Landscaping,Furnish & Install Shrubs,Bc,30
3168,LP101,Landscaping,Furnish & Install Shrubs,St,78
3169,LP101,Landscaping,Furnish & Install Shrubs,St,78
3170,LP101,Landscaping,Furnish & Install Shrubs,Bc,30
3171,LP101,Landscaping,Furnish & Install Shrubs,Bc,30
3172,LP101,Landscaping,Furnish & Install Shrubs,Bc,30
3173,LP101,Landscaping,Furnish & Install Shrubs,Bc,30
3174,LP101,Landscaping,Furnish & Install Shrubs,St,78
3175,LP101,Landscaping,Furnish & Install Shrubs,St,78
3176,LP101,Landscaping,Furnish & Install Shrubs,Bc,30
3177,LP101,Landscaping,Furnish & Install Shrubs,Bc,30
3178,LP101,Landscaping,Furnish & Install Shrubs,Bc,30
3179,LP101,Landscaping,Furnish & Install Shrubs,Bc,30
3180,LP101,Landscaping,Furnish & Install Shrubs,St,78
3181,LP101,Landscaping,Furnish & Install Shrubs,St,78
3182,LP101,Landscaping,Furnish & Install Shrubs,Bc,30
3183,LP101,Landscaping,Furnish & Install Shrubs,Bc,30
3184,LP101,Landscaping,Furnish & Install Shrubs,Bc,30
3185,LP101,Landscaping,Furnish & Install Shrubs,Bc,30
3186,LP101,Landscaping,Furnish & Install Shrubs,St,78
3187,LP101,Landscaping,Furnish & Install Shrubs,St,78
3188,LP101,Landscaping,Furnish & Install Shrubs,Bc,30
3189,LP101,Landscaping,Furnish & Install Shrubs,Bc,30
3190,LP101,Landscaping,Furnish & Install Shrubs,Bc,30
3191,LP101,Landscaping,Furnish & Install Shrubs,St,78
3192,LP101,Landscaping,Furnish & Install Shrubs,St,78
3193,LP101,Landscaping,Furnish & Install Shrubs,St,78
3194,LP101,Landscaping,Furnish & Install Shrubs,St,78
3195,LP101,Landscaping,Furnish & Install Shrubs,St,78
3197,LP101,Landscaping,Furnish & Install Shrubs,St,78
3198,LP101,Landscaping,Furnish & Install Shrubs,St,78
3200,LP101,Landscaping,Furnish & Install Shrubs,St,78
3201,LP101,Landscaping,Furnish & Install Shrubs,St,78
3204,LP101,Landscaping,Furnish & Install Shrubs,St,78
3205,LP101,Landscaping,Furnish & Install Shrubs,St,78
3207,LP101,Landscaping,Furnish & Install Shrubs,St,78
3208,LP101,Landscaping,Furnish & Install Shrubs,St,78
3210,LP101,Landscaping,Furnish & Install Shrubs,St,78
3211,LP101,Landscaping,Furnish & Install Shrubs,St,78
3213,LP101,Landscaping,Furnish & Install Shrubs,St,78
3214,LP101,Landscaping,Furnish & Install Shrubs,St,78
3215,LP101,Landscaping,Furnish & Install Shrubs,Hr,196
