row_index,sheet_number,bid_item,text,ocr_hints
204,A-005,Furnish & Install Self-Adhered Single-Ply Roofing Membrane,"F. WHERE ROOF TO VERTICAL WALL INTERSECTIONS OCCUR, RUN MEMBRANE MINIMUM 8"" UP WALL. REFER TO DETAILS FOR TERMINATION.","[""POSSIBLE_DIMENSION""]"
205,A-005,Furnish & Install Self-Adhered Single-Ply Roofing Membrane,G. ROOF MEMBRANE TO BE 80 MIL MINIMUM THICKNESS UNLESS NOTED OTHERWISE.,[]
206,A-005,Furnish & Install Tapered Rigid Insulation,"D. PROVIDE BUILT-UP TAPERED INSULATION ROOF CRICKETS AT ALL LOCATIONS OF CURBS, ROOFTOP EQUIPMENT, ETC. TO ALLOW POSITIVE DRAINAGE AND PREVENT PONDING.",[]
207,A-005,Furnish & Install Tapered Rigid Insulation,"E. TAPERED INSULATION SLOPE TO BE 1/4"" PER FOOT MINIMUM. SLOPE AS INDICATED ON PLANS.","[""POSSIBLE_DIMENSION""]"
208,A-005,Furnish & Install Tapered Rigid Insulation,"H. SLOPE ALL CRICKETS AS SHOWN AT A MINIMUM OF 1/4"" PER FOOT, UNLESS NOTED OTHERWISE.","[""POSSIBLE_DIMENSION""]"
209,A-005,Furnish & Install Wall Partition Assemblies As Per Wall Type Schedules And Tags,A1,"[""SHORT_TAG""]"
210,A-005,Furnish & Install Wall Partition Assemblies As Per Wall Type Schedules And Tags,A1,"[""SHORT_TAG""]"
211,A-005,Furnish & Install Wall Partition Assemblies As Per Wall Type Schedules And Tags,A4,"[""SHORT_TAG""]"
212,A-005,Furnish & Install Wall Partition Assemblies As Per Wall Type Schedules And Tags,A4,"[""SHORT_TAG""]"
213,A-005,Furnish & Install Wall Partition Assemblies As Per Wall Type Schedules And Tags,AX,"[""SHORT_TAG""]"
214,A-005,Furnish & Install Wall Partition Assemblies As Per Wall Type Schedules And Tags,AX,"[""SHORT_TAG""]"
215,A-005,Furnish & Install Wall Partition Assemblies As Per Wall Type Schedules And Tags,AV,"[""SHORT_TAG""]"
216,A-005,Furnish & Install Wall Partition Assemblies As Per Wall Type Schedules And Tags,AV,"[""SHORT_TAG""]"
217,A-005,Furnish & Install Wall Partition Assemblies As Per Wall Type Schedules And Tags,AZ,"[""SHORT_TAG""]"
218,A-005,Furnish & Install Wall Partition Assemblies As Per Wall Type Schedules And Tags,AZ,"[""SHORT_TAG""]"
219,A-005,Furnish & Install Wall Partition Assemblies As Per Wall Type Schedules And Tags,A2,"[""SHORT_TAG""]"
220,A-005,Furnish & Install Wall Partition Assemblies As Per Wall Type Schedules And Tags,A2,"[""SHORT_TAG""]"
221,A-005,Furnish & Install Wall Partition Assemblies As Per Wall Type Schedules And Tags,A3,"[""SHORT_TAG""]"
222,A-005,Furnish & Install Wall Partition Assemblies As Per Wall Type Schedules And Tags,A3,"[""SHORT_TAG""]"
223,A-005,Furnish & Install Wall Partition Assemblies As Per Wall Type Schedules And Tags,A1,"[""SHORT_TAG""]"
224,A-005,Furnish & Install Wall Partition Assemblies As Per Wall Type Schedules And Tags,A1,"[""SHORT_TAG""]"
225,A-005,Furnish & Install Wall Partition Assemblies As Per Wall Type Schedules And Tags,A4,"[""SHORT_TAG""]"
226,A-005,Furnish & Install Wall Partition Assemblies As Per Wall Type Schedules And Tags,A4,"[""SHORT_TAG""]"
227,A-005,Furnish & Install Wall Partition Assemblies As Per Wall Type Schedules And Tags,AX,"[""SHORT_TAG""]"
228,A-005,Furnish & Install Wall Partition Assemblies As Per Wall Type Schedules And Tags,AX,"[""SHORT_TAG""]"
229,A-005,Furnish & Install Wall Partition Assemblies As Per Wall Type Schedules And Tags,AV,"[""SHORT_TAG""]"
230,A-005,Furnish & Install Wall Partition Assemblies As Per Wall Type Schedules And Tags,AV,"[""SHORT_TAG""]"
231,A-005,Furnish & Install Wall Partition Assemblies As Per Wall Type Schedules And Tags,AZ,"[""SHORT_TAG""]"
232,A-005,Furnish & Install Wall Partition Assemblies As Per Wall Type Schedules And Tags,AZ,"[""SHORT_TAG""]"
233,A-005,Furnish & Install Wall Partition Assemblies As Per Wall Type Schedules And Tags,A2,"[""SHORT_TAG""]"
234,A-005,Furnish & Install Wall Partition Assemblies As Per Wall Type Schedules And Tags,A2,"[""SHORT_TAG""]"
235,A-005,Furnish & Install Wall Partition Assemblies As Per Wall Type Schedules And Tags,A3,"[""SHORT_TAG""]"
236,A-005,Furnish & Install Wall Partition Assemblies As Per Wall Type Schedules And Tags,A3,"[""SHORT_TAG""]"
237,A-005,Furnish & Install Wall Partition Assemblies As Per Wall Type Schedules And Tags,A1,"[""SHORT_TAG""]"
238,A-005,Furnish & Install Wall Partition Assemblies As Per Wall Type Schedules And Tags,A1,"[""SHORT_TAG""]"
239,A-005,Furnish & Install Wall Partition Assemblies As Per Wall Type Schedules And Tags,A4,"[""SHORT_TAG""]"
240,A-005,Furnish & Install Wall Partition Assemblies As Per Wall Type Schedules And Tags,A4,"[""SHORT_TAG""]"
241,A-005,Furnish & Install Wall Partition Assemblies As Per Wall Type Schedules And Tags,AX,"[""SHORT_TAG""]"
242,A-005,Furnish & Install Wall Partition Assemblies As Per Wall Type Schedules And Tags,AX,"[""SHORT_TAG""]"
243,A-005,Furnish & Install Wall Partition Assemblies As Per Wall Type Schedules And Tags,AV,"[""SHORT_TAG""]"
244,A-005,Furnish & Install Wall Partition Assemblies As Per Wall Type Schedules And Tags,AV,"[""SHORT_TAG""]"
245,A-005,Furnish & Install Wall Partition Assemblies As Per Wall Type Schedules And Tags,AZ,"[""SHORT_TAG""]"
246,A-005,Furnish & Install Wall Partition Assemblies As Per Wall Type Schedules And Tags,AZ,"[""SHORT_TAG""]"
247,A-005,Furnish & Install Wall Partition Assemblies As Per Wall Type Schedules And Tags,A2,"[""SHORT_TAG""]"
248,A-005,Furnish & Install Wall Partition Assemblies As Per Wall Type Schedules And Tags,A2,"[""SHORT_TAG""]"
249,A-005,Furnish & Install Wall Partition Assemblies As Per Wall Type Schedules And Tags,A3,"[""SHORT_TAG""]"
250,A-005,Furnish & Install Wall Partition Assemblies As Per Wall Type Schedules And Tags,A3,"[""SHORT_TAG""]"
251,A-005,Furnish & Install Wall Partition Assemblies As Per Wall Type Schedules And Tags,A1,"[""SHORT_TAG""]"
252,A-005,Furnish & Install Wall Partition Assemblies As Per Wall Type Schedules And Tags,A1,"[""SHORT_TAG""]"
253,A-005,Furnish & Install Wall Partition Assemblies As Per Wall Type Schedules And Tags,A4,"[""SHORT_TAG""]"
254,A-005,Furnish & Install Wall Partition Assemblies As Per Wall Type Schedules And Tags,A4,"[""SHORT_TAG""]"
255,A-005,Furnish & Install Wall Partition Assemblies As Per Wall Type Schedules And Tags,AX,"[""SHORT_TAG""]"
256,A-005,Furnish & Install Wall Partition Assemblies As Per Wall Type Schedules And Tags,AX,"[""SHORT_TAG""]"
257,A-005,Furnish & Install Wall Partition Assemblies As Per Wall Type Schedules And Tags,AV,"[""SHORT_TAG""]"
258,A-005,Furnish & Install Wall Partition Assemblies As Per Wall Type Schedules And Tags,AV,"[""SHORT_TAG""]"
259,A-005,Furnish & Install Wall Partition Assemblies As Per Wall Type Schedules And Tags,AZ,"[""SHORT_TAG""]"
260,A-005,Furnish & Install Wall Partition Assemblies As Per Wall Type Schedules And Tags,AZ,"[""SHORT_TAG""]"
261,A-005,Furnish & Install Wall Partition Assemblies As Per Wall Type Schedules And Tags,A2,"[""SHORT_TAG""]"
262,A-005,Furnish & Install Wall Partition Assemblies As Per Wall Type Schedules And Tags,A2,"[""SHORT_TAG""]"
263,A-005,Furnish & Install Wall Partition Assemblies As Per Wall Type Schedules And Tags,A3,"[""SHORT_TAG""]"
264,A-005,Furnish & Install Wall Partition Assemblies As Per Wall Type Schedules And Tags,A3,"[""SHORT_TAG""]"
265,A-005,Furnish & Install Wall Partition Assemblies As Per Wall Type Schedules And Tags,A1,"[""SHORT_TAG""]"
266,A-005,Furnish & Install Wall Partition Assemblies As Per Wall Type Schedules And Tags,A1,"[""SHORT_TAG""]"
267,A-005,Furnish & Install Wall Partition Assemblies As Per Wall Type Schedules And Tags,A4,"[""SHORT_TAG""]"
268,A-005,Furnish & Install Wall Partition Assemblies As Per Wall Type Schedules And Tags,A4,"[""SHORT_TAG""]"
269,A-005,Furnish & Install Wall Partition Assemblies As Per Wall Type Schedules And Tags,AX,"[""SHORT_TAG""]"
270,A-005,Furnish & Install Wall Partition Assemblies As Per Wall Type Schedules And Tags,AX,"[""SHORT_TAG""]"
271,A-005,Furnish & Install Wall Partition Assemblies As Per Wall Type Schedules And Tags,AV,"[""SHORT_TAG""]"
272,A-005,Furnish & Install Wall Partition Assemblies As Per Wall Type Schedules And Tags,AV,"[""SHORT_TAG""]"
273,A-005,Furnish & Install Wall Partition Assemblies As Per Wall Type Schedules And Tags,AZ,"[""SHORT_TAG""]"
274,A-005,Furnish & Install Wall Partition Assemblies As Per Wall Type Schedules And Tags,AZ,"[""SHORT_TAG""]"
275,A-005,Furnish & Install Wall Partition Assemblies As Per Wall Type Schedules And Tags,A2,"[""SHORT_TAG""]"
276,A-005,Furnish & Install Wall Partition Assemblies As Per Wall Type Schedules And Tags,A2,"[""SHORT_TAG""]"
277,A-005,Furnish & Install Wall Partition Assemblies As Per Wall Type Schedules And Tags,A3,"[""SHORT_TAG""]"
278,A-005,Furnish & Install Wall Partition Assemblies As Per Wall Type Schedules And Tags,A3,"[""SHORT_TAG""]"
279,A-005,Furnish & Install Wall Partition Assemblies As Per Wall Type Schedules And Tags,A1,"[""SHORT_TAG""]"
280,A-005,Furnish & Install Wall Partition Assemblies As Per Wall Type Schedules And Tags,A1,"[""SHORT_TAG""]"
281,A-005,Furnish & Install Wall Partition Assemblies As Per Wall Type Schedules And Tags,A4,"[""SHORT_TAG""]"
282,A-005,Furnish & Install Wall Partition Assemblies As Per Wall Type Schedules And Tags,A4,"[""SHORT_TAG""]"
283,A-005,Furnish & Install Wall Partition Assemblies As Per Wall Type Schedules And Tags,AX,"[""SHORT_TAG""]"
284,A-005,Furnish & Install Wall Partition Assemblies As Per Wall Type Schedules And Tags,AX,"[""SHORT_TAG""]"
285,A-005,Furnish & Install Wall Partition Assemblies As Per Wall Type Schedules And Tags,AV,"[""SHORT_TAG""]"
286,A-005,Furnish & Install Wall Partition Assemblies As Per Wall Type Schedules And Tags,AV,"[""SHORT_TAG""]"
287,A-005,Furnish & Install Wall Partition Assemblies As Per Wall Type Schedules And Tags,AZ,"[""SHORT_TAG""]"
288,A-005,Furnish & Install Wall Partition Assemblies As Per Wall Type Schedules And Tags,AZ,"[""SHORT_TAG""]"
289,A-005,Furnish & Install Wall Partition Assemblies As Per Wall Type Schedules And Tags,A2,"[""SHORT_TAG""]"
290,A-005,Furnish & Install Wall Partition Assemblies As Per Wall Type Schedules And Tags,A2,"[""SHORT_TAG""]"
291,A-005,Furnish & Install Wall Partition Assemblies As Per Wall Type Schedules And Tags,A3,"[""SHORT_TAG""]"
292,A-005,Furnish & Install Wall Partition Assemblies As Per Wall Type Schedules And Tags,A3,"[""SHORT_TAG""]"
293,A-005,Furnish & Install Wall Partition Assemblies As Per Wall Type Schedules And Tags,A1,"[""SHORT_TAG""]"
294,A-005,Furnish & Install Wall Partition Assemblies As Per Wall Type Schedules And Tags,A1,"[""SHORT_TAG""]"
295,A-005,Furnish & Install Wall Partition Assemblies As Per Wall Type Schedules And Tags,A4,"[""SHORT_TAG""]"
296,A-005,Furnish & Install Wall Partition Assemblies As Per Wall Type Schedules And Tags,A4,"[""SHORT_TAG""]"
297,A-005,Furnish & Install Wall Partition Assemblies As Per Wall Type Schedules And Tags,AX,"[""SHORT_TAG""]"
298,A-005,Furnish & Install Wall Partition Assemblies As Per Wall Type Schedules And Tags,AX,"[""SHORT_TAG""]"
299,A-005,Furnish & Install Wall Partition Assemblies As Per Wall Type Schedules And Tags,AV,"[""SHORT_TAG""]"
300,A-005,Furnish & Install Wall Partition Assemblies As Per Wall Type Schedules And Tags,AV,"[""SHORT_TAG""]"
301,A-005,Furnish & Install Wall Partition Assemblies As Per Wall Type Schedules And Tags,AZ,"[""SHORT_TAG""]"
302,A-005,Furnish & Install Wall Partition Assemblies As Per Wall Type Schedules And Tags,AZ,"[""SHORT_TAG""]"
303,A-005,Furnish & Install Wall Partition Assemblies As Per Wall Type Schedules And Tags,A2,"[""SHORT_TAG""]"
304,A-005,Furnish & Install Wall Partition Assemblies As Per Wall Type Schedules And Tags,A2,"[""SHORT_TAG""]"
305,A-005,Furnish & Install Wall Partition Assemblies As Per Wall Type Schedules And Tags,A3,"[""SHORT_TAG""]"
306,A-005,Furnish & Install Wall Partition Assemblies As Per Wall Type Schedules And Tags,A3,"[""SHORT_TAG""]"
307,A-005,Furnish & Install Wall Partition Assemblies As Per Wall Type Schedules And Tags,A1,"[""SHORT_TAG""]"
308,A-005,Furnish & Install Wall Partition Assemblies As Per Wall Type Schedules And Tags,A1,"[""SHORT_TAG""]"
309,A-005,Furnish & Install Wall Partition Assemblies As Per Wall Type Schedules And Tags,A4,"[""SHORT_TAG""]"
310,A-005,Furnish & Install Wall Partition Assemblies As Per Wall Type Schedules And Tags,A4,"[""SHORT_TAG""]"
311,A-005,Furnish & Install Wall Partition Assemblies As Per Wall Type Schedules And Tags,AX,"[""SHORT_TAG""]"
312,A-005,Furnish & Install Wall Partition Assemblies As Per Wall Type Schedules And Tags,AX,"[""SHORT_TAG""]"
313,A-005,Furnish & Install Wall Partition Assemblies As Per Wall Type Schedules And Tags,AV,"[""SHORT_TAG""]"
314,A-005,Furnish & Install Wall Partition Assemblies As Per Wall Type Schedules And Tags,AV,"[""SHORT_TAG""]"
315,A-005,Furnish & Install Wall Partition Assemblies As Per Wall Type Schedules And Tags,AZ,"[""SHORT_TAG""]"
316,A-005,Furnish & Install Wall Partition Assemblies As Per Wall Type Schedules And Tags,AZ,"[""SHORT_TAG""]"
317,A-005,Furnish & Install Wall Partition Assemblies As Per Wall Type Schedules And Tags,A2,"[""SHORT_TAG""]"
318,A-005,Furnish & Install Wall Partition Assemblies As Per Wall Type Schedules And Tags,A2,"[""SHORT_TAG""]"
319,A-005,Furnish & Install Wall Partition Assemblies As Per Wall Type Schedules And Tags,A3,"[""SHORT_TAG""]"
320,A-005,Furnish & Install Wall Partition Assemblies As Per Wall Type Schedules And Tags,A3,"[""SHORT_TAG""]"
321,A-005,Furnish & Install Roof Protection at Rooftop Equipment,C. PROVIDE ROOF PROTECTION TO ALL ROOF TOP EQUIPMENT.,[]
322,A-005,Furnish & Install Unspecified Floor Finish From Schedule,F1,"[""SHORT_TAG""]"
323,A-005,Furnish & Install Unspecified Floor Finish From Schedule,F1,"[""SHORT_TAG""]"
324,A-005,Furnish & Install Unspecified Floor Finish From Schedule,F3,"[""SHORT_TAG""]"
325,A-005,Furnish & Install Unspecified Floor Finish From Schedule,F3,"[""SHORT_TAG""]"
326,A-005,Furnish & Install Unspecified Floor Finish From Schedule,FZ,"[""SHORT_TAG""]"
327,A-005,Furnish & Install Unspecified Floor Finish From Schedule,FZ,"[""SHORT_TAG""]"
328,A-005,Furnish & Install Unspecified Floor Finish From Schedule,FX,"[""SHORT_TAG""]"
329,A-005,Furnish & Install Unspecified Floor Finish From Schedule,FX,"[""SHORT_TAG""]"
330,A-005,Furnish & Install Unspecified Floor Finish From Schedule,FV,"[""SHORT_TAG""]"
331,A-005,Furnish & Install Unspecified Floor Finish From Schedule,FV,"[""SHORT_TAG""]"
332,A-005,Furnish & Install Unspecified Floor Finish From Schedule,F2,"[""SHORT_TAG""]"
333,A-005,Furnish & Install Unspecified Floor Finish From Schedule,F2,"[""SHORT_TAG""]"
334,A-005,Furnish & Install Unspecified Floor Finish From Schedule,F1,"[""SHORT_TAG""]"
335,A-005,Furnish & Install Unspecified Floor Finish From Schedule,F1,"[""SHORT_TAG""]"
336,A-005,Furnish & Install Unspecified Floor Finish From Schedule,F3,"[""SHORT_TAG""]"
337,A-005,Furnish & Install Unspecified Floor Finish From Schedule,F3,"[""SHORT_TAG""]"
338,A-005,Furnish & Install Unspecified Floor Finish From Schedule,FZ,"[""SHORT_TAG""]"
339,A-005,Furnish & Install Unspecified Floor Finish From Schedule,FZ,"[""SHORT_TAG""]"
340,A-005,Furnish & Install Unspecified Floor Finish From Schedule,FX,"[""SHORT_TAG""]"
341,A-005,Furnish & Install Unspecified Floor Finish From Schedule,FX,"[""SHORT_TAG""]"
342,A-005,Furnish & Install Unspecified Floor Finish From Schedule,FV,"[""SHORT_TAG""]"
343,A-005,Furnish & Install Unspecified Floor Finish From Schedule,FV,"[""SHORT_TAG""]"
344,A-005,Furnish & Install Unspecified Floor Finish From Schedule,F2,"[""SHORT_TAG""]"
345,A-005,Furnish & Install Unspecified Floor Finish From Schedule,F2,"[""SHORT_TAG""]"
346,A-005,Furnish & Install Unspecified Floor Finish From Schedule,F1,"[""SHORT_TAG""]"
347,A-005,Furnish & Install Unspecified Floor Finish From Schedule,F1,"[""SHORT_TAG""]"
348,A-005,Furnish & Install Unspecified Floor Finish From Schedule,F3,"[""SHORT_TAG""]"
349,A-005,Furnish & Install Unspecified Floor Finish From Schedule,F3,"[""SHORT_TAG""]"
350,A-005,Furnish & Install Unspecified Floor Finish From Schedule,FZ,"[""SHORT_TAG""]"
351,A-005,Furnish & Install Unspecified Floor Finish From Schedule,FZ,"[""SHORT_TAG""]"
352,A-005,Furnish & Install Unspecified Floor Finish From Schedule,FX,"[""SHORT_TAG""]"
353,A-005,Furnish & Install Unspecified Floor Finish From Schedule,FX,"[""SHORT_TAG""]"
354,A-005,Furnish & Install Unspecified Floor Finish From Schedule,FV,"[""SHORT_TAG""]"
355,A-005,Furnish & Install Unspecified Floor Finish From Schedule,FV,"[""SHORT_TAG""]"
356,A-005,Furnish & Install Unspecified Floor Finish From Schedule,F2,"[""SHORT_TAG""]"
357,A-005,Furnish & Install Unspecified Floor Finish From Schedule,F2,"[""SHORT_TAG""]"
358,A-005,Furnish & Install Unspecified Floor Finish From Schedule,F1,"[""SHORT_TAG""]"
359,A-005,Furnish & Install Unspecified Floor Finish From Schedule,F1,"[""SHORT_TAG""]"
360,A-005,Furnish & Install Unspecified Floor Finish From Schedule,F3,"[""SHORT_TAG""]"
361,A-005,Furnish & Install Unspecified Floor Finish From Schedule,F3,"[""SHORT_TAG""]"
362,A-005,Furnish & Install Unspecified Floor Finish From Schedule,FZ,"[""SHORT_TAG""]"
363,A-005,Furnish & Install Unspecified Floor Finish From Schedule,FZ,"[""SHORT_TAG""]"
364,A-005,Furnish & Install Unspecified Floor Finish From Schedule,FX,"[""SHORT_TAG""]"
365,A-005,Furnish & Install Unspecified Floor Finish From Schedule,FX,"[""SHORT_TAG""]"
366,A-005,Furnish & Install Unspecified Floor Finish From Schedule,FV,"[""SHORT_TAG""]"
367,A-005,Furnish & Install Unspecified Floor Finish From Schedule,FV,"[""SHORT_TAG""]"
368,A-005,Furnish & Install Unspecified Floor Finish From Schedule,F2,"[""SHORT_TAG""]"
369,A-005,Furnish & Install Unspecified Floor Finish From Schedule,F2,"[""SHORT_TAG""]"
370,A-005,Furnish & Install Unspecified Floor Finish From Schedule,F1,"[""SHORT_TAG""]"
371,A-005,Furnish & Install Unspecified Floor Finish From Schedule,F1,"[""SHORT_TAG""]"
372,A-005,Furnish & Install Unspecified Floor Finish From Schedule,F3,"[""SHORT_TAG""]"
373,A-005,Furnish & Install Unspecified Floor Finish From Schedule,F3,"[""SHORT_TAG""]"
374,A-005,Furnish & Install Unspecified Floor Finish From Schedule,FZ,"[""SHORT_TAG""]"
375,A-005,Furnish & Install Unspecified Floor Finish From Schedule,FZ,"[""SHORT_TAG""]"
376,A-005,Furnish & Install Unspecified Floor Finish From Schedule,FX,"[""SHORT_TAG""]"
377,A-005,Furnish & Install Unspecified Floor Finish From Schedule,FX,"[""SHORT_TAG""]"
378,A-005,Furnish & Install Unspecified Floor Finish From Schedule,FV,"[""SHORT_TAG""]"
379,A-005,Furnish & Install Unspecified Floor Finish From Schedule,FV,"[""SHORT_TAG""]"
380,A-005,Furnish & Install Unspecified Floor Finish From Schedule,F2,"[""SHORT_TAG""]"
381,A-005,Furnish & Install Unspecified Floor Finish From Schedule,F2,"[""SHORT_TAG""]"
382,A-005,Furnish & Install Unspecified Floor Finish From Schedule,F1,"[""SHORT_TAG""]"
383,A-005,Furnish & Install Unspecified Floor Finish From Schedule,F1,"[""SHORT_TAG""]"
384,A-005,Furnish & Install Unspecified Floor Finish From Schedule,F3,"[""SHORT_TAG""]"
385,A-005,Furnish & Install Unspecified Floor Finish From Schedule,F3,"[""SHORT_TAG""]"
386,A-005,Furnish & Install Unspecified Floor Finish From Schedule,FZ,"[""SHORT_TAG""]"
387,A-005,Furnish & Install Unspecified Floor Finish From Schedule,FZ,"[""SHORT_TAG""]"
388,A-005,Furnish & Install Unspecified Floor Finish From Schedule,FX,"[""SHORT_TAG""]"
389,A-005,Furnish & Install Unspecified Floor Finish From Schedule,FX,"[""SHORT_TAG""]"
390,A-005,Furnish & Install Unspecified Floor Finish From Schedule,FV,"[""SHORT_TAG""]"
391,A-005,Furnish & Install Unspecified Floor Finish From Schedule,FV,"[""SHORT_TAG""]"
392,A-005,Furnish & Install Unspecified Floor Finish From Schedule,F2,"[""SHORT_TAG""]"
393,A-005,Furnish & Install Unspecified Floor Finish From Schedule,F2,"[""SHORT_TAG""]"
394,A-005,Furnish & Install Unspecified Floor Finish From Schedule,F1,"[""SHORT_TAG""]"
395,A-005,Furnish & Install Unspecified Floor Finish From Schedule,F1,"[""SHORT_TAG""]"
396,A-005,Furnish & Install Unspecified Floor Finish From Schedule,F3,"[""SHORT_TAG""]"
397,A-005,Furnish & Install Unspecified Floor Finish From Schedule,F3,"[""SHORT_TAG""]"
398,A-005,Furnish & Install Unspecified Floor Finish From Schedule,FZ,"[""SHORT_TAG""]"
399,A-005,Furnish & Install Unspecified Floor Finish From Schedule,FZ,"[""SHORT_TAG""]"
400,A-005,Furnish & Install Unspecified Floor Finish From Schedule,FX,"[""SHORT_TAG""]"
401,A-005,Furnish & Install Unspecified Floor Finish From Schedule,FX,"[""SHORT_TAG""]"
402,A-005,Furnish & Install Unspecified Floor Finish From Schedule,FV,"[""SHORT_TAG""]"
403,A-005,Furnish & Install Unspecified Floor Finish From Schedule,FV,"[""SHORT_TAG""]"
404,A-005,Furnish & Install Unspecified Floor Finish From Schedule,F2,"[""SHORT_TAG""]"
405,A-005,Furnish & Install Unspecified Floor Finish From Schedule,F2,"[""SHORT_TAG""]"
406,A-005,Furnish & Install Unspecified Floor Finish From Schedule,F1,"[""SHORT_TAG""]"
407,A-005,Furnish & Install Unspecified Floor Finish From Schedule,F1,"[""SHORT_TAG""]"
408,A-005,Furnish & Install Unspecified Floor Finish From Schedule,F3,"[""SHORT_TAG""]"
409,A-005,Furnish & Install Unspecified Floor Finish From Schedule,F3,"[""SHORT_TAG""]"
410,A-005,Furnish & Install Unspecified Floor Finish From Schedule,FZ,"[""SHORT_TAG""]"
411,A-005,Furnish & Install Unspecified Floor Finish From Schedule,FZ,"[""SHORT_TAG""]"
412,A-005,Furnish & Install Unspecified Floor Finish From Schedule,FX,"[""SHORT_TAG""]"
413,A-005,Furnish & Install Unspecified Floor Finish From Schedule,FX,"[""SHORT_TAG""]"
414,A-005,Furnish & Install Unspecified Floor Finish From Schedule,FV,"[""SHORT_TAG""]"
415,A-005,Furnish & Install Unspecified Floor Finish From Schedule,FV,"[""SHORT_TAG""]"
416,A-005,Furnish & Install Unspecified Floor Finish From Schedule,F2,"[""SHORT_TAG""]"
417,A-005,Furnish & Install Unspecified Floor Finish From Schedule,F2,"[""SHORT_TAG""]"
418,A-005,Furnish & Install Carpet,C1,"[""SHORT_TAG""]"
419,A-005,Furnish & Install Carpet,C1,"[""SHORT_TAG""]"
420,A-005,Furnish & Install Carpet,C4,"[""SHORT_TAG""]"
421,A-005,Furnish & Install Carpet,C4,"[""SHORT_TAG""]"
422,A-005,Furnish & Install Carpet,CX,"[""SHORT_TAG""]"
423,A-005,Furnish & Install Carpet,CX,"[""SHORT_TAG""]"
424,A-005,Furnish & Install Carpet,CV,"[""SHORT_TAG""]"
425,A-005,Furnish & Install Carpet,CV,"[""SHORT_TAG""]"
426,A-005,Furnish & Install Carpet,CZ,"[""SHORT_TAG""]"
427,A-005,Furnish & Install Carpet,CZ,"[""SHORT_TAG""]"
428,A-005,Furnish & Install Carpet,C2,"[""SHORT_TAG""]"
429,A-005,Furnish & Install Carpet,C2,"[""SHORT_TAG""]"
430,A-005,Furnish & Install Carpet,C3,"[""SHORT_TAG""]"
431,A-005,Furnish & Install Carpet,C3,"[""SHORT_TAG""]"
432,A-005,Furnish & Install Carpet,C1,"[""SHORT_TAG""]"
433,A-005,Furnish & Install Carpet,C1,"[""SHORT_TAG""]"
434,A-005,Furnish & Install Carpet,C4,"[""SHORT_TAG""]"
435,A-005,Furnish & Install Carpet,C4,"[""SHORT_TAG""]"
436,A-005,Furnish & Install Carpet,CX,"[""SHORT_TAG""]"
437,A-005,Furnish & Install Carpet,CX,"[""SHORT_TAG""]"
438,A-005,Furnish & Install Carpet,CV,"[""SHORT_TAG""]"
439,A-005,Furnish & Install Carpet,CV,"[""SHORT_TAG""]"
440,A-005,Furnish & Install Carpet,CZ,"[""SHORT_TAG""]"
441,A-005,Furnish & Install Carpet,CZ,"[""SHORT_TAG""]"
442,A-005,Furnish & Install Carpet,C2,"[""SHORT_TAG""]"
443,A-005,Furnish & Install Carpet,C2,"[""SHORT_TAG""]"
444,A-005,Furnish & Install Carpet,C3,"[""SHORT_TAG""]"
445,A-005,Furnish & Install Carpet,C3,"[""SHORT_TAG""]"
446,A-005,Furnish & Install Carpet,C1,"[""SHORT_TAG""]"
447,A-005,Furnish & Install Carpet,C1,"[""SHORT_TAG""]"
448,A-005,Furnish & Install Carpet,C4,"[""SHORT_TAG""]"
449,A-005,Furnish & Install Carpet,C4,"[""SHORT_TAG""]"
450,A-005,Furnish & Install Carpet,CX,"[""SHORT_TAG""]"
451,A-005,Furnish & Install Carpet,CX,"[""SHORT_TAG""]"
452,A-005,Furnish & Install Carpet,CV,"[""SHORT_TAG""]"
453,A-005,Furnish & Install Carpet,CV,"[""SHORT_TAG""]"
454,A-005,Furnish & Install Carpet,CZ,"[""SHORT_TAG""]"
455,A-005,Furnish & Install Carpet,CZ,"[""SHORT_TAG""]"
456,A-005,Furnish & Install Carpet,C2,"[""SHORT_TAG""]"
457,A-005,Furnish & Install Carpet,C2,"[""SHORT_TAG""]"
458,A-005,Furnish & Install Carpet,C3,"[""SHORT_TAG""]"
459,A-005,Furnish & Install Carpet,C3,"[""SHORT_TAG""]"
460,A-005,Furnish & Install Carpet,C1,"[""SHORT_TAG""]"
461,A-005,Furnish & Install Carpet,C1,"[""SHORT_TAG""]"
462,A-005,Furnish & Install Carpet,C4,"[""SHORT_TAG""]"
463,A-005,Furnish & Install Carpet,C4,"[""SHORT_TAG""]"
464,A-005,Furnish & Install Carpet,CX,"[""SHORT_TAG""]"
465,A-005,Furnish & Install Carpet,CX,"[""SHORT_TAG""]"
466,A-005,Furnish & Install Carpet,CV,"[""SHORT_TAG""]"
467,A-005,Furnish & Install Carpet,CV,"[""SHORT_TAG""]"
468,A-005,Furnish & Install Carpet,CZ,"[""SHORT_TAG""]"
469,A-005,Furnish & Install Carpet,CZ,"[""SHORT_TAG""]"
470,A-005,Furnish & Install Carpet,C2,"[""SHORT_TAG""]"
471,A-005,Furnish & Install Carpet,C2,"[""SHORT_TAG""]"
472,A-005,Furnish & Install Carpet,C3,"[""SHORT_TAG""]"
473,A-005,Furnish & Install Carpet,C3,"[""SHORT_TAG""]"
474,A-005,Furnish & Install Unidentified Electrical Components for Estimator Review,E1,"[""SHORT_TAG""]"
475,A-005,Furnish & Install Unidentified Electrical Components for Estimator Review,E1,"[""SHORT_TAG""]"
476,A-005,Furnish & Install Unidentified Electrical Components for Estimator Review,E4,"[""SHORT_TAG""]"
477,A-005,Furnish & Install Unidentified Electrical Components for Estimator Review,E4,"[""SHORT_TAG""]"
478,A-005,Furnish & Install Unidentified Electrical Components for Estimator Review,EX,"[""SHORT_TAG""]"
479,A-005,Furnish & Install Unidentified Electrical Components for Estimator Review,EX,"[""SHORT_TAG""]"
480,A-005,Furnish & Install Unidentified Electrical Components for Estimator Review,EV,"[""SHORT_TAG""]"
481,A-005,Furnish & Install Unidentified Electrical Components for Estimator Review,EV,"[""SHORT_TAG""]"
482,A-005,Furnish & Install Unidentified Electrical Components for Estimator Review,EZ,"[""SHORT_TAG""]"
483,A-005,Furnish & Install Unidentified Electrical Components for Estimator Review,EZ,"[""SHORT_TAG""]"
484,A-005,Furnish & Install Unidentified Electrical Components for Estimator Review,E2,"[""SHORT_TAG""]"
485,A-005,Furnish & Install Unidentified Electrical Components for Estimator Review,E2,"[""SHORT_TAG""]"
486,A-005,Furnish & Install Unidentified Electrical Components for Estimator Review,E3,"[""SHORT_TAG""]"
487,A-005,Furnish & Install Unidentified Electrical Components for Estimator Review,E3,"[""SHORT_TAG""]"
488,A-005,Furnish & Install Unidentified Electrical Components for Estimator Review,E5,"[""SHORT_TAG""]"
489,A-005,Furnish & Install Unidentified Electrical Components for Estimator Review,E5,"[""SHORT_TAG""]"
490,A-005,Furnish & Install Unidentified Electrical Components for Estimator Review,EW,"[""SHORT_TAG""]"
491,A-005,Furnish & Install Unidentified Electrical Components for Estimator Review,EW,"[""SHORT_TAG""]"
492,A-005,Furnish & Install Unidentified Electrical Components for Estimator Review,EY,"[""SHORT_TAG""]"
493,A-005,Furnish & Install Unidentified Electrical Components for Estimator Review,EY,"[""SHORT_TAG""]"
494,A-005,Furnish & Install Unidentified Electrical Components for Estimator Review,E1,"[""SHORT_TAG""]"
495,A-005,Furnish & Install Unidentified Electrical Components for Estimator Review,E1,"[""SHORT_TAG""]"
496,A-005,Furnish & Install Unidentified Electrical Components for Estimator Review,E4,"[""SHORT_TAG""]"
497,A-005,Furnish & Install Unidentified Electrical Components for Estimator Review,E4,"[""SHORT_TAG""]"
498,A-005,Furnish & Install Unidentified Electrical Components for Estimator Review,EX,"[""SHORT_TAG""]"
499,A-005,Furnish & Install Unidentified Electrical Components for Estimator Review,EX,"[""SHORT_TAG""]"
500,A-005,Furnish & Install Unidentified Electrical Components for Estimator Review,EV,"[""SHORT_TAG""]"
501,A-005,Furnish & Install Unidentified Electrical Components for Estimator Review,EV,"[""SHORT_TAG""]"
502,A-005,Furnish & Install Unidentified Electrical Components for Estimator Review,EZ,"[""SHORT_TAG""]"
503,A-005,Furnish & Install Unidentified Electrical Components for Estimator Review,EZ,"[""SHORT_TAG""]"
504,A-005,Furnish & Install Unidentified Electrical Components for Estimator Review,E2,"[""SHORT_TAG""]"
505,A-005,Furnish & Install Unidentified Electrical Components for Estimator Review,E2,"[""SHORT_TAG""]"
506,A-005,Furnish & Install Unidentified Electrical Components for Estimator Review,E3,"[""SHORT_TAG""]"
507,A-005,Furnish & Install Unidentified Electrical Components for Estimator Review,E3,"[""SHORT_TAG""]"
508,A-005,Furnish & Install Unidentified Electrical Components for Estimator Review,E5,"[""SHORT_TAG""]"
509,A-005,Furnish & Install Unidentified Electrical Components for Estimator Review,E5,"[""SHORT_TAG""]"
510,A-005,Furnish & Install Unidentified Electrical Components for Estimator Review,EW,"[""SHORT_TAG""]"
511,A-005,Furnish & Install Unidentified Electrical Components for Estimator Review,EW,"[""SHORT_TAG""]"
512,A-005,Furnish & Install Unidentified Electrical Components for Estimator Review,EY,"[""SHORT_TAG""]"
513,A-005,Furnish & Install Unidentified Electrical Components for Estimator Review,EY,"[""SHORT_TAG""]"
514,A-005,Furnish & Install Wall Base,B1,"[""SHORT_TAG""]"
515,A-005,Furnish & Install Wall Base,B1,"[""SHORT_TAG""]"
516,A-005,Furnish & Install Wall Base,B4,"[""SHORT_TAG""]"
517,A-005,Furnish & Install Wall Base,B4,"[""SHORT_TAG""]"
518,A-005,Furnish & Install Wall Base,BX,"[""SHORT_TAG""]"
519,A-005,Furnish & Install Wall Base,BX,"[""SHORT_TAG""]"
520,A-005,Furnish & Install Wall Base,BV,"[""SHORT_TAG""]"
521,A-005,Furnish & Install Wall Base,BV,"[""SHORT_TAG""]"
522,A-005,Furnish & Install Wall Base,BZ,"[""SHORT_TAG""]"
523,A-005,Furnish & Install Wall Base,BZ,"[""SHORT_TAG""]"
524,A-005,Furnish & Install Wall Base,B2,"[""SHORT_TAG""]"
525,A-005,Furnish & Install Wall Base,B2,"[""SHORT_TAG""]"
526,A-005,Furnish & Install Wall Base,B3,"[""SHORT_TAG""]"
527,A-005,Furnish & Install Wall Base,B3,"[""SHORT_TAG""]"
528,A-005,Furnish & Install Wall Base,B1,"[""SHORT_TAG""]"
529,A-005,Furnish & Install Wall Base,B1,"[""SHORT_TAG""]"
530,A-005,Furnish & Install Wall Base,B4,"[""SHORT_TAG""]"
531,A-005,Furnish & Install Wall Base,B4,"[""SHORT_TAG""]"
532,A-005,Furnish & Install Wall Base,BX,"[""SHORT_TAG""]"
533,A-005,Furnish & Install Wall Base,BX,"[""SHORT_TAG""]"
534,A-005,Furnish & Install Wall Base,BV,"[""SHORT_TAG""]"
535,A-005,Furnish & Install Wall Base,BV,"[""SHORT_TAG""]"
536,A-005,Furnish & Install Wall Base,BZ,"[""SHORT_TAG""]"
537,A-005,Furnish & Install Wall Base,BZ,"[""SHORT_TAG""]"
538,A-005,Furnish & Install Wall Base,B2,"[""SHORT_TAG""]"
539,A-005,Furnish & Install Wall Base,B2,"[""SHORT_TAG""]"
540,A-005,Furnish & Install Wall Base,B3,"[""SHORT_TAG""]"
541,A-005,Furnish & Install Wall Base,B3,"[""SHORT_TAG""]"
542,A-005,Furnish & Install Precast Concrete Stair Treads,T 801.924.5000,[]
543,A-101CD,Furnish & Install Wall Finishes Per Finish Schedule And Elevations,A B BR C BR A,[]
544,A-101CD,Furnish & Install Wall Finishes Per Finish Schedule And Elevations,A C BR C BR A,[]
545,A-101CD,Furnish & Install Wall Finishes Per Finish Schedule And Elevations,A B BR C BR D,[]
546,A-101CD,Furnish & Install Wall Finishes Per Finish Schedule And Elevations,A BR A,[]
547,A-101CD,Furnish & Install Wall Finishes Per Finish Schedule And Elevations,E BR A,[]
548,A-101CD,Furnish & Install Wall Framing Continuous To Deck And As Per General Notes,A. ALL NEW WALL ASSEMBLIES ARE CONTINUOUS TO BOTTOM OF DECK UNLESS NOTED OTHERWISE.,[]
549,A-101CD,Furnish & Install Tile Backer Board And Moisture Resistant Gypsum Board In Wet Areas,"C. WHERE THE FINISH SCHEDULE OR INTERIOR ELEVATIONS CALL FOR TILE, REPLACE GYPSUM BOARD SHOWN IN THE WALL'S ASSEMBLY WITH TILE BACKER BOARD WHERE TILE OCCURS. REPLACE OTHER GYPSUM BOARD SHOWN IN THAT WALL'S ASSEMBLY WITH MOISTURE RESISTANT GYPSUM BOARD WHERE NO TILE OCCURS.",[]
550,A-101CD,Furnish & Install Wall Framing Layout And Coordination,F.O.S.,"[""SHORT_TAG""]"
551,A-101CD,Furnish & Install Wall Framing Layout And Coordination,F.O.S.,"[""SHORT_TAG""]"
552,A-101CD,Furnish & Install Wall Framing Layout And Coordination,F.O.S.,"[""SHORT_TAG""]"
553,A-101CD,Furnish & Install Wall Framing Layout And Coordination,F.O.S.,"[""SHORT_TAG""]"
554,A-101CD,Furnish & Install Wall Framing Layout And Coordination,F.O.S.,"[""SHORT_TAG""]"
555,A-101CD,Furnish & Install Wall Framing Layout And Coordination,F.O.S.,"[""SHORT_TAG""]"
556,A-101CD,Furnish & Install Wall Framing Layout And Coordination,F.O.S.,"[""SHORT_TAG""]"
557,A-101CD,Furnish & Install Wall Framing Layout And Coordination,F.O.S.,"[""SHORT_TAG""]"
558,A-101CD,Furnish & Install Wall Framing Layout And Coordination,F.O.S.,"[""SHORT_TAG""]"
559,A-101CD,Furnish & Install Wall Framing Layout And Coordination,F.O.S.,"[""SHORT_TAG""]"
560,A-101CD,Furnish & Install Wall Framing Layout And Coordination,F.O.S.,"[""SHORT_TAG""]"
561,A-101CD,Furnish & Install Wall Framing Layout And Coordination,F.O.S.,"[""SHORT_TAG""]"
562,A-101CD,Furnish & Install Wall Framing Layout And Coordination,F.O.S.,"[""SHORT_TAG""]"
563,A-101CD,Furnish & Install Wall Framing Layout And Coordination,F.O.S.,"[""SHORT_TAG""]"
564,A-101CD,Furnish & Install Wall Framing Layout And Coordination,F.O.S.,"[""SHORT_TAG""]"
565,A-101CD,Furnish & Install Wall Framing Layout And Coordination,F.O.S.,"[""SHORT_TAG""]"
566,A-101CD,Furnish & Install Wall Framing Layout And Coordination,F.O.S.,"[""SHORT_TAG""]"
567,A-101CD,Furnish & Install Wall Framing Layout And Coordination,F.O.S.,"[""SHORT_TAG""]"
568,A-101CD,Furnish & Install Wall Framing Layout And Coordination,F.O.S.,"[""SHORT_TAG""]"
569,A-101CD,Furnish & Install Wall Framing Layout And Coordination,F.O.S.,"[""SHORT_TAG""]"
570,A-101CD,Furnish & Install Wood Blocking and Backing,"D. PROVIDE BACKING / SUPPORT FOR ALL MOUNTED FIXTURES, EQUIPMENT, CASEWORK, AND/OR SYSTEMS FURNITURE. COORDINATE WITH FLOOR PLANS, AND INTERIOR ELEVATIONS PRIOR TO THE COVERING OF STUD FRAMING. REFER TO MANUFACTURER'S RECOMMENDATIONS WHERE APPLICABLE, OTHERWISE REFER TO DETAILS ON A700s SHEET SERIES.",[]
571,A-101CD,Furnish & Install Coordination Of Rough Opening Dimensions With Actual Frame Sizes,"H. WHERE PROVIDED, DOOR AND WINDOW DIMENSIONS ARE TO EDGE OF OPENING. OPENING DIMENSIONS ARE NOMINAL. CONTRACTOR SHALL COORDINATE DIMENSIONS OF ALL ROUGH OPENINGS AND ACTUAL FRAME SIZES.",[]
572,A-101CD,Furnish & Install Layout For Undimensioned Door Rough Openings,"I. WHERE DOOR LOCATIONS ARE NOT DIMENSIONED, SEE DETAILS REFERENCED IN DOOR SCHEDULE BY SPECIFIC CONDITION. OTHERWISE, THE HINGE SIDE OF DOOR ROUGH OPENINGS SHALL BE LOCATED 4"" FROM THE ADJACENT PERPENDICULAR WALL, SUBJECT TO MAINTENANCE OF REQUIRED ADA CLEARANCES REFERENCED IN THE G700s SHEET SERIES.","[""POSSIBLE_DIMENSION""]"
573,A-101CD,Furnish & Install Wood Doors Per Schedule And Drawings,WD42A,[]
574,A-101CD,Furnish & Install Wood Doors Per Schedule And Drawings,WD42A,[]
575,A-101CD,Furnish & Install Wood Doors Per Schedule And Drawings,WD42A,[]
576,A-101CD,"Furnish & Install — Room, Area, and Unit Identification Signage",LIVING A,[]
577,A-101CD,"Furnish & Install — Room, Area, and Unit Identification Signage",KITCHEN B,[]
578,A-101CD,"Furnish & Install — Room, Area, and Unit Identification Signage",MECH M,[]
579,A-101CD,"Furnish & Install — Room, Area, and Unit Identification Signage",HALL H,[]
580,A-101CD,"Furnish & Install — Room, Area, and Unit Identification Signage",CLOSET C,[]
581,A-101CD,"Furnish & Install — Room, Area, and Unit Identification Signage",BATH D,[]
582,A-101CD,"Furnish & Install — Room, Area, and Unit Identification Signage",LAUNDRY E,[]
583,A-101CD,"Furnish & Install — Room, Area, and Unit Identification Signage",PRIMARY BEDROOM F,[]
584,A-101CD,"Furnish & Install — Room, Area, and Unit Identification Signage",BEDROOM G,[]
585,A-101CD,"Furnish & Install — Room, Area, and Unit Identification Signage",LIVING A,[]
586,A-101CD,"Furnish & Install — Room, Area, and Unit Identification Signage",KITCHEN B,[]
587,A-101CD,"Furnish & Install — Room, Area, and Unit Identification Signage",MECH M,[]
588,A-101CD,"Furnish & Install — Room, Area, and Unit Identification Signage",HALL H,[]
589,A-101CD,"Furnish & Install — Room, Area, and Unit Identification Signage",CLOSET C,[]
590,A-101CD,"Furnish & Install — Room, Area, and Unit Identification Signage",BATH D,[]
591,A-101CD,"Furnish & Install — Room, Area, and Unit Identification Signage",LAUNDRY E,[]
592,A-101CD,"Furnish & Install — Room, Area, and Unit Identification Signage",PRIMARY BEDROOM F,[]
593,A-101CD,"Furnish & Install — Room, Area, and Unit Identification Signage",BEDROOM G,[]
594,A-101CD,"Furnish & Install — Room, Area, and Unit Identification Signage",LIVING A,[]
595,A-101CD,"Furnish & Install — Room, Area, and Unit Identification Signage",KITCHEN B,[]
596,A-101CD,"Furnish & Install — Room, Area, and Unit Identification Signage",MECH M,[]
597,A-101CD,"Furnish & Install — Room, Area, and Unit Identification Signage",HALL J,[]
598,A-101CD,"Furnish & Install — Room, Area, and Unit Identification Signage",BATH D,[]
599,A-101CD,"Furnish & Install — Room, Area, and Unit Identification Signage",LAUNDRY E,[]
600,A-101CD,"Furnish & Install — Room, Area, and Unit Identification Signage",PRIMARY BEDROOM F,[]
601,A-101CD,"Furnish & Install — Room, Area, and Unit Identification Signage",BEDROOM G,[]
602,A-101CD,"Furnish & Install — Room, Area, and Unit Identification Signage",BEDROOM H,[]
603,A-101CD,"Furnish & Install — Room, Area, and Unit Identification Signage",LIVING,[]
604,A-101CD,"Furnish & Install — Room, Area, and Unit Identification Signage",KITCHEN,[]
605,A-101CD,"Furnish & Install — Room, Area, and Unit Identification Signage",MECH,[]
606,A-101CD,"Furnish & Install — Room, Area, and Unit Identification Signage",HALL,[]
607,A-101CD,"Furnish & Install — Room, Area, and Unit Identification Signage",CLOSET,[]
608,A-101CD,"Furnish & Install — Room, Area, and Unit Identification Signage",BATH,[]
609,A-101CD,"Furnish & Install — Room, Area, and Unit Identification Signage",LAUNDRY,[]
610,A-101CD,"Furnish & Install — Room, Area, and Unit Identification Signage",PRIMARY BEDROOM,[]
611,A-101CD,"Furnish & Install — Room, Area, and Unit Identification Signage",BEDROOM,[]
612,A-101CD,"Furnish & Install — Room, Area, and Unit Identification Signage",BEDROOM,[]
613,A-101CD,"Furnish & Install — Room, Area, and Unit Identification Signage",BREEZEWAY,[]
614,A-101CD,"Furnish & Install — Room, Area, and Unit Identification Signage",PRIMARY BEDROOM F,[]
615,A-101CD,"Furnish & Install — Room, Area, and Unit Identification Signage",LAUNDRY E,[]
616,A-101CD,"Furnish & Install — Room, Area, and Unit Identification Signage",LAUNDRY E,[]
617,A-101CD,Furnish & Install Wall Partition Assemblies As Per Wall Type Schedules And Tags,W60A,[]
618,A-101CD,Furnish & Install Wall Partition Assemblies As Per Wall Type Schedules And Tags,W4 W4 W4 W4 W4 W4 W4 W6 W4 W4G W4G W4 W4 W4 W6 W4 W4 W4 W4 W4 W4,[]
619,A-101CD,Furnish & Install Wall Partition Assemblies As Per Wall Type Schedules And Tags,W60A,[]
620,A-101CD,Furnish & Install Wall Partition Assemblies As Per Wall Type Schedules And Tags,W4 W6G W6G W6G W4 W4 W4 W6 W4 W4 W4 W4 W4 W4 W4,[]
621,A-101CD,Furnish & Install Wall Partition Assemblies As Per Wall Type Schedules And Tags,W4 W6G W6G W6G W4 W6 W4 W4 W4 W4 W4G W4 W4 W4 W4 W4 W4 W4 W4 W4,[]
622,A-101CD,Furnish & Install Wall Partition Assemblies As Per Wall Type Schedules And Tags,XW6.2,[]
623,A-101CD,Furnish & Install Wall Partition Assemblies As Per Wall Type Schedules And Tags,XW6.2,[]
624,A-101CD,Furnish & Install Wall Partition Assemblies As Per Wall Type Schedules And Tags,W4 W4 W6G WD42A W6G W4 W4,[]
625,A-101CD,Furnish & Install Wall Partition Assemblies As Per Wall Type Schedules And Tags,FB1 XW6 XW6 BR1 BR1 BR1 BR1 XW6 BR1,[]
626,A-101CD,Furnish & Install Wall Partition Assemblies As Per Wall Type Schedules And Tags,XW62,[]
627,A-101CD,Furnish & Install Wall Partition Assemblies As Per Wall Type Schedules And Tags,XW6 FB1 XW6 XW6 BR1 BR1 XW6 BR1 BR1 XW6 FB1 XW6 XW6 BR1 BR1 XW6 BR1 BR1 XW6 XW6 XW6 XW6 FB1 WD40A,[]
628,A-101CD,Furnish & Install Precast Concrete Stair Treads,T 801.924.5000,[]
629,A-153E,Furnish & Install Wood Blocking and Backing,D. PROVIDE REQUIRED BLOCKING AND SUPPORT FOR CEILING FANS AND ALL OTHER CEILING MOUNTED FIXTURES.,[]
630,A-153E,Review Expansion Joint Schedule on G Series Sheets,H. SEE G SERIES SHEETS FOR EXPANSION JOINT SCHEDULE.,[]
631,A-153E,"Furnish & Install Drywall Trim, Corner Bead, And Escutcheons",E. PROVIDE APPROPRIATE TRIM OR ESCUTCHEONS FOR ALL ITEMS PENETRATING CEILINGS FROM FINISH SPACE.,[]
632,A-153E,Furnish & Install Framing And Sealing For Ceiling Penetrations And Box Outs,F. LIGHT FIXTURES IN CEILINGS TO RECEIVE BATT INSULATION ON TOP SHALL HAVE A BOX OUT TO PROTECT THE INSULATION FROM THE HEAT OF THE LIGHT SOURCE.,[]
633,A-153E,Furnish & Install Framing For Soffits,G. ALL SOFFIT DIMENSIONS ARE TO FACE OF FINISH MATERIAL.,[]
634,A-153E,Furnish & Install Seismic Bracing For Walls And Ceilings,"I. FOR TYPICAL CEILING AND SEISMIC BRACING DETAILS, REFER TO A700s SHEET SERIES.",[]
635,A-153E,Furnish & Install Corner Guards,"CG1.14 7' - 11 3/8""","[""POSSIBLE_DIMENSION""]"
636,A-203,Furnish & Install Brick Veneer System,BLDG ELEVATION LEGEND,[]
637,A-203,Furnish & Install Brick Veneer System,BR1 BRICK VENEER,[]
638,A-203,Furnish & Install Brick Veneer System,BR1,"[""SHORT_TAG""]"
639,A-203,Furnish & Install Brick Veneer System,BR1,"[""SHORT_TAG""]"
640,A-203,Furnish & Install Brick Veneer System,BR1,"[""SHORT_TAG""]"
641,A-203,Furnish & Install Brick Veneer System,BR1,"[""SHORT_TAG""]"
642,A-203,Furnish & Install Brick Veneer System,BR1,"[""SHORT_TAG""]"
643,A-203,Furnish & Install Brick Veneer System,BR1,"[""SHORT_TAG""]"
644,A-203,Furnish & Install Brick Veneer System,BR1,"[""SHORT_TAG""]"
645,A-203,Furnish & Install Brick Veneer System,BR1,"[""SHORT_TAG""]"
646,A-203,Furnish & Install Brick Veneer System,BR1,"[""SHORT_TAG""]"
647,A-203,"Furnish & Install Gutters, Downspouts, and Associated Accessories","C. PROVIDE GUTTERS AND DOWN SPOUTS w/ HEAT CABLE, SNOW FENCES, AND SNOW CLIPS - SEE ROOF PLAN.",[]
648,A-203,Furnish & Install Asphalt Shingles,RW4 ASPHALT SHINGLE,[]
649,A-203,Furnish & Install Fiber Cement Siding,"FB1 FIBER BOARD, HORIZONTAL",[]
650,A-203,Furnish & Install Fiber Cement Siding,"FB2 FIBER BOARD, VERTICAL",[]
651,A-203,Furnish & Install Fiber Cement Siding,FB1,"[""SHORT_TAG""]"
652,A-203,Furnish & Install Fiber Cement Siding,FB1,"[""SHORT_TAG""]"
653,A-203,Furnish & Install Fiber Cement Siding,FB1,"[""SHORT_TAG""]"
654,A-203,Furnish & Install Fiber Cement Siding,FB1,"[""SHORT_TAG""]"
655,A-203,Furnish & Install Fiber Cement Siding,FB1,"[""SHORT_TAG""]"
656,A-203,Furnish & Install Fiber Cement Siding,FB1,"[""SHORT_TAG""]"
657,A-203,Furnish & Install Fiber Cement Siding,FB1,"[""SHORT_TAG""]"
658,A-203,Furnish & Install Fiber Cement Siding,FB1,"[""SHORT_TAG""]"
659,A-203,Furnish & Install Fiber Cement Siding,FB1,"[""SHORT_TAG""]"
660,A-203,Furnish & Install Fiber Cement Siding,FB1,"[""SHORT_TAG""]"
661,A-203,Furnish & Install Fiber Cement Siding,FB1,"[""SHORT_TAG""]"
662,A-203,Furnish & Install Fiber Cement Siding,FB1,"[""SHORT_TAG""]"
663,A-203,Furnish & Install Painting For All Exposed Unfinished Steel,E. ALL EXPOSED UNFINISHED STEEL TO BE PAINTED UNLESS DIRECTED BY ARCHITECT.,[]
664,A-203,Furnish & Install Fire Extinguishers And Cabinets,FIRE EXT CAB FEC,[]
665,A-203,Furnish & Install — Bike Racks,BIKE RACK,[]
666,A-203,Furnish & Install Exterior Lighting Above Doors,LIGHTS ABOVE DOORS. SEE ELECTRICAL,[]
667,A-203,Furnish & Install Knox Box for Emergency Access,KNOX KX1,[]
668,A-203,Furnish & Install Building Address Signage,"Architectural NEXUS, Inc.",[]
669,A-203,Furnish & Install Building Address Signage,2505 East Parleys Way,[]
670,A-203,Furnish & Install Building Address Signage,"Salt Lake City, Utah 84109",[]
671,A-351,Furnish & Install Wall Finishes Per Finish Schedule And Elevations,FG5.1,[]
672,A-351,Furnish & Install Wall Finishes Per Finish Schedule And Elevations,XW6,"[""SHORT_TAG""]"
673,A-351,Furnish & Install Wall Finishes Per Finish Schedule And Elevations,XW6,"[""SHORT_TAG""]"
674,A-351,Furnish & Install Wall Finishes Per Finish Schedule And Elevations,XW6,"[""SHORT_TAG""]"
675,A-351,Furnish & Install Wall Finishes Per Finish Schedule And Elevations,FG5.1,[]
676,A-351,Furnish & Install Wall Finishes Per Finish Schedule And Elevations,XW6,"[""SHORT_TAG""]"
677,A-351,Furnish & Install Wall Finishes Per Finish Schedule And Elevations,XW6,"[""SHORT_TAG""]"
678,A-351,Furnish & Install Wall Finishes Per Finish Schedule And Elevations,XW6,"[""SHORT_TAG""]"
679,A-351,Furnish & Install Wall Finishes Per Finish Schedule And Elevations,XW6,"[""SHORT_TAG""]"
680,A-351,Furnish & Install Wall Finishes Per Finish Schedule And Elevations,XW6,"[""SHORT_TAG""]"
681,A-351,Furnish & Install Wall Finishes Per Finish Schedule And Elevations,XW6,"[""SHORT_TAG""]"
682,A-351,Furnish & Install Wall Finishes Per Finish Schedule And Elevations,XW6,"[""SHORT_TAG""]"
683,A-351,Furnish & Install Wall Finishes Per Finish Schedule And Elevations,FG5.1,[]
684,A-351,Furnish & Install Wall Finishes Per Finish Schedule And Elevations,XW6,"[""SHORT_TAG""]"
685,A-351,Furnish & Install Wall Finishes Per Finish Schedule And Elevations,XW6,"[""SHORT_TAG""]"
686,A-351,Furnish & Install Wall Finishes Per Finish Schedule And Elevations,XW6,"[""SHORT_TAG""]"
687,A-351,Furnish & Install Wall Finishes Per Finish Schedule And Elevations,XW6,"[""SHORT_TAG""]"
688,A-351,Furnish & Install Wall Finishes Per Finish Schedule And Elevations,FG5.1,[]
689,A-351,Furnish & Install Vinyl Clad Windows,FW22,[]
690,A-351,Furnish & Install Vinyl Clad Windows,FW22,[]
691,A-351,Furnish & Install Vinyl Clad Windows,FW22,[]
692,A-351,Furnish & Install Vinyl Clad Windows,FW22,[]
693,A-351,Furnish & Install Vinyl Clad Windows,FW22,[]
694,A-351,Furnish & Install Vinyl Clad Windows,FW22,[]
695,A-351,Furnish & Install Vinyl Clad Windows,FW22,[]
696,A-351,Furnish & Install Vinyl Clad Windows,FW22,[]
697,A-351,Furnish & Install Brick Veneer System,FB2,"[""SHORT_TAG""]"
698,A-351,Furnish & Install Brick Veneer System,FB2,"[""SHORT_TAG""]"
699,A-351,Furnish & Install Brick Veneer System,FB2,"[""SHORT_TAG""]"
700,A-351,Furnish & Install Brick Veneer System,BR1,"[""SHORT_TAG""]"
701,A-351,Furnish & Install Brick Veneer System,BR1,"[""SHORT_TAG""]"
702,A-351,Furnish & Install Brick Veneer System,FB2,"[""SHORT_TAG""]"
703,A-351,Furnish & Install Brick Veneer System,FB2,"[""SHORT_TAG""]"
704,A-351,Furnish & Install Brick Veneer System,BR1,"[""SHORT_TAG""]"
705,A-351,Furnish & Install Brick Veneer System,FB1,"[""SHORT_TAG""]"
706,A-351,Furnish & Install Brick Veneer System,FB1,"[""SHORT_TAG""]"
707,A-351,Furnish & Install Brick Veneer System,FB1,"[""SHORT_TAG""]"
708,A-351,Furnish & Install Brick Veneer System,FB1,"[""SHORT_TAG""]"
709,A-351,Furnish & Install Brick Veneer System,BR1,"[""SHORT_TAG""]"
710,A-351,Furnish & Install Brick Veneer System,FB1,"[""SHORT_TAG""]"
711,A-351,Furnish & Install Brick Veneer System,FB1,"[""SHORT_TAG""]"
712,A-351,"Furnish & Install Gutters, Downspouts, and Associated Accessories",RW4,"[""SHORT_TAG""]"
713,A-351,"Furnish & Install Gutters, Downspouts, and Associated Accessories",RW4,"[""SHORT_TAG""]"
714,A-351,"Furnish & Install Gutters, Downspouts, and Associated Accessories",RW4,"[""SHORT_TAG""]"
715,A-351,"Furnish & Install Gutters, Downspouts, and Associated Accessories","DOWNSPOUT, SEE CIVIL & LANDSCAPE",[]
716,A-351,"Furnish & Install Gutters, Downspouts, and Associated Accessories",RW4,"[""SHORT_TAG""]"
717,A-351,Furnish & Install Self-Adhered and Flexible Flashing Membrane,SELF ADHERED FLASHING MEMBRANE,[]
718,A-351,Furnish & Install Continuous Flexible Silicone Membrane Flashing,CONTINUOUS FLEXIBLE SILICONE MEMBRANE FLASHING,[]
719,A-351,Furnish & Install Self-Adhered Single-Ply Roofing Membrane,SELF-ADHERED SINGLE-PLY ROOFING MEMBRANE,[]
720,A-351,Furnish & Install High Temperature Roof Underlayment,"ROOF UNDERLAYMENT, HIGH TEMP",[]
721,A-351,Furnish & Install Self-Adhered Foil-Faced Membrane,SELF ADHERED FOIL-FACED MEMBRANE,[]
722,A-351,Furnish & Install Ice And Water Shield Membrane,ICE & WATER SHIELD,[]
723,A-351,Furnish & Install Weather Resistant Barrier (WRB),WEATHER RESISTANT BARRIER (WRB),[]
724,A-351,Furnish & Install Vapor Control Layer (VCL) And Smart Vapor Retarder,VAPOR CONTROL LAYER (VCL),[]
725,A-351,Furnish & Install Vapor Control Layer (VCL) And Smart Vapor Retarder,SMART VAPOR RETARDER,[]
726,A-351,Furnish & Install Below Slab Vapor Barrier,"VAPOR BARRIER, BELOW SLAB",[]
727,A-351,Furnish & Install Below Grade Dampproofing,BELOW GRADE DAMPPROOFING,[]
728,A-351,Furnish & Install Fluid-Applied Waterproofing,FLUID-APPLIED WATERPROOFING,[]
729,A-351,Furnish & Install Corner Guards,CG1.11,[]
730,A-351,Furnish & Install Corner Guards,CG1.11,[]
731,A-351,Furnish & Install Corner Guards,CG1.11,[]
732,A-351,Furnish & Install Corner Guards,CG1.11,[]
733,A-351,Furnish & Install Corner Guards,CG1.11,[]
734,A-351,Furnish & Install Corner Guards,CG1.11,[]
735,A-351,Furnish & Install Corner Guards,CG1.11,[]
736,A-351,Furnish & Install Corner Guards,CG1.11,[]
737,A-351,Furnish & Install Corner Guards,CG1.11,[]
738,A-351,Furnish & Install Corner Guards,CG1.11,[]
739,A-351,Furnish & Install Corner Guards,CG1.11,[]
740,A-351,Furnish & Install Corner Guards,CG1.11,[]
741,A-421,Furnish & Install Gypsum Board Type GB-1,LIVING A GB-1 P-1 RB-1 C-1 180 SF,[]
742,A-421,Furnish & Install Gypsum Board Type GB-1,BEDROOM G GB-1 P-1 CB-1 C-1 128 SF,[]
743,A-421,Furnish & Install Gypsum Board Type GB-1,PRIMARY BEDROOM F GB-1 P-1 CB-1 C-1 141 SF,[]
744,A-421,Furnish & Install Gypsum Board Type GB-1,KITCHEN B GB-1 P-1 RB-1/RB-2 LVT-1 132 SF,[]
745,A-421,Furnish & Install Gypsum Board Type GB-1,LAUNDRY E GB-1 P-1 TB-1 T-2 59 SF,[]
746,A-421,Furnish & Install Gypsum Board Type GB-1,HALL H GB-1 P-1 RB-1 LVT-1 71 SF,[]
747,A-421,Furnish & Install Gypsum Board Type GB-1,MECH M GB-1 P-1 RB-1 EF-1 34 SF,[]
748,A-421,Furnish & Install Gypsum Board Type GB-1,CLOSET C GB-1 P-1 RB-1 LVT-1 9 SF,[]
749,A-421,Furnish & Install Gypsum Board Type GB-2,BATH D GB-2 EP-1 TB-1 T-2 49 SF,[]
750,A-421,Furnish & Install Tile Backer Board And Moisture Resistant Gypsum Board In Wet Areas,"C. WHERE THE FINISH SCHEDULE OR INTERIOR ELEVATIONS CALL FOR TILE, REPLACE GYPSUM BOARD SHOWN IN THE WALL'S ASSEMBLY WITH TILE BACKER BOARD WHERE TILE OCCURS. REPLACE OTHER GYPSUM BOARD SHOWN IN THAT WALL'S ASSEMBLY WITH MOISTURE RESISTANT GYPSUM BOARD WHERE NO TILE OCCURS.",[]
751,A-421,Furnish & Install Wall Framing Continuous To Deck And As Per General Notes,G. ALL SOFFIT DIMENSIONS ARE TO FACE OF FINISH MATERIAL.,[]
752,A-421,Furnish & Install Wall Framing Continuous To Deck And As Per General Notes,"I. FOR TYPICAL CEILING AND SEISMIC BRACING DETAILS, REFER TO A700s SHEET SERIES.",[]
753,A-421,Furnish & Install Wall Framing Continuous To Deck And As Per General Notes,A. ALL NEW WALL ASSEMBLIES ARE CONTINUOUS TO BOTTOM OF DECK UNLESS NOTED OTHERWISE.,[]
754,A-421,Furnish & Install Wood Blocking and Backing,D. PROVIDE REQUIRED BLOCKING AND SUPPORT FOR CEILING FANS AND ALL OTHER CEILING MOUNTED FIXTURES.,[]
755,A-421,Furnish & Install Wood Blocking and Backing,"D. PROVIDE BACKING / SUPPORT FOR ALL MOUNTED FIXTURES, EQUIPMENT, CASEWORK, AND/OR SYSTEMS FURNITURE. COORDINATE WITH FLOOR PLANS, AND INTERIOR ELEVATIONS PRIOR TO THE COVERING OF STUD FRAMING. REFER TO MANUFACTURER'S RECOMMENDATIONS WHERE APPLICABLE, OTHERWISE REFER TO DETAILS ON A700s SHEET SERIES.",[]
756,A-421,Furnish & Install Wood Blocking and Backing,"D. PROVIDE BACKING / SUPPORT FOR ALL MOUNTED FIXTURES, EQUIPMENT, CASEWORK, AND/OR SYSTEMS FURNITURE. COORDINATE WITH FLOOR PLANS, AND INTERIOR ELEVATIONS PRIOR TO THE COVERING OF STUD FRAMING. REFER TO MANUFACTURER'S RECOMMENDATIONS WHERE APPLICABLE, OTHERWISE REFER TO DETAILS ON A700s SHEET SERIES.",[]
757,A-421,Furnish & Install Insulation Accessories (Baffles And Box Outs),F. LIGHT FIXTURES IN CEILINGS TO RECEIVE BATT INSULATION ON TOP SHALL HAVE A BOX OUT TO PROTECT THE INSULATION FROM THE HEAT OF THE LIGHT SOURCE.,[]
758,A-421,"Furnish & Install Gutters, Downspouts, and Associated Accessories",DS,"[""SHORT_TAG""]"
759,A-421,"Furnish & Install Gutters, Downspouts, and Associated Accessories",DS,"[""SHORT_TAG""]"
760,A-421,"Furnish & Install Expansion Joint Systems, Fillers, and Sealants",H. SEE G SERIES SHEETS FOR EXPANSION JOINT SCHEDULE.,[]
761,A-421,Furnish & Install Coordination For Reversed Door Handings In Mirrored Units,SOME UNITS MAY BE MIRRORED IN OVERALL PLANS OR UNIT SCHEDULE. DOOR HANDINGS AND LOCKSETS WILL BE REVERSED.,[]
762,A-421,Furnish & Install Coordination For Reversed Door Handings In Mirrored Units,"I. WHERE DOOR LOCATIONS ARE NOT DIMENSIONED, SEE DETAILS REFERENCED IN DOOR SCHEDULE BY SPECIFIC CONDITION. OTHERWISE, THE HINGE SIDE OF DOOR ROUGH OPENINGS SHALL BE LOCATED 4"" FROM THE ADJACENT PERPENDICULAR WALL, SUBJECT TO MAINTENANCE OF REQUIRED ADA CLEARANCES REFERENCED IN THE G700s SHEET SERIES.","[""POSSIBLE_DIMENSION""]"
763,A-421,Furnish & Install Floor Tile,BATH D GB-2 EP-1 TB-1 T-2 49 SF,[]
764,A-421,Furnish & Install Floor Tile,LAUNDRY E GB-1 P-1 TB-1 T-2 59 SF,[]
765,A-421,Furnish & Install Tile Base,BATH D GB-2 EP-1 TB-1 T-2 49 SF,[]
766,A-421,Furnish & Install Tile Base,LAUNDRY E GB-1 P-1 TB-1 T-2 59 SF,[]
767,A-421,Furnish & Install Tile Base,TB-1,"[""SHORT_TAG""]"
768,A-421,Furnish & Install Tile Base,TB-1,"[""SHORT_TAG""]"
769,A-421,Furnish & Install Tile Base,TB-1,"[""SHORT_TAG""]"
770,A-421,Furnish & Install Tile Base,TB-1,"[""SHORT_TAG""]"
771,A-421,Furnish & Install Tile Base,TB-1,"[""SHORT_TAG""]"
772,A-421,Furnish & Install Rubber Base,RB-1,"[""SHORT_TAG""]"
773,A-421,Furnish & Install Rubber Base,RB-1,"[""SHORT_TAG""]"
774,A-421,Furnish & Install Rubber Base,LIVING A GB-1 P-1 RB-1 C-1 180 SF,[]
775,A-421,Furnish & Install Rubber Base,KITCHEN B GB-1 P-1 RB-1/RB-2 LVT-1 132 SF,[]
776,A-421,Furnish & Install Rubber Base,HALL H GB-1 P-1 RB-1 LVT-1 71 SF,[]
777,A-421,Furnish & Install Rubber Base,MECH M GB-1 P-1 RB-1 EF-1 34 SF,[]
778,A-421,Furnish & Install Rubber Base,CLOSET C GB-1 P-1 RB-1 LVT-1 9 SF,[]
779,A-421,Furnish & Install Rubber Base,RB-1,"[""SHORT_TAG""]"
780,A-421,Furnish & Install Rubber Base,RB-1,"[""SHORT_TAG""]"
781,A-421,Furnish & Install Rubber Base,RB-1,"[""SHORT_TAG""]"
782,A-421,Furnish & Install Rubber Base,RB-1,"[""SHORT_TAG""]"
783,A-421,Furnish & Install Carpet,LIVING A GB-1 P-1 RB-1 C-1 180 SF,[]
784,A-421,Furnish & Install Carpet,BEDROOM G GB-1 P-1 CB-1 C-1 128 SF,[]
785,A-421,Furnish & Install Carpet,PRIMARY BEDROOM F GB-1 P-1 CB-1 C-1 141 SF,[]
786,A-421,Furnish & Install Carpet Base,BEDROOM G GB-1 P-1 CB-1 C-1 128 SF,[]
787,A-421,Furnish & Install Carpet Base,PRIMARY BEDROOM F GB-1 P-1 CB-1 C-1 141 SF,[]
788,A-421,Furnish & Install Carpet Base,CB-1,"[""SHORT_TAG""]"
789,A-421,Furnish & Install Carpet Base,CB-1,"[""SHORT_TAG""]"
790,A-421,Furnish & Install Luxury Vinyl Tile,KITCHEN B GB-1 P-1 RB-1/RB-2 LVT-1 132 SF,[]
791,A-421,Furnish & Install Luxury Vinyl Tile,HALL H GB-1 P-1 RB-1 LVT-1 71 SF,[]
792,A-421,Furnish & Install Luxury Vinyl Tile,CLOSET C GB-1 P-1 RB-1 LVT-1 9 SF,[]
793,A-421,Furnish & Install Resinous Flooring,MECH M GB-1 P-1 RB-1 EF-1 34 SF,[]
794,A-421,Furnish & Install Paint Finish P-1,P-1,"[""SHORT_TAG""]"
795,A-421,Furnish & Install Paint Finish P-1,P-1,"[""SHORT_TAG""]"
796,A-421,Furnish & Install Paint Finish P-1,LIVING A GB-1 P-1 RB-1 C-1 180 SF,[]
797,A-421,Furnish & Install Paint Finish P-1,BEDROOM G GB-1 P-1 CB-1 C-1 128 SF,[]
798,A-421,Furnish & Install Paint Finish P-1,PRIMARY BEDROOM F GB-1 P-1 CB-1 C-1 141 SF,[]
799,A-421,Furnish & Install Paint Finish P-1,KITCHEN B GB-1 P-1 RB-1/RB-2 LVT-1 132 SF,[]
800,A-421,Furnish & Install Paint Finish P-1,LAUNDRY E GB-1 P-1 TB-1 T-2 59 SF,[]
801,A-421,Furnish & Install Paint Finish P-1,HALL H GB-1 P-1 RB-1 LVT-1 71 SF,[]
802,A-421,Furnish & Install Paint Finish P-1,MECH M GB-1 P-1 RB-1 EF-1 34 SF,[]
803,A-421,Furnish & Install Paint Finish P-1,CLOSET C GB-1 P-1 RB-1 LVT-1 9 SF,[]
804,A-421,Furnish & Install Paint Finish P-1,P-1,"[""SHORT_TAG""]"
805,A-421,Furnish & Install Paint Finish P-1,P-1,"[""SHORT_TAG""]"
806,A-421,Furnish & Install Paint Finish P-1,P-1,"[""SHORT_TAG""]"
807,A-421,Furnish & Install Paint Finish P-1,P-1,"[""SHORT_TAG""]"
808,A-421,Furnish & Install Paint Finish P-1,P-1,"[""SHORT_TAG""]"
809,A-421,Furnish & Install Paint Finish P-1,P-1,"[""SHORT_TAG""]"
810,A-421,Furnish & Install Paint Finish P-1,P-1,"[""SHORT_TAG""]"
811,A-421,Furnish & Install Paint Finish P-1,P-1,"[""SHORT_TAG""]"
812,A-421,Furnish & Install Epoxy Paint Finish EP-1,BATH D GB-2 EP-1 TB-1 T-2 49 SF,[]
813,A-421,Furnish & Install Epoxy Paint Finish EP-1,EP-1,"[""SHORT_TAG""]"
814,A-421,Furnish & Install Epoxy Paint Finish EP-1,EP-1,"[""SHORT_TAG""]"
815,A-421,Furnish & Install Epoxy Paint Finish EP-1,EP-1,"[""SHORT_TAG""]"
816,A-421,Furnish & Install Epoxy Paint Finish EP-1,EP-1,"[""SHORT_TAG""]"
817,A-421,Furnish & Install Toilet & Bathroom Accessories,TH1 TOWEL HOOK,[]
818,A-421,Furnish & Install Toilet & Bathroom Accessories,TR1 TOWEL RING,[]
819,A-421,Furnish & Install Toilet & Bathroom Accessories,TH1 TOWEL HOOK,[]
820,A-421,Furnish & Install Toilet & Bathroom Accessories,MR1 MIRROR,[]
821,A-421,Furnish & Install Toilet & Bathroom Accessories,TR1 TOWEL RING,[]
822,A-421,Furnish & Install Toilet & Bathroom Accessories,TP1 TP HOLDER,[]
823,A-421,Furnish & Install Trim and Escutcheons for Ceiling Penetrations,E. PROVIDE APPROPRIATE TRIM OR ESCUTCHEONS FOR ALL ITEMS PENETRATING CEILINGS FROM FINISH SPACE.,[]
824,A-421,Furnish & Install Shelving and Closet Rods,ROD AND SHELF,[]
825,A-421,Furnish & Install Shelving and Closet Rods,SR,"[""SHORT_TAG""]"
826,A-421,Furnish & Install Shelving and Closet Rods,SR,"[""SHORT_TAG""]"
827,A-421,Furnish & Install Shelving and Closet Rods,SR,"[""SHORT_TAG""]"
828,A-421,Furnish & Install Shelving and Closet Rods,SR,"[""SHORT_TAG""]"
829,A-421,Furnish & Install Shelving and Closet Rods,SR,"[""SHORT_TAG""]"
830,A-421,Furnish & Install Shelving and Closet Rods,SR,"[""SHORT_TAG""]"
831,A-421,Furnish & Install Shelving and Closet Rods,SHELVES,[]
832,A-421,Furnish & Install Shelving and Closet Rods,SHELVES,[]
833,A-421,Furnish & Install Shelving and Closet Rods,ROD AND SHELF,[]
834,A-421,Furnish & Install Shelving and Closet Rods,SHELVES,[]
835,A-421,Furnish & Install Residential Appliances,WA1 WASHER,[]
836,A-421,Furnish & Install Residential Appliances,DR1 DRYER,[]
837,A-421,Furnish & Install Residential Appliances,FR1 FRIDGE,[]
838,A-421,Furnish & Install Residential Appliances,MW1 MICROWAVE,[]
839,A-421,Furnish & Install Residential Appliances,RH1 RANGE HOOD,[]
840,A-421,Furnish & Install Residential Appliances,DISPOSAL GD1,[]
841,A-421,Furnish & Install Residential Appliances,DISHWASHER DW1,[]
842,A-421,Furnish & Install Residential Appliances,OVEN/RANGE OV1,[]
843,A-421,Furnish & Install Curtain Rods,CR1 CURTAIN ROD,[]
844,A-421,Furnish & Install Curtain Rods,CR1 CURTAIN ROD,[]
845,A-421,Furnish & Install Curtain Rods,CR1 CURTAIN ROD,[]
846,A-421,Furnish & Install Plastic Laminate Casework,PL-1,"[""SHORT_TAG""]"
847,A-421,Furnish & Install Plastic Laminate Casework,PL-1,"[""SHORT_TAG""]"
848,A-421,Furnish & Install Plastic Laminate Casework,PL-1,"[""SHORT_TAG""]"
849,A-421,Furnish & Install Plastic Laminate Casework,"302 28"" 36"" 12"" 2 SHELVES","[""POSSIBLE_DIMENSION""]"
850,A-421,Furnish & Install Plastic Laminate Casework,"308M 26"" 36"" 26"" L-SHAPED, 2 SHELVES","[""POSSIBLE_DIMENSION""]"
851,A-421,Furnish & Install Plastic Laminate Casework,"186M 38"" 36"" SHELF","[""POSSIBLE_DIMENSION""]"
852,A-421,Furnish & Install Plastic Laminate Casework,PL-1,"[""SHORT_TAG""]"
853,A-421,Furnish & Install Plastic Laminate Casework,PL-1,"[""SHORT_TAG""]"
854,A-421,Furnish & Install Plastic Laminate Casework,"186M 38"" 38"" 36"" SHELF","[""POSSIBLE_DIMENSION""]"
855,A-421,Furnish & Install Plastic Laminate Casework,"152M 36"" 36"" 24"" TIP-OUT TRAYS","[""POSSIBLE_DIMENSION""]"
856,A-421,Furnish & Install Plastic Laminate Casework,"308M 26"" 36"" 26"" L-SHAPED, 2 SHELVES","[""POSSIBLE_DIMENSION""]"
857,A-421,Furnish & Install Plastic Laminate Casework,"302M 36"" 26"" 12"" LIGHT SKIRT","[""POSSIBLE_DIMENSION""]"
858,A-421,Furnish & Install Plastic Laminate Casework,"301 12"" 36"" 12"" 2 SHELVES","[""POSSIBLE_DIMENSION""]"
859,A-421,Furnish & Install Plastic Laminate Casework,"301 12"" 36"" 12"" 2 SHELVES","[""POSSIBLE_DIMENSION""]"
860,A-421,Furnish & Install Plastic Laminate Casework,"326M 32"" 36"" 12"" MICROWAVE","[""POSSIBLE_DIMENSION""]"
861,A-421,Furnish & Install Plastic Laminate Casework,"302 30"" 24"" 12"" W/ HOOD","[""POSSIBLE_DIMENSION""]"
862,A-421,Furnish & Install Plastic Laminate Casework,"301 18"" 36"" 12"" 2 SHELVES","[""POSSIBLE_DIMENSION""]"
863,A-421,Furnish & Install Plastic Laminate Casework,"E. ON ALL EXPOSED CABINET SIDES, INCLUDING KNEE OPENINGS, PROVIDE FINISHED FACE TO MATCH CABINET FRONTS.",[]
864,A-421,Furnish & Install Sidesplashes For Countertops,"F. WHERE BACKSPLASHES ARE NOTED, PROVIDE SIDESPLASHES WHENEVER COUNTERTOPS ARE ADJACENT TO WALLS.",[]
865,A-421,Furnish & Install — Plumbing Fixture Accessories and Trim,TS1 TUB SURROUND,[]
866,A-421,Furnish & Install — Plumbing Fixture Accessories and Trim,SC1 SHWR CADDY,[]
867,A-421,Furnish & Install — Plumbing Fixture Accessories and Trim,TS1 TUB SURROUND,[]
868,A-421,Furnish & Install — Plumbing Fixture Accessories and Trim,TS1 TUB SURROUND,[]
869,A-421,Furnish & Install — Plumbing Fixture Accessories and Trim,SC1 SHWR CADDY,[]
870,A-421,Furnish & Install — Plumbing Fixtures,SS-1,"[""SHORT_TAG""]"
871,A-421,Furnish & Install — Plumbing Fixtures,SS-1,"[""SHORT_TAG""]"
872,A-421,Furnish & Install — Plumbing Fixtures,SS-1,"[""SHORT_TAG""]"
873,A-421,Furnish & Install — Plumbing Fixtures,SS-1,"[""SHORT_TAG""]"
874,A-421,Furnish & Install Corner Guards,CORNER GUARD,[]
875,A-421,Furnish & Install Corner Guards,CORNER GUARD,[]
876,A-421,Furnish & Install Corner Guards,CORNER GUARD,[]
877,A-421,Furnish & Install Corner Guards,CORNER GUARD,[]
878,A-425,Furnish & Install Wood Blocking and Backing,"GB1 GRAB BAR GRAB BAR, 42"". CONTRACTOR TO PROVIDE BACKING X","[""POSSIBLE_DIMENSION""]"
879,A-425,Furnish & Install Wood Blocking and Backing,"GB3 GRAB BAR GRAB BAR TRANSFER SHOWER, CONTRACTOR TO PROVIDE BACKING X",[]
880,A-425,Furnish & Install Wood Blocking and Backing,GB3,"[""SHORT_TAG""]"
881,A-425,Furnish & Install Wood Blocking and Backing,GB1,"[""SHORT_TAG""]"
882,A-425,Furnish & Install Wood Blocking and Backing,GB1,"[""SHORT_TAG""]"
883,A-425,Furnish & Install Wood Blocking and Backing,GB3,"[""SHORT_TAG""]"
884,A-425,Furnish & Install Wood Blocking and Backing,GB1,"[""SHORT_TAG""]"
885,A-425,Furnish & Install Wood Blocking and Backing,GB1,"[""SHORT_TAG""]"
886,A-425,Furnish & Install Vinyl Clad Windows,WT7 96 UNITS,[]
887,A-425,Furnish & Install Vinyl Clad Windows,WT6 84 UNITS,[]
888,A-425,Furnish & Install Vinyl Clad Windows,WT5 60 UNITS,[]
889,A-425,Furnish & Install Cut To Fit Abs Tub Surround,"TS1 TUB SURROUND CUT TO FIT ABS SURROUND, TUB TO CEILING. (NO FIBERGLASS) X",[]
890,A-425,Furnish & Install Cut To Fit Abs Tub Surround,TUB SURROUND,[]
891,A-425,Furnish & Install Cut To Fit Abs Tub Surround,TUB SURROUND,[]
892,A-425,Furnish & Install Cut To Fit Abs Tub Surround,TS1,"[""SHORT_TAG""]"
893,A-425,Furnish & Install Cut To Fit Abs Tub Surround,TS1,"[""SHORT_TAG""]"
894,A-425,Furnish & Install Fire Extinguishers And Cabinets,FIRE EXT.,[]
895,A-425,Furnish & Install Fire Extinguishers And Cabinets,FIRE EXT CAB (1) ON EACH LEVEL = (3),[]
896,A-425,Furnish & Install Shower And Tub Seats,ST1 SHWR SEAT SHOWER OR TUB SEAT X,[]
897,A-425,Furnish & Install Shower And Tub Seats,SHWR SEAT,[]
898,A-425,Furnish & Install Shower And Tub Seats,SHWR SEAT,[]
899,A-425,Furnish & Install Shower And Tub Seats,ST1,"[""SHORT_TAG""]"
900,A-425,Furnish & Install Shower And Tub Seats,ST1,"[""SHORT_TAG""]"
901,A-425,Furnish & Install Mailboxes,"MB1 MAILBOX MAILBOX, 16 MAIL & 2 PACKAGES PER UNIT X",[]
902,A-425,Furnish & Install Mailboxes,MAILBOX (6),[]
903,A-425,Furnish & Install Mailboxes,MAILBOX (4),[]
904,A-425,Furnish & Install Mailboxes,MAILBOX (6),[]
905,A-425,Furnish & Install Mailboxes,MB1,"[""SHORT_TAG""]"
906,A-425,Furnish & Install Mailboxes,MB1,"[""SHORT_TAG""]"
907,A-425,Furnish & Install Mailboxes,MB1,"[""SHORT_TAG""]"
908,A-425,Furnish & Install Shelving and Closet Rods,"CR2 CLST ROD CLOSET ROD, CHROME, FIXED ENDS X",[]
909,A-425,Furnish & Install Shelving and Closet Rods,CLST ROD,[]
910,A-425,Furnish & Install Shelving and Closet Rods,CLST ROD,[]
911,A-425,Furnish & Install Shelving and Closet Rods,CLST ROD,[]
912,A-425,Furnish & Install Shelving and Closet Rods,CLST ROD,[]
913,A-425,Furnish & Install Shelving and Closet Rods,CLST ROD,[]
914,A-425,Furnish & Install Shelving and Closet Rods,CLST ROD,[]
915,A-425,Furnish & Install Shelving and Closet Rods,CLST ROD,[]
916,A-425,Furnish & Install Shelving and Closet Rods,CLST ROD,[]
917,A-425,Furnish & Install Shelving and Closet Rods,CLST ROD,[]
918,A-425,Furnish & Install Shelving and Closet Rods,CLST ROD,[]
919,A-425,Furnish & Install Shelving and Closet Rods,CLST ROD,[]
920,A-425,Furnish & Install Shelving and Closet Rods,CLST ROD,[]
921,A-425,Furnish & Install Shelving and Closet Rods,CLST ROD,[]
922,A-425,Furnish & Install Shelving and Closet Rods,CLST ROD,[]
923,A-425,Furnish & Install Shelving and Closet Rods,CR2,"[""SHORT_TAG""]"
924,A-425,Furnish & Install Shelving and Closet Rods,CR2,"[""SHORT_TAG""]"
925,A-425,Furnish & Install Shelving and Closet Rods,CR2,"[""SHORT_TAG""]"
926,A-425,Furnish & Install Shelving and Closet Rods,CR2,"[""SHORT_TAG""]"
927,A-425,Furnish & Install Shelving and Closet Rods,CR2,"[""SHORT_TAG""]"
928,A-425,Furnish & Install Shelving and Closet Rods,CR2,"[""SHORT_TAG""]"
929,A-425,Furnish & Install Shelving and Closet Rods,CR2,"[""SHORT_TAG""]"
930,A-425,Furnish & Install Shelving and Closet Rods,CR2,"[""SHORT_TAG""]"
931,A-425,Furnish & Install Shelving and Closet Rods,CR2,"[""SHORT_TAG""]"
932,A-425,Furnish & Install Shelving and Closet Rods,CR2,"[""SHORT_TAG""]"
933,A-425,Furnish & Install Shelving and Closet Rods,CR2,"[""SHORT_TAG""]"
934,A-425,Furnish & Install Shelving and Closet Rods,CR2,"[""SHORT_TAG""]"
935,A-425,Furnish & Install Shelving and Closet Rods,CR2,"[""SHORT_TAG""]"
936,A-425,Furnish & Install Shelving and Closet Rods,CR2,"[""SHORT_TAG""]"
937,A-425,Furnish & Install Range Hood,"RH1 RANGE HOOD GE STANDARD RANGE HOOD, WHITE, JN327HWW X",[]
938,A-425,Furnish & Install Range Hood,RANGE HOOD,[]
939,A-425,Furnish & Install Range Hood,RH1,"[""SHORT_TAG""]"
940,A-425,Furnish & Install Range Hood,RANGE HOOD,[]
941,A-425,Furnish & Install Range Hood,RH1,"[""SHORT_TAG""]"
942,A-425,Furnish & Install Range Hood,RH1,"[""SHORT_TAG""]"
943,A-425,Furnish & Install Range Hood,RH1,"[""SHORT_TAG""]"
944,A-425,Furnish & Install Oven/Range,"OV1 OVEN/RANGE GE 30""W x 36""H FREE-STANDING ELECTRIC RANGE, WHITE, JB256DMWW X","[""POSSIBLE_DIMENSION""]"
945,A-425,Furnish & Install Oven/Range,"OV2 OVEN/RANGE GE 30""W x 34""H FREE-STANDING ELECTRIC RANGE, ADA COMPLIANT, WHITE X","[""POSSIBLE_DIMENSION""]"
946,A-425,Furnish & Install Oven/Range,OVEN/RANGE,[]
947,A-425,Furnish & Install Oven/Range,OVEN/RANGE,[]
948,A-425,Furnish & Install Oven/Range,OVEN/RANGE,[]
949,A-425,Furnish & Install Oven/Range,OVEN/RANGE,[]
950,A-425,Furnish & Install Oven/Range,OV1,"[""SHORT_TAG""]"
951,A-425,Furnish & Install Oven/Range,OV2,"[""SHORT_TAG""]"
952,A-425,Furnish & Install Oven/Range,OV1,"[""SHORT_TAG""]"
953,A-425,Furnish & Install Oven/Range,OV2,"[""SHORT_TAG""]"
954,A-425,Furnish & Install Microwave,MICROWAVE,[]
955,A-425,Furnish & Install Microwave,MICROWAVE,[]
956,A-425,Furnish & Install Microwave,MW,"[""SHORT_TAG""]"
957,A-425,Furnish & Install Microwave,MW,"[""SHORT_TAG""]"
958,A-425,Furnish & Install Microwave,MW,"[""SHORT_TAG""]"
959,A-425,Furnish & Install Microwave,MICROWAVE,[]
960,A-425,Furnish & Install Dishwasher,"DW1 DISHWASHER GE DISHWASHER WITH FRONT CONTROLS, WHITE, GDF450PGRWW X",[]
961,A-425,Furnish & Install Dishwasher,"DW2 DISHWASHER GE DISHWASHER WITH HIDDEN CONTROLS, ADA COMPLIANT, WHITE, GDT225SGLWW X",[]
962,A-425,Furnish & Install Dishwasher,DISHWASHER,[]
963,A-425,Furnish & Install Dishwasher,DISHWASHER,[]
964,A-425,Furnish & Install Dishwasher,DISHWASHER,[]
965,A-425,Furnish & Install Dishwasher,DISHWASHER,[]
966,A-425,Furnish & Install Dishwasher,DW1,"[""SHORT_TAG""]"
967,A-425,Furnish & Install Dishwasher,DW2,"[""SHORT_TAG""]"
968,A-425,Furnish & Install Dishwasher,DW1,"[""SHORT_TAG""]"
969,A-425,Furnish & Install Dishwasher,DW2,"[""SHORT_TAG""]"
970,A-425,Furnish & Install Garbage Disposal,GD1 DISPOSAL 3/4 HP STANDARD SERIES WALL SWITCH X,[]
971,A-425,Furnish & Install Garbage Disposal,DISPOSAL,[]
972,A-425,Furnish & Install Garbage Disposal,DISPOSAL,[]
973,A-425,Furnish & Install Garbage Disposal,DISPOSAL,[]
974,A-425,Furnish & Install Garbage Disposal,DISPOSAL,[]
975,A-425,Furnish & Install Garbage Disposal,GD1,"[""SHORT_TAG""]"
976,A-425,Furnish & Install Garbage Disposal,GD1,"[""SHORT_TAG""]"
977,A-425,Furnish & Install Garbage Disposal,GD1,"[""SHORT_TAG""]"
978,A-425,Furnish & Install Garbage Disposal,GD1,"[""SHORT_TAG""]"
979,A-425,Furnish & Install Refrigerator,"FR1 FRIDGE GE 21.9 CU.FT. TOP-FREEZER REFRIGERATOR, WHITE, GTS22KGNWW X",[]
980,A-425,Furnish & Install Refrigerator,FRIDGE,[]
981,A-425,Furnish & Install Refrigerator,FRIDGE,[]
982,A-425,Furnish & Install Refrigerator,FRIDGE,[]
983,A-425,Furnish & Install Refrigerator,FRIDGE,[]
984,A-425,Furnish & Install Refrigerator,FR1,"[""SHORT_TAG""]"
985,A-425,Furnish & Install Refrigerator,FR1,"[""SHORT_TAG""]"
986,A-425,Furnish & Install Refrigerator,FR1,"[""SHORT_TAG""]"
987,A-425,Furnish & Install Refrigerator,FR1,"[""SHORT_TAG""]"
988,A-425,Refer to the Residential Equipment schedules,Specialty Equipment Schedule,[]
989,A-425,Furnish & Install Window Shades,"WS1 SHADE WINDOW SHADE, ~2'-3 1/2'W X","[""POSSIBLE_DIMENSION""]"
990,A-425,Furnish & Install Window Shades,"WS2 SHADE WINDOW SHADE, ~2'-5 1/2'W X","[""POSSIBLE_DIMENSION""]"
991,A-425,Furnish & Install Window Shades,"WS3 SHADE WINDOW SHADE, ~3'-1 1/2'W X","[""POSSIBLE_DIMENSION""]"
992,A-425,Furnish & Install Window Shades,"WS4 SHADE WINDOW SHADE, ~4'-5 1/2'W X","[""POSSIBLE_DIMENSION""]"
993,A-425,Furnish & Install Window Shades,SHADE,[]
994,A-425,Furnish & Install Window Shades,SHADE,[]
995,A-425,Furnish & Install Window Shades,SHADE,[]
996,A-425,Furnish & Install Window Shades,SHADE,[]
997,A-425,Furnish & Install Window Shades,SHADE,[]
998,A-425,Furnish & Install Window Shades,SHADE,[]
999,A-425,Furnish & Install Window Shades,SHADE,[]
1000,A-425,Furnish & Install Window Shades,WHERE WINDOW EXISTS,[]
1001,A-425,Furnish & Install Window Shades,SHADE,[]
1002,A-425,Furnish & Install Window Shades,SHADE,[]
1003,A-425,Furnish & Install Window Shades,SHADE,[]
1004,A-425,Furnish & Install Window Shades,SHADE,[]
1005,A-425,Furnish & Install Window Shades,SHADE,[]
1006,A-425,Furnish & Install Window Shades,SHADE,[]
1007,A-425,Furnish & Install Window Shades,SHADE,[]
1008,A-425,Furnish & Install Window Shades,SHADE,[]
1009,A-425,Furnish & Install Window Shades,SHADE,[]
1010,A-425,Furnish & Install Window Shades,SHADE,[]
1011,A-425,Furnish & Install Window Shades,SHADE,[]
1012,A-425,Furnish & Install Window Shades,SHADE,[]
1013,A-425,Furnish & Install Window Shades,SHADE,[]
1014,A-425,Furnish & Install Window Shades,SHADE,[]
1015,A-425,Furnish & Install Window Shades,SHADE,[]
1016,A-425,Furnish & Install Window Shades,SHADE,[]
1017,A-425,Furnish & Install Window Shades,SHADE,[]
1018,A-425,Furnish & Install Window Shades,SHADE,[]
1019,A-425,Furnish & Install Window Shades,SHADE,[]
1020,A-425,Furnish & Install Window Shades,WS1,"[""SHORT_TAG""]"
1021,A-425,Furnish & Install Window Shades,WS1,"[""SHORT_TAG""]"
1022,A-425,Furnish & Install Window Shades,WS1,"[""SHORT_TAG""]"
1023,A-425,Furnish & Install Window Shades,WS4,"[""SHORT_TAG""]"
1024,A-425,Furnish & Install Window Shades,WS4,"[""SHORT_TAG""]"
1025,A-425,Furnish & Install Window Shades,WS2,"[""SHORT_TAG""]"
1026,A-425,Furnish & Install Window Shades,WS2,"[""SHORT_TAG""]"
1027,A-425,Furnish & Install Window Shades,WS1,"[""SHORT_TAG""]"
1028,A-425,Furnish & Install Window Shades,WS1,"[""SHORT_TAG""]"
1029,A-425,Furnish & Install Window Shades,WS1,"[""SHORT_TAG""]"
1030,A-425,Furnish & Install Window Shades,WS4,"[""SHORT_TAG""]"
1031,A-425,Furnish & Install Window Shades,WS4,"[""SHORT_TAG""]"
1032,A-425,Furnish & Install Window Shades,WS1,"[""SHORT_TAG""]"
1033,A-425,Furnish & Install Window Shades,WS1,"[""SHORT_TAG""]"
1034,A-425,Furnish & Install Window Shades,WS1,"[""SHORT_TAG""]"
1035,A-425,Furnish & Install Window Shades,WS4,"[""SHORT_TAG""]"
1036,A-425,Furnish & Install Window Shades,WS4,"[""SHORT_TAG""]"
1037,A-425,Furnish & Install Window Shades,WS3,"[""SHORT_TAG""]"
1038,A-425,Furnish & Install Window Shades,WS3,"[""SHORT_TAG""]"
1039,A-425,Furnish & Install Window Shades,WS1,"[""SHORT_TAG""]"
1040,A-425,Furnish & Install Window Shades,WS1,"[""SHORT_TAG""]"
1041,A-425,Furnish & Install Window Shades,WS1,"[""SHORT_TAG""]"
1042,A-425,Furnish & Install Window Shades,WS4,"[""SHORT_TAG""]"
1043,A-425,Furnish & Install Window Shades,WS4,"[""SHORT_TAG""]"
1044,A-425,Furnish & Install Window Shades,WS3,"[""SHORT_TAG""]"
1045,A-425,Furnish & Install Window Shades,WS3,"[""SHORT_TAG""]"
1046,A-425,Furnish & Install Curtain Rods,CR1 CURTAIN ROD BASIS OF DESIGN: KOHLER EXPANSE K-9350-SN VIBRANT POLISHED NICKEL.   FIXED ENDS. SHOWER AND BATHTUB LOCATIONS.  SEE INTEIROR ELEVATIONS FOR MOUNTING HEIGHTS X,[]
1047,A-425,Furnish & Install Curtain Rods,CURTAIN ROD,[]
1048,A-425,Furnish & Install Curtain Rods,CURTAIN ROD,[]
1049,A-425,Furnish & Install Curtain Rods,CURTAIN ROD,[]
1050,A-425,Furnish & Install Curtain Rods,CURTAIN ROD,[]
1051,A-425,Furnish & Install Curtain Rods,CR1,"[""SHORT_TAG""]"
1052,A-425,Furnish & Install Curtain Rods,CR1,"[""SHORT_TAG""]"
1053,A-425,Furnish & Install Curtain Rods,CR1,"[""SHORT_TAG""]"
1054,A-425,Furnish & Install Curtain Rods,CR1,"[""SHORT_TAG""]"
1055,A-425,Furnish & Install Shower Caddies,"SC1 SHWR CADDY BASIS OF DESIGN: BCI SURROUND, FOUR SHELF CADDY X",[]
1056,A-425,Furnish & Install Shower Caddies,SHWR CADDY,[]
1057,A-425,Furnish & Install Shower Caddies,SHWR CADDY,[]
1058,A-425,Furnish & Install Shower Caddies,SHWR CADDY,[]
1059,A-425,Furnish & Install Shower Caddies,SHWR CADDY,[]
1060,A-425,Furnish & Install Shower Caddies,SC1,"[""SHORT_TAG""]"
1061,A-425,Furnish & Install Shower Caddies,SC1,"[""SHORT_TAG""]"
1062,A-425,Furnish & Install Shower Caddies,SC1,"[""SHORT_TAG""]"
1063,A-425,Furnish & Install Shower Caddies,SC1,"[""SHORT_TAG""]"
1064,A-425,Furnish & Install Toilet Paper Holders,"TP1 TP HOLDER BASIS OF DESIGN: KOHLER PARALLEL K-23528-CP POLISHED CHROME. MOUNTING HEIGHT: 30"" AFF X","[""POSSIBLE_DIMENSION""]"
1065,A-425,Furnish & Install Toilet Paper Holders,TP HOLDER,[]
1066,A-425,Furnish & Install Toilet Paper Holders,TP HOLDER,[]
1067,A-425,Furnish & Install Toilet Paper Holders,TP HOLDER,[]
1068,A-425,Furnish & Install Toilet Paper Holders,TP HOLDER,[]
1069,A-425,Furnish & Install Toilet Paper Holders,TP1,"[""SHORT_TAG""]"
1070,A-425,Furnish & Install Toilet Paper Holders,TP1,"[""SHORT_TAG""]"
1071,A-425,Furnish & Install Toilet Paper Holders,TP1,"[""SHORT_TAG""]"
1072,A-425,Furnish & Install Toilet Paper Holders,TP1,"[""SHORT_TAG""]"
1073,A-425,Furnish & Install Mirrors,"MR1 MIRROR 28""W X 36""H FRAMELESS, CAULKED EDGE X","[""POSSIBLE_DIMENSION""]"
1074,A-425,Furnish & Install Mirrors,MIRROR,[]
1075,A-425,Furnish & Install Mirrors,MIRROR,[]
1076,A-425,Furnish & Install Mirrors,MIRROR,[]
1077,A-425,Furnish & Install Mirrors,MIRROR,[]
1078,A-425,Furnish & Install Mirrors,MR1,"[""SHORT_TAG""]"
1079,A-425,Furnish & Install Mirrors,MR1,"[""SHORT_TAG""]"
1080,A-425,Furnish & Install Mirrors,MR1,"[""SHORT_TAG""]"
1081,A-425,Furnish & Install Mirrors,MR1,"[""SHORT_TAG""]"
1082,A-425,Furnish & Install Towel Rings,"TR1 TOWEL RING BASIS OF DESIGN: KOHLER TONE K-27428-CP POLISHED CHROME. MOUNTING HEIGHT: 24"" ABOVE COUNTERTOP X","[""POSSIBLE_DIMENSION""]"
1083,A-425,Furnish & Install Towel Rings,TOWEL RING,[]
1084,A-425,Furnish & Install Towel Rings,TOWEL RING,[]
1085,A-425,Furnish & Install Towel Rings,TOWEL RING,[]
1086,A-425,Furnish & Install Towel Rings,TOWEL RING,[]
1087,A-425,Furnish & Install Towel Rings,TR1,"[""SHORT_TAG""]"
1088,A-425,Furnish & Install Towel Rings,TR1,"[""SHORT_TAG""]"
1089,A-425,Furnish & Install Towel Rings,TR1,"[""SHORT_TAG""]"
1090,A-425,Furnish & Install Towel Rings,TR1,"[""SHORT_TAG""]"
1091,A-425,Furnish & Install Towel Hooks,"TH1 TOWEL HOOK BASIS OF DESIGN: KOHLER PARALLEL K-23529-CP POLISHED CHROME. MOUNTING HEIGHT: 48"" AFF X","[""POSSIBLE_DIMENSION""]"
1092,A-425,Furnish & Install Towel Hooks,TOWEL HOOK,[]
1093,A-425,Furnish & Install Towel Hooks,TOWEL HOOK,[]
1094,A-425,Furnish & Install Towel Hooks,TH1 TOWEL HOOK,[]
1095,A-425,Furnish & Install Towel Hooks,TH1,"[""SHORT_TAG""]"
1096,A-425,Furnish & Install Towel Hooks,TH1,"[""SHORT_TAG""]"
1097,A-425,Furnish & Install Towel Hooks,TH1,"[""SHORT_TAG""]"
1098,A-425,Furnish & Install — Bike Racks,BR1 BIKE RACK HANGING BIKE RACK X,[]
1099,A-425,Furnish & Install — Bike Racks,BR2 BIKE RACK IN GROUND MOUNTED U-SHAPED BIKE RACK X,[]
1100,A-425,Furnish & Install — Bike Racks,BIKE RACK,[]
1101,A-425,Furnish & Install — Bike Racks,BIKE RACK,[]
1102,A-425,Furnish & Install — Bike Racks,BIKE RACK,[]
1103,A-425,Furnish & Install — Bike Racks,BIKE RACK,[]
1104,A-425,Furnish & Install — Bike Racks,BIKE RACK,[]
1105,A-425,Furnish & Install — Bike Racks,"BASIS OF DESIGN: THEPARK AND FACILITIES, DOUBLEUP SINGLE SIDED BIKE RACK, MODEL 398-4002 (4 RACKS)",[]
1106,A-425,Furnish & Install — Bike Racks,"BASIS OF DESIGN: THE RAMBLER WIDE BIKE RACK, SURFACE-MOUNTED",[]
1107,A-425,Furnish & Install — Bike Racks,BR1,"[""SHORT_TAG""]"
1108,A-425,Furnish & Install — Bike Racks,BR1,"[""SHORT_TAG""]"
1109,A-425,Furnish & Install — Bike Racks,BR2,"[""SHORT_TAG""]"
1110,A-425,Furnish & Install — Bike Racks,BR1,"[""SHORT_TAG""]"
1111,A-425,Furnish & Install — Bike Racks,BR1,"[""SHORT_TAG""]"
1112,A-425,Furnish & Install — Infrastructure for Intermediate Distribution Frame (IDF) Rooms,IDF 4000,[]
1113,A-425,Furnish & Install — Infrastructure for Intermediate Distribution Frame (IDF) Rooms,WHERE IDF ROOM EXISTS,[]
1114,A-425,Furnish & Install Knox Box for Emergency Access,KX1 KNOX KNOX BOX X,[]
1115,A-425,Furnish & Install Knox Box for Emergency Access,KNOX,[]
1116,A-425,Furnish & Install Knox Box for Emergency Access,KX1,"[""SHORT_TAG""]"
1117,A-425,Furnish & Install Grab Bars,GRAB BAR,[]
1118,A-425,Furnish & Install Grab Bars,GRAB BAR,[]
1119,A-425,Furnish & Install Grab Bars,GRAB BAR,[]
1120,A-425,Furnish & Install Grab Bars,GRAB BAR,[]
1121,A-425,Furnish & Install Grab Bars,GRAB BAR,[]
1122,A-425,Furnish & Install Grab Bars,GRAB BAR,[]
1123,A-602,Furnish & Install Brick Veneer System,BRICK FINISH,[]
1124,A-602,Furnish & Install Brick Veneer System,BRICK FINISH,[]
1125,A-602,Furnish & Install Brick Veneer System,BRICK FINISH,[]
1126,A-602,Furnish & Install Brick Veneer System,BRICK VENEER,[]
1127,A-602,Furnish & Install Masonry Weep Vents,"MASONRY WEEPS @ 24"" O.C. MINIMUM","[""POSSIBLE_DIMENSION""]"
1128,A-602,Furnish & Install Brick Soldier Course,"BRICK VENEER, SOLDIER COURSE",[]
1129,A-602,Furnish & Install Wood Framing,HEADER PER STRUCTURAL PLANS,[]
1130,A-602,Furnish & Install Wood Framing,HEADER PER STRUCTURAL PLANS,[]
1131,A-602,Furnish & Install Wood Framing,HEADER PER STRUCTURAL PLANS,[]
1132,A-602,Furnish & Install Wood Framing,HEADER PER STRUCTURAL PLANS,[]
1133,A-602,Furnish & Install Wood Framing,HEADER PER STRUCTURAL PLANS,[]
1134,A-602,Furnish & Install Wood Framing,JAMB STUD PER STRUCTURAL PLANS,[]
1135,A-602,Furnish & Install Wood Framing,JAMB STUD PER STRUCTURAL PLANS,[]
1136,A-602,Furnish & Install Wood Framing,JAMB STUD PER STRUCTURAL PLANS,[]
1137,A-602,Furnish & Install Wood Framing,JAMB STUD PER STRUCTURAL PLANS,[]
1138,A-602,Furnish & Install Wood Framing,JAMB STUD PER STRUCTURAL PLANS,[]
1139,A-602,Furnish & Install Wood Framing,HEADER PER STRUCTURAL PLANS,[]
1140,A-602,Furnish & Install Wood Framing,"SILL PLATE & CRIPPLE STUDS PER WALL TYPE, SEE FLOOR PLAN FOR WALL TYPES",[]
1141,A-602,Furnish & Install Wood Framing,"SILL PLATE & CRIPPLE STUDS PER WALL TYPE, SEE FLOOR PLAN FOR WALL TYPES",[]
1142,A-602,Furnish & Install Wood Framing,"SILL PLATE & CRIPPLE STUDS PER WALL TYPE, SEE FLOOR PLAN FOR WALL TYPES",[]
1143,A-602,Furnish & Install Wood Framing,"2x WALL FRAMING, SEE FLOOR PLAN FOR ASSEMBLY TYPE.",[]
1144,A-602,Furnish & Install Wood Framing,ROOF FRAMING PER STRUCTURAL PLANS,[]
1145,A-602,Furnish & Install Wood Framing,JAMB STUD PER STRUCTURAL PLANS,[]
1146,A-602,Furnish & Install Fasteners,"HOT-DIP GALV. RING SHANK NAIL @ 12"" O.C.","[""POSSIBLE_DIMENSION""]"
1147,A-602,Furnish & Install Structural Sheathing,EXTERIOR WALL SUBSTRATE,[]
1148,A-602,"Furnish & Install Mechanically Fastened, Vapor Permeable Air And Water Barrier","MECHANICALLY FASTENED MEMBRANE AIR AND WATER BARRIER, VAPOR PERMEABLE",[]
1149,A-602,"Furnish & Install Mechanically Fastened, Vapor Permeable Air And Water Barrier","MECHANICALLY FASTENED MEMBRANE AIR AND WATER BARRIER, VAPOR PERMEABLE",[]
1150,A-602,"Furnish & Install Mechanically Fastened, Vapor Permeable Air And Water Barrier","MECHANICALLY FASTENED MEMBRANE AIR AND WATER BARRIER, VAPOR PERMEABLE",[]
1151,A-602,"Furnish & Install Mechanically Fastened, Vapor Permeable Air And Water Barrier","MECHANICALLY FASTENED MEMBRANE AIR AND WATER BARRIER, VAPOR PERMEABLE",[]
1152,A-602,"Furnish & Install Mechanically Fastened, Vapor Permeable Air And Water Barrier","MECHANICALLY FASTENED MEMBRANE AIR AND WATER BARRIER, VAPOR PERMEABLE",[]
1153,A-602,Furnish & Install Weather Resistant Barrier (WRB),WEATHER RESISTANT BARRIER (WRB),[]
1154,A-602,Furnish & Install Weather Resistant Barrier (WRB),WEATHER RESISTANT BARRIER (WRB),[]
1155,A-602,Furnish & Install Weather Resistant Barrier (WRB),WEATHER RESISTANT BARRIER (WRB),[]
1156,A-602,Furnish & Install Weather Resistant Barrier (WRB),WEATHER RESISTANT BARRIER (WRB),[]
1157,A-602,Furnish & Install Thermal Batt Insulation,R-21 BATT INSULATION,[]
1158,A-602,Furnish & Install Thermal Batt Insulation,R-21 BATT INSULATION,[]
1159,A-602,Furnish & Install Thermal Batt Insulation,R-21 BATT INSULATION,[]
1160,A-602,Furnish & Install Thermal Batt Insulation,R-21 BATT INSULATION,[]
1161,A-602,Furnish & Install Thermal Batt Insulation,R-21 BATT INSULATION,[]
1162,A-602,Furnish & Install Thermal Batt Insulation,R-21 BATT INSULATION,[]
1163,A-602,Furnish & Install Thermal Batt Insulation,R-21 BATT INSULATION,[]
1164,A-602,Furnish & Install Thermal Batt Insulation,R-21 BATT INSULATION,[]
1165,A-602,Furnish & Install Thermal Batt Insulation,R-21 BATT INSULATION,[]
1166,A-602,Furnish & Install Mineral Wool Insulation,"1-1/4"" MINERAL WOOL INSULATION","[""POSSIBLE_DIMENSION""]"
1167,A-602,Furnish & Install Mineral Wool Insulation,"1-1/4"" MINERAL WOOL INSULATION","[""POSSIBLE_DIMENSION""]"
1168,A-602,Furnish & Install Mineral Wool Insulation,"1-1/4"" MINERAL WOOL INSULATION","[""POSSIBLE_DIMENSION""]"
1169,A-602,Furnish & Install Mineral Wool Insulation,"1-1/4"" MINERAL WOOL INSULATION","[""POSSIBLE_DIMENSION""]"
1170,A-602,Furnish & Install Mineral Wool Insulation,"1-1/4"" MINERAL WOOL INSULATION","[""POSSIBLE_DIMENSION""]"
1171,A-602,Furnish & Install Mineral Wool Insulation,"1-1/4"" MINERAL WOOL INSULATION","[""POSSIBLE_DIMENSION""]"
1172,A-602,Furnish & Install Mineral Wool Insulation,"1-1/4"" MINERAL WOOL INSULATION","[""POSSIBLE_DIMENSION""]"
1173,A-602,Furnish & Install Mineral Wool Insulation,"1-1/4"" MINERAL WOOL INSULATION","[""POSSIBLE_DIMENSION""]"
1174,A-602,Furnish & Install Mineral Wool Insulation,"1-1/4"" MINERAL WOOL INSULATION","[""POSSIBLE_DIMENSION""]"
1175,A-602,Furnish & Install Mineral Wool Insulation,"1-1/4"" MINERAL WOOL INSULATION","[""POSSIBLE_DIMENSION""]"
1176,A-602,Furnish & Install Mineral Wool Insulation,"1-1/4"" MINERAL WOOL INSULATION","[""POSSIBLE_DIMENSION""]"
1177,A-602,Furnish & Install Acoustic Batt Insulation,"SOUND ATTENUATION BLANKET; WHERE OCCURS, SEE WALL TYPES",[]
1178,A-602,Furnish & Install Acoustic Batt Insulation,"SOUND ATTENUATION BLANKET; WHERE OCCURS, SEE WALL TYPES",[]
1179,A-602,Furnish & Install Acoustic Batt Insulation,"SOUND ATTENUATION BLANKET; WHERE OCCURS, SEE WALL TYPES",[]
1180,A-602,Furnish & Install Acoustic Batt Insulation,"SOUND ATTENUATION BLANKET; WHERE OCCURS, SEE WALL TYPES",[]
1181,A-602,Furnish & Install Rigid Insulation,RIDGED INSULATION,[]
1182,A-602,Furnish & Install Weather Resistant Barrier,WEATHER RESISTANT BARRIER (WRB),[]
1183,A-602,Furnish & Install Self-Adhered Single-Ply Roofing Membrane,"SINGLE PLY ROOF, SEE ROOF PLAN FOR ASSEMBLY TYPE",[]
1184,A-602,Furnish & Install Horizontal Composite Siding,COMPOSITE SIDING - HORIZONTAL (CS-2),[]
1185,A-602,Furnish & Install Horizontal Composite Siding,COMPOSITE SIDING - HORIZONTAL (CS-2),[]
1186,A-602,Furnish & Install Horizontal Composite Siding,COMPOSITE SIDING - HORIZONTAL (CS-2),[]
1187,A-602,Furnish & Install Horizontal Composite Siding,COMPOSITE SIDING - HORIZONTAL (CS-2),[]
1188,A-602,Furnish & Install Vertical Composite Siding,COMPOSITE SIDING - VERTICAL (CS-1),[]
1189,A-602,Furnish & Install Vertical Composite Siding,COMPOSITE SIDING - VERTICAL (CS-1),[]
1190,A-602,Furnish & Install Self-Adhered and Flexible Flashing Membrane,FLASHING MEMBRANE,[]
1191,A-602,Furnish & Install Self-Adhered and Flexible Flashing Membrane,FLASHING MEMBRANE,[]
1192,A-602,Furnish & Install Self-Adhered and Flexible Flashing Membrane,FLASHING MEMBRANE,[]
1193,A-602,Furnish & Install Self-Adhered and Flexible Flashing Membrane,FLASHING MEMBRANE,[]
1194,A-602,Furnish & Install Self-Adhered and Flexible Flashing Membrane,SELF ADHERED FLASHING MEMBRANE,[]
1195,A-602,Furnish & Install Self-Adhered and Flexible Flashing Membrane,SILL FLASHING,[]
1196,A-602,Furnish & Install Break Metal Trim,BREAK-METAL JAMB WINDOW TRIM OVER RIGID INSULATION,[]
1197,A-602,Furnish & Install Break Metal Trim,"BRAKE-METAL WINDOW TRIM ASSEMBLY, SEE DETAIL A5/A602",[]
1198,A-602,Furnish & Install Break Metal Trim,"BRAKE-METAL WINDOW TRIM ASSEMBLY, SEE DETAIL A5/A602",[]
1199,A-602,Furnish & Install Break Metal Trim,"BRAKE-METAL WINDOW TRIM ASSEMBLY, SEE DETAIL A5/A602",[]
1200,A-602,Furnish & Install Break Metal Trim,"BRAKE-METAL WINDOW TRIM ASSEMBLY, SEE DETAIL A5/A602",[]
1201,A-602,Furnish & Install Break Metal Trim,"BRAKE-METAL WINDOW TRIM ASSEMBLY, SEE DETAIL A5/A602",[]
1202,A-602,Furnish & Install Break Metal Trim,"BRAKE-METAL WINDOW TRIM ASSEMBLY, SEE DETAIL A5/A602",[]
1203,A-602,Furnish & Install Break Metal Trim,"BRAKE-METAL WINDOW TRIM ASSEMBLY, SEE DETAIL A5/A602",[]
1204,A-602,Furnish & Install Break Metal Trim,"BRAKE-METAL WINDOW TRIM ASSEMBLY, SEE DETAIL A5/A602",[]
1205,A-602,Furnish & Install Break Metal Trim,"BRAKE-METAL WINDOW TRIM ASSEMBLY, SEE DETAIL A5/A602",[]
1206,A-602,Furnish & Install Break Metal Trim,"BRAKE-METAL WINDOW TRIM ASSEMBLY, SEE DETAIL A5/A602",[]
1207,A-602,Furnish & Install Break Metal Trim,TWO PIECE BREAK METAL WINDOW/ DOOR TRIM,[]
1208,A-602,Furnish & Install Flashing Installation Accessories,"POP-RIVET AT TOP AND BOTTOM / 18"" O.C.","[""POSSIBLE_DIMENSION""]"
1209,A-602,Furnish & Install Flashing Installation Accessories,OPEN HEM SLIP JOINT,[]
1210,A-602,Furnish & Install General Purpose Exterior Sealant,SEALANT JOINT,[]
1211,A-602,Furnish & Install General Purpose Exterior Sealant,"1/4""TYP.","[""POSSIBLE_DIMENSION""]"
1212,A-602,Furnish & Install General Purpose Exterior Sealant,CONTINUOUS SEALANT,[]
1213,A-602,Furnish & Install General Purpose Exterior Sealant,"1/4""TYP.","[""POSSIBLE_DIMENSION""]"
1214,A-602,Furnish & Install General Purpose Exterior Sealant,JOINT SEALANT PER SIDING MANUFACTURER,[]
1215,A-602,Furnish & Install General Purpose Exterior Sealant,JOINT SEALANT PER SIDING MANUFACTURER,[]
1216,A-602,Furnish & Install General Purpose Exterior Sealant,"1/2"". MAX.","[""POSSIBLE_DIMENSION""]"
1217,A-602,Furnish & Install General Purpose Exterior Sealant,JOINT SEALANT PER SIDING MANUFACTURER,[]
1218,A-602,Furnish & Install General Purpose Exterior Sealant,JOINT SEALANT PER SIDING MANUFACTURER,[]
1219,A-602,Furnish & Install Interior Sealant at Finishes,"CAULK FRAME TO GYP. BD. JOINT, TYP.",[]
1220,A-602,Furnish & Install Interior Sealant at Finishes,"CAULK FRAME TO GYP. BD. JOINT, TYP. ALL SIDES",[]
1221,A-602,Furnish & Install Hollow Metal Door Frames,"HM DOOR HEAD, SEE FLOOR PLAN FOR DOOR TYPE",[]
1222,A-602,Furnish & Install Hollow Metal Door Frames,"HOLLOW METAL FRAME PAINTED, BEYOND",[]
1223,A-602,Furnish & Install Hollow Metal Door Frames,HOLLOW METAL DOOR FRAME AND ATTACHMENT CLIP,[]
1224,A-602,Furnish & Install Hollow Metal Door Frames,"HM DOOR HEAD, SEE FLOOR PLAN FOR DOOR TYPE",[]
1225,A-602,Furnish & Install Hollow Metal Door Frames,HOLLOW METAL DOOR FRAME AND ATTACHMENT CLIP,[]
1226,A-602,Furnish & Install Wood Door Frames And Casings,"WOOD DOOR FRAME AND DOOR CASING, SEE FRAME TYPE ""WD2"" FOR MORE INFORMATION.",[]
1227,A-602,Furnish & Install Wood Door Frames And Casings,"WOOD DOOR FRAME AND DOOR CASING, SEE FRAME TYPE ""WD2"" FOR MORE INFORMATION.",[]
1228,A-602,Furnish & Install Wood Doors Per Schedule And Drawings,INTERIOR DOOR PER FLOOR PLAN,[]
1229,A-602,Furnish & Install Wood Doors Per Schedule And Drawings,INTERIOR DOOR PER FLOOR PLAN,[]
1230,A-602,Furnish & Install Wood Doors Per Schedule And Drawings,INTERIOR DOOR PER FLOOR PLAN,[]
1231,A-602,Furnish & Install Wood Doors Per Schedule And Drawings,INTERIOR DOOR PER FLOOR PLAN,[]
1232,A-602,Furnish & Install Door And Frame Assemblies Per Schedule,SEE FRAME TYPE,[]
1233,A-602,Furnish & Install Door And Frame Assemblies Per Schedule,EXTERIOR DOOR PER FLOOR PLAN,[]
1234,A-602,Furnish & Install Door And Frame Assemblies Per Schedule,SEE FRAME TYPE,[]
1235,A-602,Furnish & Install Door And Frame Assemblies Per Schedule,DOOR - SEE SCHEDULE,[]
1236,A-602,Furnish & Install Door Thresholds,"OFFSET SADDLE THRESHOLD, SET IN BED OF MASTIC.",[]
1237,A-602,Furnish & Install Vinyl Clad Windows,"NAIL-FIN WINDOW, SET IN FULL BEAD OF SEALANT. SEE FLOOR PLAN FOR WINDOW TYPE",[]
1238,A-602,Furnish & Install Vinyl Clad Windows,"NAIL-FIN WINDOW, SEE FLOOR PLAN FOR WINDOW TYPE",[]
1239,A-602,Furnish & Install Vinyl Clad Windows,"NAIL-FIN WINDOW, SEE FLOOR PLAN FOR WINDOW TYPE",[]
1240,A-602,Furnish & Install Vinyl Clad Windows,"NAIL-FIN WINDOW, SET IN FULL BEAD OF SEALANT. SEE FLOOR PLAN FOR WINDOW TYPE",[]
1241,A-602,Furnish & Install Vinyl Clad Windows,"NAIL-FIN WINDOW, SEE FLOOR PLAN FOR WINDOW TYPE",[]
1242,A-602,Furnish & Install Vinyl Clad Windows,"NAIL-FIN WINDOW, SEE FLOOR PLAN FOR WINDOW TYPE",[]
1243,A-602,Furnish & Install Vinyl Clad Windows,"NAIL-FIN WINDOW, SET IN FULL BEAD OF SEALANT. SEE FLOOR PLAN FOR WINDOW TYPE",[]
1244,A-602,Furnish & Install Vinyl Clad Windows,"NAIL-FIN WINDOW, SEE FLOOR PLAN FOR WINDOW TYPE",[]
1245,A-602,Furnish & Install Vinyl Clad Windows,"NAIL-FIN WINDOW, SEE FLOOR PLAN FOR WINDOW TYPE",[]
1246,A-602,Furnish & Install Vinyl Clad Windows,NAIL-FIN WINDOW SYSTEM,[]
1247,A-602,"Furnish & Install Single Layer 5/8"" Gypsum Board","(1) LAYER 5/8"" GYPSUM BOARD","[""POSSIBLE_DIMENSION""]"
1248,A-602,"Furnish & Install Single Layer 5/8"" Gypsum Board","(1) LAYER 5/8"" GYPSUM BOARD","[""POSSIBLE_DIMENSION""]"
1249,A-602,"Furnish & Install Single Layer 5/8"" Gypsum Board","(1) LAYER 5/8"" GYPSUM BOARD","[""POSSIBLE_DIMENSION""]"
1250,A-602,"Furnish & Install Single Layer 5/8"" Gypsum Board","(1) LAYER 5/8"" GYPSUM BOARD","[""POSSIBLE_DIMENSION""]"
1251,A-602,"Furnish & Install Single Layer 5/8"" Gypsum Board","(1) LAYER 5/8"" GYPSUM BOARD","[""POSSIBLE_DIMENSION""]"
1252,A-602,Furnish & Install All Flooring Per General Installation Requirements,"FLOOR FINISH, SEE FINISH PLANS FOR MORE INFORMATION",[]
1253,A-602,"Furnish & Install Solid Surface Countertops, Splashes, And Window Sills","SOLID SURFACE WINDOW SILL, SEE FINISH PLANS",[]
1254,A-602,"Furnish & Install Solid Surface Countertops, Splashes, And Window Sills","SOLID SURFACE WINDOW SILL, SEE FINISH PLANS",[]
1255,A-602,"Furnish & Install Solid Surface Countertops, Splashes, And Window Sills","SOLID SURFACE WINDOW SILL, SEE FINISH PLANS",[]
1256,A-602,"Furnish & Install Solid Surface Countertops, Splashes, And Window Sills","SOLID SURFACE WINDOW SILL, SEE FINISH PLANS",[]
1257,A-602,"Furnish & Install Solid Surface Countertops, Splashes, And Window Sills","SOLID SURFACE WINDOW SILL, SEE FINISH PLANS",[]
1258,A-602,"Furnish & Install Solid Surface Countertops, Splashes, And Window Sills","SOLID SURFACE WINDOW SILL, SEE FINISH PLANS",[]
1259,CU300,Furnish & Install Concrete Collars for Utility Structures,"7. WATER VALVES, SEWER MANHOLES, STORM DRAIN INLETS OR CLEANOUT BOXES, AND OTHER SURFACE UTILITY ACCESSORIES SHALL BE RAISED AND SLOPED TO ACCURATE FINISH SURFACE BY A CONCRETE GRADE COLLAR IN PAVEMENT. COLLAR SHALL BE 12"" WIDE AROUND THE UTILITY APPARATUSES AND 8"" MINIMUM THICKNESS. PLACE 2 #4 REBAR HOOPS IN COLLAR. REFER TO DETAIL ON SHEET C100. CONCRETE COLLARS TO BE USED ONLY IN ASPHALT PAVEMENT AREAS.","[""POSSIBLE_DIMENSION""]"
1260,CU300,Furnish & Install Concrete Formwork and Accessories,"3. ALL FIRE SPRINKLER LINES SHALL HAVE 60"" OF COVER MINIMUM. ALL OTHER WATERLINES INCLUDING EXISTING LINES TO HAVE 48"" MINIMUM COVER. CUT IN NEW TEE CONNECTIONS TO EXISTING WATER LINE CONNECTIONS. COORDINATE WITH BYU ENGINEERING. TERMINATE NEW 2"" WATER BUILDING SERVICE LINES IN THE BASE FLOOR TERMINATING 24"" ABOVE THE FINISH FLOOR. PROVIDE A 4"" PVC SLEEVE THROUGH THE FLOOR SLAB FOR THE 2"" POLY LINE CONNECTION TO THE BUILDING. REFER TO PLUMBING PLANS FOR EXTENTION IN THE BUILDING.","[""POSSIBLE_DIMENSION""]"
1261,CU300,Furnish & Install — Sleeving for Drain Pipe Through Site Walls,"16. SITE WALLS (EXCEPT STAIR CHEEK WALLS OR SEAT WALLS) TO HAVE A 3"" PERFORATED DRAIN (PVC OR HDPE WRAPPED IN DRAINAGE FABRIC) AS SHOWN ON PLANS AND ON THE RETAINING WALL DETAILS ON STRUCTURAL PLANS. CONNECT TO SITE DRAINAGE STRUCTURES AS SHOWN WITH 4"" PVC SOLID PIPE (SDR 35) FROM THE CONNECTION AT THE PERFORATED FOOTING DRAIN PIPE TO THE STORM DRAIN STRUCTURE. SLEEVE DRAIN PIPE THROUGH SITE WALLS AS REQUIRED TO CONNECT TO DRAINAGE SYSTEM. WHERE FOOTINGS STEP DOWN BELOW NORMAL DEPTH FOR UTILITY CROSSING, THE PERFORATED DRAIN PIPE DOES NOT STEP DOWN TO AVOID CREATING ANY LOW POINTS IN THE WALL DRAIN PIPING. CONNECTION OF PERFORATED DRAIN OCCUR AT EACH ADS BOX SET ALONG THE HIGHSIDE OF THE WALL. REFER TO PLAN AND PROFILE SHEETS.","[""POSSIBLE_DIMENSION""]"
1262,CU300,Furnish & Install Concrete Wall Footings,"9. WHERE UTILITY LINES CROSS SITE WALLS, WALL FOOTINGS SHALL STEP BELOW UTILITIES FOR WATER AND GAS PIPING AS WELL AS STORM DRAIN LINES THAT DO NOT HAVE 2' OF FILL BETWEEN THE BOTTOM OF THE NORMAL WALL FOOTING DEPTH (30"" DEPTH) AND THE TOP OF PIPE. REFER TO DETAIL ON STRUCTURAL PLANS FOR TYPICAL FOOTING STEP DETAIL AS WELL AS SEAT WALL DETAILS. WHERE UTILITY LINES HAVE A MINIMUM OF 2' OF FILL BETWEEN THE TOP OF PIPE AND BOTTOM OF WALL FOOTING THE WALL FOOTING DOES NOT NEED TO STEP BELOW THE NORMAL 30"" DEPTH.","[""POSSIBLE_DIMENSION""]"
1263,CU300,"Furnish & Install Concrete Curbs, Gutters, and Mow Strips","12. REPAIR PAVEMENT, AS WELL AS CURB & GUTTER, AND SIDEWALKS WHERE UTILITIES CROSS INTO SITE TEMPORARY LIMIT LINES TO MAINTAIN TRAFFIC THROUGH THESE AREAS. COORDINATE TRAFFIC CONTROL WITH BYU.",[]
1264,CU300,Furnish & Install Pavement Restoration and Repair,"12. REPAIR PAVEMENT, AS WELL AS CURB & GUTTER, AND SIDEWALKS WHERE UTILITIES CROSS INTO SITE TEMPORARY LIMIT LINES TO MAINTAIN TRAFFIC THROUGH THESE AREAS. COORDINATE TRAFFIC CONTROL WITH BYU.",[]
1265,CU300,Furnish & Install — Fire Sprinkler System Piping,"3. ALL FIRE SPRINKLER LINES SHALL HAVE 60"" OF COVER MINIMUM. ALL OTHER WATERLINES INCLUDING EXISTING LINES TO HAVE 48"" MINIMUM COVER. CUT IN NEW TEE CONNECTIONS TO EXISTING WATER LINE CONNECTIONS. COORDINATE WITH BYU ENGINEERING. TERMINATE NEW 2"" WATER BUILDING SERVICE LINES IN THE BASE FLOOR TERMINATING 24"" ABOVE THE FINISH FLOOR. PROVIDE A 4"" PVC SLEEVE THROUGH THE FLOOR SLAB FOR THE 2"" POLY LINE CONNECTION TO THE BUILDING. REFER TO PLUMBING PLANS FOR EXTENTION IN THE BUILDING.","[""POSSIBLE_DIMENSION""]"
1266,CU300,Furnish & Install — Interior Drains and Cleanouts,"22. TRENCH DRAINS TD-1 THRU TD-5 TO BE ""ACO DRAIN KLASSIKDRAIN K100"" OR APPROVED EQUIVALENT. BUILT IN SLOPE TO BE APPROXIMATELY 1% FROM SHALLOW END TO OUTLET. PROVIDE A 4"" BOTTOM OUTLET FOR A SCHEDULE 40 PVC PIPE AT THE LOW END OF THE TRENCH DRAIN. MINIMUM DEPTH AT LOW END TO BE 12"". GRATE TO BE LOAD CLASS C HEEL SAFE PERFORATED STAINLESS STEEL OR APPROVED EQUIVALENT. CONNECT THE PVC PIPE TO THE NEAREST ADS BOX OR WYE INTO ROOF DRAIN PIPE WHERE SHOWN ON PLAN AND PROFILE SHEETS.","[""POSSIBLE_DIMENSION""]"
1267,CU300,"Furnish & Install Fill, Base Course, and Bedding Materials","1. PIPING MATERIALS TO BE PER UTILITY SPEC. AS OUTLINED BELOW: NEW WATER LINES - CEMENT MORTAR LINED DUCTILE IRON PIPE WRAPPED IN 10 MIL POLYETHYLENE SLEEVES PER AWWA C105 (THRUST BLOCK PER BYU STD'S) WATER SERVICE LINES - 2"" POLYETHYLENE  AWWA  C901 (SDR-9) SEWER - PVC PIPE 4"" TO 10"" (SDR 35), USE 6"" DI AT FITTING ON SERVICE LINES. SEE NOTES ON CU-310 STORM DRAIN - 12"" TO 18"" HDPE PIPE WITH WATER TIGHT JOINTS. WYE FITTING TO BE WATER TIGHT JOINTS. ROOF AND LANDSCAPE - 6"" TO 10"" PVC (SDR 35). GAS - UAC 2000 MDPE YELLOW GAS PIPE SDR-11 PER ASTM D2837 PIPE ZONE MATERIAL TO BE WASHED SAND. SEE NOTE 5.","[""POSSIBLE_DIMENSION"", ""POSSIBLE_SPECIFICATION_TEXT""]"
1268,CU300,"Furnish & Install Fill, Base Course, and Bedding Materials","15. ALL WYE FITTINGS FOR STORM DRAIN PIPING TO BE FACTORY FABRICATED. WHERE MAIN PIPE IS 8"" OR LARGER, USE FLOWABLE FILL 3' UPSTREAM AND DOWN STREAM FROM ALL WYE FITTINGS.  WYE FITTINGS CONNECTING TO PIPE LARGER THAN 8"" SHALL BE NEAR THE TOP  OF THE MAIN STORM DRAIN PIPE. FLOWABLE FILL MAY TERMINATE 6"" ABOVE THE TOP OF SMALLER STORM DRAIN PIPE CONNECTION TO THE MAIN PIPE. PROVIDE A MINIMUM OF 18"" TOPSOIL COVER OVER TOP OF FLOWABLE FILL IN LANDSCAPE AREAS.","[""POSSIBLE_DIMENSION""]"
1269,CU300,"Furnish & Install General Excavation, Trenching, and Backfill","4. POTHOLE ALL EXISTING UTILITY CROSSINGS PRIOR TO ROUTING ANY NEW UTILITIES. ALL NEW SEWER, DRAINAGE, OR OTHER GRAVITY LINES SHALL BE COMPLETED PRIOR TO ROUTING ANY PRESSURE LINES. WHERE EXISTING UTILITIES CONFLICT WITH NEW GRAVITY LINES, RAISE OR LOWER EXISTING UTILITIES TO ACCOMMODATE NEW GRAVITY LINES. PROVIDE 12"" MIN. CLEARANCE. WATER LINES SHALL NOT BE PLACED UNDER SEWER LINES AND SHALL HAVE A MINIMUM OF 18"" CLEARANCE OF SEWER.","[""POSSIBLE_DIMENSION""]"
1270,CU300,Furnish & Install Irrigation Piping and Stubs,NEW IRRIGATION STUBOUT. ABANDONED THE TEMPORARY IRRIGATION LINE ONCE THE STUBOUT IS OPERATIONAL,[]
1271,CU300,Furnish & Install Irrigation System Components,IRR,"[""SHORT_TAG""]"
1272,CU300,Furnish & Install Irrigation System Components,IRR,"[""SHORT_TAG""]"
1273,CU300,Furnish & Install Irrigation System Components,IRR,"[""SHORT_TAG""]"
1274,CU300,Furnish & Install General Water Pipe and Appurtenances,"1. PIPING MATERIALS TO BE PER UTILITY SPEC. AS OUTLINED BELOW: NEW WATER LINES - CEMENT MORTAR LINED DUCTILE IRON PIPE WRAPPED IN 10 MIL POLYETHYLENE SLEEVES PER AWWA C105 (THRUST BLOCK PER BYU STD'S) WATER SERVICE LINES - 2"" POLYETHYLENE  AWWA  C901 (SDR-9) SEWER - PVC PIPE 4"" TO 10"" (SDR 35), USE 6"" DI AT FITTING ON SERVICE LINES. SEE NOTES ON CU-310 STORM DRAIN - 12"" TO 18"" HDPE PIPE WITH WATER TIGHT JOINTS. WYE FITTING TO BE WATER TIGHT JOINTS. ROOF AND LANDSCAPE - 6"" TO 10"" PVC (SDR 35). GAS - UAC 2000 MDPE YELLOW GAS PIPE SDR-11 PER ASTM D2837 PIPE ZONE MATERIAL TO BE WASHED SAND. SEE NOTE 5.","[""POSSIBLE_DIMENSION"", ""POSSIBLE_SPECIFICATION_TEXT""]"
1275,CU300,Furnish & Install 2-Inch Water Pipe and Service Connections,"1. PIPING MATERIALS TO BE PER UTILITY SPEC. AS OUTLINED BELOW: NEW WATER LINES - CEMENT MORTAR LINED DUCTILE IRON PIPE WRAPPED IN 10 MIL POLYETHYLENE SLEEVES PER AWWA C105 (THRUST BLOCK PER BYU STD'S) WATER SERVICE LINES - 2"" POLYETHYLENE  AWWA  C901 (SDR-9) SEWER - PVC PIPE 4"" TO 10"" (SDR 35), USE 6"" DI AT FITTING ON SERVICE LINES. SEE NOTES ON CU-310 STORM DRAIN - 12"" TO 18"" HDPE PIPE WITH WATER TIGHT JOINTS. WYE FITTING TO BE WATER TIGHT JOINTS. ROOF AND LANDSCAPE - 6"" TO 10"" PVC (SDR 35). GAS - UAC 2000 MDPE YELLOW GAS PIPE SDR-11 PER ASTM D2837 PIPE ZONE MATERIAL TO BE WASHED SAND. SEE NOTE 5.","[""POSSIBLE_DIMENSION"", ""POSSIBLE_SPECIFICATION_TEXT""]"
1276,CU300,Furnish & Install 2-Inch Water Pipe and Service Connections,"3. ALL FIRE SPRINKLER LINES SHALL HAVE 60"" OF COVER MINIMUM. ALL OTHER WATERLINES INCLUDING EXISTING LINES TO HAVE 48"" MINIMUM COVER. CUT IN NEW TEE CONNECTIONS TO EXISTING WATER LINE CONNECTIONS. COORDINATE WITH BYU ENGINEERING. TERMINATE NEW 2"" WATER BUILDING SERVICE LINES IN THE BASE FLOOR TERMINATING 24"" ABOVE THE FINISH FLOOR. PROVIDE A 4"" PVC SLEEVE THROUGH THE FLOOR SLAB FOR THE 2"" POLY LINE CONNECTION TO THE BUILDING. REFER TO PLUMBING PLANS FOR EXTENTION IN THE BUILDING.","[""POSSIBLE_DIMENSION""]"
1277,CU300,Furnish & Install General Sanitary Sewer Pipe and Laterals,"1. PIPING MATERIALS TO BE PER UTILITY SPEC. AS OUTLINED BELOW: NEW WATER LINES - CEMENT MORTAR LINED DUCTILE IRON PIPE WRAPPED IN 10 MIL POLYETHYLENE SLEEVES PER AWWA C105 (THRUST BLOCK PER BYU STD'S) WATER SERVICE LINES - 2"" POLYETHYLENE  AWWA  C901 (SDR-9) SEWER - PVC PIPE 4"" TO 10"" (SDR 35), USE 6"" DI AT FITTING ON SERVICE LINES. SEE NOTES ON CU-310 STORM DRAIN - 12"" TO 18"" HDPE PIPE WITH WATER TIGHT JOINTS. WYE FITTING TO BE WATER TIGHT JOINTS. ROOF AND LANDSCAPE - 6"" TO 10"" PVC (SDR 35). GAS - UAC 2000 MDPE YELLOW GAS PIPE SDR-11 PER ASTM D2837 PIPE ZONE MATERIAL TO BE WASHED SAND. SEE NOTE 5.","[""POSSIBLE_DIMENSION"", ""POSSIBLE_SPECIFICATION_TEXT""]"
1278,CU300,Furnish & Install General Storm Drain Pipe and Connections,"1. PIPING MATERIALS TO BE PER UTILITY SPEC. AS OUTLINED BELOW: NEW WATER LINES - CEMENT MORTAR LINED DUCTILE IRON PIPE WRAPPED IN 10 MIL POLYETHYLENE SLEEVES PER AWWA C105 (THRUST BLOCK PER BYU STD'S) WATER SERVICE LINES - 2"" POLYETHYLENE  AWWA  C901 (SDR-9) SEWER - PVC PIPE 4"" TO 10"" (SDR 35), USE 6"" DI AT FITTING ON SERVICE LINES. SEE NOTES ON CU-310 STORM DRAIN - 12"" TO 18"" HDPE PIPE WITH WATER TIGHT JOINTS. WYE FITTING TO BE WATER TIGHT JOINTS. ROOF AND LANDSCAPE - 6"" TO 10"" PVC (SDR 35). GAS - UAC 2000 MDPE YELLOW GAS PIPE SDR-11 PER ASTM D2837 PIPE ZONE MATERIAL TO BE WASHED SAND. SEE NOTE 5.","[""POSSIBLE_DIMENSION"", ""POSSIBLE_SPECIFICATION_TEXT""]"
1279,CU300,Furnish & Install General Storm Drain Pipe and Connections,"15. ALL WYE FITTINGS FOR STORM DRAIN PIPING TO BE FACTORY FABRICATED. WHERE MAIN PIPE IS 8"" OR LARGER, USE FLOWABLE FILL 3' UPSTREAM AND DOWN STREAM FROM ALL WYE FITTINGS.  WYE FITTINGS CONNECTING TO PIPE LARGER THAN 8"" SHALL BE NEAR THE TOP  OF THE MAIN STORM DRAIN PIPE. FLOWABLE FILL MAY TERMINATE 6"" ABOVE THE TOP OF SMALLER STORM DRAIN PIPE CONNECTION TO THE MAIN PIPE. PROVIDE A MINIMUM OF 18"" TOPSOIL COVER OVER TOP OF FLOWABLE FILL IN LANDSCAPE AREAS.","[""POSSIBLE_DIMENSION""]"
1280,CU300,Furnish & Install General Storm Drain Pipe and Connections,> 8''SD,"[""POSSIBLE_DIMENSION"", ""SHORT_TAG""]"
1281,CU300,Furnish & Install General Storm Drain Pipe and Connections,> 8''SD,"[""POSSIBLE_DIMENSION"", ""SHORT_TAG""]"
1282,CU300,Furnish & Install General Storm Drain Pipe and Connections,> 8''SD,"[""POSSIBLE_DIMENSION"", ""SHORT_TAG""]"
1283,CU300,Furnish & Install Gas Pipe and Appurtenances,"1. PIPING MATERIALS TO BE PER UTILITY SPEC. AS OUTLINED BELOW: NEW WATER LINES - CEMENT MORTAR LINED DUCTILE IRON PIPE WRAPPED IN 10 MIL POLYETHYLENE SLEEVES PER AWWA C105 (THRUST BLOCK PER BYU STD'S) WATER SERVICE LINES - 2"" POLYETHYLENE  AWWA  C901 (SDR-9) SEWER - PVC PIPE 4"" TO 10"" (SDR 35), USE 6"" DI AT FITTING ON SERVICE LINES. SEE NOTES ON CU-310 STORM DRAIN - 12"" TO 18"" HDPE PIPE WITH WATER TIGHT JOINTS. WYE FITTING TO BE WATER TIGHT JOINTS. ROOF AND LANDSCAPE - 6"" TO 10"" PVC (SDR 35). GAS - UAC 2000 MDPE YELLOW GAS PIPE SDR-11 PER ASTM D2837 PIPE ZONE MATERIAL TO BE WASHED SAND. SEE NOTE 5.","[""POSSIBLE_DIMENSION"", ""POSSIBLE_SPECIFICATION_TEXT""]"
1284,CU300,Furnish & Install Gas Pipe and Appurtenances,"5. N EW GAS LINE SHALL BE INSTALLED BY AN ENBRIDGE GAS APPROVED CONTRACTOR (WHITAKER OR NIELS FUGAL CONSTRUCTION OR ETC.). ALL GAS LINE CONSTRUCTION TO BE IN ACCORDANCE WITH PIPE MANUFACTURERS RECOMMENDATIONS. A #14 (AWG) TRACER WIRE IS REQUIRED FOR ALL NEW MDPE GAS PIPING. TERMINATE GAS LINE AND TRACER WIRE AT AN ANODELESS RISER AND GAS COCK SET ABOVE GRADE TO CONNECT TO THE BUILDING REGULATOR AT EACH BUILDING AS SHOWN ON PLUMBING PLANS. ALL WORK TO BE COMPLETED IN ACCORDANCE WITH THE AMERICAN GAS ASSOCIATION PLASTIC PIPE MANUAL FOR GAS SERVICE. GAS LINE TO THE METER WILL BE COMPLETED BY ENBRIDGE INCLUDING THE METER SET. THE BURIED LINE IS A 2"" LINE.","[""POSSIBLE_DIMENSION"", ""POSSIBLE_SPECIFICATION_TEXT""]"
1285,CU300,Furnish & Install Connections to Existing Utilities and Buildings,2. SITE WORK TO INTERFACE WITH BUILDING CONSTRUCTION AT THE FOLLOWING LOCATIONS (REFER TO NOTES ON C100): A. THE SEWER SERVICE TO THE BUILDING CONNECTS TO THE SITE SYSTEM AT THE DOUBLE CLEANOUTS AS SHOWN ON THE PLUMBING PLANS. B. ALL OTHER UTILITIES CONNECTING TO THE BUILDING (EXCEPT WATER LINES) WILL INTERFACE 5' FROM THE BUILDING. SITE CONTRACTOR TO PROVIDE ALL NECESSARY FITTINGS OR REDUCERS AS REQUIRED FOR CONNECTION TO THE BUILDING STUBOUT. C. EXTERIOR CLEANOUT ON THE ROOF DRAIN LINES WILL BE PART OF THE SITE WORK.,"[""POSSIBLE_DIMENSION""]"
1286,CU300,Furnish & Install Connections to Existing Utilities and Buildings,CONNECT TO EXISTING WATERLINE,[]
1287,CU300,Furnish & Install Connections to Existing Utilities and Buildings,CONNECT TO EXISTING WATERLINES,[]
1288,CU300,Furnish & Install Connections to Existing Utilities and Buildings,CONNECT TO EXISTING SEWER,[]
1289,CU300,Furnish & Install Connections to Existing Utilities and Buildings,CONNECT TO EXISTING STORM DRAIN.,[]
1290,CU300,Furnish & Install Connections to Existing Utilities and Buildings,CONNECT TO EXISTING STORM DRAIN. MAINTAIN FLOW AT ALL TIMES,[]
1291,CU300,Furnish & Install Connections to Existing Utilities and Buildings,CONNECT TO EXISTING WATERLINE. CONNECT TEMPORARY IRRIGATION STUB. ABANDON AND DISCONNECT LINE WHEN THE UPHILL LINE ENERGIZED,[]
1292,CU300,Furnish & Install Connections to Existing Utilities and Buildings,CONNECT TO EXISTING STORM DRAIN.,[]
1293,CU300,Furnish & Install Connections to Existing Utilities and Buildings,CONNECT TO EXISTING SEWER,[]
1294,CU300,Furnish & Install Connections to Existing Utilities and Buildings,CONNECT TO EXISTING GAS LINE,[]
1295,CU300,Furnish & Install Connections to Existing Utilities and Buildings,CONNECT TO EXISTING STORM DRAIN.,[]
1296,CU300,Furnish & Install Connections to Existing Utilities and Buildings,CONNECT TO EXISTING SEWER,[]
1297,CU300,Furnish & Install Relocation and Adjustment of Existing Utilities,"4. POTHOLE ALL EXISTING UTILITY CROSSINGS PRIOR TO ROUTING ANY NEW UTILITIES. ALL NEW SEWER, DRAINAGE, OR OTHER GRAVITY LINES SHALL BE COMPLETED PRIOR TO ROUTING ANY PRESSURE LINES. WHERE EXISTING UTILITIES CONFLICT WITH NEW GRAVITY LINES, RAISE OR LOWER EXISTING UTILITIES TO ACCOMMODATE NEW GRAVITY LINES. PROVIDE 12"" MIN. CLEARANCE. WATER LINES SHALL NOT BE PLACED UNDER SEWER LINES AND SHALL HAVE A MINIMUM OF 18"" CLEARANCE OF SEWER.","[""POSSIBLE_DIMENSION""]"
1298,CU300,Furnish & Install Relocation and Adjustment of Existing Utilities,17. ADJUST EXISTING UTILITY STRUCTURES TO NEW GRADES SHOWN ON THE GRADING PLANS. SEE NOTE 7 ABOVE FOR STRUCTURES IN NEW PAVEMENT AND DETAILS ON C-100.,[]
1299,CU300,Furnish & Install Thrust Blocks and Pipe Restraint Devices,"6. THRUST BLOCK ALL FITTINGS OR PROVIDE RESTRAINED JOINTS PER BYU STANDARDS. THE NEW 4"" & 6"" CONNECTIONS TO THE NEW BUILDING WILL REQUIRE RESTRAINED JOINTS FOR MANY FITTINGS DUE TO LIMITED SPACE BETWEEN PIPES. SEE TYPICAL DETAIL D ON C101.","[""POSSIBLE_DIMENSION""]"
1300,CU300,Furnish & Install Plastic Drain Basins,"8. ALL ""CB"" LABELS ARE 24""Ø NYLOPLAST DRAINAGE BASINS WITH HS-20 RING AND COVER.  ALL ""ADS"" LABELS ARE 15"" NYLOPLAST DRAINAGE BASINS. ALL ""AD"" LABELS ARE 18"" NYLOPLAST DRAINAGE BASINS. REFER TO DETAIL CALLOUTS IN TABLE ON THIS SHEET. ALL GRATED COVERS TO BE HEEL SAFE COVERS.","[""POSSIBLE_DIMENSION""]"
1301,CU300,Furnish & Install Plastic Drain Basins,CIB'S DEEPER THAN 5' TO BE 4'x3' BOXES.,"[""POSSIBLE_DIMENSION""]"
1302,CU300,Furnish & Install Plastic Drain Basins,"10. USE HS-20 SOLID COVERS ON ALL MANHOLES. CB, AD, AND ADS BOXES TO HAVE PEDESTRIAN TRAFFIC GRATED COVERS EXCEPT AS NOTED.",[]
1303,CU300,Furnish & Install Sanitary Sewer Manholes,14. SET NEW UTILITY MANHOLE OR STRUCTURE OVER EXISTING PIPING WHERE NEW & EXISTING PIPING CONNECT. RECONNECT ALL EXISTING PIPING TO NEW STRUCTURES. PROVIDE NEW SECTIONS OF PIPE IF NECESSARY TO RECONNECT ALL PIPING TO THE NEW UTILITY STRUCTURES.,[]
1304,CU300,Furnish & Install 3-Inch Perforated Drain Pipe,"16. SITE WALLS (EXCEPT STAIR CHEEK WALLS OR SEAT WALLS) TO HAVE A 3"" PERFORATED DRAIN (PVC OR HDPE WRAPPED IN DRAINAGE FABRIC) AS SHOWN ON PLANS AND ON THE RETAINING WALL DETAILS ON STRUCTURAL PLANS. CONNECT TO SITE DRAINAGE STRUCTURES AS SHOWN WITH 4"" PVC SOLID PIPE (SDR 35) FROM THE CONNECTION AT THE PERFORATED FOOTING DRAIN PIPE TO THE STORM DRAIN STRUCTURE. SLEEVE DRAIN PIPE THROUGH SITE WALLS AS REQUIRED TO CONNECT TO DRAINAGE SYSTEM. WHERE FOOTINGS STEP DOWN BELOW NORMAL DEPTH FOR UTILITY CROSSING, THE PERFORATED DRAIN PIPE DOES NOT STEP DOWN TO AVOID CREATING ANY LOW POINTS IN THE WALL DRAIN PIPING. CONNECTION OF PERFORATED DRAIN OCCUR AT EACH ADS BOX SET ALONG THE HIGHSIDE OF THE WALL. REFER TO PLAN AND PROFILE SHEETS.","[""POSSIBLE_DIMENSION""]"
1305,CU300,Furnish & Install 8-Inch Storm Drain Pipe,> 8''SD,"[""POSSIBLE_DIMENSION"", ""SHORT_TAG""]"
1306,CU300,Furnish & Install 8-Inch Storm Drain Pipe,> 8''SD,"[""POSSIBLE_DIMENSION"", ""SHORT_TAG""]"
1307,CU300,Furnish & Install 8-Inch Storm Drain Pipe,> 8''SD,"[""POSSIBLE_DIMENSION"", ""SHORT_TAG""]"
1308,CU300,Furnish & Install 8-Inch Storm Drain Pipe,> 8''SD,"[""POSSIBLE_DIMENSION"", ""SHORT_TAG""]"
1309,CU300,Furnish & Install 8-Inch Storm Drain Pipe,> 8''SD,"[""POSSIBLE_DIMENSION"", ""SHORT_TAG""]"
1310,CU300,Furnish & Install 8-Inch Storm Drain Pipe,> 8''SD,"[""POSSIBLE_DIMENSION"", ""SHORT_TAG""]"
1311,CU300,Furnish & Install 8-Inch Storm Drain Pipe,> 8''SD,"[""POSSIBLE_DIMENSION"", ""SHORT_TAG""]"
1312,CU300,Furnish & Install 8-Inch Storm Drain Pipe,> 8''SD,"[""POSSIBLE_DIMENSION"", ""SHORT_TAG""]"
1313,CU300,Furnish & Install 8-Inch Storm Drain Pipe,> 8''SD,"[""POSSIBLE_DIMENSION"", ""SHORT_TAG""]"
1314,CU300,Furnish & Install 8-Inch Storm Drain Pipe,> 8''SD,"[""POSSIBLE_DIMENSION"", ""SHORT_TAG""]"
1315,CU300,Furnish & Install 8-Inch Storm Drain Pipe,> 8''SD,"[""POSSIBLE_DIMENSION"", ""SHORT_TAG""]"
1316,CU300,Furnish & Install 8-Inch Storm Drain Pipe,> 8''SD,"[""POSSIBLE_DIMENSION"", ""SHORT_TAG""]"
1317,CU300,Furnish & Install 8-Inch Storm Drain Pipe,> 8''SD,"[""POSSIBLE_DIMENSION"", ""SHORT_TAG""]"
1318,CU300,Furnish & Install 8-Inch Storm Drain Pipe,> 8''SD,"[""POSSIBLE_DIMENSION"", ""SHORT_TAG""]"
1319,CU300,Furnish & Install 8-Inch Storm Drain Pipe,> 8''SD,"[""POSSIBLE_DIMENSION"", ""SHORT_TAG""]"
1320,CU300,Furnish & Install 8-Inch Storm Drain Pipe,> 8''SD,"[""POSSIBLE_DIMENSION"", ""SHORT_TAG""]"
1321,CU300,Furnish & Install 8-Inch Storm Drain Pipe,> 8''SD,"[""POSSIBLE_DIMENSION"", ""SHORT_TAG""]"
1322,CU300,Furnish & Install 8-Inch Storm Drain Pipe,> 8''SD,"[""POSSIBLE_DIMENSION"", ""SHORT_TAG""]"
1323,CU300,Furnish & Install 8-Inch Storm Drain Pipe,> 8''SD,"[""POSSIBLE_DIMENSION"", ""SHORT_TAG""]"
1324,CU300,Furnish & Install 8-Inch Storm Drain Pipe,> 8''SD,"[""POSSIBLE_DIMENSION"", ""SHORT_TAG""]"
1325,CU300,Furnish & Install 8-Inch Storm Drain Pipe,> 8''SD,"[""POSSIBLE_DIMENSION"", ""SHORT_TAG""]"
1326,CU300,Furnish & Install 8-Inch Storm Drain Pipe,> 8''SD,"[""POSSIBLE_DIMENSION"", ""SHORT_TAG""]"
1327,CU300,Furnish & Install 8-Inch Storm Drain Pipe,> 8''SD,"[""POSSIBLE_DIMENSION"", ""SHORT_TAG""]"
1328,CU300,Furnish & Install 8-Inch Storm Drain Pipe,> 8''SD,"[""POSSIBLE_DIMENSION"", ""SHORT_TAG""]"
1329,CU300,Furnish & Install 8-Inch Storm Drain Pipe,> 8''SD,"[""POSSIBLE_DIMENSION"", ""SHORT_TAG""]"
1330,CU300,Furnish & Install 10-Inch Storm Drain Pipe,> 10''SD,"[""POSSIBLE_DIMENSION""]"
1331,CU300,Furnish & Install 10-Inch Storm Drain Pipe,> 10''SD,"[""POSSIBLE_DIMENSION""]"
1332,CU300,Furnish & Install 10-Inch Storm Drain Pipe,> 10''SD,"[""POSSIBLE_DIMENSION""]"
1333,CU300,Furnish & Install 10-Inch Storm Drain Pipe,> 10''SD,"[""POSSIBLE_DIMENSION""]"
1334,CU300,Furnish & Install 10-Inch Storm Drain Pipe,> 10''SD,"[""POSSIBLE_DIMENSION""]"
1335,CU300,Furnish & Install 10-Inch Storm Drain Pipe,> 10''SD,"[""POSSIBLE_DIMENSION""]"
1336,CU300,Furnish & Install 10-Inch Storm Drain Pipe,> 10''SD,"[""POSSIBLE_DIMENSION""]"
1337,CU300,Furnish & Install 10-Inch Storm Drain Pipe,10''SD,"[""POSSIBLE_DIMENSION""]"
1338,CU300,Furnish & Install 10-Inch Storm Drain Pipe,10''SD,"[""POSSIBLE_DIMENSION""]"
1339,CU300,Furnish & Install 10-Inch Storm Drain Pipe,> 10''SD,"[""POSSIBLE_DIMENSION""]"
1340,CU300,Furnish & Install 10-Inch Storm Drain Pipe,> 10''SD,"[""POSSIBLE_DIMENSION""]"
1341,CU300,Furnish & Install 10-Inch Storm Drain Pipe,10''SD,"[""POSSIBLE_DIMENSION""]"
1342,CU300,Furnish & Install 10-Inch Storm Drain Pipe,10''SD,"[""POSSIBLE_DIMENSION""]"
1343,CU300,Furnish & Install 12-Inch Storm Drain Pipe,> 12''SD,"[""POSSIBLE_DIMENSION""]"
1344,CU300,Furnish & Install 12-Inch Storm Drain Pipe,> 12''SD,"[""POSSIBLE_DIMENSION""]"
1345,CU300,Furnish & Install 12-Inch Storm Drain Pipe,> 12''SD,"[""POSSIBLE_DIMENSION""]"
1346,CU300,Furnish & Install 12-Inch Storm Drain Pipe,> 12''SD,"[""POSSIBLE_DIMENSION""]"
1347,CU300,Furnish & Install 12-Inch Storm Drain Pipe,> 12''SD,"[""POSSIBLE_DIMENSION""]"
1348,CU300,Furnish & Install 12-Inch Storm Drain Pipe,> 12''SD,"[""POSSIBLE_DIMENSION""]"
1349,CU300,Furnish & Install 12-Inch Storm Drain Pipe,> 12''SD,"[""POSSIBLE_DIMENSION""]"
1350,CU300,Furnish & Install 12-Inch Storm Drain Pipe,> 12''SD,"[""POSSIBLE_DIMENSION""]"
1351,CU300,Furnish & Install 12-Inch Storm Drain Pipe,> 12''SD,"[""POSSIBLE_DIMENSION""]"
1352,CU300,Furnish & Install 12-Inch Storm Drain Pipe,> 12''SD,"[""POSSIBLE_DIMENSION""]"
1353,CU300,Furnish & Install 12-Inch Storm Drain Pipe,> 12''SD,"[""POSSIBLE_DIMENSION""]"
1354,CU300,Furnish & Install 12-Inch Storm Drain Pipe,> 12''SD,"[""POSSIBLE_DIMENSION""]"
1355,CU300,Furnish & Install 12-Inch Storm Drain Pipe,> 12''SD,"[""POSSIBLE_DIMENSION""]"
1356,CU300,Furnish & Install 12-Inch Storm Drain Pipe,> 12''SD,"[""POSSIBLE_DIMENSION""]"
1357,CU300,Furnish & Install 12-Inch Storm Drain Pipe,> 12''SD,"[""POSSIBLE_DIMENSION""]"
1358,CU300,Furnish & Install 12-Inch Storm Drain Pipe,> 12''SD,"[""POSSIBLE_DIMENSION""]"
1359,CU300,Furnish & Install 12-Inch Storm Drain Pipe,12''SD,"[""POSSIBLE_DIMENSION""]"
1360,CU300,Furnish & Install 12-Inch Storm Drain Pipe,> 12''SD,"[""POSSIBLE_DIMENSION""]"
1361,CU300,Furnish & Install 12-Inch Storm Drain Pipe,> 12''SD,"[""POSSIBLE_DIMENSION""]"
1362,CU300,Furnish & Install 12-Inch Storm Drain Pipe,12''SD,"[""POSSIBLE_DIMENSION""]"
1363,CU300,Furnish & Install 12-Inch Storm Drain Pipe,> 12''SD,"[""POSSIBLE_DIMENSION""]"
1364,CU300,Furnish & Install 12-Inch Storm Drain Pipe,12''SD,"[""POSSIBLE_DIMENSION""]"
1365,CU300,Furnish & Install 12-Inch Storm Drain Pipe,> 12''SD,"[""POSSIBLE_DIMENSION""]"
1366,CU300,Furnish & Install 12-Inch Storm Drain Pipe,> 12''SD,"[""POSSIBLE_DIMENSION""]"
1367,CU300,Furnish & Install 15-Inch Storm Drain Pipe,15''SD,"[""POSSIBLE_DIMENSION""]"
1368,CU300,Furnish & Install 15-Inch Storm Drain Pipe,15''SD,"[""POSSIBLE_DIMENSION""]"
1369,CU300,Furnish & Install 15-Inch Storm Drain Pipe,15''SD,"[""POSSIBLE_DIMENSION""]"
1370,CU300,Furnish & Install 15-Inch Storm Drain Pipe,15''SD,"[""POSSIBLE_DIMENSION""]"
1371,CU300,Furnish & Install 15-Inch Storm Drain Pipe,15''SD,"[""POSSIBLE_DIMENSION""]"
1372,CU300,Furnish & Install 15-Inch Storm Drain Pipe,> 15''SD,"[""POSSIBLE_DIMENSION""]"
1373,CU300,Furnish & Install 15-Inch Storm Drain Pipe,15''SD,"[""POSSIBLE_DIMENSION""]"
1374,CU300,Furnish & Install 15-Inch Storm Drain Pipe,15''SD,"[""POSSIBLE_DIMENSION""]"
1375,CU300,Furnish & Install 15-Inch Storm Drain Pipe,15''SD,"[""POSSIBLE_DIMENSION""]"
1376,CU300,Furnish & Install 18-Inch Storm Drain Pipe,18''SD,"[""POSSIBLE_DIMENSION""]"
1377,CU300,Furnish & Install 18-Inch Storm Drain Pipe,18''SD,"[""POSSIBLE_DIMENSION""]"
1378,CU300,Furnish & Install 18-Inch Storm Drain Pipe,18''SD,"[""POSSIBLE_DIMENSION""]"
1379,CU300,Furnish & Install 18-Inch Storm Drain Pipe,18''SD,"[""POSSIBLE_DIMENSION""]"
1380,CU300,Furnish & Install 18-Inch Storm Drain Pipe,18''SD,"[""POSSIBLE_DIMENSION""]"
1381,CU300,Furnish & Install 6-Inch Sanitary Sewer Pipe,6''SS,"[""POSSIBLE_DIMENSION"", ""SHORT_TAG""]"
1382,CU300,Furnish & Install 8-Inch Sanitary Sewer Pipe,> 8''SS,"[""POSSIBLE_DIMENSION"", ""SHORT_TAG""]"
1383,CU300,Furnish & Install 8-Inch Sanitary Sewer Pipe,> 8''SS,"[""POSSIBLE_DIMENSION"", ""SHORT_TAG""]"
1384,CU300,Furnish & Install 8-Inch Sanitary Sewer Pipe,> 8''SS,"[""POSSIBLE_DIMENSION"", ""SHORT_TAG""]"
1385,CU300,Furnish & Install 8-Inch Sanitary Sewer Pipe,> 8''SS,"[""POSSIBLE_DIMENSION"", ""SHORT_TAG""]"
1386,CU300,Furnish & Install 8-Inch Sanitary Sewer Pipe,> 8''SS,"[""POSSIBLE_DIMENSION"", ""SHORT_TAG""]"
1387,CU300,Furnish & Install 8-Inch Sanitary Sewer Pipe,> 8''SS,"[""POSSIBLE_DIMENSION"", ""SHORT_TAG""]"
1388,CU300,Furnish & Install 8-Inch Sanitary Sewer Pipe,> 8''SS,"[""POSSIBLE_DIMENSION"", ""SHORT_TAG""]"
1389,CU300,Furnish & Install 8-Inch Sanitary Sewer Pipe,> 8''SS,"[""POSSIBLE_DIMENSION"", ""SHORT_TAG""]"
1390,CU300,Furnish & Install 8-Inch Sanitary Sewer Pipe,> 8''SS,"[""POSSIBLE_DIMENSION"", ""SHORT_TAG""]"
1391,CU300,Furnish & Install 8-Inch Sanitary Sewer Pipe,> 8''SS,"[""POSSIBLE_DIMENSION"", ""SHORT_TAG""]"
1392,CU300,Furnish & Install 8-Inch Sanitary Sewer Pipe,> 8''SS,"[""POSSIBLE_DIMENSION"", ""SHORT_TAG""]"
1393,CU300,Furnish & Install 8-Inch Sanitary Sewer Pipe,> 8''SS,"[""POSSIBLE_DIMENSION"", ""SHORT_TAG""]"
1394,CU300,Furnish & Install 8-Inch Sanitary Sewer Pipe,> 8''SS,"[""POSSIBLE_DIMENSION"", ""SHORT_TAG""]"
1395,CU300,Furnish & Install 8-Inch Sanitary Sewer Pipe,> 8''SS,"[""POSSIBLE_DIMENSION"", ""SHORT_TAG""]"
1396,CU300,Furnish & Install 8-Inch Sanitary Sewer Pipe,> 8''SS,"[""POSSIBLE_DIMENSION"", ""SHORT_TAG""]"
1397,CU300,Furnish & Install 8-Inch Sanitary Sewer Pipe,> 8''SS,"[""POSSIBLE_DIMENSION"", ""SHORT_TAG""]"
1398,CU300,Furnish & Install 8-Inch Sanitary Sewer Pipe,> 8''SS,"[""POSSIBLE_DIMENSION"", ""SHORT_TAG""]"
1399,CU300,Furnish & Install 8-Inch Sanitary Sewer Pipe,> 8''SS,"[""POSSIBLE_DIMENSION"", ""SHORT_TAG""]"
1400,CU300,Furnish & Install 8-Inch Sanitary Sewer Pipe,> 8''SS,"[""POSSIBLE_DIMENSION"", ""SHORT_TAG""]"
1401,CU300,Furnish & Install 8-Inch Sanitary Sewer Pipe,> 8''SS,"[""POSSIBLE_DIMENSION"", ""SHORT_TAG""]"
1402,CU300,Furnish & Install 8-Inch Sanitary Sewer Pipe,> 8''SS,"[""POSSIBLE_DIMENSION"", ""SHORT_TAG""]"
1403,CU300,Furnish & Install 8-Inch Sanitary Sewer Pipe,> 8''SS,"[""POSSIBLE_DIMENSION"", ""SHORT_TAG""]"
1404,CU300,Furnish & Install 8-Inch Sanitary Sewer Pipe,> 8''SS,"[""POSSIBLE_DIMENSION"", ""SHORT_TAG""]"
1405,CU300,Furnish & Install 8-Inch Sanitary Sewer Pipe,> 8''SS,"[""POSSIBLE_DIMENSION"", ""SHORT_TAG""]"
1406,CU300,Furnish & Install 8-Inch Sanitary Sewer Pipe,> 8''SS,"[""POSSIBLE_DIMENSION"", ""SHORT_TAG""]"
1407,CU300,Furnish & Install 8-Inch Sanitary Sewer Pipe,> 8''SS,"[""POSSIBLE_DIMENSION"", ""SHORT_TAG""]"
1408,CU300,Furnish & Install 8-Inch Sanitary Sewer Pipe,> 8''SS,"[""POSSIBLE_DIMENSION"", ""SHORT_TAG""]"
1409,CU300,Furnish & Install 8-Inch Sanitary Sewer Pipe,> 8''SS,"[""POSSIBLE_DIMENSION"", ""SHORT_TAG""]"
1410,CU300,Furnish & Install 8-Inch Sanitary Sewer Pipe,> 8''SS,"[""POSSIBLE_DIMENSION"", ""SHORT_TAG""]"
1411,CU300,Furnish & Install 8-Inch Sanitary Sewer Pipe,> 8''SS,"[""POSSIBLE_DIMENSION"", ""SHORT_TAG""]"
1412,CU300,Furnish & Install 8-Inch Sanitary Sewer Pipe,> 8''SS,"[""POSSIBLE_DIMENSION"", ""SHORT_TAG""]"
1413,CU300,Furnish & Install 8-Inch Sanitary Sewer Pipe,> 8''SS,"[""POSSIBLE_DIMENSION"", ""SHORT_TAG""]"
1414,CU300,Furnish & Install 8-Inch Sanitary Sewer Pipe,> 8''SS,"[""POSSIBLE_DIMENSION"", ""SHORT_TAG""]"
1415,CU300,Furnish & Install 8-Inch Sanitary Sewer Pipe,8''SS,"[""POSSIBLE_DIMENSION"", ""SHORT_TAG""]"
1416,CU300,Furnish & Install 8-Inch Sanitary Sewer Pipe,> 8''SS,"[""POSSIBLE_DIMENSION"", ""SHORT_TAG""]"
1417,CU300,Furnish & Install 4-Inch Water Pipe,4''W,"[""POSSIBLE_DIMENSION"", ""SHORT_TAG""]"
1418,CU300,Furnish & Install 8-Inch Water Pipe,8''W,"[""POSSIBLE_DIMENSION"", ""SHORT_TAG""]"
1419,CU300,Furnish & Install 8-Inch Water Pipe,8''W,"[""POSSIBLE_DIMENSION"", ""SHORT_TAG""]"
1420,CU300,Furnish & Install 8-Inch Water Pipe,8''W,"[""POSSIBLE_DIMENSION"", ""SHORT_TAG""]"
1421,CU300,Furnish & Install 8-Inch Water Pipe,8''W,"[""POSSIBLE_DIMENSION"", ""SHORT_TAG""]"
1422,CU300,Furnish & Install 8-Inch Water Pipe,8''W,"[""POSSIBLE_DIMENSION"", ""SHORT_TAG""]"
1423,CU300,Furnish & Install 8-Inch Water Pipe,8''W,"[""POSSIBLE_DIMENSION"", ""SHORT_TAG""]"
1424,CU300,Furnish & Install 8-Inch Water Pipe,8''W,"[""POSSIBLE_DIMENSION"", ""SHORT_TAG""]"
1425,CU300,Furnish & Install 8-Inch Water Pipe,8''W,"[""POSSIBLE_DIMENSION"", ""SHORT_TAG""]"
1426,CU300,Furnish & Install 8-Inch Water Pipe,8''W,"[""POSSIBLE_DIMENSION"", ""SHORT_TAG""]"
1427,CU300,Furnish & Install 8-Inch Water Pipe,8''W,"[""POSSIBLE_DIMENSION"", ""SHORT_TAG""]"
1428,CU300,Furnish & Install 8-Inch Water Pipe,8''W,"[""POSSIBLE_DIMENSION"", ""SHORT_TAG""]"
1429,CU300,Furnish & Install 8-Inch Water Pipe,8''W,"[""POSSIBLE_DIMENSION"", ""SHORT_TAG""]"
1430,CU300,Furnish & Install 8-Inch Water Pipe,8''W,"[""POSSIBLE_DIMENSION"", ""SHORT_TAG""]"
1431,CU300,Furnish & Install 8-Inch Water Pipe,8''W,"[""POSSIBLE_DIMENSION"", ""SHORT_TAG""]"
1432,CU300,Furnish & Install 8-Inch Water Pipe,8''W,"[""POSSIBLE_DIMENSION"", ""SHORT_TAG""]"
1433,CU300,Furnish & Install 8-Inch Water Pipe,8''W,"[""POSSIBLE_DIMENSION"", ""SHORT_TAG""]"
1434,CU300,Furnish & Install 8-Inch Water Pipe,8''W,"[""POSSIBLE_DIMENSION"", ""SHORT_TAG""]"
1435,CU300,Furnish & Install 8-Inch Water Pipe,8''W,"[""POSSIBLE_DIMENSION"", ""SHORT_TAG""]"
1436,CU300,Furnish & Install 8-Inch Water Pipe,8''W,"[""POSSIBLE_DIMENSION"", ""SHORT_TAG""]"
1437,CU300,Furnish & Install 8-Inch Water Pipe,8''W,"[""POSSIBLE_DIMENSION"", ""SHORT_TAG""]"
1438,CU300,Furnish & Install 8-Inch Water Pipe,8''W,"[""POSSIBLE_DIMENSION"", ""SHORT_TAG""]"
1439,CU300,Furnish & Install 8-Inch Water Pipe,8''W,"[""POSSIBLE_DIMENSION"", ""SHORT_TAG""]"
1440,CU300,Furnish & Install 8-Inch Water Pipe,8''W,"[""POSSIBLE_DIMENSION"", ""SHORT_TAG""]"
1441,CU300,Furnish & Install 8-Inch Water Pipe,8''W,"[""POSSIBLE_DIMENSION"", ""SHORT_TAG""]"
1442,CU300,Furnish & Install 8-Inch Water Pipe,8''W,"[""POSSIBLE_DIMENSION"", ""SHORT_TAG""]"
1443,CU300,Furnish & Install 8-Inch Water Pipe,8''W,"[""POSSIBLE_DIMENSION"", ""SHORT_TAG""]"
1444,CU300,Furnish & Install 8-Inch Water Pipe,8''W,"[""POSSIBLE_DIMENSION"", ""SHORT_TAG""]"
1445,CU300,Furnish & Install 8-Inch Water Pipe,8''W,"[""POSSIBLE_DIMENSION"", ""SHORT_TAG""]"
1446,CU300,Furnish & Install 8-Inch Water Pipe,8''W,"[""POSSIBLE_DIMENSION"", ""SHORT_TAG""]"
1447,CU300,Furnish & Install 8-Inch Water Pipe,8''W,"[""POSSIBLE_DIMENSION"", ""SHORT_TAG""]"
1448,CU300,Furnish & Install 8-Inch Water Pipe,8''W,"[""POSSIBLE_DIMENSION"", ""SHORT_TAG""]"
1449,CU300,Furnish & Install Plugged and Capped Utility Stubouts,UTILITY STUBOUTS FOR FUTURE BUILDING TYP. PLUG AND CAP TYP.,[]
1450,CU300,Refer to the Utilities schedules,Utility Structure Label,[]
1451,CU300,Furnish & Install New Power Connection And Utility Coordination,NEW POWER CONNECTION REFER TO ELECTRICAL PLANS,[]
1452,CU300,Furnish & Install Site Lighting System,"21. LIGHT POLE BASE DETAILS ARE SHOWN ON THE ELECTRICAL DETAILS AS NOTED IN THE UTILITY STRUCTURE TABLE. REFER TO THE ELECTRICAL PLANS FOR CONDUIT, WIRING, LIGHT POLE SIZES, AND REQUIREMENTS FOR THE ELECTRICAL SYSTEM.",[]
1453,CU300,Furnish & Install Network Cabling and Data Outlets,http://www.archnexus.com,[]
1454,CU320,Furnish & Install Demolition of Existing Storm Drain Lines,"14. CONNECT TO EXISTING CONCRETE PIPE WITH ""MARMAC"" OR APPROVED EQUIVALENT PIPE CONNECTOR OF DISSIMILAR PIPE.",[]
1455,CU320,Furnish & Install — Fire Department Connections (FDC),FDC,"[""SHORT_TAG""]"
1456,CU320,Furnish & Install — Fire Department Connections (FDC),FDC,"[""SHORT_TAG""]"
1457,CU320,Furnish & Install — Fire Department Connections (FDC),FDC,"[""SHORT_TAG""]"
1458,CU320,Furnish & Install — Fire Department Connections (FDC),FDC,"[""SHORT_TAG""]"
1459,CU320,Furnish & Install — Fire Department Connections (FDC),FDC,"[""SHORT_TAG""]"
1460,CU320,Furnish & Install — Fire Department Connections (FDC),FDC,"[""SHORT_TAG""]"
1461,CU320,Furnish & Install — Fire Department Connections (FDC),FDC,"[""SHORT_TAG""]"
1462,CU320,Furnish & Install — Fire Department Connections (FDC),FDC,"[""SHORT_TAG""]"
1463,CU320,Furnish & Install — Fire Department Connections (FDC),FDC,"[""SHORT_TAG""]"
1464,CU320,Furnish & Install — Fire Department Connections (FDC),FDC,"[""SHORT_TAG""]"
1465,CU320,Furnish & Install — Fire Department Connections (FDC),FDC,"[""SHORT_TAG""]"
1466,CU320,Furnish & Install — Fire Department Connections (FDC),FDC,"[""SHORT_TAG""]"
1467,CU320,Furnish & Install — Fire Department Connections (FDC),FDC,"[""SHORT_TAG""]"
1468,CU320,Furnish & Install — Fire Department Connections (FDC),FDC,"[""SHORT_TAG""]"
1469,CU320,Furnish & Install — Fire Department Connections (FDC),FDC,"[""SHORT_TAG""]"
1470,CU320,Furnish & Install — Fire Hydrants,FH,"[""SHORT_TAG""]"
1471,CU320,Furnish & Install — Fire Hydrants,FH,"[""SHORT_TAG""]"
1472,CU320,Furnish & Install — Fire Hydrants,FH,"[""SHORT_TAG""]"
1473,CU320,Furnish & Install — Fire Hydrants,FH,"[""SHORT_TAG""]"
1474,CU320,Furnish & Install — Fire Hydrants,FH,"[""SHORT_TAG""]"
1475,CU320,Provide connection of building downspouts to the storm drain piping system,2. ROOF DRAIN DATA IS SHOWN ON STORM DRAIN PLAN AND PROFILE SHEETS. CONNECT DOWN SPOUTS TO STORM DRAIN PIPING PER DETAIL ON SHEET C102.,[]
1476,CU320,"Furnish & Install General Excavation, Trenching, and Backfill","4. REFER TO NOTES ON CU300 FOR GENERAL UTILITY NOTES, TYP.","[""POSSIBLE_SPECIFICATION_TEXT""]"
1477,CU320,"Furnish & Install General Excavation, Trenching, and Backfill",9. CONTRACTOR REQUIRED TO OBTAIN NECESSARY PERMITS FROM PROVO CITY PRIOR TO ANY NEW CONNECTIONS. REFER TO NOTES ON C100.,[]
1478,CU320,"Furnish & Install Fill, Base Course, and Bedding Materials","3. PROVIDE 12"" MIN. CLEARANCE BETWEEN STORM DRAIN LINES AND OTHER UTILITIES CROSSING THE STORM DRAIN. USE FLOWABLE FILL PER APWA SPECIFICATIONS BETWEEN UTILITIES WITH 12"" OR SLIGHTLY LESS CLEARANCE.","[""POSSIBLE_DIMENSION""]"
1479,CU320,Furnish & Install Site Grading,EXISTING GRADE,[]
1480,CU320,Furnish & Install Site Grading,FINISH GRADE,[]
1481,CU320,Furnish & Install Survey and Layout,FF=76.50,[]
1482,CU320,Furnish & Install Survey and Layout,FF=81.00,[]
1483,CU320,Furnish & Install Survey and Layout,FF=75.00,[]
1484,CU320,Furnish & Install Survey and Layout,FF=8,"[""SHORT_TAG""]"
1485,CU320,Provide Coordination And Clarifications For Landscaping Scope,"5. POT HOLE ALL EXISTING UTILITY CROSSINGS FOR NEW STORM DRAIN SEWER LINES,  LOWER OR RAISE COMMUNICATIONS, ELECTRICAL, OR GAS LINES TO PROVIDE PROPER VERTICAL ALIGNMENT FOR THE GRAVITY LINES.  LOWER EXISTING OR NEW WATER LINES WHERE CONFLICTS OCCUR WITH DRAIN LINES OR OTHER EXISTING UTILITIES. WHERE CROSSING OF THE EXISTING UTILITY TUNNEL OCCURS, POTHOLE TUNNEL TO INSURE PIPING CLEARS TUNNEL STRUCTURE 12"" MINIMUM.","[""POSSIBLE_DIMENSION""]"
1486,CU320,Furnish & Install Storm Drain Manholes,SDMH-1,[]
1487,CU320,Furnish & Install Storm Drain Manholes,SDMH-2 STA:23+97.92 RIM:4784.20 N=4291.27 E=4723.10,"[""POSSIBLE_SPECIFICATION_SECTION""]"
1488,CU320,Furnish & Install Storm Drain Manholes,SDMH-3 STA:22+74.47 RIM:4778.95 N=4218.86 E=4624.36,"[""POSSIBLE_SPECIFICATION_SECTION""]"
1489,CU320,Furnish & Install Storm Drain Manholes,SDMH-4 STA:21+48.52 RIM:4773.75 N=4101.83 E=4577.77,"[""POSSIBLE_SPECIFICATION_SECTION""]"
1490,CU320,Furnish & Install Storm Drain Manholes,SDMH-5 STA:20+75.74 RIM:4771.40 N=4060.97 E=4517.55,"[""POSSIBLE_SPECIFICATION_SECTION""]"
1491,CU320,Furnish & Install Storm Drain Manholes,SDMH-6 STA:20+00.00 RIM:4768.57 N=3990.17 E=4490.65,"[""POSSIBLE_SPECIFICATION_SECTION""]"
1492,CU320,Furnish & Install Storm Drain Manholes,SDMH-7,[]
1493,CU320,Furnish & Install Storm Drain Manholes,9. CONTRACTOR REQUIRED TO OBTAIN NECESSARY PERMITS FROM PROVO CITY PRIOR TO ANY NEW CONNECTIONS. REFER TO NOTES ON C100.,[]
1494,CU320,Furnish & Install Storm Drain Manholes,"SDMH-6 5'Ø STA:20+00.00 RIM:4768.57 15"" INV IN:4763.55 HDPE 12"" INV IN:4763.67 HDPE 15"" INV OUT:4763.52 HDPE","[""POSSIBLE_DIMENSION"", ""POSSIBLE_SPECIFICATION_SECTION""]"
1495,CU320,Furnish & Install Storm Drain Manholes,"SDMH-5 5'Ø SD-2 STA:20+75.74 SD-1 STA:10+00.00 RIM:4771.40 15"" INV IN:4764.30 HDPE 12"" INV IN:4765.75 HDPE 15"" INV OUT:4764.30 HDPE","[""POSSIBLE_DIMENSION"", ""POSSIBLE_SPECIFICATION_SECTION""]"
1496,CU320,Furnish & Install Storm Drain Manholes,"SDMH-4 4'Ø STA:21+48.52 RIM:4773.75 15"" INV IN:4767.00 HDPE 15"" INV OUT:4767.00 HDPE","[""POSSIBLE_DIMENSION"", ""POSSIBLE_SPECIFICATION_SECTION""]"
1497,CU320,Furnish & Install Storm Drain Manholes,"SDMH-3 4'Ø STA:22+74.47 RIM:4778.95 15"" INV IN:4774.00 HDPE 15"" INV OUT:4774.00 HDPE","[""POSSIBLE_DIMENSION"", ""POSSIBLE_SPECIFICATION_SECTION""]"
1498,CU320,Furnish & Install Storm Drain Manholes,"SDMH-2 5'Ø STA:23+97.92 RIM:4784.20 12"" INV IN:4781.92 HDPE 15"" INV OUT:4776.37 HDPE","[""POSSIBLE_DIMENSION"", ""POSSIBLE_SPECIFICATION_SECTION""]"
1499,CU320,Furnish & Install Storm Drain Manholes,"SDMH-5 5'Ø SD-1 STA:20+75.74 SD-2 STA:20+00.00 RIM:4771.40 15"" INV IN:4764.30 HDPE 12"" INV IN:4765.75 HDPE 15"" INV OUT:4764.30 HDPE","[""POSSIBLE_DIMENSION"", ""POSSIBLE_SPECIFICATION_SECTION""]"
1500,CU320,Furnish & Install Overflow Boxes,OVERFLOW BOX-1 STA:23+62.39 RIM:4782.08 N=4266.00 E=4698.08,"[""POSSIBLE_SPECIFICATION_SECTION""]"
1501,CU320,Furnish & Install Overflow Boxes,OVERFLOW BOX-2 STA:10+31.09 RIM:4772.15 N=4085.68 E=4499.05,"[""POSSIBLE_SPECIFICATION_SECTION""]"
1502,CU320,Furnish & Install Overflow Boxes,"OVERFLOW BOX-1 STA:23+62.39 RIM:4782.04 15"" INV IN:4775.95 HDPE 12"" INV IN:4775.85 HDPE 15"" INV OUT:4775.70 HDPE","[""POSSIBLE_DIMENSION"", ""POSSIBLE_SPECIFICATION_SECTION""]"
1503,CU320,Furnish & Install Overflow Boxes,"OVERFLOW BOX-2 STA:10+31.09 RIM:4772.15 12"" INV IN:4765.96 HDPE 12"" INV OUT:4765.90 HDPE","[""POSSIBLE_DIMENSION"", ""POSSIBLE_SPECIFICATION_SECTION""]"
1504,CU320,Furnish & Install Catch Basins and Inlet Boxes,CIB-1 PRETREATMENT,[]
1505,CU320,Furnish & Install Catch Basins and Inlet Boxes,CIB-7 PRETREATMENT,[]
1506,CU320,Furnish & Install Catch Basins and Inlet Boxes,CIB-14,[]
1507,CU320,Furnish & Install Catch Basins and Inlet Boxes,CIB-6,[]
1508,CU320,Furnish & Install Catch Basins and Inlet Boxes,CIB-5,[]
1509,CU320,Furnish & Install Area Drains,ADS-2,[]
1510,CU320,Furnish & Install Area Drains,ADS-1,[]
1511,CU320,Furnish & Install Area Drains,ADS-59,[]
1512,CU320,Furnish & Install Area Drains,ADS-58,[]
1513,CU320,Furnish & Install Area Drains,ADS-57,[]
1514,CU320,Furnish & Install Area Drains,ADS-56,[]
1515,CU320,Furnish & Install Area Drains,ADS-55,[]
1516,CU320,Furnish & Install Area Drains,ADS-54,[]
1517,CU320,Furnish & Install Area Drains,ADS-39,[]
1518,CU320,Furnish & Install Area Drains,ADS-38,[]
1519,CU320,Furnish & Install Area Drains,ADS-25,[]
1520,CU320,Furnish & Install Area Drains,ADS-26,[]
1521,CU320,Furnish & Install Area Drains,ADS-24,[]
1522,CU320,Furnish & Install Area Drains,ADS-37,[]
1523,CU320,Furnish & Install Area Drains,ADS-23,[]
1524,CU320,Furnish & Install Area Drains,ADS-36,[]
1525,CU320,Furnish & Install Area Drains,ADS-35,[]
1526,CU320,Furnish & Install Area Drains,ADS-22,[]
1527,CU320,Furnish & Install Area Drains,ADS-148,[]
1528,CU320,Furnish & Install Area Drains,ADS-100,[]
1529,CU320,Furnish & Install Area Drains,ADS-50,[]
1530,CU320,Furnish & Install Area Drains,ADS-51,[]
1531,CU320,Furnish & Install Area Drains,ADS-53,[]
1532,CU320,Furnish & Install Area Drains,ADS-52,[]
1533,CU320,Furnish & Install Area Drains,ADS-64,[]
1534,CU320,Furnish & Install Area Drains,ADS-65,[]
1535,CU320,Furnish & Install Area Drains,ADS-66,[]
1536,CU320,Furnish & Install Area Drains,ADS-67,[]
1537,CU320,Furnish & Install Area Drains,ADS-68,[]
1538,CU320,Furnish & Install Area Drains,ADS-69,[]
1539,CU320,Furnish & Install Area Drains,ADS-70,[]
1540,CU320,Furnish & Install Area Drains,ADS-72,[]
1541,CU320,Furnish & Install Area Drains,ADS-71,[]
1542,CU320,Furnish & Install Area Drains,ADS-73,[]
1543,CU320,Furnish & Install Area Drains,ADS-74,[]
1544,CU320,Furnish & Install Area Drains,ADS-99,[]
1545,CU320,Furnish & Install Area Drains,ADS-102,[]
1546,CU320,Furnish & Install Area Drains,ADS-101,[]
1547,CU320,Furnish & Install Area Drains,ADS-63,[]
1548,CU320,Furnish & Install Area Drains,ADS-146,[]
1549,CU320,Furnish & Install Area Drains,ADS-145,[]
1550,CU320,Furnish & Install Area Drains,ADS-144,[]
1551,CU320,Furnish & Install Area Drains,ADS-143,[]
1552,CU320,Furnish & Install Area Drains,ADS-103,[]
1553,CU320,Furnish & Install Area Drains,ADS-104,[]
1554,CU320,Furnish & Install Area Drains,ADS-105,[]
1555,CU320,Furnish & Install Area Drains,ADS-106,[]
1556,CU320,Furnish & Install Area Drains,ADS-98,[]
1557,CU320,Furnish & Install Area Drains,ADS-97,[]
1558,CU320,Furnish & Install Area Drains,ADS-96,[]
1559,CU320,Furnish & Install Area Drains,ADS-41,[]
1560,CU320,Furnish & Install Area Drains,ADS-40,[]
1561,CU320,Furnish & Install Area Drains,ADA,"[""SHORT_TAG""]"
1562,CU320,Furnish & Install Area Drains,ADA,"[""SHORT_TAG""]"
1563,CU320,Furnish & Install Area Drains,ADA,"[""SHORT_TAG""]"
1564,CU320,Furnish & Install Area Drains,ADA,"[""SHORT_TAG""]"
1565,CU320,Furnish and Install 15 inch HDPE storm drain pipe,"125.96' of 15"" HDPE @ 5.56%","[""POSSIBLE_DIMENSION""]"
1566,CU320,Furnish and Install 15 inch HDPE storm drain pipe,"87.52' of 15"" HDPE @ 1.94%","[""POSSIBLE_DIMENSION""]"
1567,CU320,Furnish and Install 15 inch HDPE storm drain pipe,"35.55' of 15"" HDPE @ 1.19%","[""POSSIBLE_DIMENSION""]"
1568,CU320,Furnish and Install 15 inch HDPE storm drain pipe,"72.78' of 15"" HDPE @ 3.71%","[""POSSIBLE_DIMENSION""]"
1569,CU320,Furnish and Install 15 inch HDPE storm drain pipe,"75.74' of 15"" HDPE @ 0.99%","[""POSSIBLE_DIMENSION""]"
1570,CU320,Furnish and Install 15 inch HDPE storm drain pipe,15''SD,"[""POSSIBLE_DIMENSION""]"
1571,CU320,Furnish and Install 15 inch HDPE storm drain pipe,15''SD,"[""POSSIBLE_DIMENSION""]"
1572,CU320,Furnish and Install 15 inch HDPE storm drain pipe,15''SD,"[""POSSIBLE_DIMENSION""]"
1573,CU320,Furnish and Install 15 inch HDPE storm drain pipe,15''SD,"[""POSSIBLE_DIMENSION""]"
1574,CU320,Furnish and Install 15 inch HDPE storm drain pipe,15''SD,"[""POSSIBLE_DIMENSION""]"
1575,CU320,Furnish and Install 15 inch HDPE storm drain pipe,15''SD,"[""POSSIBLE_DIMENSION""]"
1576,CU320,Furnish and Install 15 inch HDPE storm drain pipe,15''SD,"[""POSSIBLE_DIMENSION""]"
1577,CU320,Furnish and Install 15 inch HDPE storm drain pipe,15''SD,"[""POSSIBLE_DIMENSION""]"
1578,CU320,Furnish and Install 15 inch HDPE storm drain pipe,15''SD,"[""POSSIBLE_DIMENSION""]"
1579,CU320,Furnish and Install 15 inch HDPE storm drain pipe,15''SD,"[""POSSIBLE_DIMENSION""]"
1580,CU320,Furnish and Install 15 inch HDPE storm drain pipe,15''SD,"[""POSSIBLE_DIMENSION""]"
1581,CU320,Furnish and Install 15 inch HDPE storm drain pipe,15''SD,"[""POSSIBLE_DIMENSION""]"
1582,CU320,Furnish and Install 15 inch HDPE storm drain pipe,15''SD,"[""POSSIBLE_DIMENSION""]"
1583,CU320,Furnish and Install 15 inch HDPE storm drain pipe,15''SD,"[""POSSIBLE_DIMENSION""]"
1584,CU320,Furnish and Install 15 inch HDPE storm drain pipe,15''SD,"[""POSSIBLE_DIMENSION""]"
1585,CU320,Furnish and Install 15 inch HDPE storm drain pipe,15''SD,"[""POSSIBLE_DIMENSION""]"
1586,CU320,Furnish and Install 15 inch HDPE storm drain pipe,15''SD,"[""POSSIBLE_DIMENSION""]"
1587,CU320,Furnish and Install 15 inch HDPE storm drain pipe,15''SD,"[""POSSIBLE_DIMENSION""]"
1588,CU320,Furnish and Install 15 inch HDPE storm drain pipe,15''SD,"[""POSSIBLE_DIMENSION""]"
1589,CU320,Furnish and Install 15 inch HDPE storm drain pipe,15''SD,"[""POSSIBLE_DIMENSION""]"
1590,CU320,Furnish and Install 15 inch HDPE storm drain pipe,15''SD,"[""POSSIBLE_DIMENSION""]"
1591,CU320,Furnish and Install 15 inch HDPE storm drain pipe,15''SD,"[""POSSIBLE_DIMENSION""]"
1592,CU320,Furnish and Install 15 inch HDPE storm drain pipe,15''SD,"[""POSSIBLE_DIMENSION""]"
1593,CU320,Furnish and Install 15 inch HDPE storm drain pipe,15''SD,"[""POSSIBLE_DIMENSION""]"
1594,CU320,Furnish and Install 15 inch HDPE storm drain pipe,15''SD,"[""POSSIBLE_DIMENSION""]"
1595,CU320,Furnish and Install 15 inch HDPE storm drain pipe,15''SD,"[""POSSIBLE_DIMENSION""]"
1596,CU320,Furnish and Install 15 inch HDPE storm drain pipe,> 15''SD,"[""POSSIBLE_DIMENSION""]"
1597,CU320,Furnish and Install 15 inch HDPE storm drain pipe,> 15''SD,"[""POSSIBLE_DIMENSION""]"
1598,CU320,Furnish and Install 15 inch HDPE storm drain pipe,"75.74' of 15"" HDPE @ 0.99%","[""POSSIBLE_DIMENSION""]"
1599,CU320,Furnish and Install 15 inch HDPE storm drain pipe,"72.78' of 15"" HDPE @ 3.71%","[""POSSIBLE_DIMENSION""]"
1600,CU320,Furnish and Install 15 inch HDPE storm drain pipe,"125.96' of 15"" HDPE @ 5.56%","[""POSSIBLE_DIMENSION""]"
1601,CU320,Furnish and Install 15 inch HDPE storm drain pipe,"87.52' of 15"" HDPE @ 1.94%","[""POSSIBLE_DIMENSION""]"
1602,CU320,Furnish and Install 15 inch HDPE storm drain pipe,"35.55' of 15"" HDPE @ 1.19%","[""POSSIBLE_DIMENSION""]"
1603,CU320,Furnish and Install 15 inch HDPE storm drain pipe,"NEW 15"" STORM DRAIN STA:20+52.30 INV:4766.64","[""POSSIBLE_DIMENSION"", ""POSSIBLE_SPECIFICATION_SECTION""]"
1604,CU320,Furnish & Install 12-Inch Storm Drain Pipe,> 12''SD,"[""POSSIBLE_DIMENSION""]"
1605,CU320,Furnish & Install 12-Inch Storm Drain Pipe,> 12''SD,"[""POSSIBLE_DIMENSION""]"
1606,CU320,Furnish & Install 12-Inch Storm Drain Pipe,> 12''SD,"[""POSSIBLE_DIMENSION""]"
1607,CU320,Furnish & Install 12-Inch Storm Drain Pipe,> 12''SD,"[""POSSIBLE_DIMENSION""]"
1608,CU320,Furnish & Install 12-Inch Storm Drain Pipe,> 12''SD,"[""POSSIBLE_DIMENSION""]"
1609,CU320,Furnish & Install 12-Inch Storm Drain Pipe,> 12''SD,"[""POSSIBLE_DIMENSION""]"
1610,CU320,Furnish & Install 12-Inch Storm Drain Pipe,> 12''SD,"[""POSSIBLE_DIMENSION""]"
1611,CU320,Furnish & Install 12-Inch Storm Drain Pipe,> 12''SD,"[""POSSIBLE_DIMENSION""]"
1612,CU320,Furnish & Install 12-Inch Storm Drain Pipe,> 12''SD,"[""POSSIBLE_DIMENSION""]"
1613,CU320,Furnish & Install 12-Inch Storm Drain Pipe,> 12''SD,"[""POSSIBLE_DIMENSION""]"
1614,CU320,Furnish & Install 12-Inch Storm Drain Pipe,> 12''SD,"[""POSSIBLE_DIMENSION""]"
1615,CU320,Furnish & Install 12-Inch Storm Drain Pipe,12''SD,"[""POSSIBLE_DIMENSION""]"
1616,CU320,Furnish & Install 12-Inch Storm Drain Pipe,12''SD,"[""POSSIBLE_DIMENSION""]"
1617,CU320,Furnish & Install 12-Inch Storm Drain Pipe,12''SD,"[""POSSIBLE_DIMENSION""]"
1618,CU320,Furnish & Install 12-Inch Storm Drain Pipe,12''SD,"[""POSSIBLE_DIMENSION""]"
1619,CU320,Furnish & Install 12-Inch Storm Drain Pipe,12''SD,"[""POSSIBLE_DIMENSION""]"
1620,CU320,Furnish & Install 12-Inch Storm Drain Pipe,12''SD,"[""POSSIBLE_DIMENSION""]"
1621,CU320,Furnish & Install 12-Inch Storm Drain Pipe,12''SD,"[""POSSIBLE_DIMENSION""]"
1622,CU320,Furnish & Install 12-Inch Storm Drain Pipe,12''SD,"[""POSSIBLE_DIMENSION""]"
1623,CU320,Furnish & Install 12-Inch Storm Drain Pipe,12''SD,"[""POSSIBLE_DIMENSION""]"
1624,CU320,Furnish & Install 12-Inch Storm Drain Pipe,12''SD,"[""POSSIBLE_DIMENSION""]"
1625,CU320,Furnish & Install 12-Inch Storm Drain Pipe,"NEW 12"" STORM DRAIN STA:21+34.32 INV:4770.14","[""POSSIBLE_DIMENSION"", ""POSSIBLE_SPECIFICATION_SECTION""]"
1626,CU320,Furnish & Install 12-Inch Storm Drain Pipe,"30.86' of 12"" HDPE @ 0.49%","[""POSSIBLE_DIMENSION""]"
1627,CU320,Furnish & Install 12-Inch Storm Drain Pipe,"30.86' of 12"" HDPE @ 0.49%","[""POSSIBLE_DIMENSION""]"
1628,CU320,Furnish & Install 10-Inch Storm Drain Pipe,> 10''SD,"[""POSSIBLE_DIMENSION""]"
1629,CU320,Furnish & Install 10-Inch Storm Drain Pipe,> 10''SD,"[""POSSIBLE_DIMENSION""]"
1630,CU320,Furnish & Install 10-Inch Storm Drain Pipe,> 10''SD,"[""POSSIBLE_DIMENSION""]"
1631,CU320,Furnish & Install 10-Inch Storm Drain Pipe,> 10''SD,"[""POSSIBLE_DIMENSION""]"
1632,CU320,Furnish & Install 10-Inch Storm Drain Pipe,> 10''SD,"[""POSSIBLE_DIMENSION""]"
1633,CU320,Furnish & Install 10-Inch Storm Drain Pipe,> 10''SD,"[""POSSIBLE_DIMENSION""]"
1634,CU320,Furnish & Install 10-Inch Storm Drain Pipe,> 10''SD,"[""POSSIBLE_DIMENSION""]"
1635,CU320,Furnish & Install 10-Inch Storm Drain Pipe,> 10''SD,"[""POSSIBLE_DIMENSION""]"
1636,CU320,Furnish & Install 10-Inch Storm Drain Pipe,> 10''SD,"[""POSSIBLE_DIMENSION""]"
1637,CU320,Furnish & Install 10-Inch Storm Drain Pipe,> 10''SD,"[""POSSIBLE_DIMENSION""]"
1638,CU320,Furnish & Install 10-Inch Storm Drain Pipe,> 10''SD,"[""POSSIBLE_DIMENSION""]"
1639,CU320,Furnish & Install 10-Inch Storm Drain Pipe,> 10''SD,"[""POSSIBLE_DIMENSION""]"
1640,CU320,Furnish & Install 8-Inch Storm Drain Pipe,> 8''SD,"[""POSSIBLE_DIMENSION"", ""SHORT_TAG""]"
1641,CU320,Furnish & Install 8-Inch Storm Drain Pipe,> 8''SD,"[""POSSIBLE_DIMENSION"", ""SHORT_TAG""]"
1642,CU320,Furnish & Install 8-Inch Storm Drain Pipe,> 8''SD,"[""POSSIBLE_DIMENSION"", ""SHORT_TAG""]"
1643,CU320,Furnish & Install 8-Inch Storm Drain Pipe,> 8''SD,"[""POSSIBLE_DIMENSION"", ""SHORT_TAG""]"
1644,CU320,Furnish & Install 8-Inch Storm Drain Pipe,> 8''SD,"[""POSSIBLE_DIMENSION"", ""SHORT_TAG""]"
1645,CU320,Furnish & Install 8-Inch Storm Drain Pipe,> 8''SD,"[""POSSIBLE_DIMENSION"", ""SHORT_TAG""]"
1646,CU320,Furnish & Install 8-Inch Storm Drain Pipe,> 8''SD,"[""POSSIBLE_DIMENSION"", ""SHORT_TAG""]"
1647,CU320,Furnish & Install 8-Inch Storm Drain Pipe,> 8''SD,"[""POSSIBLE_DIMENSION"", ""SHORT_TAG""]"
1648,CU320,Furnish & Install 8-Inch Storm Drain Pipe,> 8''SD,"[""POSSIBLE_DIMENSION"", ""SHORT_TAG""]"
1649,CU320,Furnish & Install 8-Inch Storm Drain Pipe,> 8''SD,"[""POSSIBLE_DIMENSION"", ""SHORT_TAG""]"
1650,CU320,Furnish & Install 8-Inch Storm Drain Pipe,> 8''SD,"[""POSSIBLE_DIMENSION"", ""SHORT_TAG""]"
1651,CU320,Furnish & Install 8-Inch Storm Drain Pipe,> 8''SD,"[""POSSIBLE_DIMENSION"", ""SHORT_TAG""]"
1652,CU320,Furnish & Install 8-Inch Storm Drain Pipe,> 8''SD,"[""POSSIBLE_DIMENSION"", ""SHORT_TAG""]"
1653,CU320,Furnish & Install 8-Inch Storm Drain Pipe,> 8''SD,"[""POSSIBLE_DIMENSION"", ""SHORT_TAG""]"
1654,CU320,Furnish & Install 8-Inch Storm Drain Pipe,> 8''SD,"[""POSSIBLE_DIMENSION"", ""SHORT_TAG""]"
1655,CU320,Furnish & Install 8-Inch Storm Drain Pipe,> 8''SD,"[""POSSIBLE_DIMENSION"", ""SHORT_TAG""]"
1656,CU320,Furnish & Install 8-Inch Storm Drain Pipe,> 8''SD,"[""POSSIBLE_DIMENSION"", ""SHORT_TAG""]"
1657,CU320,Furnish & Install 8-Inch Storm Drain Pipe,> 8''SD,"[""POSSIBLE_DIMENSION"", ""SHORT_TAG""]"
1658,CU320,Furnish & Install 8-Inch Storm Drain Pipe,> 8''SD,"[""POSSIBLE_DIMENSION"", ""SHORT_TAG""]"
1659,CU320,Furnish & Install 8-Inch Storm Drain Pipe,> 8''SD,"[""POSSIBLE_DIMENSION"", ""SHORT_TAG""]"
1660,CU320,Furnish & Install 8-Inch Storm Drain Pipe,> 8''SD,"[""POSSIBLE_DIMENSION"", ""SHORT_TAG""]"
1661,CU320,Furnish & Install 8-Inch Storm Drain Pipe,> 8''SD,"[""POSSIBLE_DIMENSION"", ""SHORT_TAG""]"
1662,CU320,Furnish & Install 8-Inch Storm Drain Pipe,> 8''SD,"[""POSSIBLE_DIMENSION"", ""SHORT_TAG""]"
1663,CU320,Furnish & Install 8-Inch Storm Drain Pipe,> 8''SD,"[""POSSIBLE_DIMENSION"", ""SHORT_TAG""]"
1664,CU320,Furnish & Install 8-Inch Storm Drain Pipe,> 8''SD,"[""POSSIBLE_DIMENSION"", ""SHORT_TAG""]"
1665,CU320,Furnish & Install 8-Inch Storm Drain Pipe,> 8''SD,"[""POSSIBLE_DIMENSION"", ""SHORT_TAG""]"
1666,CU320,Furnish & Install 8-Inch Storm Drain Pipe,> 8''SD,"[""POSSIBLE_DIMENSION"", ""SHORT_TAG""]"
1667,CU320,Furnish & Install 8-Inch Storm Drain Pipe,> 8''SD,"[""POSSIBLE_DIMENSION"", ""SHORT_TAG""]"
1668,CU320,Furnish & Install 8-Inch Storm Drain Pipe,> 8''SD,"[""POSSIBLE_DIMENSION"", ""SHORT_TAG""]"
1669,CU320,Furnish & Install 8-Inch Storm Drain Pipe,> 8''SD,"[""POSSIBLE_DIMENSION"", ""SHORT_TAG""]"
1670,CU320,Furnish & Install 8-Inch Storm Drain Pipe,> 8''SD,"[""POSSIBLE_DIMENSION"", ""SHORT_TAG""]"
1671,CU320,Furnish & Install 8-Inch Storm Drain Pipe,> 8''SD,"[""POSSIBLE_DIMENSION"", ""SHORT_TAG""]"
1672,CU320,Furnish & Install 8-Inch Storm Drain Pipe,> 8''SD,"[""POSSIBLE_DIMENSION"", ""SHORT_TAG""]"
1673,CU320,Furnish & Install 8-Inch Storm Drain Pipe,> 8''SD,"[""POSSIBLE_DIMENSION"", ""SHORT_TAG""]"
1674,CU320,Furnish & Install 8-Inch Storm Drain Pipe,> 8''SD,"[""POSSIBLE_DIMENSION"", ""SHORT_TAG""]"
1675,CU320,Furnish & Install 8-Inch Storm Drain Pipe,> 8''SD,"[""POSSIBLE_DIMENSION"", ""SHORT_TAG""]"
1676,CU320,Furnish & Install 8-Inch Storm Drain Pipe,> 8''SD,"[""POSSIBLE_DIMENSION"", ""SHORT_TAG""]"
1677,CU320,Furnish & Install 8-Inch Storm Drain Pipe,> 8''SD,"[""POSSIBLE_DIMENSION"", ""SHORT_TAG""]"
1678,CU320,Furnish & Install 8-Inch Storm Drain Pipe,8''SD,"[""POSSIBLE_DIMENSION"", ""SHORT_TAG""]"
1679,CU320,Furnish & Install General Storm Drain Pipe and Connections,SD-2,"[""SHORT_TAG""]"
1680,CU320,Furnish & Install General Storm Drain Pipe and Connections,SD-2,"[""SHORT_TAG""]"
1681,CU320,Furnish & Install General Storm Drain Pipe and Connections,SD-2,"[""SHORT_TAG""]"
1682,CU320,Furnish & Install General Storm Drain Pipe and Connections,SD-2,"[""SHORT_TAG""]"
1683,CU320,Furnish & Install General Storm Drain Pipe and Connections,SD-2,"[""SHORT_TAG""]"
1684,CU320,Furnish & Install General Storm Drain Pipe and Connections,SD-1,"[""SHORT_TAG""]"
1685,CU320,Furnish & Install General Storm Drain Pipe and Connections,SD,"[""SHORT_TAG""]"
1686,CU320,Furnish & Install 8-Inch Water Pipe,8''W,"[""POSSIBLE_DIMENSION"", ""SHORT_TAG""]"
1687,CU320,Furnish & Install 8-Inch Water Pipe,8''W,"[""POSSIBLE_DIMENSION"", ""SHORT_TAG""]"
1688,CU320,Furnish & Install 8-Inch Water Pipe,8''W,"[""POSSIBLE_DIMENSION"", ""SHORT_TAG""]"
1689,CU320,Furnish & Install 8-Inch Water Pipe,8''W,"[""POSSIBLE_DIMENSION"", ""SHORT_TAG""]"
1690,CU320,Furnish & Install 8-Inch Water Pipe,8''W,"[""POSSIBLE_DIMENSION"", ""SHORT_TAG""]"
1691,CU320,Furnish & Install 8-Inch Water Pipe,8''W,"[""POSSIBLE_DIMENSION"", ""SHORT_TAG""]"
1692,CU320,Furnish & Install 8-Inch Water Pipe,8''W,"[""POSSIBLE_DIMENSION"", ""SHORT_TAG""]"
1693,CU320,Furnish & Install 8-Inch Water Pipe,8''W,"[""POSSIBLE_DIMENSION"", ""SHORT_TAG""]"
1694,CU320,Furnish & Install 8-Inch Water Pipe,8''W,"[""POSSIBLE_DIMENSION"", ""SHORT_TAG""]"
1695,CU320,Furnish & Install 8-Inch Water Pipe,8''W,"[""POSSIBLE_DIMENSION"", ""SHORT_TAG""]"
1696,CU320,Furnish & Install 8-Inch Water Pipe,8''W,"[""POSSIBLE_DIMENSION"", ""SHORT_TAG""]"
1697,CU320,Furnish & Install 8-Inch Water Pipe,8''W,"[""POSSIBLE_DIMENSION"", ""SHORT_TAG""]"
1698,CU320,Furnish & Install 8-Inch Water Pipe,8''W,"[""POSSIBLE_DIMENSION"", ""SHORT_TAG""]"
1699,CU320,Furnish & Install 8-Inch Water Pipe,8''W,"[""POSSIBLE_DIMENSION"", ""SHORT_TAG""]"
1700,CU320,Furnish & Install 8-Inch Water Pipe,8''W,"[""POSSIBLE_DIMENSION"", ""SHORT_TAG""]"
1701,CU320,Furnish & Install 8-Inch Water Pipe,8''W,"[""POSSIBLE_DIMENSION"", ""SHORT_TAG""]"
1702,CU320,Furnish & Install 8-Inch Water Pipe,8''W,"[""POSSIBLE_DIMENSION"", ""SHORT_TAG""]"
1703,CU320,Furnish & Install 8-Inch Water Pipe,8''W,"[""POSSIBLE_DIMENSION"", ""SHORT_TAG""]"
1704,CU320,Furnish & Install 8-Inch Water Pipe,8''W,"[""POSSIBLE_DIMENSION"", ""SHORT_TAG""]"
1705,CU320,Furnish & Install 8-Inch Water Pipe,8''W,"[""POSSIBLE_DIMENSION"", ""SHORT_TAG""]"
1706,CU320,Furnish & Install 8-Inch Water Pipe,8''W,"[""POSSIBLE_DIMENSION"", ""SHORT_TAG""]"
1707,CU320,Furnish & Install 8-Inch Water Pipe,8''W,"[""POSSIBLE_DIMENSION"", ""SHORT_TAG""]"
1708,CU320,Furnish & Install 8-Inch Water Pipe,8''W,"[""POSSIBLE_DIMENSION"", ""SHORT_TAG""]"
1709,CU320,Furnish & Install 8-Inch Water Pipe,8''W,"[""POSSIBLE_DIMENSION"", ""SHORT_TAG""]"
1710,CU320,Furnish & Install 8-Inch Water Pipe,8''W,"[""POSSIBLE_DIMENSION"", ""SHORT_TAG""]"
1711,CU320,Furnish & Install 8-Inch Water Pipe,8''W,"[""POSSIBLE_DIMENSION"", ""SHORT_TAG""]"
1712,CU320,Furnish & Install 8-Inch Water Pipe,8''W,"[""POSSIBLE_DIMENSION"", ""SHORT_TAG""]"
1713,CU320,Furnish & Install 8-Inch Water Pipe,8''W,"[""POSSIBLE_DIMENSION"", ""SHORT_TAG""]"
1714,CU320,Furnish & Install 8-Inch Water Pipe,8''W,"[""POSSIBLE_DIMENSION"", ""SHORT_TAG""]"
1715,CU320,Furnish & Install 8-Inch Water Pipe,8''W,"[""POSSIBLE_DIMENSION"", ""SHORT_TAG""]"
1716,CU320,Furnish & Install 8-Inch Water Pipe,8''W,"[""POSSIBLE_DIMENSION"", ""SHORT_TAG""]"
1717,CU320,Furnish & Install 8-Inch Water Pipe,8''W,"[""POSSIBLE_DIMENSION"", ""SHORT_TAG""]"
1718,CU320,Furnish & Install 8-Inch Water Pipe,8''W,"[""POSSIBLE_DIMENSION"", ""SHORT_TAG""]"
1719,CU320,Furnish & Install 8-Inch Water Pipe,8''W,"[""POSSIBLE_DIMENSION"", ""SHORT_TAG""]"
1720,CU320,Furnish & Install 8-Inch Water Pipe,8''W,"[""POSSIBLE_DIMENSION"", ""SHORT_TAG""]"
1721,CU320,Furnish & Install 8-Inch Water Pipe,"NEW 8"" WATER STA:20+83.07 INV:4766.47","[""POSSIBLE_DIMENSION"", ""POSSIBLE_SPECIFICATION_SECTION""]"
1722,CU320,Furnish & Install 8-Inch Water Pipe,"NEW 8"" WATER STA:23+88.43 INV:4778.65","[""POSSIBLE_DIMENSION"", ""POSSIBLE_SPECIFICATION_SECTION""]"
1723,CU320,Furnish & Install 6-Inch Water Pipe,6''W,"[""POSSIBLE_DIMENSION"", ""SHORT_TAG""]"
1724,CU320,Furnish & Install 2-Inch Water Pipe and Service Connections,2''W,"[""POSSIBLE_DIMENSION"", ""SHORT_TAG""]"
1725,CU320,Furnish & Install 2-Inch Water Pipe and Service Connections,2''W,"[""POSSIBLE_DIMENSION"", ""SHORT_TAG""]"
1726,CU320,Furnish & Install 2-Inch Water Pipe and Service Connections,2''W,"[""POSSIBLE_DIMENSION"", ""SHORT_TAG""]"
1727,CU320,Furnish & Install 2-Inch Water Pipe and Service Connections,2''W,"[""POSSIBLE_DIMENSION"", ""SHORT_TAG""]"
1728,CU320,Furnish & Install 2-Inch Water Pipe and Service Connections,2''W,"[""POSSIBLE_DIMENSION"", ""SHORT_TAG""]"
1729,CU320,Furnish & Install 2-Inch Water Pipe and Service Connections,2''W,"[""POSSIBLE_DIMENSION"", ""SHORT_TAG""]"
1730,CU320,Furnish & Install 2-Inch Water Pipe and Service Connections,2''W,"[""POSSIBLE_DIMENSION"", ""SHORT_TAG""]"
1731,CU320,Furnish & Install 2-Inch Water Pipe and Service Connections,2''W,"[""POSSIBLE_DIMENSION"", ""SHORT_TAG""]"
1732,CU320,Furnish & Install 2-Inch Water Pipe and Service Connections,2''W,"[""POSSIBLE_DIMENSION"", ""SHORT_TAG""]"
1733,CU320,Furnish & Install 2-Inch Water Pipe and Service Connections,2''W,"[""POSSIBLE_DIMENSION"", ""SHORT_TAG""]"
1734,CU320,Furnish & Install 2-Inch Water Pipe and Service Connections,2''W,"[""POSSIBLE_DIMENSION"", ""SHORT_TAG""]"
1735,CU320,Furnish & Install 2-Inch Water Pipe and Service Connections,2''W,"[""POSSIBLE_DIMENSION"", ""SHORT_TAG""]"
1736,CU320,Furnish & Install 2-Inch Water Pipe and Service Connections,2''W,"[""POSSIBLE_DIMENSION"", ""SHORT_TAG""]"
1737,CU320,Furnish & Install 2-Inch Water Pipe and Service Connections,2''W,"[""POSSIBLE_DIMENSION"", ""SHORT_TAG""]"
1738,CU320,Furnish & Install 2-Inch Water Pipe and Service Connections,2''W,"[""POSSIBLE_DIMENSION"", ""SHORT_TAG""]"
1739,CU320,Furnish & Install 2-Inch Water Pipe and Service Connections,2''W,"[""POSSIBLE_DIMENSION"", ""SHORT_TAG""]"
1740,CU320,Furnish & Install 2-Inch Water Pipe and Service Connections,2''W,"[""POSSIBLE_DIMENSION"", ""SHORT_TAG""]"
1741,CU320,Furnish & Install 2-Inch Water Pipe and Service Connections,2''W,"[""POSSIBLE_DIMENSION"", ""SHORT_TAG""]"
1742,CU320,Furnish & Install 2-Inch Water Pipe and Service Connections,2''W,"[""POSSIBLE_DIMENSION"", ""SHORT_TAG""]"
1743,CU320,Furnish & Install 2-Inch Water Pipe and Service Connections,2''W,"[""POSSIBLE_DIMENSION"", ""SHORT_TAG""]"
1744,CU320,Furnish & Install 2-Inch Water Pipe and Service Connections,2''W,"[""POSSIBLE_DIMENSION"", ""SHORT_TAG""]"
1745,CU320,Furnish & Install 2-Inch Water Pipe and Service Connections,2''W,"[""POSSIBLE_DIMENSION"", ""SHORT_TAG""]"
1746,CU320,Furnish & Install 2-Inch Water Pipe and Service Connections,2''W,"[""POSSIBLE_DIMENSION"", ""SHORT_TAG""]"
1747,CU320,Furnish & Install 2-Inch Water Pipe and Service Connections,2''W,"[""POSSIBLE_DIMENSION"", ""SHORT_TAG""]"
1748,CU320,Furnish & Install 8-Inch Sanitary Sewer Pipe,> 8''SS,"[""POSSIBLE_DIMENSION"", ""SHORT_TAG""]"
1749,CU320,Furnish & Install 8-Inch Sanitary Sewer Pipe,> 8''SS,"[""POSSIBLE_DIMENSION"", ""SHORT_TAG""]"
1750,CU320,Furnish & Install 8-Inch Sanitary Sewer Pipe,> 8''SS,"[""POSSIBLE_DIMENSION"", ""SHORT_TAG""]"
1751,CU320,Furnish & Install 8-Inch Sanitary Sewer Pipe,> 8''SS,"[""POSSIBLE_DIMENSION"", ""SHORT_TAG""]"
1752,CU320,Furnish & Install 8-Inch Sanitary Sewer Pipe,> 8''SS,"[""POSSIBLE_DIMENSION"", ""SHORT_TAG""]"
1753,CU320,Furnish & Install 8-Inch Sanitary Sewer Pipe,8''SS,"[""POSSIBLE_DIMENSION"", ""SHORT_TAG""]"
1754,CU320,Furnish & Install 8-Inch Sanitary Sewer Pipe,> 8''SS,"[""POSSIBLE_DIMENSION"", ""SHORT_TAG""]"
1755,CU320,Furnish & Install 8-Inch Sanitary Sewer Pipe,> 8''SS,"[""POSSIBLE_DIMENSION"", ""SHORT_TAG""]"
1756,CU320,Furnish & Install 8-Inch Sanitary Sewer Pipe,> 8''SS,"[""POSSIBLE_DIMENSION"", ""SHORT_TAG""]"
1757,CU320,Furnish & Install 8-Inch Sanitary Sewer Pipe,> 8''SS,"[""POSSIBLE_DIMENSION"", ""SHORT_TAG""]"
1758,CU320,Furnish & Install 8-Inch Sanitary Sewer Pipe,> 8''SS,"[""POSSIBLE_DIMENSION"", ""SHORT_TAG""]"
1759,CU320,Furnish & Install 8-Inch Sanitary Sewer Pipe,> 8''SS,"[""POSSIBLE_DIMENSION"", ""SHORT_TAG""]"
1760,CU320,Furnish & Install 8-Inch Sanitary Sewer Pipe,> 8''SS,"[""POSSIBLE_DIMENSION"", ""SHORT_TAG""]"
1761,CU320,Furnish & Install 8-Inch Sanitary Sewer Pipe,> 8''SS,"[""POSSIBLE_DIMENSION"", ""SHORT_TAG""]"
1762,CU320,Furnish & Install 8-Inch Sanitary Sewer Pipe,> 8''SS,"[""POSSIBLE_DIMENSION"", ""SHORT_TAG""]"
1763,CU320,Furnish & Install 8-Inch Sanitary Sewer Pipe,8''SS,"[""POSSIBLE_DIMENSION"", ""SHORT_TAG""]"
1764,CU320,Furnish & Install 8-Inch Sanitary Sewer Pipe,> 8''SS,"[""POSSIBLE_DIMENSION"", ""SHORT_TAG""]"
1765,CU320,Furnish & Install 8-Inch Sanitary Sewer Pipe,> 8''SS,"[""POSSIBLE_DIMENSION"", ""SHORT_TAG""]"
1766,CU320,Furnish & Install 8-Inch Sanitary Sewer Pipe,> 8''SS,"[""POSSIBLE_DIMENSION"", ""SHORT_TAG""]"
1767,CU320,Furnish & Install 8-Inch Sanitary Sewer Pipe,> 8''SS,"[""POSSIBLE_DIMENSION"", ""SHORT_TAG""]"
1768,CU320,Furnish & Install 8-Inch Sanitary Sewer Pipe,> 8''SS,"[""POSSIBLE_DIMENSION"", ""SHORT_TAG""]"
1769,CU320,Furnish & Install 8-Inch Sanitary Sewer Pipe,> 8''SS,"[""POSSIBLE_DIMENSION"", ""SHORT_TAG""]"
1770,CU320,Furnish & Install 8-Inch Sanitary Sewer Pipe,> 8''SS,"[""POSSIBLE_DIMENSION"", ""SHORT_TAG""]"
1771,CU320,Furnish & Install 8-Inch Sanitary Sewer Pipe,> 8''SS,"[""POSSIBLE_DIMENSION"", ""SHORT_TAG""]"
1772,CU320,Furnish & Install 8-Inch Sanitary Sewer Pipe,> 8''SS,"[""POSSIBLE_DIMENSION"", ""SHORT_TAG""]"
1773,CU320,Furnish & Install 8-Inch Sanitary Sewer Pipe,> 8''SS,"[""POSSIBLE_DIMENSION"", ""SHORT_TAG""]"
1774,CU320,Furnish & Install 8-Inch Sanitary Sewer Pipe,> 8''SS,"[""POSSIBLE_DIMENSION"", ""SHORT_TAG""]"
1775,CU320,Furnish & Install 8-Inch Sanitary Sewer Pipe,> 8''SS,"[""POSSIBLE_DIMENSION"", ""SHORT_TAG""]"
1776,CU320,Furnish & Install 8-Inch Sanitary Sewer Pipe,> 8''SS,"[""POSSIBLE_DIMENSION"", ""SHORT_TAG""]"
1777,CU320,Furnish & Install 8-Inch Sanitary Sewer Pipe,> 8''SS,"[""POSSIBLE_DIMENSION"", ""SHORT_TAG""]"
1778,CU320,Furnish & Install 8-Inch Sanitary Sewer Pipe,> 8''SS,"[""POSSIBLE_DIMENSION"", ""SHORT_TAG""]"
1779,CU320,Furnish & Install 8-Inch Sanitary Sewer Pipe,> 8''SS,"[""POSSIBLE_DIMENSION"", ""SHORT_TAG""]"
1780,CU320,Furnish & Install 8-Inch Sanitary Sewer Pipe,> 8''SS,"[""POSSIBLE_DIMENSION"", ""SHORT_TAG""]"
1781,CU320,Furnish & Install 8-Inch Sanitary Sewer Pipe,> 8''SS,"[""POSSIBLE_DIMENSION"", ""SHORT_TAG""]"
1782,CU320,Furnish & Install 8-Inch Sanitary Sewer Pipe,> 8''SS,"[""POSSIBLE_DIMENSION"", ""SHORT_TAG""]"
1783,CU320,Furnish & Install 8-Inch Sanitary Sewer Pipe,> 8''SS,"[""POSSIBLE_DIMENSION"", ""SHORT_TAG""]"
1784,CU320,Furnish & Install 8-Inch Sanitary Sewer Pipe,> 8''SS,"[""POSSIBLE_DIMENSION"", ""SHORT_TAG""]"
1785,CU320,Furnish & Install 8-Inch Sanitary Sewer Pipe,"NEW 8"" SEWER STA:10+12.45 INV:4763.93","[""POSSIBLE_DIMENSION"", ""POSSIBLE_SPECIFICATION_SECTION""]"
1786,CU320,Furnish & Install 6-Inch Sanitary Sewer Pipe,6''SS,"[""POSSIBLE_DIMENSION"", ""SHORT_TAG""]"
1787,CU320,Furnish & Install 6-Inch Sanitary Sewer Pipe,6''SS,"[""POSSIBLE_DIMENSION"", ""SHORT_TAG""]"
1788,CU320,Furnish & Install 6-Inch Sanitary Sewer Pipe,6''SS,"[""POSSIBLE_DIMENSION"", ""SHORT_TAG""]"
1789,CU320,Furnish & Install 6-Inch Sanitary Sewer Pipe,6''SS,"[""POSSIBLE_DIMENSION"", ""SHORT_TAG""]"
1790,CU320,Furnish & Install 6-Inch Sanitary Sewer Pipe,6''SS,"[""POSSIBLE_DIMENSION"", ""SHORT_TAG""]"
1791,CU320,Furnish & Install 6-Inch Sanitary Sewer Pipe,6''SS,"[""POSSIBLE_DIMENSION"", ""SHORT_TAG""]"
1792,CU320,Furnish & Install 6-Inch Sanitary Sewer Pipe,6''SS,"[""POSSIBLE_DIMENSION"", ""SHORT_TAG""]"
1793,CU320,Furnish & Install 6-Inch Sanitary Sewer Pipe,6''SS,"[""POSSIBLE_DIMENSION"", ""SHORT_TAG""]"
1794,CU320,Furnish & Install 6-Inch Sanitary Sewer Pipe,6''SS,"[""POSSIBLE_DIMENSION"", ""SHORT_TAG""]"
1795,CU320,Furnish & Install 6-Inch Sanitary Sewer Pipe,6''SS,"[""POSSIBLE_DIMENSION"", ""SHORT_TAG""]"
1796,CU320,Furnish & Install 6-Inch Sanitary Sewer Pipe,6''SS,"[""POSSIBLE_DIMENSION"", ""SHORT_TAG""]"
1797,CU320,Furnish & Install 6-Inch Sanitary Sewer Pipe,6''SS,"[""POSSIBLE_DIMENSION"", ""SHORT_TAG""]"
1798,CU320,Furnish & Install 6-Inch Sanitary Sewer Pipe,6''SS,"[""POSSIBLE_DIMENSION"", ""SHORT_TAG""]"
1799,CU320,Furnish & Install 6-Inch Sanitary Sewer Pipe,6''SS,"[""POSSIBLE_DIMENSION"", ""SHORT_TAG""]"
1800,CU320,Furnish & Install 6-Inch Sanitary Sewer Pipe,6''SS,"[""POSSIBLE_DIMENSION"", ""SHORT_TAG""]"
1801,CU320,Furnish & Install 6-Inch Sanitary Sewer Pipe,6''SS,"[""POSSIBLE_DIMENSION"", ""SHORT_TAG""]"
1802,CU320,Furnish & Install 6-Inch Sanitary Sewer Pipe,6''SS,"[""POSSIBLE_DIMENSION"", ""SHORT_TAG""]"
1803,CU320,Furnish & Install 6-Inch Sanitary Sewer Pipe,6''SS,"[""POSSIBLE_DIMENSION"", ""SHORT_TAG""]"
1804,CU320,Furnish & Install 6-Inch Sanitary Sewer Pipe,6''SS,"[""POSSIBLE_DIMENSION"", ""SHORT_TAG""]"
1805,CU320,Furnish & Install 6-Inch Sanitary Sewer Pipe,6''SS,"[""POSSIBLE_DIMENSION"", ""SHORT_TAG""]"
1806,CU320,Furnish & Install 6-Inch Sanitary Sewer Pipe,6''SS,"[""POSSIBLE_DIMENSION"", ""SHORT_TAG""]"
1807,CU320,Furnish & Install 6-Inch Sanitary Sewer Pipe,6''SS,"[""POSSIBLE_DIMENSION"", ""SHORT_TAG""]"
1808,CU320,Furnish & Install 6-Inch Sanitary Sewer Pipe,6''SS,"[""POSSIBLE_DIMENSION"", ""SHORT_TAG""]"
1809,CU320,Furnish & Install 6-Inch Sanitary Sewer Pipe,6''SS,"[""POSSIBLE_DIMENSION"", ""SHORT_TAG""]"
1810,CU320,Furnish & Install 6-Inch Sanitary Sewer Pipe,6''SS,"[""POSSIBLE_DIMENSION"", ""SHORT_TAG""]"
1811,CU320,Furnish & Install 6-Inch Sanitary Sewer Pipe,6''SS,"[""POSSIBLE_DIMENSION"", ""SHORT_TAG""]"
1812,CU320,Furnish & Install General Sanitary Sewer Pipe and Laterals,SS,"[""SHORT_TAG""]"
1813,CU320,Furnish & Install Core Drilling for New Pipe Connections,"7. REFER TO NOTES FOR WYE FITTINGS ON PIPE 8"" OR LARGER THAN 8"" ON CU300.","[""POSSIBLE_DIMENSION""]"
1814,CU320,Furnish & Install Trench Drains and Drain Structures,"12. THE 15"" LINE ROUTES THROUGH OVERFLOW BOX-1 DOWN STREAM ON THE ORIFICE PLATE WALL. REFER TO NOTES ON THE DETAIL ON SHEET C102..","[""POSSIBLE_DIMENSION""]"
1815,CU320,Furnish & Install Pipe Connection Accessories,13. REFER TO NOTES ON CU300 FOR TRENCH DRAIN REQUIREMENTS. CONNECT TRENCH DRAINS TO STORM DRAIN SYSTEM AS SHOWN ON PLAN AND PROFILE SHEETS.,[]
1816,CU320,Furnish & Install Relocation and Adjustment of Existing Utilities,"4. REFER TO NOTES ON CU300 FOR GENERAL UTILITY NOTES, TYP.","[""POSSIBLE_SPECIFICATION_TEXT""]"
1817,CU320,"Furnish & Install Phased Installation, Coordination, and Layout",15. SD-2 AND SD-9 STORM DRAIN LINES MUST BE COMPLETED PRIOR TO ANY DEMO BEING COMPLETED ON THE STORM DRAIN LINES SERVICING AREAS NORTH OF THE SITE. ALL OTHER STORM LINES MAY BE COMPLETED WITH OTHER PHASE 1 UTILITY CONSTRUCTION.,[]
1818,CU320,Furnish & Install Electrical Manholes,EM,"[""SHORT_TAG""]"
1819,CU320,Furnish & Install Electrical Manholes,EM,"[""SHORT_TAG""]"
1820,CU320,Furnish & Install Electrical Manholes,EM,"[""SHORT_TAG""]"
1821,CU320,Furnish & Install Electrical Manholes,EM,"[""SHORT_TAG""]"
1822,CU320,Furnish & Install Electrical Manholes,EM,"[""SHORT_TAG""]"
1823,CU320,Furnish & Install Electrical Manholes,EM,"[""SHORT_TAG""]"
1824,CU320,Furnish & Install Electrical Manholes,EM,"[""SHORT_TAG""]"
1825,CU320,Furnish & Install Electrical Manholes,EM,"[""SHORT_TAG""]"
1826,CU320,Furnish & Install Electrical Manholes,EM,"[""SHORT_TAG""]"
1827,CU320,Furnish & Install Electrical Pull Boxes,PB,"[""SHORT_TAG""]"
1828,CU320,Furnish & Install Electrical Pull Boxes,PB,"[""SHORT_TAG""]"
1829,CU320,Furnish & Install Electrical Pull Boxes,PB,"[""SHORT_TAG""]"
1830,CU320,Furnish & Install Electrical Pull Boxes,PB,"[""SHORT_TAG""]"
1831,CU320,Furnish & Install Electrical Pull Boxes,PB,"[""SHORT_TAG""]"
1832,CU320,Furnish & Install Electrical Pull Boxes,PB,"[""SHORT_TAG""]"
1833,CU320,Furnish & Install Electrical Pull Boxes,PB,"[""SHORT_TAG""]"
1834,CU320,Furnish & Install Electrical Pull Boxes,PB,"[""SHORT_TAG""]"
1835,CU320,Furnish & Install Electrical Pull Boxes,PB,"[""SHORT_TAG""]"
1836,CU320,Furnish & Install Electrical Pull Boxes,PB,"[""SHORT_TAG""]"
1837,CU320,Furnish & Install Electrical Pull Boxes,PB,"[""SHORT_TAG""]"
1838,CU320,Furnish & Install Electrical Pull Boxes,PB,"[""SHORT_TAG""]"
1839,CU320,Furnish & Install Electrical Pull Boxes,PB,"[""SHORT_TAG""]"
1840,CU320,Furnish & Install Electrical Pull Boxes,PB,"[""SHORT_TAG""]"
1841,CU320,Furnish & Install Electrical Pull Boxes,PB,"[""SHORT_TAG""]"
1842,CU320,Furnish & Install Electrical Pull Boxes,PB,"[""SHORT_TAG""]"
1843,CU320,Furnish & Install Electrical Pull Boxes,PB,"[""SHORT_TAG""]"
1844,CU320,Furnish & Install Electrical Pull Boxes,PB,"[""SHORT_TAG""]"
1845,CU320,Furnish & Install Electrical Pull Boxes,PB,"[""SHORT_TAG""]"
1846,CU320,Furnish & Install Electrical Pull Boxes,PB,"[""SHORT_TAG""]"
1847,CU320,Furnish & Install Electrical Pull Boxes,PB,"[""SHORT_TAG""]"
1848,CU320,Furnish & Install Electrical Pull Boxes,PB,"[""SHORT_TAG""]"
1849,CU320,Furnish & Install Electrical Pull Boxes,PB,"[""SHORT_TAG""]"
1850,CU320,Furnish & Install Electrical Pull Boxes,PB,"[""SHORT_TAG""]"
1851,CU320,Furnish & Install Electrical Pull Boxes,PB,"[""SHORT_TAG""]"
1852,CU320,Furnish & Install Electrical Pull Boxes,PB,"[""SHORT_TAG""]"
1853,CU320,Furnish & Install Electrical Pull Boxes,PB,"[""SHORT_TAG""]"
1854,CU320,Furnish & Install Electrical Pull Boxes,PB,"[""SHORT_TAG""]"
1855,CU320,Furnish & Install Electrical Pull Boxes,PB,"[""SHORT_TAG""]"
1856,CU320,Furnish & Install Electrical Pull Boxes,PB,"[""SHORT_TAG""]"
1857,CU320,Furnish & Install Electrical Pull Boxes,PB,"[""SHORT_TAG""]"
1858,CU320,Furnish & Install Electrical Pull Boxes,PB,"[""SHORT_TAG""]"
1859,CU320,Furnish & Install Electrical Pull Boxes,PB,"[""SHORT_TAG""]"
1860,CU320,Furnish & Install Electrical Pull Boxes,PB,"[""SHORT_TAG""]"
1861,CU320,Furnish & Install Electrical Pull Boxes,PB,"[""SHORT_TAG""]"
1862,CU320,Furnish & Install Electrical Pull Boxes,PB,"[""SHORT_TAG""]"
1863,CU320,Furnish & Install Electrical Pull Boxes,PB,"[""SHORT_TAG""]"
1864,CU320,Furnish & Install Electrical Pull Boxes,PB,"[""SHORT_TAG""]"
1865,CU320,Furnish & Install Electrical Pull Boxes,PB,"[""SHORT_TAG""]"
1866,CU320,Furnish & Install Electrical Pull Boxes,PB,"[""SHORT_TAG""]"
1867,CU320,Furnish & Install Electrical Pull Boxes,PB,"[""SHORT_TAG""]"
1868,CU320,Furnish & Install Electrical Pull Boxes,PB,"[""SHORT_TAG""]"
1869,CU320,Furnish & Install Electrical Pull Boxes,PB,"[""SHORT_TAG""]"
1870,CU320,Furnish & Install Electrical Pull Boxes,PB,"[""SHORT_TAG""]"
1871,CU320,Furnish & Install Electrical Pull Boxes,PB,"[""SHORT_TAG""]"
1872,CU320,Furnish & Install Electrical Pull Boxes,PB,"[""SHORT_TAG""]"
1873,CU320,Furnish & Install Electrical Pull Boxes,PB,"[""SHORT_TAG""]"
1874,CU320,Furnish & Install Electrical Pull Boxes,PB,"[""SHORT_TAG""]"
1875,CU320,Furnish & Install Electrical Pull Boxes,PB,"[""SHORT_TAG""]"
1876,CU320,Furnish & Install Electrical Pull Boxes,PB,"[""SHORT_TAG""]"
1877,CU320,Furnish & Install Electrical Pull Boxes,PB,"[""SHORT_TAG""]"
1878,CU320,Furnish & Install Electrical Pull Boxes,PB,"[""SHORT_TAG""]"
1879,CU320,Furnish & Install Electrical Pull Boxes,PB,"[""SHORT_TAG""]"
1880,CU320,Furnish & Install Electrical Pull Boxes,PB,"[""SHORT_TAG""]"
1881,CU320,Furnish & Install Electrical Pull Boxes,PB,"[""SHORT_TAG""]"
1882,CU320,Furnish & Install Electrical Pull Boxes,PB,"[""SHORT_TAG""]"
1883,CU320,Furnish & Install Electrical Pull Boxes,PB,"[""SHORT_TAG""]"
1884,CU320,Furnish & Install Electrical Pull Boxes,PB,"[""SHORT_TAG""]"
1885,CU320,Furnish & Install Electrical Pull Boxes,PB,"[""SHORT_TAG""]"
1886,CU320,Furnish & Install Electrical Pull Boxes,PB,"[""SHORT_TAG""]"
1887,CU320,Furnish & Install Electrical Pull Boxes,PB,"[""SHORT_TAG""]"
1888,CU320,Furnish & Install Electrical Pull Boxes,PB,"[""SHORT_TAG""]"
1889,CU320,Furnish & Install Electrical Pull Boxes,PB,"[""SHORT_TAG""]"
1890,CU320,Furnish & Install Electrical Pull Boxes,PB,"[""SHORT_TAG""]"
1891,CU320,Furnish & Install Electrical Pull Boxes,PB,"[""SHORT_TAG""]"
1892,CU320,Furnish & Install Electrical Pull Boxes,PB,"[""SHORT_TAG""]"
1893,CU320,Furnish & Install Electrical Pull Boxes,PB,"[""SHORT_TAG""]"
1894,CU320,Furnish & Install Electrical Pull Boxes,PB,"[""SHORT_TAG""]"
1895,CU320,Furnish & Install Electrical Pull Boxes,PB,"[""SHORT_TAG""]"
1896,CU320,Furnish & Install Electrical Pull Boxes,PB,"[""SHORT_TAG""]"
1897,CU320,Furnish & Install Optical Fiber Cabling,FO,"[""SHORT_TAG""]"
1898,CU320,Furnish & Install Optical Fiber Cabling,FO,"[""SHORT_TAG""]"
1899,CU320,Furnish & Install Optical Fiber Cabling,FO,"[""SHORT_TAG""]"
1900,CU320,Furnish & Install Optical Fiber Cabling,FO,"[""SHORT_TAG""]"
1901,CU320,Furnish & Install Optical Fiber Cabling,FO,"[""SHORT_TAG""]"
1902,CU320,Furnish & Install Optical Fiber Cabling,FO,"[""SHORT_TAG""]"
1903,CU320,Furnish & Install Optical Fiber Cabling,FO,"[""SHORT_TAG""]"
1904,CU320,Furnish & Install Optical Fiber Cabling,FO,"[""SHORT_TAG""]"
1905,CU320,Furnish & Install Optical Fiber Cabling,FO,"[""SHORT_TAG""]"
1906,CU320,Furnish & Install Optical Fiber Cabling,FO,"[""SHORT_TAG""]"
1907,CU320,Furnish & Install Optical Fiber Cabling,FO,"[""SHORT_TAG""]"
1908,CU320,Furnish & Install Optical Fiber Cabling,FO,"[""SHORT_TAG""]"
1909,CU320,Furnish & Install Optical Fiber Cabling,FO,"[""SHORT_TAG""]"
1910,CU320,Furnish & Install Optical Fiber Cabling,FO,"[""SHORT_TAG""]"
1911,CU320,Furnish & Install Optical Fiber Cabling,FO,"[""SHORT_TAG""]"
1912,CU320,Furnish & Install Optical Fiber Cabling,FO,"[""SHORT_TAG""]"
1913,CU320,Furnish & Install Optical Fiber Cabling,FO,"[""SHORT_TAG""]"
1914,CU320,Furnish & Install Optical Fiber Cabling,FO,"[""SHORT_TAG""]"
1915,CU320,Furnish & Install Optical Fiber Cabling,FO,"[""SHORT_TAG""]"
1916,CU320,Furnish & Install Optical Fiber Cabling,FO,"[""SHORT_TAG""]"
1917,CU320,Furnish & Install Optical Fiber Cabling,FO,"[""SHORT_TAG""]"
1918,CU320,Furnish & Install Optical Fiber Cabling,FO,"[""SHORT_TAG""]"
1919,CU320,Furnish & Install Optical Fiber Cabling,FO,"[""SHORT_TAG""]"
1920,CU320,Furnish & Install Optical Fiber Cabling,FO,"[""SHORT_TAG""]"
1921,CU320,Furnish & Install Optical Fiber Cabling,FO,"[""SHORT_TAG""]"
1922,CU320,Furnish & Install Optical Fiber Cabling,FO,"[""SHORT_TAG""]"
1923,CU320,Furnish & Install Optical Fiber Cabling,FO,"[""SHORT_TAG""]"
1924,CU320,Furnish & Install Optical Fiber Cabling,FO,"[""SHORT_TAG""]"
1925,CU320,Furnish & Install Optical Fiber Cabling,FO,"[""SHORT_TAG""]"
1926,CU320,Furnish & Install Optical Fiber Cabling,FO,"[""SHORT_TAG""]"
1927,CU320,Furnish & Install Optical Fiber Cabling,FO,"[""SHORT_TAG""]"
1928,CU320,Furnish & Install Optical Fiber Cabling,FO,"[""SHORT_TAG""]"
1929,CU320,Furnish & Install Optical Fiber Cabling,FO,"[""SHORT_TAG""]"
1930,CU320,Furnish & Install Optical Fiber Cabling,FO,"[""SHORT_TAG""]"
1931,CU320,Furnish & Install Optical Fiber Cabling,FO,"[""SHORT_TAG""]"
1932,CU320,Furnish & Install Optical Fiber Cabling,FO,"[""SHORT_TAG""]"
1933,CU320,Furnish & Install Optical Fiber Cabling,FO,"[""SHORT_TAG""]"
1934,CU320,Furnish & Install Optical Fiber Cabling,FO,"[""SHORT_TAG""]"
1935,CU320,Furnish & Install Optical Fiber Cabling,FO,"[""SHORT_TAG""]"
1936,CU320,Furnish & Install Concrete Wall Footings,1. REFER TO SHEET CU300 FOR DETAIL REFERENCES FOR EACH DRAINAGE STRUCTURE. ONLY MAIN LINES ARE PROFILED. SLOPE AND STRUCTURE INVERTS ARE PROVIDED FOR ALL PIPE SECTIONS THAT ARE NOT PROFILED ON THE STORM DRAIN PLAN AND PROFILE SHEETS. STEP WALL FOOTING PER NOTES ON CU300 FOR STORM DRAIN LINES.,[]
1937,CU320,Furnish & Install Concrete Wall Footings,"5. POT HOLE ALL EXISTING UTILITY CROSSINGS FOR NEW STORM DRAIN SEWER LINES,  LOWER OR RAISE COMMUNICATIONS, ELECTRICAL, OR GAS LINES TO PROVIDE PROPER VERTICAL ALIGNMENT FOR THE GRAVITY LINES.  LOWER EXISTING OR NEW WATER LINES WHERE CONFLICTS OCCUR WITH DRAIN LINES OR OTHER EXISTING UTILITIES. WHERE CROSSING OF THE EXISTING UTILITY TUNNEL OCCURS, POTHOLE TUNNEL TO INSURE PIPING CLEARS TUNNEL STRUCTURE 12"" MINIMUM.","[""POSSIBLE_DIMENSION""]"
1938,CG452,Furnish & Install Site Grading,FF=81.50,[]
1939,CG452,Furnish & Install Site Grading,FF=75.00,[]
1940,CG452,Furnish & Install Site Grading,FF=81.00,[]
1941,CG452,Furnish & Install Site Grading,FF=78.25,[]
1942,CG452,Furnish & Install Site Grading,FF=72.50,[]
1943,CG452,Furnish & Install Site Grading,FF=76.00,[]
1944,CG452,Furnish & Install Site Grading,FF=71.00,[]
1945,CG452,Furnish & Install Site Grading,FF=69.00,[]
1946,CG452,Furnish & Install Site Grading,FF=67.00,[]
1947,CG452,Furnish & Install Site Grading,FF=66.50,[]
1948,CG452,Furnish & Install Site Grading,FF=67.00,[]
1949,CG452,Furnish & Install Site Grading,FF=66.50,[]
1950,CG452,Provide sediment control and basin maintenance during construction,1. SEDIMENT WILL NOT BE ALLOWED INTO RETENTION BASIN DURING CONSTRUCTION AND DURING LANDSCAPE STABILIZATION OF SOILS. CONTRACTOR WILL BE REQUIRED TO CLEAN OR REPLACE RETENTION BASINS THAT ARE NOT MAINTAINED FREE OF SEDIMENT DURING CONSTRUCTION AND DURING ESTABLISHMENT OF ALL LANDSCAPED AREAS.,[]
1951,CG452,Furnish & Install — ADA Compliant Site Features,ADA,"[""SHORT_TAG""]"
1952,CG452,Furnish & Install — ADA Compliant Site Features,ADA,"[""SHORT_TAG""]"
1953,CG452,Furnish & Install — ADA Compliant Site Features,ADA,"[""SHORT_TAG""]"
1954,CG452,Furnish & Install — ADA Compliant Site Features,ADA,"[""SHORT_TAG""]"
1955,CG452,Furnish & Install — ADA Compliant Site Features,ADA,"[""SHORT_TAG""]"
1956,CG452,Furnish & Install — ADA Compliant Site Features,ADA,"[""SHORT_TAG""]"
1957,CG452,Furnish & Install — ADA Compliant Site Features,ADA,"[""SHORT_TAG""]"
1958,CG452,Refer to the Site Improvements schedules,Wqv (Water Quality Volume),[]
1959,CG452,Furnish & Install Irrigation System Components,IRR,"[""SHORT_TAG""]"
1960,CG452,Furnish & Install Irrigation System Components,IRR,"[""SHORT_TAG""]"
1961,CG452,Furnish & Install Irrigation System Components,IRR,"[""SHORT_TAG""]"
1962,CG452,Furnish & Install Irrigation System Components,IRR,"[""SHORT_TAG""]"
1963,CG452,Furnish & Install Irrigation System Components,IRR,"[""SHORT_TAG""]"
1964,CG452,Furnish & Install Irrigation System Components,IRR,"[""SHORT_TAG""]"
1965,CG452,Furnish & Install Irrigation System Components,IRR,"[""SHORT_TAG""]"
1966,CG452,Furnish & Install Irrigation System Components,IRR,"[""SHORT_TAG""]"
1967,CG452,Furnish & Install Irrigation System Components,IRR,"[""SHORT_TAG""]"
1968,CG452,Furnish & Install Irrigation System Components,IRR,"[""SHORT_TAG""]"
1969,CG452,Furnish & Install Underground Detention and Retention Systems,BASIN 1,[]
1970,CG452,Furnish & Install Underground Detention and Retention Systems,"REQUIRED DETENTION: 1,436 CF PROVIDED DETENTION: 1,848 CF PROVIDED RETENTION: 550± CF HIGHWATER ELEVATION: 4,779' BOTTOM OF STONE: 4,775' PARTIAL DETENTION 0.50 CFS/ACRE APPROXIMATELY 60% DETENTION","[""POSSIBLE_DIMENSION""]"
1971,CG452,Furnish & Install Underground Detention and Retention Systems,BASIN 3 BASIN 3,[]
1972,CG452,Furnish & Install Underground Detention and Retention Systems,BASIN 4 BASIN 4,[]
1973,CG452,Furnish & Install Underground Detention and Retention Systems,"BASIN 3 REQUIRED DETENTION: 1,692 CF PROVIDED DETENTION: 2,232 CF PROVIDED RETENTION: 250± CF HIGHWATER ELEVATION: 4,771.50' BOTTOM OF STONE: 4,767.50' PARTIAL DETENTION 0.50 CFS/ACRE APPROXIMATELY 60% DETENTION","[""POSSIBLE_DIMENSION""]"
1974,CG452,Furnish & Install Underground Detention and Retention Systems,"BASIN 4 REQUIRED DETENTION: 3,951 CF (SEE NOTE 3) PROVIDED DETENTION: 4,558 CF PROVIDED RETENTION: 1,200± CF HIGHWATER ELEVATION: 4,763.50' BOTTOM OF STONE: 4,758' PARTIAL DETENTION 0.50 CFS/ACRE APPROXIMATELY 60% DETENTION","[""POSSIBLE_DIMENSION""]"
1975,CG452,Furnish & Install Underground Detention and Retention Systems,DELINEATION INCLUDES FUTURE BUILDING ROOF DRAIN AND FRONTAGE,[]
1976,CG452,Furnish & Install Underground Detention and Retention Systems,2. APPROXIMATED A 10 YEAR STORM EVENT IS TO BE DETAINED UNDERGROUND.,[]
1977,CG452,Furnish & Install Underground Detention and Retention Systems,"3. THE ROADWAY IN THE SOUTH (APPROXIMATELY 30,000 SF OF IMPERVIOUS SURFACE) IS NOT ABLE TO BE DETAINED, BASIN 4'S UNDERGROUND DETENTION SYSTEM WAS OVERSIZED TO INCORPORATE THIS VOLUME. BOTH BASIN 4 AND THE ROAD WERE SIZED WITH THE PARTIAL DETENTION RELEASE RATE OF 0.50 CFS/ACRE. BASIN 4'S ORIFICE PLATE WAS UNDERSIZED TO 0.33 CFS/ACRE AS WITH THIS RELEASE RATE A VOLUME OF APPROXIMATELY 4,000 CF IS NEEDED TO BE STORED WHICH IS EQUIVALENT TO THE COMBINED STORAGE VALUES OF BASIN 4 AND THE ROAD.","[""POSSIBLE_DIMENSION""]"
1978,CG452,Furnish & Install Pretreatment Catch Basins and Inserts,PRETREATMENT CATCH BASIN SNOUT EAST INVERT,[]
1979,CG452,Furnish & Install Pretreatment Catch Basins and Inserts,PRETREATMENT CATCH BASIN SNOUT EAST INVERT,[]
1980,CG452,Furnish & Install Pretreatment Catch Basins and Inserts,PRETREATMENT CATCH BASIN SNOUT NE INVERT,[]
1981,CG452,Furnish & Install Overflow Boxes,OVERFLOW BOX W/ ORIFICE PLATE,[]
1982,CG452,Furnish & Install Overflow Boxes,OVERFLOW BOX W/ ORIFICE PLATE,[]
1983,CG452,Furnish & Install Overflow Boxes,OVERFLOW BOX W/ ORIFICE PLATE,[]
1984,CG452,Furnish & Install Fire Hydrants and Fire Department Connections,FH,"[""SHORT_TAG""]"
1985,CG452,Furnish & Install Fire Hydrants and Fire Department Connections,FH,"[""SHORT_TAG""]"
1986,CG452,Furnish & Install Fire Hydrants and Fire Department Connections,FH,"[""SHORT_TAG""]"
1987,CG452,Furnish & Install Fire Hydrants and Fire Department Connections,FH,"[""SHORT_TAG""]"
1988,CG452,Furnish & Install Fire Hydrants and Fire Department Connections,FH,"[""SHORT_TAG""]"
1989,CG452,Furnish & Install Fire Hydrants and Fire Department Connections,FH,"[""SHORT_TAG""]"
1990,CG452,Furnish & Install Fire Hydrants and Fire Department Connections,FH,"[""SHORT_TAG""]"
1991,CG452,Furnish & Install Fire Hydrants and Fire Department Connections,FH,"[""SHORT_TAG""]"
1992,CG452,Furnish & Install Fire Hydrants and Fire Department Connections,FH,"[""SHORT_TAG""]"
1993,CG452,Furnish & Install Fire Hydrants and Fire Department Connections,FH,"[""SHORT_TAG""]"
1994,CG452,Furnish & Install Fire Hydrants and Fire Department Connections,FH,"[""SHORT_TAG""]"
1995,CG452,Furnish & Install Fire Hydrants and Fire Department Connections,FH,"[""SHORT_TAG""]"
1996,CG452,Furnish & Install Fire Hydrants and Fire Department Connections,FH,"[""SHORT_TAG""]"
1997,CG452,Furnish & Install Fire Hydrants and Fire Department Connections,FH,"[""SHORT_TAG""]"
1998,CG452,Furnish & Install Fire Hydrants and Fire Department Connections,FH,"[""SHORT_TAG""]"
1999,CG452,Furnish & Install Fire Hydrants and Fire Department Connections,FH,"[""SHORT_TAG""]"
2000,CG452,Furnish & Install Fire Hydrants and Fire Department Connections,FH,"[""SHORT_TAG""]"
2001,CG452,Furnish & Install Fire Hydrants and Fire Department Connections,FH,"[""SHORT_TAG""]"
2002,CG452,Furnish & Install 5-Inch Storm Drain Pipe,5''SD,"[""POSSIBLE_DIMENSION"", ""SHORT_TAG""]"
2003,CG452,Furnish & Install 5-Inch Storm Drain Pipe,5''SD,"[""POSSIBLE_DIMENSION"", ""SHORT_TAG""]"
2004,CG452,Furnish & Install 5-Inch Storm Drain Pipe,5''SD,"[""POSSIBLE_DIMENSION"", ""SHORT_TAG""]"
2005,CG452,Furnish & Install 8-Inch Storm Drain Pipe,> 8''SD,"[""POSSIBLE_DIMENSION"", ""SHORT_TAG""]"
2006,CG452,Furnish & Install 8-Inch Storm Drain Pipe,> 8''SD,"[""POSSIBLE_DIMENSION"", ""SHORT_TAG""]"
2007,CG452,Furnish & Install 8-Inch Storm Drain Pipe,> 8''SD,"[""POSSIBLE_DIMENSION"", ""SHORT_TAG""]"
2008,CG452,Furnish & Install 8-Inch Storm Drain Pipe,> 8''SD,"[""POSSIBLE_DIMENSION"", ""SHORT_TAG""]"
2009,CG452,Furnish & Install 8-Inch Storm Drain Pipe,> 8''SD,"[""POSSIBLE_DIMENSION"", ""SHORT_TAG""]"
2010,CG452,Furnish & Install 8-Inch Storm Drain Pipe,> 8''SD,"[""POSSIBLE_DIMENSION"", ""SHORT_TAG""]"
2011,CG452,Furnish & Install 8-Inch Storm Drain Pipe,> 8''SD,"[""POSSIBLE_DIMENSION"", ""SHORT_TAG""]"
2012,CG452,Furnish & Install 8-Inch Storm Drain Pipe,> 8''SD,"[""POSSIBLE_DIMENSION"", ""SHORT_TAG""]"
2013,CG452,Furnish & Install 8-Inch Storm Drain Pipe,> 8''SD,"[""POSSIBLE_DIMENSION"", ""SHORT_TAG""]"
2014,CG452,Furnish & Install 8-Inch Storm Drain Pipe,> 8''SD,"[""POSSIBLE_DIMENSION"", ""SHORT_TAG""]"
2015,CG452,Furnish & Install 8-Inch Storm Drain Pipe,> 8''SD,"[""POSSIBLE_DIMENSION"", ""SHORT_TAG""]"
2016,CG452,Furnish & Install 8-Inch Storm Drain Pipe,> 8''SD,"[""POSSIBLE_DIMENSION"", ""SHORT_TAG""]"
2017,CG452,Furnish & Install 8-Inch Storm Drain Pipe,> 8''SD,"[""POSSIBLE_DIMENSION"", ""SHORT_TAG""]"
2018,CG452,Furnish & Install 8-Inch Storm Drain Pipe,> 8''SD,"[""POSSIBLE_DIMENSION"", ""SHORT_TAG""]"
2019,CG452,Furnish & Install 8-Inch Storm Drain Pipe,> 8''SD,"[""POSSIBLE_DIMENSION"", ""SHORT_TAG""]"
2020,CG452,Furnish & Install 8-Inch Storm Drain Pipe,> 8''SD,"[""POSSIBLE_DIMENSION"", ""SHORT_TAG""]"
2021,CG452,Furnish & Install 8-Inch Storm Drain Pipe,> 8''SD,"[""POSSIBLE_DIMENSION"", ""SHORT_TAG""]"
2022,CG452,Furnish & Install 8-Inch Storm Drain Pipe,> 8''SD,"[""POSSIBLE_DIMENSION"", ""SHORT_TAG""]"
2023,CG452,Furnish & Install 8-Inch Storm Drain Pipe,> 8''SD,"[""POSSIBLE_DIMENSION"", ""SHORT_TAG""]"
2024,CG452,Furnish & Install 8-Inch Storm Drain Pipe,> 8''SD,"[""POSSIBLE_DIMENSION"", ""SHORT_TAG""]"
2025,CG452,Furnish & Install 8-Inch Storm Drain Pipe,> 8''SD,"[""POSSIBLE_DIMENSION"", ""SHORT_TAG""]"
2026,CG452,Furnish & Install 8-Inch Storm Drain Pipe,> 8''SD,"[""POSSIBLE_DIMENSION"", ""SHORT_TAG""]"
2027,CG452,Furnish & Install 8-Inch Storm Drain Pipe,> 8''SD,"[""POSSIBLE_DIMENSION"", ""SHORT_TAG""]"
2028,CG452,Furnish & Install 8-Inch Storm Drain Pipe,> 8''SD,"[""POSSIBLE_DIMENSION"", ""SHORT_TAG""]"
2029,CG452,Furnish & Install 8-Inch Storm Drain Pipe,> 8''SD,"[""POSSIBLE_DIMENSION"", ""SHORT_TAG""]"
2030,CG452,Furnish & Install 8-Inch Storm Drain Pipe,> 8''SD,"[""POSSIBLE_DIMENSION"", ""SHORT_TAG""]"
2031,CG452,Furnish & Install 8-Inch Storm Drain Pipe,> 8''SD,"[""POSSIBLE_DIMENSION"", ""SHORT_TAG""]"
2032,CG452,Furnish & Install 8-Inch Storm Drain Pipe,> 8''SD,"[""POSSIBLE_DIMENSION"", ""SHORT_TAG""]"
2033,CG452,Furnish & Install 8-Inch Storm Drain Pipe,> 8''SD,"[""POSSIBLE_DIMENSION"", ""SHORT_TAG""]"
2034,CG452,Furnish & Install 8-Inch Storm Drain Pipe,> 8''SD,"[""POSSIBLE_DIMENSION"", ""SHORT_TAG""]"
2035,CG452,Furnish & Install 8-Inch Storm Drain Pipe,> 8''SD,"[""POSSIBLE_DIMENSION"", ""SHORT_TAG""]"
2036,CG452,Furnish & Install 8-Inch Storm Drain Pipe,> 8''SD,"[""POSSIBLE_DIMENSION"", ""SHORT_TAG""]"
2037,CG452,Furnish & Install 8-Inch Storm Drain Pipe,> 8''SD,"[""POSSIBLE_DIMENSION"", ""SHORT_TAG""]"
2038,CG452,Furnish & Install 8-Inch Storm Drain Pipe,> 8''SD,"[""POSSIBLE_DIMENSION"", ""SHORT_TAG""]"
2039,CG452,Furnish & Install 8-Inch Storm Drain Pipe,> 8''SD,"[""POSSIBLE_DIMENSION"", ""SHORT_TAG""]"
2040,CG452,Furnish & Install 8-Inch Storm Drain Pipe,> 8''SD,"[""POSSIBLE_DIMENSION"", ""SHORT_TAG""]"
2041,CG452,Furnish & Install 8-Inch Storm Drain Pipe,> 8''SD,"[""POSSIBLE_DIMENSION"", ""SHORT_TAG""]"
2042,CG452,Furnish & Install 8-Inch Storm Drain Pipe,> 8''SD,"[""POSSIBLE_DIMENSION"", ""SHORT_TAG""]"
2043,CG452,Furnish & Install 8-Inch Storm Drain Pipe,> 8''SD,"[""POSSIBLE_DIMENSION"", ""SHORT_TAG""]"
2044,CG452,Furnish & Install 8-Inch Storm Drain Pipe,> 8''SD,"[""POSSIBLE_DIMENSION"", ""SHORT_TAG""]"
2045,CG452,Furnish & Install 8-Inch Storm Drain Pipe,> 8''SD,"[""POSSIBLE_DIMENSION"", ""SHORT_TAG""]"
2046,CG452,Furnish & Install 8-Inch Storm Drain Pipe,> 8''SD,"[""POSSIBLE_DIMENSION"", ""SHORT_TAG""]"
2047,CG452,Furnish & Install 8-Inch Storm Drain Pipe,> 8''SD,"[""POSSIBLE_DIMENSION"", ""SHORT_TAG""]"
2048,CG452,Furnish & Install 8-Inch Storm Drain Pipe,> 8''SD,"[""POSSIBLE_DIMENSION"", ""SHORT_TAG""]"
2049,CG452,Furnish & Install 8-Inch Storm Drain Pipe,> 8''SD,"[""POSSIBLE_DIMENSION"", ""SHORT_TAG""]"
2050,CG452,Furnish & Install 8-Inch Storm Drain Pipe,> 8''SD,"[""POSSIBLE_DIMENSION"", ""SHORT_TAG""]"
2051,CG452,Furnish & Install 8-Inch Storm Drain Pipe,> 8''SD,"[""POSSIBLE_DIMENSION"", ""SHORT_TAG""]"
2052,CG452,Furnish & Install 8-Inch Storm Drain Pipe,> 8''SD,"[""POSSIBLE_DIMENSION"", ""SHORT_TAG""]"
2053,CG452,Furnish & Install 8-Inch Storm Drain Pipe,> 8''SD,"[""POSSIBLE_DIMENSION"", ""SHORT_TAG""]"
2054,CG452,Furnish & Install 8-Inch Storm Drain Pipe,> 8''SD,"[""POSSIBLE_DIMENSION"", ""SHORT_TAG""]"
2055,CG452,Furnish & Install 8-Inch Storm Drain Pipe,> 8''SD,"[""POSSIBLE_DIMENSION"", ""SHORT_TAG""]"
2056,CG452,Furnish & Install 8-Inch Storm Drain Pipe,> 8''SD,"[""POSSIBLE_DIMENSION"", ""SHORT_TAG""]"
2057,CG452,Furnish & Install 8-Inch Storm Drain Pipe,> 8''SD,"[""POSSIBLE_DIMENSION"", ""SHORT_TAG""]"
2058,CG452,Furnish & Install 8-Inch Storm Drain Pipe,> 8''SD,"[""POSSIBLE_DIMENSION"", ""SHORT_TAG""]"
2059,CG452,Furnish & Install 8-Inch Storm Drain Pipe,> 8''SD,"[""POSSIBLE_DIMENSION"", ""SHORT_TAG""]"
2060,CG452,Furnish & Install 8-Inch Storm Drain Pipe,> 8''SD,"[""POSSIBLE_DIMENSION"", ""SHORT_TAG""]"
2061,CG452,Furnish & Install 8-Inch Storm Drain Pipe,> 8''SD,"[""POSSIBLE_DIMENSION"", ""SHORT_TAG""]"
2062,CG452,Furnish & Install 8-Inch Storm Drain Pipe,> 8''SD,"[""POSSIBLE_DIMENSION"", ""SHORT_TAG""]"
2063,CG452,Furnish & Install 8-Inch Storm Drain Pipe,> 8''SD,"[""POSSIBLE_DIMENSION"", ""SHORT_TAG""]"
2064,CG452,Furnish & Install 8-Inch Storm Drain Pipe,> 8''SD,"[""POSSIBLE_DIMENSION"", ""SHORT_TAG""]"
2065,CG452,Furnish & Install 8-Inch Storm Drain Pipe,> 8''SD,"[""POSSIBLE_DIMENSION"", ""SHORT_TAG""]"
2066,CG452,Furnish & Install 8-Inch Storm Drain Pipe,> 8''SD,"[""POSSIBLE_DIMENSION"", ""SHORT_TAG""]"
2067,CG452,Furnish & Install 8-Inch Storm Drain Pipe,> 8''SD,"[""POSSIBLE_DIMENSION"", ""SHORT_TAG""]"
2068,CG452,Furnish & Install 8-Inch Storm Drain Pipe,> 8''SD,"[""POSSIBLE_DIMENSION"", ""SHORT_TAG""]"
2069,CG452,Furnish & Install 8-Inch Storm Drain Pipe,> 8''SD,"[""POSSIBLE_DIMENSION"", ""SHORT_TAG""]"
2070,CG452,Furnish & Install 8-Inch Storm Drain Pipe,> 8''SD,"[""POSSIBLE_DIMENSION"", ""SHORT_TAG""]"
2071,CG452,Furnish & Install 8-Inch Storm Drain Pipe,> 8''SD,"[""POSSIBLE_DIMENSION"", ""SHORT_TAG""]"
2072,CG452,Furnish & Install 8-Inch Storm Drain Pipe,> 8''SD,"[""POSSIBLE_DIMENSION"", ""SHORT_TAG""]"
2073,CG452,Furnish & Install 8-Inch Storm Drain Pipe,> 8''SD,"[""POSSIBLE_DIMENSION"", ""SHORT_TAG""]"
2074,CG452,Furnish & Install 8-Inch Storm Drain Pipe,> 8''SD,"[""POSSIBLE_DIMENSION"", ""SHORT_TAG""]"
2075,CG452,Furnish & Install 8-Inch Storm Drain Pipe,> 8''SD,"[""POSSIBLE_DIMENSION"", ""SHORT_TAG""]"
2076,CG452,Furnish & Install 8-Inch Storm Drain Pipe,> 8''SD,"[""POSSIBLE_DIMENSION"", ""SHORT_TAG""]"
2077,CG452,Furnish & Install 8-Inch Storm Drain Pipe,> 8''SD,"[""POSSIBLE_DIMENSION"", ""SHORT_TAG""]"
2078,CG452,Furnish & Install 8-Inch Storm Drain Pipe,> 8''SD,"[""POSSIBLE_DIMENSION"", ""SHORT_TAG""]"
2079,CG452,Furnish & Install 8-Inch Storm Drain Pipe,> 8''SD,"[""POSSIBLE_DIMENSION"", ""SHORT_TAG""]"
2080,CG452,Furnish & Install 8-Inch Storm Drain Pipe,> 8''SD,"[""POSSIBLE_DIMENSION"", ""SHORT_TAG""]"
2081,CG452,Furnish & Install 8-Inch Storm Drain Pipe,> 8''SD,"[""POSSIBLE_DIMENSION"", ""SHORT_TAG""]"
2082,CG452,Furnish & Install 8-Inch Storm Drain Pipe,> 8''SD,"[""POSSIBLE_DIMENSION"", ""SHORT_TAG""]"
2083,CG452,Furnish & Install 8-Inch Storm Drain Pipe,> 8''SD,"[""POSSIBLE_DIMENSION"", ""SHORT_TAG""]"
2084,CG452,Furnish & Install 8-Inch Storm Drain Pipe,> 8''SD,"[""POSSIBLE_DIMENSION"", ""SHORT_TAG""]"
2085,CG452,Furnish & Install 8-Inch Storm Drain Pipe,> 8''SD,"[""POSSIBLE_DIMENSION"", ""SHORT_TAG""]"
2086,CG452,Furnish & Install 8-Inch Storm Drain Pipe,> 8''SD,"[""POSSIBLE_DIMENSION"", ""SHORT_TAG""]"
2087,CG452,Furnish & Install 8-Inch Storm Drain Pipe,> 8''SD,"[""POSSIBLE_DIMENSION"", ""SHORT_TAG""]"
2088,CG452,Furnish & Install 8-Inch Storm Drain Pipe,> 8''SD,"[""POSSIBLE_DIMENSION"", ""SHORT_TAG""]"
2089,CG452,Furnish & Install 8-Inch Storm Drain Pipe,> 8''SD,"[""POSSIBLE_DIMENSION"", ""SHORT_TAG""]"
2090,CG452,Furnish & Install 8-Inch Storm Drain Pipe,> 8''SD,"[""POSSIBLE_DIMENSION"", ""SHORT_TAG""]"
2091,CG452,Furnish & Install 8-Inch Storm Drain Pipe,> 8''SD,"[""POSSIBLE_DIMENSION"", ""SHORT_TAG""]"
2092,CG452,Furnish & Install 10-Inch Storm Drain Pipe,> 10''SD,"[""POSSIBLE_DIMENSION""]"
2093,CG452,Furnish & Install 10-Inch Storm Drain Pipe,> 10''SD,"[""POSSIBLE_DIMENSION""]"
2094,CG452,Furnish & Install 10-Inch Storm Drain Pipe,> 10''SD,"[""POSSIBLE_DIMENSION""]"
2095,CG452,Furnish & Install 10-Inch Storm Drain Pipe,> 10''SD,"[""POSSIBLE_DIMENSION""]"
2096,CG452,Furnish & Install 10-Inch Storm Drain Pipe,> 10''SD,"[""POSSIBLE_DIMENSION""]"
2097,CG452,Furnish & Install 10-Inch Storm Drain Pipe,> 10''SD,"[""POSSIBLE_DIMENSION""]"
2098,CG452,Furnish & Install 10-Inch Storm Drain Pipe,> 10''SD,"[""POSSIBLE_DIMENSION""]"
2099,CG452,Furnish & Install 10-Inch Storm Drain Pipe,> 10''SD,"[""POSSIBLE_DIMENSION""]"
2100,CG452,Furnish & Install 10-Inch Storm Drain Pipe,> 10''SD,"[""POSSIBLE_DIMENSION""]"
2101,CG452,Furnish & Install 10-Inch Storm Drain Pipe,> 10''SD,"[""POSSIBLE_DIMENSION""]"
2102,CG452,Furnish & Install 10-Inch Storm Drain Pipe,> 10''SD,"[""POSSIBLE_DIMENSION""]"
2103,CG452,Furnish & Install 10-Inch Storm Drain Pipe,> 10''SD,"[""POSSIBLE_DIMENSION""]"
2104,CG452,Furnish & Install 10-Inch Storm Drain Pipe,10''SD,"[""POSSIBLE_DIMENSION""]"
2105,CG452,Furnish & Install 10-Inch Storm Drain Pipe,10''SD,"[""POSSIBLE_DIMENSION""]"
2106,CG452,Furnish & Install 10-Inch Storm Drain Pipe,10''SD,"[""POSSIBLE_DIMENSION""]"
2107,CG452,Furnish & Install 10-Inch Storm Drain Pipe,10''SD,"[""POSSIBLE_DIMENSION""]"
2108,CG452,Furnish & Install 10-Inch Storm Drain Pipe,> 10''SD,"[""POSSIBLE_DIMENSION""]"
2109,CG452,Furnish & Install 10-Inch Storm Drain Pipe,> 10''SD,"[""POSSIBLE_DIMENSION""]"
2110,CG452,Furnish & Install 10-Inch Storm Drain Pipe,10''SD,"[""POSSIBLE_DIMENSION""]"
2111,CG452,Furnish & Install 10-Inch Storm Drain Pipe,10''SD,"[""POSSIBLE_DIMENSION""]"
2112,CG452,Furnish & Install 10-Inch Storm Drain Pipe,10''SD,"[""POSSIBLE_DIMENSION""]"
2113,CG452,Furnish & Install 10-Inch Storm Drain Pipe,10''SD,"[""POSSIBLE_DIMENSION""]"
2114,CG452,Furnish & Install 10-Inch Storm Drain Pipe,10''SD,"[""POSSIBLE_DIMENSION""]"
2115,CG452,Furnish & Install 10-Inch Storm Drain Pipe,10''SD,"[""POSSIBLE_DIMENSION""]"
2116,CG452,Furnish & Install 10-Inch Storm Drain Pipe,10''SD,"[""POSSIBLE_DIMENSION""]"
2117,CG452,Furnish & Install 10-Inch Storm Drain Pipe,10''SD,"[""POSSIBLE_DIMENSION""]"
2118,CG452,Furnish & Install 10-Inch Storm Drain Pipe,> 10''SD,"[""POSSIBLE_DIMENSION""]"
2119,CG452,Furnish & Install 10-Inch Storm Drain Pipe,> 10''SD,"[""POSSIBLE_DIMENSION""]"
2120,CG452,Furnish & Install 10-Inch Storm Drain Pipe,10''SD,"[""POSSIBLE_DIMENSION""]"
2121,CG452,Furnish & Install 10-Inch Storm Drain Pipe,10''SD,"[""POSSIBLE_DIMENSION""]"
2122,CG452,Furnish & Install 10-Inch Storm Drain Pipe,10''SD,"[""POSSIBLE_DIMENSION""]"
2123,CG452,Furnish & Install 10-Inch Storm Drain Pipe,10''SD,"[""POSSIBLE_DIMENSION""]"
2124,CG452,Furnish & Install 10-Inch Storm Drain Pipe,10''SD,"[""POSSIBLE_DIMENSION""]"
2125,CG452,Furnish & Install 10-Inch Storm Drain Pipe,10''SD,"[""POSSIBLE_DIMENSION""]"
2126,CG452,Furnish & Install 10-Inch Storm Drain Pipe,10''SD,"[""POSSIBLE_DIMENSION""]"
2127,CG452,Furnish & Install 10-Inch Storm Drain Pipe,> 10''SD,"[""POSSIBLE_DIMENSION""]"
2128,CG452,Furnish & Install 10-Inch Storm Drain Pipe,> 10''SD,"[""POSSIBLE_DIMENSION""]"
2129,CG452,Furnish & Install 10-Inch Storm Drain Pipe,10''SD,"[""POSSIBLE_DIMENSION""]"
2130,CG452,Furnish & Install 10-Inch Storm Drain Pipe,10''SD,"[""POSSIBLE_DIMENSION""]"
2131,CG452,Furnish & Install 10-Inch Storm Drain Pipe,10''SD,"[""POSSIBLE_DIMENSION""]"
2132,CG452,Furnish & Install 10-Inch Storm Drain Pipe,10''SD,"[""POSSIBLE_DIMENSION""]"
2133,CG452,Furnish & Install 12-Inch Storm Drain Pipe,> 12''SD,"[""POSSIBLE_DIMENSION""]"
2134,CG452,Furnish & Install 12-Inch Storm Drain Pipe,> 12''SD,"[""POSSIBLE_DIMENSION""]"
2135,CG452,Furnish & Install 12-Inch Storm Drain Pipe,> 12''SD,"[""POSSIBLE_DIMENSION""]"
2136,CG452,Furnish & Install 12-Inch Storm Drain Pipe,> 12''SD,"[""POSSIBLE_DIMENSION""]"
2137,CG452,Furnish & Install 12-Inch Storm Drain Pipe,> 12''SD,"[""POSSIBLE_DIMENSION""]"
2138,CG452,Furnish & Install 12-Inch Storm Drain Pipe,> 12''SD,"[""POSSIBLE_DIMENSION""]"
2139,CG452,Furnish & Install 12-Inch Storm Drain Pipe,> 12''SD,"[""POSSIBLE_DIMENSION""]"
2140,CG452,Furnish & Install 12-Inch Storm Drain Pipe,> 12''SD,"[""POSSIBLE_DIMENSION""]"
2141,CG452,Furnish & Install 12-Inch Storm Drain Pipe,> 12''SD,"[""POSSIBLE_DIMENSION""]"
2142,CG452,Furnish & Install 12-Inch Storm Drain Pipe,> 12''SD,"[""POSSIBLE_DIMENSION""]"
2143,CG452,Furnish & Install 12-Inch Storm Drain Pipe,> 12''SD,"[""POSSIBLE_DIMENSION""]"
2144,CG452,Furnish & Install 12-Inch Storm Drain Pipe,> 12''SD,"[""POSSIBLE_DIMENSION""]"
2145,CG452,Furnish & Install 12-Inch Storm Drain Pipe,> 12''SD,"[""POSSIBLE_DIMENSION""]"
2146,CG452,Furnish & Install 12-Inch Storm Drain Pipe,> 12''SD,"[""POSSIBLE_DIMENSION""]"
2147,CG452,Furnish & Install 12-Inch Storm Drain Pipe,> 12''SD,"[""POSSIBLE_DIMENSION""]"
2148,CG452,Furnish & Install 12-Inch Storm Drain Pipe,> 12''SD,"[""POSSIBLE_DIMENSION""]"
2149,CG452,Furnish & Install 12-Inch Storm Drain Pipe,> 12''SD,"[""POSSIBLE_DIMENSION""]"
2150,CG452,Furnish & Install 12-Inch Storm Drain Pipe,> 12''SD,"[""POSSIBLE_DIMENSION""]"
2151,CG452,Furnish & Install 12-Inch Storm Drain Pipe,> 12''SD,"[""POSSIBLE_DIMENSION""]"
2152,CG452,Furnish & Install 12-Inch Storm Drain Pipe,> 12''SD,"[""POSSIBLE_DIMENSION""]"
2153,CG452,Furnish & Install 12-Inch Storm Drain Pipe,12''SD,"[""POSSIBLE_DIMENSION""]"
2154,CG452,Furnish & Install 12-Inch Storm Drain Pipe,12''SD,"[""POSSIBLE_DIMENSION""]"
2155,CG452,Furnish & Install 12-Inch Storm Drain Pipe,12''SD,"[""POSSIBLE_DIMENSION""]"
2156,CG452,Furnish & Install 12-Inch Storm Drain Pipe,> 12''SD,"[""POSSIBLE_DIMENSION""]"
2157,CG452,Furnish & Install 12-Inch Storm Drain Pipe,> 12''SD,"[""POSSIBLE_DIMENSION""]"
2158,CG452,Furnish & Install 12-Inch Storm Drain Pipe,> 12''SD,"[""POSSIBLE_DIMENSION""]"
2159,CG452,Furnish & Install 12-Inch Storm Drain Pipe,> 12''SD,"[""POSSIBLE_DIMENSION""]"
2160,CG452,Furnish & Install 12-Inch Storm Drain Pipe,> 12''SD,"[""POSSIBLE_DIMENSION""]"
2161,CG452,Furnish & Install 12-Inch Storm Drain Pipe,12''SD,"[""POSSIBLE_DIMENSION""]"
2162,CG452,Furnish & Install 12-Inch Storm Drain Pipe,12''SD,"[""POSSIBLE_DIMENSION""]"
2163,CG452,Furnish & Install 12-Inch Storm Drain Pipe,12''SD,"[""POSSIBLE_DIMENSION""]"
2164,CG452,Furnish & Install 12-Inch Storm Drain Pipe,12''SD,"[""POSSIBLE_DIMENSION""]"
2165,CG452,Furnish & Install 12-Inch Storm Drain Pipe,> 12''SD,"[""POSSIBLE_DIMENSION""]"
2166,CG452,Furnish & Install 12-Inch Storm Drain Pipe,12''SD,"[""POSSIBLE_DIMENSION""]"
2167,CG452,Furnish & Install 12-Inch Storm Drain Pipe,12''SD,"[""POSSIBLE_DIMENSION""]"
2168,CG452,Furnish & Install 12-Inch Storm Drain Pipe,> 12''SD,"[""POSSIBLE_DIMENSION""]"
2169,CG452,Furnish & Install 12-Inch Storm Drain Pipe,12''SD,"[""POSSIBLE_DIMENSION""]"
2170,CG452,Furnish & Install 12-Inch Storm Drain Pipe,12''SD,"[""POSSIBLE_DIMENSION""]"
2171,CG452,Furnish & Install 12-Inch Storm Drain Pipe,12''SD,"[""POSSIBLE_DIMENSION""]"
2172,CG452,Furnish & Install 12-Inch Storm Drain Pipe,12''SD,"[""POSSIBLE_DIMENSION""]"
2173,CG452,Furnish & Install 12-Inch Storm Drain Pipe,> 12''SD,"[""POSSIBLE_DIMENSION""]"
2174,CG452,Furnish & Install 12-Inch Storm Drain Pipe,12''SD,"[""POSSIBLE_DIMENSION""]"
2175,CG452,Furnish & Install 12-Inch Storm Drain Pipe,12''SD,"[""POSSIBLE_DIMENSION""]"
2176,CG452,Furnish & Install 12-Inch Storm Drain Pipe,> 12''SD,"[""POSSIBLE_DIMENSION""]"
2177,CG452,Furnish & Install 12-Inch Storm Drain Pipe,12''SD,"[""POSSIBLE_DIMENSION""]"
2178,CG452,Furnish & Install 12-Inch Storm Drain Pipe,12''SD,"[""POSSIBLE_DIMENSION""]"
2179,CG452,Furnish & Install 12-Inch Storm Drain Pipe,12''SD,"[""POSSIBLE_DIMENSION""]"
2180,CG452,Furnish & Install 12-Inch Storm Drain Pipe,12''SD,"[""POSSIBLE_DIMENSION""]"
2181,CG452,Furnish & Install 12-Inch Storm Drain Pipe,> 12''SD,"[""POSSIBLE_DIMENSION""]"
2182,CG452,Furnish & Install 12-Inch Storm Drain Pipe,12''SD,"[""POSSIBLE_DIMENSION""]"
2183,CG452,Furnish & Install 12-Inch Storm Drain Pipe,12''SD,"[""POSSIBLE_DIMENSION""]"
2184,CG452,Furnish & Install 12-Inch Storm Drain Pipe,> 12''SD,"[""POSSIBLE_DIMENSION""]"
2185,CG452,Furnish & Install 15-Inch Storm Drain Pipe,15''SD,"[""POSSIBLE_DIMENSION""]"
2186,CG452,Furnish & Install 15-Inch Storm Drain Pipe,15''SD,"[""POSSIBLE_DIMENSION""]"
2187,CG452,Furnish & Install 15-Inch Storm Drain Pipe,15''SD,"[""POSSIBLE_DIMENSION""]"
2188,CG452,Furnish & Install 15-Inch Storm Drain Pipe,15''SD,"[""POSSIBLE_DIMENSION""]"
2189,CG452,Furnish & Install 15-Inch Storm Drain Pipe,15''SD,"[""POSSIBLE_DIMENSION""]"
2190,CG452,Furnish & Install 15-Inch Storm Drain Pipe,15''SD,"[""POSSIBLE_DIMENSION""]"
2191,CG452,Furnish & Install 15-Inch Storm Drain Pipe,15''SD,"[""POSSIBLE_DIMENSION""]"
2192,CG452,Furnish & Install 15-Inch Storm Drain Pipe,15''SD,"[""POSSIBLE_DIMENSION""]"
2193,CG452,Furnish & Install 15-Inch Storm Drain Pipe,15''SD,"[""POSSIBLE_DIMENSION""]"
2194,CG452,Furnish & Install 15-Inch Storm Drain Pipe,15''SD,"[""POSSIBLE_DIMENSION""]"
2195,CG452,Furnish & Install 15-Inch Storm Drain Pipe,15''SD,"[""POSSIBLE_DIMENSION""]"
2196,CG452,Furnish & Install 15-Inch Storm Drain Pipe,> 15''SD,"[""POSSIBLE_DIMENSION""]"
2197,CG452,Furnish & Install 15-Inch Storm Drain Pipe,> 15''SD,"[""POSSIBLE_DIMENSION""]"
2198,CG452,Furnish & Install 15-Inch Storm Drain Pipe,> 15''SD,"[""POSSIBLE_DIMENSION""]"
2199,CG452,Furnish & Install 15-Inch Storm Drain Pipe,15''SD,"[""POSSIBLE_DIMENSION""]"
2200,CG452,Furnish & Install 15-Inch Storm Drain Pipe,15''SD,"[""POSSIBLE_DIMENSION""]"
2201,CG452,Furnish & Install 15-Inch Storm Drain Pipe,15''SD,"[""POSSIBLE_DIMENSION""]"
2202,CG452,Furnish & Install 15-Inch Storm Drain Pipe,> 15''SD,"[""POSSIBLE_DIMENSION""]"
2203,CG452,Furnish & Install 15-Inch Storm Drain Pipe,15''SD,"[""POSSIBLE_DIMENSION""]"
2204,CG452,Furnish & Install 15-Inch Storm Drain Pipe,15''SD,"[""POSSIBLE_DIMENSION""]"
2205,CG452,Furnish & Install 15-Inch Storm Drain Pipe,> 15''SD,"[""POSSIBLE_DIMENSION""]"
2206,CG452,Furnish & Install 15-Inch Storm Drain Pipe,15''SD,"[""POSSIBLE_DIMENSION""]"
2207,CG452,Furnish & Install 15-Inch Storm Drain Pipe,15''SD,"[""POSSIBLE_DIMENSION""]"
2208,CG452,Furnish & Install 15-Inch Storm Drain Pipe,> 15''SD,"[""POSSIBLE_DIMENSION""]"
2209,CG452,Furnish & Install 15-Inch Storm Drain Pipe,15''SD,"[""POSSIBLE_DIMENSION""]"
2210,CG452,Furnish & Install 18-Inch Storm Drain Pipe,18''SD,"[""POSSIBLE_DIMENSION""]"
2211,CG452,Furnish & Install 18-Inch Storm Drain Pipe,18''SD,"[""POSSIBLE_DIMENSION""]"
2212,CG452,Furnish & Install 18-Inch Storm Drain Pipe,18''SD,"[""POSSIBLE_DIMENSION""]"
2213,CG452,Furnish & Install 18-Inch Storm Drain Pipe,18''SD,"[""POSSIBLE_DIMENSION""]"
2214,CG452,Furnish & Install 18-Inch Storm Drain Pipe,18''SD,"[""POSSIBLE_DIMENSION""]"
2215,CG452,Furnish & Install 18-Inch Storm Drain Pipe,18''SD,"[""POSSIBLE_DIMENSION""]"
2216,CG452,Furnish & Install 18-Inch Storm Drain Pipe,18''SD,"[""POSSIBLE_DIMENSION""]"
2217,CG452,Furnish & Install 18-Inch Storm Drain Pipe,18''SD,"[""POSSIBLE_DIMENSION""]"
2218,CG452,Furnish & Install 18-Inch Storm Drain Pipe,18''SD,"[""POSSIBLE_DIMENSION""]"
2219,CG452,Furnish & Install General Storm Drain Pipe and Connections,SD,"[""SHORT_TAG""]"
2220,CG452,Furnish & Install General Notes and Identification,NOTES:,[]
2221,CG452,Furnish & Install General Notes and Identification,HYDROLOGY LEGEND,[]
2222,CG452,Furnish & Install General Notes and Identification,HIGH WATER LINE,[]
2223,CG452,Furnish & Install General Notes and Identification,100-YEAR STORM OVERFLOW PATH - PIPES,[]
2224,CG452,Furnish & Install General Notes and Identification,100-YEAR STORM OVERFLOW PATH - OVERLAND,[]
2225,CG452,Refer to the Utilities schedules,Drainage Calculations For Wymount Basin 4,[]
2226,CG452,Furnish & Install — Fire Department Connections (FDC),FDC,"[""SHORT_TAG""]"
2227,CG452,Furnish & Install — Fire Department Connections (FDC),FDC,"[""SHORT_TAG""]"
2228,CG452,Furnish & Install — Fire Department Connections (FDC),FDC,"[""SHORT_TAG""]"
2229,CG452,Furnish & Install — Fire Department Connections (FDC),FDC,"[""SHORT_TAG""]"
2230,CG452,Furnish & Install — Fire Department Connections (FDC),FDC,"[""SHORT_TAG""]"
2231,CG452,Furnish & Install — Fire Department Connections (FDC),FDC,"[""SHORT_TAG""]"
2232,CG452,Furnish & Install — Fire Department Connections (FDC),FDC,"[""SHORT_TAG""]"
2233,CG452,Furnish & Install — Fire Department Connections (FDC),FDC,"[""SHORT_TAG""]"
2234,CG452,Furnish & Install — Fire Department Connections (FDC),FDC,"[""SHORT_TAG""]"
2235,CG452,Furnish & Install — Fire Department Connections (FDC),FDC,"[""SHORT_TAG""]"
2236,CG452,Furnish & Install — Fire Department Connections (FDC),FDC,"[""SHORT_TAG""]"
2237,CG452,Furnish & Install — Fire Department Connections (FDC),FDC,"[""SHORT_TAG""]"
2238,CG452,Furnish & Install — Fire Department Connections (FDC),FDC,"[""SHORT_TAG""]"
2239,CG452,Furnish & Install — Fire Department Connections (FDC),FDC,"[""SHORT_TAG""]"
2240,CG452,Furnish & Install — Fire Department Connections (FDC),FDC,"[""SHORT_TAG""]"
2241,CG452,Furnish & Install — Fire Department Connections (FDC),FDC,"[""SHORT_TAG""]"
2242,CG452,Furnish & Install — Fire Department Connections (FDC),FDC,"[""SHORT_TAG""]"
2243,CG452,Furnish & Install — Fire Department Connections (FDC),FDC,"[""SHORT_TAG""]"
2244,CG452,Furnish & Install — Fire Department Connections (FDC),FDC,"[""SHORT_TAG""]"
2245,CG452,Furnish & Install — Fire Department Connections (FDC),FDC,"[""SHORT_TAG""]"
2246,CG452,Furnish & Install — Fire Department Connections (FDC),FDC,"[""SHORT_TAG""]"
2247,CG452,Furnish & Install — Fire Department Connections (FDC),FDC,"[""SHORT_TAG""]"
2248,CG452,Furnish & Install — Fire Department Connections (FDC),FDC,"[""SHORT_TAG""]"
2249,CG452,Furnish & Install — Fire Department Connections (FDC),FDC,"[""SHORT_TAG""]"
2250,CG452,Furnish & Install — Fire Department Connections (FDC),FDC,"[""SHORT_TAG""]"
2251,CG452,Furnish & Install — Fire Department Connections (FDC),FDC,"[""SHORT_TAG""]"
2252,CG452,Furnish & Install — Fire Department Connections (FDC),FDC,"[""SHORT_TAG""]"
2253,CG452,Furnish & Install — Fire Department Connections (FDC),FDC,"[""SHORT_TAG""]"
2254,CG452,Furnish & Install — Fire Department Connections (FDC),FDC,"[""SHORT_TAG""]"
2255,CG452,Furnish & Install — Fire Department Connections (FDC),FDC,"[""SHORT_TAG""]"
2256,CG452,Furnish & Install — Fire Department Connections (FDC),FDC,"[""SHORT_TAG""]"
2257,CG452,Furnish & Install — Fire Department Connections (FDC),FDC,"[""SHORT_TAG""]"
2258,CG452,Furnish & Install — Fire Department Connections (FDC),FDC,"[""SHORT_TAG""]"
2259,CG452,Furnish & Install — Fire Department Connections (FDC),FDC,"[""SHORT_TAG""]"
2260,CG452,Furnish & Install — Fire Department Connections (FDC),FDC,"[""SHORT_TAG""]"
2261,CG452,Furnish & Install — Fire Department Connections (FDC),FDC,"[""SHORT_TAG""]"
2262,CG452,Furnish & Install — Fire Department Connections (FDC),FDC,"[""SHORT_TAG""]"
2263,CG452,Furnish & Install — Fire Department Connections (FDC),FDC,"[""SHORT_TAG""]"
2264,CG452,Furnish & Install — Fire Department Connections (FDC),FDC,"[""SHORT_TAG""]"
2265,CG452,Furnish & Install — Fire Department Connections (FDC),FDC,"[""SHORT_TAG""]"
2266,CG452,Furnish & Install — Fire Department Connections (FDC),FDC,"[""SHORT_TAG""]"
2267,CG452,Furnish & Install — Fire Department Connections (FDC),FDC,"[""SHORT_TAG""]"
2268,CG452,Furnish & Install — Fire Department Connections (FDC),FDC,"[""SHORT_TAG""]"
2269,CG452,Furnish & Install — Fire Department Connections (FDC),FDC,"[""SHORT_TAG""]"
2270,CG452,Furnish & Install — Fire Department Connections (FDC),FDC,"[""SHORT_TAG""]"
2271,CG452,Furnish & Install — Fire Department Connections (FDC),FDC,"[""SHORT_TAG""]"
2272,CG452,Furnish & Install — Fire Department Connections (FDC),FDC,"[""SHORT_TAG""]"
2273,CG452,Furnish & Install — Fire Department Connections (FDC),FDC,"[""SHORT_TAG""]"
2274,CG452,Furnish & Install — Fire Department Connections (FDC),FDC,"[""SHORT_TAG""]"
2275,CG452,Furnish & Install — Fire Department Connections (FDC),FDC,"[""SHORT_TAG""]"
2276,CG452,Furnish & Install — Fire Department Connections (FDC),FDC,"[""SHORT_TAG""]"
2277,CG452,Furnish & Install — Fire Department Connections (FDC),FDC,"[""SHORT_TAG""]"
2278,CG452,Furnish & Install — Fire Department Connections (FDC),FDC,"[""SHORT_TAG""]"
2279,CG452,Furnish & Install — Fire Department Connections (FDC),FDC,"[""SHORT_TAG""]"
2280,CG452,Furnish & Install — Fire Department Connections (FDC),FDC,"[""SHORT_TAG""]"
2281,CG452,Furnish & Install — Fire Department Connections (FDC),FDC,"[""SHORT_TAG""]"
2282,CG452,Furnish & Install Emergency System Components,EM,"[""SHORT_TAG""]"
2283,CG452,Furnish & Install Emergency System Components,EM,"[""SHORT_TAG""]"
2284,CG452,Furnish & Install Emergency System Components,EM,"[""SHORT_TAG""]"
2285,CG452,Furnish & Install Emergency System Components,EM,"[""SHORT_TAG""]"
2286,CG452,Furnish & Install Emergency System Components,EM,"[""SHORT_TAG""]"
2287,CG452,Furnish & Install Emergency System Components,EM,"[""SHORT_TAG""]"
2288,CG452,Furnish & Install Emergency System Components,EM,"[""SHORT_TAG""]"
2289,CG452,Furnish & Install Emergency System Components,EM,"[""SHORT_TAG""]"
2290,CG452,Furnish & Install Emergency System Components,EM,"[""SHORT_TAG""]"
2291,CG452,Furnish & Install Emergency System Components,EM,"[""SHORT_TAG""]"
2292,CG452,Furnish & Install Emergency System Components,EM,"[""SHORT_TAG""]"
2293,CG452,Furnish & Install Emergency System Components,EM,"[""SHORT_TAG""]"
2294,CG452,Furnish & Install Emergency System Components,EM,"[""SHORT_TAG""]"
2295,CG452,Furnish & Install Emergency System Components,EM,"[""SHORT_TAG""]"
2296,CG452,Furnish & Install Emergency System Components,EM,"[""SHORT_TAG""]"
2297,CG452,Furnish & Install Emergency System Components,EM,"[""SHORT_TAG""]"
2298,CG452,Furnish & Install Emergency System Components,EM,"[""SHORT_TAG""]"
2299,CG452,Furnish & Install Emergency System Components,EM,"[""SHORT_TAG""]"
2300,CG452,Furnish & Install Emergency System Components,EM,"[""SHORT_TAG""]"
2301,CG452,Furnish & Install Emergency System Components,EM,"[""SHORT_TAG""]"
2302,CG452,Furnish & Install Emergency System Components,EM,"[""SHORT_TAG""]"
2303,CG452,Furnish & Install Emergency System Components,EM,"[""SHORT_TAG""]"
2304,CG452,Furnish & Install Emergency System Components,EM,"[""SHORT_TAG""]"
2305,CG452,Furnish & Install Emergency System Components,EM,"[""SHORT_TAG""]"
2306,CG452,Furnish & Install Emergency System Components,EM,"[""SHORT_TAG""]"
2307,CG452,Furnish & Install Emergency System Components,EM,"[""SHORT_TAG""]"
2308,LP101,Furnish & Install — ADA Compliant Site Features,ADA,"[""SHORT_TAG""]"
2309,LP101,Furnish & Install — ADA Compliant Site Features,ADA,"[""SHORT_TAG""]"
2310,LP101,Furnish & Install — ADA Compliant Site Features,ADA,"[""SHORT_TAG""]"
2311,LP101,Furnish & Install Shrubs,Vn,"[""SHORT_TAG""]"
2312,LP101,Furnish & Install Shrubs,Ec,"[""SHORT_TAG""]"
2313,LP101,Furnish & Install Shrubs,Ec,"[""SHORT_TAG""]"
2314,LP101,Furnish & Install Shrubs,Ec,"[""SHORT_TAG""]"
2315,LP101,Furnish & Install Shrubs,Ec,"[""SHORT_TAG""]"
2316,LP101,Furnish & Install Shrubs,Ec,"[""SHORT_TAG""]"
2317,LP101,Furnish & Install Shrubs,Ec,"[""SHORT_TAG""]"
2318,LP101,Furnish & Install Shrubs,Ec,"[""SHORT_TAG""]"
2319,LP101,Furnish & Install Shrubs,Ec,"[""SHORT_TAG""]"
2320,LP101,Furnish & Install Shrubs,Ec,"[""SHORT_TAG""]"
2321,LP101,Furnish & Install Shrubs,Ec,"[""SHORT_TAG""]"
2322,LP101,Furnish & Install Shrubs,Sy,"[""SHORT_TAG""]"
2323,LP101,Furnish & Install Shrubs,Sy,"[""SHORT_TAG""]"
2324,LP101,Furnish & Install Shrubs,Sy,"[""SHORT_TAG""]"
2325,LP101,Furnish & Install Shrubs,Sy,"[""SHORT_TAG""]"
2326,LP101,Furnish & Install Shrubs,Sy,"[""SHORT_TAG""]"
2327,LP101,Furnish & Install Shrubs,Sy,"[""SHORT_TAG""]"
2328,LP101,Furnish & Install Shrubs,Sy,"[""SHORT_TAG""]"
2329,LP101,Furnish & Install Shrubs,Sy,"[""SHORT_TAG""]"
2330,LP101,Furnish & Install Shrubs,Sy,"[""SHORT_TAG""]"
2331,LP101,Furnish & Install Shrubs,Sy,"[""SHORT_TAG""]"
2332,LP101,Furnish & Install Shrubs,St,"[""SHORT_TAG""]"
2333,LP101,Furnish & Install Shrubs,St,"[""SHORT_TAG""]"
2334,LP101,Furnish & Install Shrubs,St,"[""SHORT_TAG""]"
2335,LP101,Furnish & Install Shrubs,St,"[""SHORT_TAG""]"
2336,LP101,Furnish & Install Shrubs,St,"[""SHORT_TAG""]"
2337,LP101,Furnish & Install Shrubs,St,"[""SHORT_TAG""]"
2338,LP101,Furnish & Install Shrubs,St,"[""SHORT_TAG""]"
2339,LP101,Furnish & Install Shrubs,St,"[""SHORT_TAG""]"
2340,LP101,Furnish & Install Shrubs,St,"[""SHORT_TAG""]"
2341,LP101,Furnish & Install Shrubs,St,"[""SHORT_TAG""]"
2342,LP101,Furnish & Install Shrubs,St,"[""SHORT_TAG""]"
2343,LP101,Furnish & Install Shrubs,St,"[""SHORT_TAG""]"
2344,LP101,Furnish & Install Shrubs,St,"[""SHORT_TAG""]"
2345,LP101,Furnish & Install Shrubs,St,"[""SHORT_TAG""]"
2346,LP101,Furnish & Install Shrubs,St,"[""SHORT_TAG""]"
2347,LP101,Furnish & Install Shrubs,Hr,"[""SHORT_TAG""]"
2348,LP101,Furnish & Install Shrubs,Hr,"[""SHORT_TAG""]"
2349,LP101,Furnish & Install Shrubs,Hr,"[""SHORT_TAG""]"
2350,LP101,Furnish & Install Shrubs,Hr,"[""SHORT_TAG""]"
2351,LP101,Furnish & Install Shrubs,Hr,"[""SHORT_TAG""]"
2352,LP101,Furnish & Install Shrubs,Hr,"[""SHORT_TAG""]"
2353,LP101,Furnish & Install Shrubs,Hr,"[""SHORT_TAG""]"
2354,LP101,Furnish & Install Shrubs,Hr,"[""SHORT_TAG""]"
2355,LP101,Furnish & Install Shrubs,Hr,"[""SHORT_TAG""]"
2356,LP101,Furnish & Install Shrubs,Hr,"[""SHORT_TAG""]"
2357,LP101,Furnish & Install Shrubs,Pd,"[""SHORT_TAG""]"
2358,LP101,Furnish & Install Shrubs,Pd,"[""SHORT_TAG""]"
2359,LP101,Furnish & Install Shrubs,Pd,"[""SHORT_TAG""]"
2360,LP101,Furnish & Install Shrubs,Pd,"[""SHORT_TAG""]"
2361,LP101,Furnish & Install Shrubs,Pd,"[""SHORT_TAG""]"
2362,LP101,Furnish & Install Shrubs,Pd,"[""SHORT_TAG""]"
2363,LP101,Furnish & Install Shrubs,Pd,"[""SHORT_TAG""]"
2364,LP101,Furnish & Install Shrubs,Pd,"[""SHORT_TAG""]"
2365,LP101,Furnish & Install Shrubs,Pd,"[""SHORT_TAG""]"
2366,LP101,Furnish & Install Shrubs,Pd,"[""SHORT_TAG""]"
2367,LP101,Furnish & Install Shrubs,Pd,"[""SHORT_TAG""]"
2368,LP101,Furnish & Install Shrubs,F J F J F J F J F J F J F J F J F J F J F J F J F J F J F J F J F J F J F J F J F J,[]
2369,LP101,Furnish & Install Shrubs,Ck Ck Ck Ck CkCkCkCk CkCkCkCkCkCkCk CkCkCkCk Ck Ck Ck Ck Ck Ck Ck Ck Ck Ck Ck Ck Ck Ck Ck Ck Ck Ck Ck Ck Ck Ck Ck,[]
2370,LP101,Furnish & Install Shrubs,CkCk,[]
2371,LP101,Furnish & Install Shrubs,Ec,"[""SHORT_TAG""]"
2372,LP101,Furnish & Install Shrubs,Ec,"[""SHORT_TAG""]"
2373,LP101,Furnish & Install Shrubs,Ec,"[""SHORT_TAG""]"
2374,LP101,Furnish & Install Shrubs,Ec,"[""SHORT_TAG""]"
2375,LP101,Furnish & Install Shrubs,Ec,"[""SHORT_TAG""]"
2376,LP101,Furnish & Install Shrubs,Ec,"[""SHORT_TAG""]"
2377,LP101,Furnish & Install Shrubs,Ec,"[""SHORT_TAG""]"
2378,LP101,Furnish & Install Shrubs,Ec,"[""SHORT_TAG""]"
2379,LP101,Furnish & Install Shrubs,Ec,"[""SHORT_TAG""]"
2380,LP101,Furnish & Install Shrubs,Ec,"[""SHORT_TAG""]"
2381,LP101,Furnish & Install Shrubs,B J B J B J B J B J B J,[]
2382,LP101,Furnish & Install Shrubs,Pl,"[""SHORT_TAG""]"
2383,LP101,Furnish & Install Shrubs,Pl,"[""SHORT_TAG""]"
2384,LP101,Furnish & Install Shrubs,Pl,"[""SHORT_TAG""]"
2385,LP101,Furnish & Install Shrubs,Pl,"[""SHORT_TAG""]"
2386,LP101,Furnish & Install Shrubs,Pl,"[""SHORT_TAG""]"
2387,LP101,Furnish & Install Shrubs,Pl,"[""SHORT_TAG""]"
2388,LP101,Furnish & Install Shrubs,Pl,"[""SHORT_TAG""]"
2389,LP101,Furnish & Install Shrubs,Hr,"[""SHORT_TAG""]"
2390,LP101,Furnish & Install Shrubs,Hr,"[""SHORT_TAG""]"
2391,LP101,Furnish & Install Shrubs,Hr,"[""SHORT_TAG""]"
2392,LP101,Furnish & Install Shrubs,Hr,"[""SHORT_TAG""]"
2393,LP101,Furnish & Install Shrubs,Hr,"[""SHORT_TAG""]"
2394,LP101,Furnish & Install Shrubs,Hr,"[""SHORT_TAG""]"
2395,LP101,Furnish & Install Shrubs,Hr,"[""SHORT_TAG""]"
2396,LP101,Furnish & Install Shrubs,Hr,"[""SHORT_TAG""]"
2397,LP101,Furnish & Install Shrubs,Hr,"[""SHORT_TAG""]"
2398,LP101,Furnish & Install Shrubs,Hr,"[""SHORT_TAG""]"
2399,LP101,Furnish & Install Shrubs,Hr,"[""SHORT_TAG""]"
2400,LP101,Furnish & Install Shrubs,Hr,"[""SHORT_TAG""]"
2401,LP101,Furnish & Install Shrubs,Hr,"[""SHORT_TAG""]"
2402,LP101,Furnish & Install Shrubs,Hr,"[""SHORT_TAG""]"
2403,LP101,Furnish & Install Shrubs,Hr,"[""SHORT_TAG""]"
2404,LP101,Furnish & Install Shrubs,Hr,"[""SHORT_TAG""]"
2405,LP101,Furnish & Install Shrubs,Hr,"[""SHORT_TAG""]"
2406,LP101,Furnish & Install Shrubs,Hr,"[""SHORT_TAG""]"
2407,LP101,Furnish & Install Shrubs,Hr,"[""SHORT_TAG""]"
2408,LP101,Furnish & Install Shrubs,Hr,"[""SHORT_TAG""]"
2409,LP101,Furnish & Install Shrubs,Hr,"[""SHORT_TAG""]"
2410,LP101,Furnish & Install Shrubs,Hr,"[""SHORT_TAG""]"
2411,LP101,Furnish & Install Shrubs,Hr,"[""SHORT_TAG""]"
2412,LP101,Furnish & Install Shrubs,Hr,"[""SHORT_TAG""]"
2413,LP101,Furnish & Install Shrubs,Hr,"[""SHORT_TAG""]"
2414,LP101,Furnish & Install Shrubs,Hr,"[""SHORT_TAG""]"
2415,LP101,Furnish & Install Shrubs,Hr,"[""SHORT_TAG""]"
2416,LP101,Furnish & Install Shrubs,Hr,"[""SHORT_TAG""]"
2417,LP101,Furnish & Install Shrubs,Hr,"[""SHORT_TAG""]"
2418,LP101,Furnish & Install Shrubs,Hr,"[""SHORT_TAG""]"
2419,LP101,Furnish & Install Shrubs,Hr,"[""SHORT_TAG""]"
2420,LP101,Furnish & Install Shrubs,Hr,"[""SHORT_TAG""]"
2421,LP101,Furnish & Install Shrubs,Hr,"[""SHORT_TAG""]"
2422,LP101,Furnish & Install Shrubs,Hr,"[""SHORT_TAG""]"
2423,LP101,Furnish & Install Shrubs,Hr,"[""SHORT_TAG""]"
2424,LP101,Furnish & Install Shrubs,Hr,"[""SHORT_TAG""]"
2425,LP101,Furnish & Install Shrubs,Hr,"[""SHORT_TAG""]"
2426,LP101,Furnish & Install Shrubs,Hr,"[""SHORT_TAG""]"
2427,LP101,Furnish & Install Shrubs,Pd,"[""SHORT_TAG""]"
2428,LP101,Furnish & Install Shrubs,Pd,"[""SHORT_TAG""]"
2429,LP101,Furnish & Install Shrubs,Pd,"[""SHORT_TAG""]"
2430,LP101,Furnish & Install Shrubs,Pd,"[""SHORT_TAG""]"
2431,LP101,Furnish & Install Shrubs,Pd,"[""SHORT_TAG""]"
2432,LP101,Furnish & Install Shrubs,Pd,"[""SHORT_TAG""]"
2433,LP101,Furnish & Install Shrubs,Pd Pd,[]
2434,LP101,Furnish & Install Shrubs,Pd,"[""SHORT_TAG""]"
2435,LP101,Furnish & Install Shrubs,Pd,"[""SHORT_TAG""]"
2436,LP101,Furnish & Install Shrubs,Pd,"[""SHORT_TAG""]"
2437,LP101,Furnish & Install Shrubs,Pd,"[""SHORT_TAG""]"
2438,LP101,Furnish & Install Shrubs,Pd,"[""SHORT_TAG""]"
2439,LP101,Furnish & Install Shrubs,Pd,"[""SHORT_TAG""]"
2440,LP101,Furnish & Install Shrubs,Td,"[""SHORT_TAG""]"
2441,LP101,Furnish & Install Shrubs,Bl,"[""SHORT_TAG""]"
2442,LP101,Furnish & Install Shrubs,Bl,"[""SHORT_TAG""]"
2443,LP101,Furnish & Install Shrubs,Bl,"[""SHORT_TAG""]"
2444,LP101,Furnish & Install Shrubs,Bl,"[""SHORT_TAG""]"
2445,LP101,Furnish & Install Shrubs,Bl,"[""SHORT_TAG""]"
2446,LP101,Furnish & Install Shrubs,Bl,"[""SHORT_TAG""]"
2447,LP101,Furnish & Install Shrubs,Bl,"[""SHORT_TAG""]"
2448,LP101,Furnish & Install Shrubs,Bl,"[""SHORT_TAG""]"
2449,LP101,Furnish & Install Shrubs,Bl,"[""SHORT_TAG""]"
2450,LP101,Furnish & Install Shrubs,Bl,"[""SHORT_TAG""]"
2451,LP101,Furnish & Install Shrubs,Bl,"[""SHORT_TAG""]"
2452,LP101,Furnish & Install Shrubs,Bl,"[""SHORT_TAG""]"
2453,LP101,Furnish & Install Shrubs,Bl,"[""SHORT_TAG""]"
2454,LP101,Furnish & Install Shrubs,Bl,"[""SHORT_TAG""]"
2455,LP101,Furnish & Install Shrubs,Bl,"[""SHORT_TAG""]"
2456,LP101,Furnish & Install Shrubs,Bl,"[""SHORT_TAG""]"
2457,LP101,Furnish & Install Shrubs,Bl,"[""SHORT_TAG""]"
2458,LP101,Furnish & Install Shrubs,Bl,"[""SHORT_TAG""]"
2459,LP101,Furnish & Install Shrubs,Bl,"[""SHORT_TAG""]"
2460,LP101,Furnish & Install Shrubs,Bl,"[""SHORT_TAG""]"
2461,LP101,Furnish & Install Shrubs,Bl,"[""SHORT_TAG""]"
2462,LP101,Furnish & Install Shrubs,Bl,"[""SHORT_TAG""]"
2463,LP101,Furnish & Install Shrubs,Bl,"[""SHORT_TAG""]"
2464,LP101,Furnish & Install Shrubs,Bl,"[""SHORT_TAG""]"
2465,LP101,Furnish & Install Shrubs,Bl,"[""SHORT_TAG""]"
2466,LP101,Furnish & Install Shrubs,Td,"[""SHORT_TAG""]"
2467,LP101,Furnish & Install Shrubs,Td,"[""SHORT_TAG""]"
2468,LP101,Furnish & Install Shrubs,Pd,"[""SHORT_TAG""]"
2469,LP101,Furnish & Install Shrubs,Pd,"[""SHORT_TAG""]"
2470,LP101,Furnish & Install Shrubs,Td,"[""SHORT_TAG""]"
2471,LP101,Furnish & Install Shrubs,Td,"[""SHORT_TAG""]"
2472,LP101,Furnish & Install Shrubs,Td,"[""SHORT_TAG""]"
2473,LP101,Furnish & Install Shrubs,Bl,"[""SHORT_TAG""]"
2474,LP101,Furnish & Install Shrubs,Bl,"[""SHORT_TAG""]"
2475,LP101,Furnish & Install Shrubs,Bl,"[""SHORT_TAG""]"
2476,LP101,Furnish & Install Shrubs,Bl,"[""SHORT_TAG""]"
2477,LP101,Furnish & Install Shrubs,Bl,"[""SHORT_TAG""]"
2478,LP101,Furnish & Install Shrubs,Td,"[""SHORT_TAG""]"
2479,LP101,Furnish & Install Shrubs,Td,"[""SHORT_TAG""]"
2480,LP101,Furnish & Install Shrubs,Td,"[""SHORT_TAG""]"
2481,LP101,Furnish & Install Shrubs,Td,"[""SHORT_TAG""]"
2482,LP101,Furnish & Install Shrubs,Td,"[""SHORT_TAG""]"
2483,LP101,Furnish & Install Shrubs,B J B J B J B J B J B J B J,[]
2484,LP101,Furnish & Install Shrubs,Pl,"[""SHORT_TAG""]"
2485,LP101,Furnish & Install Shrubs,Pl,"[""SHORT_TAG""]"
2486,LP101,Furnish & Install Shrubs,Pl,"[""SHORT_TAG""]"
2487,LP101,Furnish & Install Shrubs,Pl,"[""SHORT_TAG""]"
2488,LP101,Furnish & Install Shrubs,Pl,"[""SHORT_TAG""]"
2489,LP101,Furnish & Install Shrubs,Pl,"[""SHORT_TAG""]"
2490,LP101,Furnish & Install Shrubs,Pl,"[""SHORT_TAG""]"
2491,LP101,Furnish & Install Shrubs,Pl,"[""SHORT_TAG""]"
2492,LP101,Furnish & Install Shrubs,Pl,"[""SHORT_TAG""]"
2493,LP101,Furnish & Install Shrubs,Pl,"[""SHORT_TAG""]"
2494,LP101,Furnish & Install Shrubs,Hr,"[""SHORT_TAG""]"
2495,LP101,Furnish & Install Shrubs,Hr,"[""SHORT_TAG""]"
2496,LP101,Furnish & Install Shrubs,Hr,"[""SHORT_TAG""]"
2497,LP101,Furnish & Install Shrubs,Hr,"[""SHORT_TAG""]"
2498,LP101,Furnish & Install Shrubs,Hr,"[""SHORT_TAG""]"
2499,LP101,Furnish & Install Shrubs,Hr,"[""SHORT_TAG""]"
2500,LP101,Furnish & Install Shrubs,Hr,"[""SHORT_TAG""]"
2501,LP101,Furnish & Install Shrubs,Hr,"[""SHORT_TAG""]"
2502,LP101,Furnish & Install Shrubs,Hr,"[""SHORT_TAG""]"
2503,LP101,Furnish & Install Shrubs,Hr,"[""SHORT_TAG""]"
2504,LP101,Furnish & Install Shrubs,Hr,"[""SHORT_TAG""]"
2505,LP101,Furnish & Install Shrubs,Hr,"[""SHORT_TAG""]"
2506,LP101,Furnish & Install Shrubs,Hr,"[""SHORT_TAG""]"
2507,LP101,Furnish & Install Shrubs,Hr,"[""SHORT_TAG""]"
2508,LP101,Furnish & Install Shrubs,Hr,"[""SHORT_TAG""]"
2509,LP101,Furnish & Install Shrubs,Hr,"[""SHORT_TAG""]"
2510,LP101,Furnish & Install Shrubs,Hr,"[""SHORT_TAG""]"
2511,LP101,Furnish & Install Shrubs,Hr,"[""SHORT_TAG""]"
2512,LP101,Furnish & Install Shrubs,Hr,"[""SHORT_TAG""]"
2513,LP101,Furnish & Install Shrubs,Hr,"[""SHORT_TAG""]"
2514,LP101,Furnish & Install Shrubs,Hr,"[""SHORT_TAG""]"
2515,LP101,Furnish & Install Shrubs,Hr,"[""SHORT_TAG""]"
2516,LP101,Furnish & Install Shrubs,Hr,"[""SHORT_TAG""]"
2517,LP101,Furnish & Install Shrubs,Hr,"[""SHORT_TAG""]"
2518,LP101,Furnish & Install Shrubs,Hr,"[""SHORT_TAG""]"
2519,LP101,Furnish & Install Shrubs,Hr,"[""SHORT_TAG""]"
2520,LP101,Furnish & Install Shrubs,Hr,"[""SHORT_TAG""]"
2521,LP101,Furnish & Install Shrubs,Hr,"[""SHORT_TAG""]"
2522,LP101,Furnish & Install Shrubs,Hr,"[""SHORT_TAG""]"
2523,LP101,Furnish & Install Shrubs,Hr,"[""SHORT_TAG""]"
2524,LP101,Furnish & Install Shrubs,Hr,"[""SHORT_TAG""]"
2525,LP101,Furnish & Install Shrubs,Hr,"[""SHORT_TAG""]"
2526,LP101,Furnish & Install Shrubs,Hr,"[""SHORT_TAG""]"
2527,LP101,Furnish & Install Shrubs,Hr,"[""SHORT_TAG""]"
2528,LP101,Furnish & Install Shrubs,Hr,"[""SHORT_TAG""]"
2529,LP101,Furnish & Install Shrubs,Hr,"[""SHORT_TAG""]"
2530,LP101,Furnish & Install Shrubs,Pd,"[""SHORT_TAG""]"
2531,LP101,Furnish & Install Shrubs,Pd,"[""SHORT_TAG""]"
2532,LP101,Furnish & Install Shrubs,Pd,"[""SHORT_TAG""]"
2533,LP101,Furnish & Install Shrubs,Pd,"[""SHORT_TAG""]"
2534,LP101,Furnish & Install Shrubs,Pd,"[""SHORT_TAG""]"
2535,LP101,Furnish & Install Shrubs,Pd,"[""SHORT_TAG""]"
2536,LP101,Furnish & Install Shrubs,Pd,"[""SHORT_TAG""]"
2537,LP101,Furnish & Install Shrubs,Pd,"[""SHORT_TAG""]"
2538,LP101,Furnish & Install Shrubs,Pd,"[""SHORT_TAG""]"
2539,LP101,Furnish & Install Shrubs,Pd,"[""SHORT_TAG""]"
2540,LP101,Furnish & Install Shrubs,Pd,"[""SHORT_TAG""]"
2541,LP101,Furnish & Install Shrubs,Pd,"[""SHORT_TAG""]"
2542,LP101,Furnish & Install Shrubs,Pd,"[""SHORT_TAG""]"
2543,LP101,Furnish & Install Shrubs,Pd,"[""SHORT_TAG""]"
2544,LP101,Furnish & Install Shrubs,Td,"[""SHORT_TAG""]"
2545,LP101,Furnish & Install Shrubs,Td,"[""SHORT_TAG""]"
2546,LP101,Furnish & Install Shrubs,Bl,"[""SHORT_TAG""]"
2547,LP101,Furnish & Install Shrubs,Bl,"[""SHORT_TAG""]"
2548,LP101,Furnish & Install Shrubs,Bl,"[""SHORT_TAG""]"
2549,LP101,Furnish & Install Shrubs,Bl,"[""SHORT_TAG""]"
2550,LP101,Furnish & Install Shrubs,Bl,"[""SHORT_TAG""]"
2551,LP101,Furnish & Install Shrubs,Bl,"[""SHORT_TAG""]"
2552,LP101,Furnish & Install Shrubs,Bl,"[""SHORT_TAG""]"
2553,LP101,Furnish & Install Shrubs,Bl,"[""SHORT_TAG""]"
2554,LP101,Furnish & Install Shrubs,Bl,"[""SHORT_TAG""]"
2555,LP101,Furnish & Install Shrubs,Bl,"[""SHORT_TAG""]"
2556,LP101,Furnish & Install Shrubs,Bl,"[""SHORT_TAG""]"
2557,LP101,Furnish & Install Shrubs,Bl,"[""SHORT_TAG""]"
2558,LP101,Furnish & Install Shrubs,Bl,"[""SHORT_TAG""]"
2559,LP101,Furnish & Install Shrubs,Bl,"[""SHORT_TAG""]"
2560,LP101,Furnish & Install Shrubs,Bl,"[""SHORT_TAG""]"
2561,LP101,Furnish & Install Shrubs,Bl,"[""SHORT_TAG""]"
2562,LP101,Furnish & Install Shrubs,Bl,"[""SHORT_TAG""]"
2563,LP101,Furnish & Install Shrubs,Bl,"[""SHORT_TAG""]"
2564,LP101,Furnish & Install Shrubs,Bl,"[""SHORT_TAG""]"
2565,LP101,Furnish & Install Shrubs,Bl,"[""SHORT_TAG""]"
2566,LP101,Furnish & Install Shrubs,Bl,"[""SHORT_TAG""]"
2567,LP101,Furnish & Install Shrubs,Bl,"[""SHORT_TAG""]"
2568,LP101,Furnish & Install Shrubs,Bl,"[""SHORT_TAG""]"
2569,LP101,Furnish & Install Shrubs,Bl,"[""SHORT_TAG""]"
2570,LP101,Furnish & Install Shrubs,Bl,"[""SHORT_TAG""]"
2571,LP101,Furnish & Install Shrubs,Td,"[""SHORT_TAG""]"
2572,LP101,Furnish & Install Shrubs,Td,"[""SHORT_TAG""]"
2573,LP101,Furnish & Install Shrubs,Pd,"[""SHORT_TAG""]"
2574,LP101,Furnish & Install Shrubs,Pd,"[""SHORT_TAG""]"
2575,LP101,Furnish & Install Shrubs,Td,"[""SHORT_TAG""]"
2576,LP101,Furnish & Install Shrubs,Td,"[""SHORT_TAG""]"
2577,LP101,Furnish & Install Shrubs,Td,"[""SHORT_TAG""]"
2578,LP101,Furnish & Install Shrubs,Bl,"[""SHORT_TAG""]"
2579,LP101,Furnish & Install Shrubs,Bl,"[""SHORT_TAG""]"
2580,LP101,Furnish & Install Shrubs,Bl,"[""SHORT_TAG""]"
2581,LP101,Furnish & Install Shrubs,Bl,"[""SHORT_TAG""]"
2582,LP101,Furnish & Install Shrubs,Td,"[""SHORT_TAG""]"
2583,LP101,Furnish & Install Shrubs,Td,"[""SHORT_TAG""]"
2584,LP101,Furnish & Install Shrubs,Td,"[""SHORT_TAG""]"
2585,LP101,Furnish & Install Shrubs,Td,"[""SHORT_TAG""]"
2586,LP101,Furnish & Install Shrubs,Td,"[""SHORT_TAG""]"
2587,LP101,Furnish & Install Shrubs,Td,"[""SHORT_TAG""]"
2588,LP101,Furnish & Install Shrubs,Td,"[""SHORT_TAG""]"
2589,LP101,Furnish & Install Shrubs,Td,"[""SHORT_TAG""]"
2590,LP101,Furnish & Install Shrubs,Hr,"[""SHORT_TAG""]"
2591,LP101,Furnish & Install Shrubs,Hr,"[""SHORT_TAG""]"
2592,LP101,Furnish & Install Shrubs,Hr,"[""SHORT_TAG""]"
2593,LP101,Furnish & Install Shrubs,Hr,"[""SHORT_TAG""]"
2594,LP101,Furnish & Install Shrubs,Hr,"[""SHORT_TAG""]"
2595,LP101,Furnish & Install Shrubs,Hr,"[""SHORT_TAG""]"
2596,LP101,Furnish & Install Shrubs,Hr,"[""SHORT_TAG""]"
2597,LP101,Furnish & Install Shrubs,Hr,"[""SHORT_TAG""]"
2598,LP101,Furnish & Install Shrubs,Hr,"[""SHORT_TAG""]"
2599,LP101,Furnish & Install Shrubs,Hr,"[""SHORT_TAG""]"
2600,LP101,Furnish & Install Shrubs,Hr,"[""SHORT_TAG""]"
2601,LP101,Furnish & Install Shrubs,Hr,"[""SHORT_TAG""]"
2602,LP101,Furnish & Install Shrubs,Hr,"[""SHORT_TAG""]"
2603,LP101,Furnish & Install Shrubs,Hr,"[""SHORT_TAG""]"
2604,LP101,Furnish & Install Shrubs,Hr,"[""SHORT_TAG""]"
2605,LP101,Furnish & Install Shrubs,Hr,"[""SHORT_TAG""]"
2606,LP101,Furnish & Install Shrubs,Hr,"[""SHORT_TAG""]"
2607,LP101,Furnish & Install Shrubs,Hr,"[""SHORT_TAG""]"
2608,LP101,Furnish & Install Shrubs,Hr,"[""SHORT_TAG""]"
2609,LP101,Furnish & Install Shrubs,Hr,"[""SHORT_TAG""]"
2610,LP101,Furnish & Install Shrubs,Hr,"[""SHORT_TAG""]"
2611,LP101,Furnish & Install Shrubs,Hr,"[""SHORT_TAG""]"
2612,LP101,Furnish & Install Shrubs,Hr,"[""SHORT_TAG""]"
2613,LP101,Furnish & Install Shrubs,Hr,"[""SHORT_TAG""]"
2614,LP101,Furnish & Install Shrubs,Hr,"[""SHORT_TAG""]"
2615,LP101,Furnish & Install Shrubs,Hr,"[""SHORT_TAG""]"
2616,LP101,Furnish & Install Shrubs,Pd,"[""SHORT_TAG""]"
2617,LP101,Furnish & Install Shrubs,Pd,"[""SHORT_TAG""]"
2618,LP101,Furnish & Install Shrubs,Pd,"[""SHORT_TAG""]"
2619,LP101,Furnish & Install Shrubs,Pd,"[""SHORT_TAG""]"
2620,LP101,Furnish & Install Shrubs,Pd,"[""SHORT_TAG""]"
2621,LP101,Furnish & Install Shrubs,Pd,"[""SHORT_TAG""]"
2622,LP101,Furnish & Install Shrubs,Pd,"[""SHORT_TAG""]"
2623,LP101,Furnish & Install Shrubs,Pd,"[""SHORT_TAG""]"
2624,LP101,Furnish & Install Shrubs,Pd,"[""SHORT_TAG""]"
2625,LP101,Furnish & Install Shrubs,Pd,"[""SHORT_TAG""]"
2626,LP101,Furnish & Install Shrubs,Pd,"[""SHORT_TAG""]"
2627,LP101,Furnish & Install Shrubs,Pd,"[""SHORT_TAG""]"
2628,LP101,Furnish & Install Shrubs,Pd,"[""SHORT_TAG""]"
2629,LP101,Furnish & Install Shrubs,Pd,"[""SHORT_TAG""]"
2630,LP101,Furnish & Install Shrubs,Td,"[""SHORT_TAG""]"
2631,LP101,Furnish & Install Shrubs,Td,"[""SHORT_TAG""]"
2632,LP101,Furnish & Install Shrubs,Td,"[""SHORT_TAG""]"
2633,LP101,Furnish & Install Shrubs,Bl,"[""SHORT_TAG""]"
2634,LP101,Furnish & Install Shrubs,Bl,"[""SHORT_TAG""]"
2635,LP101,Furnish & Install Shrubs,Bl,"[""SHORT_TAG""]"
2636,LP101,Furnish & Install Shrubs,Bl,"[""SHORT_TAG""]"
2637,LP101,Furnish & Install Shrubs,Bl,"[""SHORT_TAG""]"
2638,LP101,Furnish & Install Shrubs,Bl,"[""SHORT_TAG""]"
2639,LP101,Furnish & Install Shrubs,Bl,"[""SHORT_TAG""]"
2640,LP101,Furnish & Install Shrubs,Bl,"[""SHORT_TAG""]"
2641,LP101,Furnish & Install Shrubs,Bl,"[""SHORT_TAG""]"
2642,LP101,Furnish & Install Shrubs,Bl,"[""SHORT_TAG""]"
2643,LP101,Furnish & Install Shrubs,Bl,"[""SHORT_TAG""]"
2644,LP101,Furnish & Install Shrubs,Bl,"[""SHORT_TAG""]"
2645,LP101,Furnish & Install Shrubs,Bl,"[""SHORT_TAG""]"
2646,LP101,Furnish & Install Shrubs,Bl,"[""SHORT_TAG""]"
2647,LP101,Furnish & Install Shrubs,Bl,"[""SHORT_TAG""]"
2648,LP101,Furnish & Install Shrubs,Bl,"[""SHORT_TAG""]"
2649,LP101,Furnish & Install Shrubs,Bl,"[""SHORT_TAG""]"
2650,LP101,Furnish & Install Shrubs,Bl,"[""SHORT_TAG""]"
2651,LP101,Furnish & Install Shrubs,Bl,"[""SHORT_TAG""]"
2652,LP101,Furnish & Install Shrubs,Bl,"[""SHORT_TAG""]"
2653,LP101,Furnish & Install Shrubs,Bl,"[""SHORT_TAG""]"
2654,LP101,Furnish & Install Shrubs,Bl,"[""SHORT_TAG""]"
2655,LP101,Furnish & Install Shrubs,Bl,"[""SHORT_TAG""]"
2656,LP101,Furnish & Install Shrubs,Pd,"[""SHORT_TAG""]"
2657,LP101,Furnish & Install Shrubs,Pd,"[""SHORT_TAG""]"
2658,LP101,Furnish & Install Shrubs,Td,"[""SHORT_TAG""]"
2659,LP101,Furnish & Install Shrubs,Td,"[""SHORT_TAG""]"
2660,LP101,Furnish & Install Shrubs,Td,"[""SHORT_TAG""]"
2661,LP101,Furnish & Install Shrubs,Bl,"[""SHORT_TAG""]"
2662,LP101,Furnish & Install Shrubs,Bl,"[""SHORT_TAG""]"
2663,LP101,Furnish & Install Shrubs,Bl,"[""SHORT_TAG""]"
2664,LP101,Furnish & Install Shrubs,Bl,"[""SHORT_TAG""]"
2665,LP101,Furnish & Install Shrubs,Td,"[""SHORT_TAG""]"
2666,LP101,Furnish & Install Shrubs,Td,"[""SHORT_TAG""]"
2667,LP101,Furnish & Install Shrubs,Td,"[""SHORT_TAG""]"
2668,LP101,Furnish & Install Shrubs,Td,"[""SHORT_TAG""]"
2669,LP101,Furnish & Install Shrubs,Td,"[""SHORT_TAG""]"
2670,LP101,Furnish & Install Shrubs,B J B J B J B J B J B J,[]
2671,LP101,Furnish & Install Shrubs,Pl,"[""SHORT_TAG""]"
2672,LP101,Furnish & Install Shrubs,Pl,"[""SHORT_TAG""]"
2673,LP101,Furnish & Install Shrubs,Pl,"[""SHORT_TAG""]"
2674,LP101,Furnish & Install Shrubs,Pl,"[""SHORT_TAG""]"
2675,LP101,Furnish & Install Shrubs,Pl,"[""SHORT_TAG""]"
2676,LP101,Furnish & Install Shrubs,Pl,"[""SHORT_TAG""]"
2677,LP101,Furnish & Install Shrubs,Pl,"[""SHORT_TAG""]"
2678,LP101,Furnish & Install Shrubs,Pl,"[""SHORT_TAG""]"
2679,LP101,Furnish & Install Shrubs,Pl,"[""SHORT_TAG""]"
2680,LP101,Furnish & Install Shrubs,Hr,"[""SHORT_TAG""]"
2681,LP101,Furnish & Install Shrubs,Hr,"[""SHORT_TAG""]"
2682,LP101,Furnish & Install Shrubs,Hr,"[""SHORT_TAG""]"
2683,LP101,Furnish & Install Shrubs,Hr,"[""SHORT_TAG""]"
2684,LP101,Furnish & Install Shrubs,Hr,"[""SHORT_TAG""]"
2685,LP101,Furnish & Install Shrubs,Hr,"[""SHORT_TAG""]"
2686,LP101,Furnish & Install Shrubs,Hr,"[""SHORT_TAG""]"
2687,LP101,Furnish & Install Shrubs,Hr,"[""SHORT_TAG""]"
2688,LP101,Furnish & Install Shrubs,Hr,"[""SHORT_TAG""]"
2689,LP101,Furnish & Install Shrubs,Hr,"[""SHORT_TAG""]"
2690,LP101,Furnish & Install Shrubs,Hr,"[""SHORT_TAG""]"
2691,LP101,Furnish & Install Shrubs,Hr,"[""SHORT_TAG""]"
2692,LP101,Furnish & Install Shrubs,Hr,"[""SHORT_TAG""]"
2693,LP101,Furnish & Install Shrubs,Hr,"[""SHORT_TAG""]"
2694,LP101,Furnish & Install Shrubs,Hr,"[""SHORT_TAG""]"
2695,LP101,Furnish & Install Shrubs,Hr,"[""SHORT_TAG""]"
2696,LP101,Furnish & Install Shrubs,Hr,"[""SHORT_TAG""]"
2697,LP101,Furnish & Install Shrubs,Hr,"[""SHORT_TAG""]"
2698,LP101,Furnish & Install Shrubs,Hr,"[""SHORT_TAG""]"
2699,LP101,Furnish & Install Shrubs,Hr,"[""SHORT_TAG""]"
2700,LP101,Furnish & Install Shrubs,Hr,"[""SHORT_TAG""]"
2701,LP101,Furnish & Install Shrubs,Hr,"[""SHORT_TAG""]"
2702,LP101,Furnish & Install Shrubs,Hr,"[""SHORT_TAG""]"
2703,LP101,Furnish & Install Shrubs,Hr,"[""SHORT_TAG""]"
2704,LP101,Furnish & Install Shrubs,Hr,"[""SHORT_TAG""]"
2705,LP101,Furnish & Install Shrubs,Hr,"[""SHORT_TAG""]"
2706,LP101,Furnish & Install Shrubs,Hr,"[""SHORT_TAG""]"
2707,LP101,Furnish & Install Shrubs,Hr,"[""SHORT_TAG""]"
2708,LP101,Furnish & Install Shrubs,Hr,"[""SHORT_TAG""]"
2709,LP101,Furnish & Install Shrubs,Hr,"[""SHORT_TAG""]"
2710,LP101,Furnish & Install Shrubs,Hr,"[""SHORT_TAG""]"
2711,LP101,Furnish & Install Shrubs,Hr,"[""SHORT_TAG""]"
2712,LP101,Furnish & Install Shrubs,Hr,"[""SHORT_TAG""]"
2713,LP101,Furnish & Install Shrubs,Hr,"[""SHORT_TAG""]"
2714,LP101,Furnish & Install Shrubs,Hr,"[""SHORT_TAG""]"
2715,LP101,Furnish & Install Shrubs,Hr,"[""SHORT_TAG""]"
2716,LP101,Furnish & Install Shrubs,Pd,"[""SHORT_TAG""]"
2717,LP101,Furnish & Install Shrubs,Pd,"[""SHORT_TAG""]"
2718,LP101,Furnish & Install Shrubs,Pd,"[""SHORT_TAG""]"
2719,LP101,Furnish & Install Shrubs,Pd,"[""SHORT_TAG""]"
2720,LP101,Furnish & Install Shrubs,Pd,"[""SHORT_TAG""]"
2721,LP101,Furnish & Install Shrubs,Pd,"[""SHORT_TAG""]"
2722,LP101,Furnish & Install Shrubs,Pd,"[""SHORT_TAG""]"
2723,LP101,Furnish & Install Shrubs,Pd,"[""SHORT_TAG""]"
2724,LP101,Furnish & Install Shrubs,Pd,"[""SHORT_TAG""]"
2725,LP101,Furnish & Install Shrubs,Pd,"[""SHORT_TAG""]"
2726,LP101,Furnish & Install Shrubs,Pd,"[""SHORT_TAG""]"
2727,LP101,Furnish & Install Shrubs,Pd,"[""SHORT_TAG""]"
2728,LP101,Furnish & Install Shrubs,Pd,"[""SHORT_TAG""]"
2729,LP101,Furnish & Install Shrubs,Pd,"[""SHORT_TAG""]"
2730,LP101,Furnish & Install Shrubs,Bl,"[""SHORT_TAG""]"
2731,LP101,Furnish & Install Shrubs,Bl,"[""SHORT_TAG""]"
2732,LP101,Furnish & Install Shrubs,Bl,"[""SHORT_TAG""]"
2733,LP101,Furnish & Install Shrubs,Bl,"[""SHORT_TAG""]"
2734,LP101,Furnish & Install Shrubs,Bl,"[""SHORT_TAG""]"
2735,LP101,Furnish & Install Shrubs,Bl,"[""SHORT_TAG""]"
2736,LP101,Furnish & Install Shrubs,Bl,"[""SHORT_TAG""]"
2737,LP101,Furnish & Install Shrubs,Bl,"[""SHORT_TAG""]"
2738,LP101,Furnish & Install Shrubs,Bl,"[""SHORT_TAG""]"
2739,LP101,Furnish & Install Shrubs,Bl,"[""SHORT_TAG""]"
2740,LP101,Furnish & Install Shrubs,Bl,"[""SHORT_TAG""]"
2741,LP101,Furnish & Install Shrubs,Bl,"[""SHORT_TAG""]"
2742,LP101,Furnish & Install Shrubs,Bl,"[""SHORT_TAG""]"
2743,LP101,Furnish & Install Shrubs,Bl,"[""SHORT_TAG""]"
2744,LP101,Furnish & Install Shrubs,Bl,"[""SHORT_TAG""]"
2745,LP101,Furnish & Install Shrubs,Bl,"[""SHORT_TAG""]"
2746,LP101,Furnish & Install Shrubs,Bl,"[""SHORT_TAG""]"
2747,LP101,Furnish & Install Shrubs,Bl,"[""SHORT_TAG""]"
2748,LP101,Furnish & Install Shrubs,Bl,"[""SHORT_TAG""]"
2749,LP101,Furnish & Install Shrubs,Bl,"[""SHORT_TAG""]"
2750,LP101,Furnish & Install Shrubs,Bl,"[""SHORT_TAG""]"
2751,LP101,Furnish & Install Shrubs,Bl,"[""SHORT_TAG""]"
2752,LP101,Furnish & Install Shrubs,Bl,"[""SHORT_TAG""]"
2753,LP101,Furnish & Install Shrubs,Td,"[""SHORT_TAG""]"
2754,LP101,Furnish & Install Shrubs,Td,"[""SHORT_TAG""]"
2755,LP101,Furnish & Install Shrubs,Td,"[""SHORT_TAG""]"
2756,LP101,Furnish & Install Shrubs,Bl,"[""SHORT_TAG""]"
2757,LP101,Furnish & Install Shrubs,Bl,"[""SHORT_TAG""]"
2758,LP101,Furnish & Install Shrubs,Bl,"[""SHORT_TAG""]"
2759,LP101,Furnish & Install Shrubs,Bl,"[""SHORT_TAG""]"
2760,LP101,Furnish & Install Shrubs,Bl,"[""SHORT_TAG""]"
2761,LP101,Furnish & Install Shrubs,Bl,"[""SHORT_TAG""]"
2762,LP101,Furnish & Install Shrubs,Td,"[""SHORT_TAG""]"
2763,LP101,Furnish & Install Shrubs,Td,"[""SHORT_TAG""]"
2764,LP101,Furnish & Install Shrubs,Td,"[""SHORT_TAG""]"
2765,LP101,Furnish & Install Shrubs,Td,"[""SHORT_TAG""]"
2766,LP101,Furnish & Install Shrubs,Td,"[""SHORT_TAG""]"
2767,LP101,Furnish & Install Shrubs,B J B J B J B J B J B J B J B J B J B J B J B J B J,[]
2768,LP101,Furnish & Install Shrubs,Pl,"[""SHORT_TAG""]"
2769,LP101,Furnish & Install Shrubs,Pl,"[""SHORT_TAG""]"
2770,LP101,Furnish & Install Shrubs,Pl,"[""SHORT_TAG""]"
2771,LP101,Furnish & Install Shrubs,Pl,"[""SHORT_TAG""]"
2772,LP101,Furnish & Install Shrubs,Pl,"[""SHORT_TAG""]"
2773,LP101,Furnish & Install Shrubs,Pl,"[""SHORT_TAG""]"
2774,LP101,Furnish & Install Shrubs,Pl,"[""SHORT_TAG""]"
2775,LP101,Furnish & Install Shrubs,Pl,"[""SHORT_TAG""]"
2776,LP101,Furnish & Install Shrubs,Pl,"[""SHORT_TAG""]"
2777,LP101,Furnish & Install Shrubs,Pl,"[""SHORT_TAG""]"
2778,LP101,Furnish & Install Shrubs,Hp,"[""SHORT_TAG""]"
2779,LP101,Furnish & Install Shrubs,Hp,"[""SHORT_TAG""]"
2780,LP101,Furnish & Install Shrubs,Hp,"[""SHORT_TAG""]"
2781,LP101,Furnish & Install Shrubs,Hp,"[""SHORT_TAG""]"
2782,LP101,Furnish & Install Shrubs,Bh,"[""SHORT_TAG""]"
2783,LP101,Furnish & Install Shrubs,Bh,"[""SHORT_TAG""]"
2784,LP101,Furnish & Install Shrubs,Bh,"[""SHORT_TAG""]"
2785,LP101,Furnish & Install Shrubs,Bh,"[""SHORT_TAG""]"
2786,LP101,Furnish & Install Shrubs,Bh,"[""SHORT_TAG""]"
2787,LP101,Furnish & Install Shrubs,Bh,"[""SHORT_TAG""]"
2788,LP101,Furnish & Install Shrubs,Sy,"[""SHORT_TAG""]"
2789,LP101,Furnish & Install Shrubs,Sy,"[""SHORT_TAG""]"
2790,LP101,Furnish & Install Shrubs,Sy,"[""SHORT_TAG""]"
2791,LP101,Furnish & Install Shrubs,Sy,"[""SHORT_TAG""]"
2792,LP101,Furnish & Install Shrubs,Sy,"[""SHORT_TAG""]"
2793,LP101,Furnish & Install Shrubs,Sy,"[""SHORT_TAG""]"
2794,LP101,Furnish & Install Shrubs,Sy,"[""SHORT_TAG""]"
2795,LP101,Furnish & Install Shrubs,Sy,"[""SHORT_TAG""]"
2796,LP101,Furnish & Install Shrubs,Sy,"[""SHORT_TAG""]"
2797,LP101,Furnish & Install Shrubs,Sy,"[""SHORT_TAG""]"
2798,LP101,Furnish & Install Shrubs,Sy,"[""SHORT_TAG""]"
2799,LP101,Furnish & Install Shrubs,Sy,"[""SHORT_TAG""]"
2800,LP101,Furnish & Install Shrubs,Sy,"[""SHORT_TAG""]"
2801,LP101,Furnish & Install Shrubs,Sy,"[""SHORT_TAG""]"
2802,LP101,Furnish & Install Shrubs,Sy,"[""SHORT_TAG""]"
2803,LP101,Furnish & Install Shrubs,Sy,"[""SHORT_TAG""]"
2804,LP101,Furnish & Install Shrubs,Pl,"[""SHORT_TAG""]"
2805,LP101,Furnish & Install Shrubs,Pl,"[""SHORT_TAG""]"
2806,LP101,Furnish & Install Shrubs,Pl,"[""SHORT_TAG""]"
2807,LP101,Furnish & Install Shrubs,Pl,"[""SHORT_TAG""]"
2808,LP101,Furnish & Install Shrubs,Pl,"[""SHORT_TAG""]"
2809,LP101,Furnish & Install Shrubs,Pl,"[""SHORT_TAG""]"
2810,LP101,Furnish & Install Shrubs,Pl,"[""SHORT_TAG""]"
2811,LP101,Furnish & Install Shrubs,Pl,"[""SHORT_TAG""]"
2812,LP101,Furnish & Install Shrubs,Ck,"[""SHORT_TAG""]"
2813,LP101,Furnish & Install Shrubs,Ck,"[""SHORT_TAG""]"
2814,LP101,Furnish & Install Shrubs,Ck,"[""SHORT_TAG""]"
2815,LP101,Furnish & Install Shrubs,Ck,"[""SHORT_TAG""]"
2816,LP101,Furnish & Install Shrubs,Ck,"[""SHORT_TAG""]"
2817,LP101,Furnish & Install Shrubs,Ck,"[""SHORT_TAG""]"
2818,LP101,Furnish & Install Shrubs,Ck,"[""SHORT_TAG""]"
2819,LP101,Furnish & Install Shrubs,Ck,"[""SHORT_TAG""]"
2820,LP101,Furnish & Install Shrubs,Ck,"[""SHORT_TAG""]"
2821,LP101,Furnish & Install Shrubs,Ck,"[""SHORT_TAG""]"
2822,LP101,Furnish & Install Shrubs,Ck,"[""SHORT_TAG""]"
2823,LP101,Furnish & Install Shrubs,Ck,"[""SHORT_TAG""]"
2824,LP101,Furnish & Install Shrubs,Ck,"[""SHORT_TAG""]"
2825,LP101,Furnish & Install Shrubs,Ck,"[""SHORT_TAG""]"
2826,LP101,Furnish & Install Shrubs,Ck,"[""SHORT_TAG""]"
2827,LP101,Furnish & Install Shrubs,Ck,"[""SHORT_TAG""]"
2828,LP101,Furnish & Install Shrubs,Ck,"[""SHORT_TAG""]"
2829,LP101,Furnish & Install Shrubs,Hp,"[""SHORT_TAG""]"
2830,LP101,Furnish & Install Shrubs,Hp,"[""SHORT_TAG""]"
2831,LP101,Furnish & Install Shrubs,Hp,"[""SHORT_TAG""]"
2832,LP101,Furnish & Install Shrubs,Hp,"[""SHORT_TAG""]"
2833,LP101,Furnish & Install Shrubs,Hp,"[""SHORT_TAG""]"
2834,LP101,Furnish & Install Shrubs,Hp,"[""SHORT_TAG""]"
2835,LP101,Furnish & Install Shrubs,Hp,"[""SHORT_TAG""]"
2836,LP101,Furnish & Install Shrubs,Hp,"[""SHORT_TAG""]"
2837,LP101,Furnish & Install Shrubs,Hp,"[""SHORT_TAG""]"
2838,LP101,Furnish & Install Shrubs,Hp,"[""SHORT_TAG""]"
2839,LP101,Furnish & Install Shrubs,Hp,"[""SHORT_TAG""]"
2840,LP101,Furnish & Install Shrubs,Hp,"[""SHORT_TAG""]"
2841,LP101,Furnish & Install Shrubs,Hp,"[""SHORT_TAG""]"
2842,LP101,Furnish & Install Shrubs,Hp,"[""SHORT_TAG""]"
2843,LP101,Furnish & Install Shrubs,Hp,"[""SHORT_TAG""]"
2844,LP101,Furnish & Install Shrubs,Hp,"[""SHORT_TAG""]"
2845,LP101,Furnish & Install Shrubs,Hp,"[""SHORT_TAG""]"
2846,LP101,Furnish & Install Shrubs,Hp,"[""SHORT_TAG""]"
2847,LP101,Furnish & Install Shrubs,Hp,"[""SHORT_TAG""]"
2848,LP101,Furnish & Install Shrubs,Hp,"[""SHORT_TAG""]"
2849,LP101,Furnish & Install Shrubs,Hp,"[""SHORT_TAG""]"
2850,LP101,Furnish & Install Shrubs,Hp,"[""SHORT_TAG""]"
2851,LP101,Furnish & Install Shrubs,P P P Hp,[]
2852,LP101,Furnish & Install Shrubs,Hr,"[""SHORT_TAG""]"
2853,LP101,Furnish & Install Shrubs,Hr,"[""SHORT_TAG""]"
2854,LP101,Furnish & Install Shrubs,Hr,"[""SHORT_TAG""]"
2855,LP101,Furnish & Install Shrubs,Bl,"[""SHORT_TAG""]"
2856,LP101,Furnish & Install Shrubs,Bl,"[""SHORT_TAG""]"
2857,LP101,Furnish & Install Shrubs,Bl,"[""SHORT_TAG""]"
2858,LP101,Furnish & Install Shrubs,Bl,"[""SHORT_TAG""]"
2859,LP101,Furnish & Install Shrubs,Bl,"[""SHORT_TAG""]"
2860,LP101,Furnish & Install Shrubs,Td,"[""SHORT_TAG""]"
2861,LP101,Furnish & Install Shrubs,Td,"[""SHORT_TAG""]"
2862,LP101,Furnish & Install Shrubs,Td,"[""SHORT_TAG""]"
2863,LP101,Furnish & Install Shrubs,Td,"[""SHORT_TAG""]"
2864,LP101,Furnish & Install Shrubs,Td,"[""SHORT_TAG""]"
2865,LP101,Furnish & Install Shrubs,Hr,"[""SHORT_TAG""]"
2866,LP101,Furnish & Install Shrubs,Hr,"[""SHORT_TAG""]"
2867,LP101,Furnish & Install Shrubs,Hr,"[""SHORT_TAG""]"
2868,LP101,Furnish & Install Shrubs,Hr,"[""SHORT_TAG""]"
2869,LP101,Furnish & Install Shrubs,Hr,"[""SHORT_TAG""]"
2870,LP101,Furnish & Install Shrubs,Hr,"[""SHORT_TAG""]"
2871,LP101,Furnish & Install Shrubs,Td,"[""SHORT_TAG""]"
2872,LP101,Furnish & Install Shrubs,Td,"[""SHORT_TAG""]"
2873,LP101,Furnish & Install Shrubs,Bl,"[""SHORT_TAG""]"
2874,LP101,Furnish & Install Shrubs,Bl,"[""SHORT_TAG""]"
2875,LP101,Furnish & Install Shrubs,Bl,"[""SHORT_TAG""]"
2876,LP101,Furnish & Install Shrubs,Bl,"[""SHORT_TAG""]"
2877,LP101,Furnish & Install Shrubs,Td,"[""SHORT_TAG""]"
2878,LP101,Furnish & Install Shrubs,Td,"[""SHORT_TAG""]"
2879,LP101,Furnish & Install Shrubs,B J B J B J B J B J B J,[]
2880,LP101,Furnish & Install Shrubs,Bl,"[""SHORT_TAG""]"
2881,LP101,Furnish & Install Shrubs,Bl,"[""SHORT_TAG""]"
2882,LP101,Furnish & Install Shrubs,Hr,"[""SHORT_TAG""]"
2883,LP101,Furnish & Install Shrubs,Hr,"[""SHORT_TAG""]"
2884,LP101,Furnish & Install Shrubs,Hr,"[""SHORT_TAG""]"
2885,LP101,Furnish & Install Shrubs,Hr,"[""SHORT_TAG""]"
2886,LP101,Furnish & Install Shrubs,Hr,"[""SHORT_TAG""]"
2887,LP101,Furnish & Install Shrubs,Hr,"[""SHORT_TAG""]"
2888,LP101,Furnish & Install Shrubs,Td,"[""SHORT_TAG""]"
2889,LP101,Furnish & Install Shrubs,Td,"[""SHORT_TAG""]"
2890,LP101,Furnish & Install Shrubs,Bl,"[""SHORT_TAG""]"
2891,LP101,Furnish & Install Shrubs,Bl,"[""SHORT_TAG""]"
2892,LP101,Furnish & Install Shrubs,Bl,"[""SHORT_TAG""]"
2893,LP101,Furnish & Install Shrubs,Bl,"[""SHORT_TAG""]"
2894,LP101,Furnish & Install Shrubs,Td,"[""SHORT_TAG""]"
2895,LP101,Furnish & Install Shrubs,Td,"[""SHORT_TAG""]"
2896,LP101,Furnish & Install Shrubs,Td,"[""SHORT_TAG""]"
2897,LP101,Furnish & Install Shrubs,Pd,"[""SHORT_TAG""]"
2898,LP101,Furnish & Install Shrubs,Pd,"[""SHORT_TAG""]"
2899,LP101,Furnish & Install Shrubs,Pd,"[""SHORT_TAG""]"
2900,LP101,Furnish & Install Shrubs,Hr,"[""SHORT_TAG""]"
2901,LP101,Furnish & Install Shrubs,Hr,"[""SHORT_TAG""]"
2902,LP101,Furnish & Install Shrubs,Hr,"[""SHORT_TAG""]"
2903,LP101,Furnish & Install Shrubs,Hr,"[""SHORT_TAG""]"
2904,LP101,Furnish & Install Shrubs,Hr,"[""SHORT_TAG""]"
2905,LP101,Furnish & Install Shrubs,Hr,"[""SHORT_TAG""]"
2906,LP101,Furnish & Install Shrubs,Hr,"[""SHORT_TAG""]"
2907,LP101,Furnish & Install Shrubs,Hr,"[""SHORT_TAG""]"
2908,LP101,Furnish & Install Shrubs,Hr,"[""SHORT_TAG""]"
2909,LP101,Furnish & Install Shrubs,Hr,"[""SHORT_TAG""]"
2910,LP101,Furnish & Install Shrubs,Hr,"[""SHORT_TAG""]"
2911,LP101,Furnish & Install Shrubs,Hr,"[""SHORT_TAG""]"
2912,LP101,Furnish & Install Shrubs,Pd,"[""SHORT_TAG""]"
2913,LP101,Furnish & Install Shrubs,Sb,"[""SHORT_TAG""]"
2914,LP101,Furnish & Install Shrubs,Sb,"[""SHORT_TAG""]"
2915,LP101,Furnish & Install Shrubs,Sb,"[""SHORT_TAG""]"
2916,LP101,Furnish & Install Shrubs,Sb,"[""SHORT_TAG""]"
2917,LP101,Furnish & Install Shrubs,Sb,"[""SHORT_TAG""]"
2918,LP101,Furnish & Install Shrubs,Sb,"[""SHORT_TAG""]"
2919,LP101,Furnish & Install Shrubs,Ck Ck Ck Ck C Ck Ck Ck Ck Ck C Ck,[]
2920,LP101,Furnish & Install Shrubs,Hp,"[""SHORT_TAG""]"
2921,LP101,Furnish & Install Shrubs,Hp,"[""SHORT_TAG""]"
2922,LP101,Furnish & Install Shrubs,Hp,"[""SHORT_TAG""]"
2923,LP101,Furnish & Install Shrubs,Hp,"[""SHORT_TAG""]"
2924,LP101,Furnish & Install Shrubs,Hp,"[""SHORT_TAG""]"
2925,LP101,Furnish & Install Shrubs,Hp,"[""SHORT_TAG""]"
2926,LP101,Furnish & Install Shrubs,St,"[""SHORT_TAG""]"
2927,LP101,Furnish & Install Shrubs,St,"[""SHORT_TAG""]"
2928,LP101,Furnish & Install Shrubs,St,"[""SHORT_TAG""]"
2929,LP101,Furnish & Install Shrubs,F J F J,[]
2930,LP101,Furnish & Install Shrubs,St,"[""SHORT_TAG""]"
2931,LP101,Furnish & Install Shrubs,St,"[""SHORT_TAG""]"
2932,LP101,Furnish & Install Shrubs,St,"[""SHORT_TAG""]"
2933,LP101,Furnish & Install Shrubs,F J,"[""SHORT_TAG""]"
2934,LP101,Furnish & Install Shrubs,F J F J F J F J F J F J,[]
2935,LP101,Furnish & Install Shrubs,F J F J F J F J F J F J F J F J,[]
2936,LP101,Furnish & Install Shrubs,St,"[""SHORT_TAG""]"
2937,LP101,Furnish & Install Shrubs,St,"[""SHORT_TAG""]"
2938,LP101,Furnish & Install Shrubs,St,"[""SHORT_TAG""]"
2939,LP101,Furnish & Install Shrubs,St,"[""SHORT_TAG""]"
2940,LP101,Furnish & Install Shrubs,St,"[""SHORT_TAG""]"
2941,LP101,Furnish & Install Shrubs,St,"[""SHORT_TAG""]"
2942,LP101,Furnish & Install Shrubs,Bc Bc Bc,[]
2943,LP101,Furnish & Install Shrubs,Bc Bc Bc Bc,[]
2944,LP101,Furnish & Install Shrubs,F J F J F J F J F J F J F J F J,[]
2945,LP101,Furnish & Install Shrubs,St,"[""SHORT_TAG""]"
2946,LP101,Furnish & Install Shrubs,St,"[""SHORT_TAG""]"
2947,LP101,Furnish & Install Shrubs,St,"[""SHORT_TAG""]"
2948,LP101,Furnish & Install Shrubs,St,"[""SHORT_TAG""]"
2949,LP101,Furnish & Install Shrubs,Bc Bc Bc Bc,[]
2950,LP101,Furnish & Install Shrubs,St,"[""SHORT_TAG""]"
2951,LP101,Furnish & Install Shrubs,St,"[""SHORT_TAG""]"
2952,LP101,Furnish & Install Shrubs,St,"[""SHORT_TAG""]"
2953,LP101,Furnish & Install Shrubs,F J F J,[]
2954,LP101,Furnish & Install Shrubs,St,"[""SHORT_TAG""]"
2955,LP101,Furnish & Install Shrubs,St,"[""SHORT_TAG""]"
2956,LP101,Furnish & Install Shrubs,St,"[""SHORT_TAG""]"
2957,LP101,Furnish & Install Shrubs,F J F J,[]
2958,LP101,Furnish & Install Shrubs,St,"[""SHORT_TAG""]"
2959,LP101,Furnish & Install Shrubs,St,"[""SHORT_TAG""]"
2960,LP101,Furnish & Install Shrubs,St,"[""SHORT_TAG""]"
2961,LP101,Furnish & Install Shrubs,F J F J,[]
2962,LP101,Furnish & Install Shrubs,St,"[""SHORT_TAG""]"
2963,LP101,Furnish & Install Shrubs,St,"[""SHORT_TAG""]"
2964,LP101,Furnish & Install Shrubs,St,"[""SHORT_TAG""]"
2965,LP101,Furnish & Install Shrubs,F J F J,[]
2966,LP101,Furnish & Install Shrubs,Td,"[""SHORT_TAG""]"
2967,LP101,Furnish & Install Shrubs,Td,"[""SHORT_TAG""]"
2968,LP101,Furnish & Install Shrubs,Td,"[""SHORT_TAG""]"
2969,LP101,Furnish & Install Shrubs,Td,"[""SHORT_TAG""]"
2970,LP101,Furnish & Install Shrubs,Td,"[""SHORT_TAG""]"
2971,LP101,Furnish & Install Shrubs,Td,"[""SHORT_TAG""]"
2972,LP101,Furnish & Install Shrubs,Pn,"[""SHORT_TAG""]"
2973,LP101,Furnish & Install Shrubs,Pn,"[""SHORT_TAG""]"
2974,LP101,Furnish & Install Shrubs,F J F J F J F J F J,[]
2975,LP101,Furnish & Install Shrubs,F J F J F J F J,[]
2976,LP101,Furnish & Install Shrubs,St St St St St St,[]
2977,LP101,Furnish & Install Shrubs,Bc,"[""SHORT_TAG""]"
2978,LP101,Furnish & Install Shrubs,Bc,"[""SHORT_TAG""]"
2979,LP101,Furnish & Install Shrubs,Bc,"[""SHORT_TAG""]"
2980,LP101,Furnish & Install Shrubs,Bc,"[""SHORT_TAG""]"
2981,LP101,Furnish & Install Shrubs,Bc,"[""SHORT_TAG""]"
2982,LP101,Furnish & Install Shrubs,Bc,"[""SHORT_TAG""]"
2983,LP101,Furnish & Install Shrubs,Bc,"[""SHORT_TAG""]"
2984,LP101,Furnish & Install Shrubs,Bc,"[""SHORT_TAG""]"
2985,LP101,Furnish & Install Shrubs,Bc,"[""SHORT_TAG""]"
2986,LP101,Furnish & Install Shrubs,Bc,"[""SHORT_TAG""]"
2987,LP101,Furnish & Install Shrubs,Bc,"[""SHORT_TAG""]"
2988,LP101,Furnish & Install Shrubs,B J,"[""SHORT_TAG""]"
2989,LP101,Furnish & Install Shrubs,Td,"[""SHORT_TAG""]"
2990,LP101,Furnish & Install Shrubs,Td,"[""SHORT_TAG""]"
2991,LP101,Furnish & Install Shrubs,Td,"[""SHORT_TAG""]"
2992,LP101,Furnish & Install Shrubs,Td,"[""SHORT_TAG""]"
2993,LP101,Furnish & Install Shrubs,Td,"[""SHORT_TAG""]"
2994,LP101,Furnish & Install Shrubs,Td,"[""SHORT_TAG""]"
2995,LP101,Furnish & Install Shrubs,Td,"[""SHORT_TAG""]"
2996,LP101,Furnish & Install Shrubs,Td,"[""SHORT_TAG""]"
2997,LP101,Furnish & Install Shrubs,Td,"[""SHORT_TAG""]"
2998,LP101,Furnish & Install Shrubs,Td,"[""SHORT_TAG""]"
2999,LP101,Furnish & Install Shrubs,Td,"[""SHORT_TAG""]"
3000,LP101,Furnish & Install Shrubs,Td,"[""SHORT_TAG""]"
3001,LP101,Furnish & Install Shrubs,Td,"[""SHORT_TAG""]"
3002,LP101,Furnish & Install Shrubs,Td,"[""SHORT_TAG""]"
3003,LP101,Furnish & Install Shrubs,Td,"[""SHORT_TAG""]"
3004,LP101,Furnish & Install Shrubs,Td,"[""SHORT_TAG""]"
3005,LP101,Furnish & Install Shrubs,Td,"[""SHORT_TAG""]"
3006,LP101,Furnish & Install Shrubs,Td,"[""SHORT_TAG""]"
3007,LP101,Furnish & Install Shrubs,Td,"[""SHORT_TAG""]"
3008,LP101,Furnish & Install Shrubs,Td,"[""SHORT_TAG""]"
3009,LP101,Furnish & Install Shrubs,Td,"[""SHORT_TAG""]"
3010,LP101,Furnish & Install Shrubs,Td,"[""SHORT_TAG""]"
3011,LP101,Furnish & Install Shrubs,Td,"[""SHORT_TAG""]"
3012,LP101,Furnish & Install Shrubs,Td,"[""SHORT_TAG""]"
3013,LP101,Furnish & Install Shrubs,Td,"[""SHORT_TAG""]"
3014,LP101,Furnish & Install Shrubs,B J B J B J B J B J B J B J,[]
3015,LP101,Furnish & Install Shrubs,Td,"[""SHORT_TAG""]"
3016,LP101,Furnish & Install Shrubs,Td,"[""SHORT_TAG""]"
3017,LP101,Furnish & Install Shrubs,Td,"[""SHORT_TAG""]"
3018,LP101,Furnish & Install Shrubs,Td,"[""SHORT_TAG""]"
3019,LP101,Furnish & Install Shrubs,Hr,"[""SHORT_TAG""]"
3020,LP101,Furnish & Install Shrubs,Hr,"[""SHORT_TAG""]"
3021,LP101,Furnish & Install Shrubs,Hr,"[""SHORT_TAG""]"
3022,LP101,Furnish & Install Shrubs,Hr,"[""SHORT_TAG""]"
3023,LP101,Furnish & Install Shrubs,Hr,"[""SHORT_TAG""]"
3024,LP101,Furnish & Install Shrubs,Hr,"[""SHORT_TAG""]"
3025,LP101,Furnish & Install Shrubs,F J F J F J F J F J F J F J F J F J F J F J,[]
3026,LP101,Furnish & Install Shrubs,Ck Ck Ck Ck Ck Ck Ck Ck Ck Ck Ck Ck Ck Ck Ck CkCk Ck Ck Ck,[]
3027,LP101,Furnish & Install Shrubs,Bc Bc Bc Bc Bc Bc Bc Bc Bc Bc Bc Bc Bc Bc Bc Bc Bc Bc Bc Bc Bc,[]
3028,LP101,Furnish & Install Shrubs,Pd,"[""SHORT_TAG""]"
3029,LP101,Furnish & Install Shrubs,Pd,"[""SHORT_TAG""]"
3030,LP101,Furnish & Install Shrubs,Pd,"[""SHORT_TAG""]"
3031,LP101,Furnish & Install Shrubs,Pd,"[""SHORT_TAG""]"
3032,LP101,Furnish & Install Shrubs,Pd,"[""SHORT_TAG""]"
3033,LP101,Furnish & Install Shrubs,Pd,"[""SHORT_TAG""]"
3034,LP101,Furnish & Install Shrubs,Sb,"[""SHORT_TAG""]"
3035,LP101,Furnish & Install Shrubs,Sb,"[""SHORT_TAG""]"
3036,LP101,Furnish & Install Shrubs,Sb,"[""SHORT_TAG""]"
3037,LP101,Furnish & Install Shrubs,Sb,"[""SHORT_TAG""]"
3038,LP101,Furnish & Install Shrubs,Sb,"[""SHORT_TAG""]"
3039,LP101,Furnish & Install Shrubs,Sb,"[""SHORT_TAG""]"
3040,LP101,Furnish & Install Shrubs,Sm,"[""SHORT_TAG""]"
3041,LP101,Furnish & Install Shrubs,Sm,"[""SHORT_TAG""]"
3042,LP101,Furnish & Install Shrubs,Sm,"[""SHORT_TAG""]"
3043,LP101,Furnish & Install Shrubs,Ec,"[""SHORT_TAG""]"
3044,LP101,Furnish & Install Shrubs,Ec,"[""SHORT_TAG""]"
3045,LP101,Furnish & Install Shrubs,Ec,"[""SHORT_TAG""]"
3046,LP101,Furnish & Install Shrubs,Ec,"[""SHORT_TAG""]"
3047,LP101,Furnish & Install Shrubs,Ec,"[""SHORT_TAG""]"
3048,LP101,Furnish & Install Shrubs,Ec,"[""SHORT_TAG""]"
3049,LP101,Furnish & Install Shrubs,Ec,"[""SHORT_TAG""]"
3050,LP101,Furnish & Install Shrubs,Ec,"[""SHORT_TAG""]"
3051,LP101,Furnish & Install Shrubs,Ec,"[""SHORT_TAG""]"
3052,LP101,Furnish & Install Shrubs,F J F J,[]
3053,LP101,Furnish & Install Shrubs,St,"[""SHORT_TAG""]"
3054,LP101,Furnish & Install Shrubs,St,"[""SHORT_TAG""]"
3055,LP101,Furnish & Install Shrubs,St,"[""SHORT_TAG""]"
3056,LP101,Furnish & Install Shrubs,St,"[""SHORT_TAG""]"
3057,LP101,Furnish & Install Shrubs,St,"[""SHORT_TAG""]"
3058,LP101,Furnish & Install Shrubs,St,"[""SHORT_TAG""]"
3059,LP101,Furnish & Install Shrubs,St,"[""SHORT_TAG""]"
3060,LP101,Furnish & Install Shrubs,St,"[""SHORT_TAG""]"
3061,LP101,Furnish & Install Shrubs,St,"[""SHORT_TAG""]"
3062,LP101,Furnish & Install Shrubs,St,"[""SHORT_TAG""]"
3063,LP101,Furnish & Install Shrubs,Hr,"[""SHORT_TAG""]"
3064,LP101,Furnish & Install Shrubs,Hr,"[""SHORT_TAG""]"
3065,LP101,Furnish & Install Shrubs,Hr,"[""SHORT_TAG""]"
3066,LP101,Furnish & Install Shrubs,Hr,"[""SHORT_TAG""]"
3067,LP101,Furnish & Install Shrubs,Hr,"[""SHORT_TAG""]"
3068,LP101,Furnish & Install Shrubs,Hr,"[""SHORT_TAG""]"
3069,LP101,Furnish & Install Shrubs,Hr,"[""SHORT_TAG""]"
3070,LP101,Furnish & Install Shrubs,Hr,"[""SHORT_TAG""]"
3071,LP101,Furnish & Install Shrubs,F J F J F J F J F J F J F J F J F J F J F J,[]
3072,LP101,Furnish & Install Shrubs,Pd,"[""SHORT_TAG""]"
3073,LP101,Furnish & Install Shrubs,Pd,"[""SHORT_TAG""]"
3074,LP101,Furnish & Install Shrubs,Pd,"[""SHORT_TAG""]"
3075,LP101,Furnish & Install Shrubs,Pd,"[""SHORT_TAG""]"
3076,LP101,Furnish & Install Shrubs,Pd,"[""SHORT_TAG""]"
3077,LP101,Furnish & Install Shrubs,Pd,"[""SHORT_TAG""]"
3078,LP101,Furnish & Install Shrubs,IV,"[""SHORT_TAG""]"
3079,LP101,Furnish & Install Shrubs,IV,"[""SHORT_TAG""]"
3080,LP101,Furnish & Install Shrubs,IV,"[""SHORT_TAG""]"
3081,LP101,Furnish & Install Shrubs,IV,"[""SHORT_TAG""]"
3082,LP101,Furnish & Install Shrubs,Ps,"[""SHORT_TAG""]"
3083,LP101,Furnish & Install Shrubs,Ps,"[""SHORT_TAG""]"
3084,LP101,Furnish & Install Shrubs,Ps,"[""SHORT_TAG""]"
3085,LP101,Furnish & Install Shrubs,Ps,"[""SHORT_TAG""]"
3086,LP101,Furnish & Install Shrubs,Ps,"[""SHORT_TAG""]"
3087,LP101,Furnish & Install Shrubs,Ps,"[""SHORT_TAG""]"
3088,LP101,Furnish & Install Shrubs,Ps,"[""SHORT_TAG""]"
3089,LP101,Furnish & Install Shrubs,Ps,"[""SHORT_TAG""]"
3090,LP101,Furnish & Install Shrubs,Ps,"[""SHORT_TAG""]"
3091,LP101,Furnish & Install Shrubs,Sb,"[""SHORT_TAG""]"
3092,LP101,Furnish & Install Shrubs,Sb,"[""SHORT_TAG""]"
3093,LP101,Furnish & Install Shrubs,Sb,"[""SHORT_TAG""]"
3094,LP101,Furnish & Install Shrubs,Sb,"[""SHORT_TAG""]"
3095,LP101,Furnish & Install Shrubs,Sb,"[""SHORT_TAG""]"
3096,LP101,Furnish & Install Shrubs,Sb,"[""SHORT_TAG""]"
3097,LP101,Furnish & Install Shrubs,Sb,"[""SHORT_TAG""]"
3098,LP101,Furnish & Install Shrubs,Vn,"[""SHORT_TAG""]"
3099,LP101,Furnish & Install Shrubs,Vn,"[""SHORT_TAG""]"
3100,LP101,Furnish & Install Shrubs,Vn,"[""SHORT_TAG""]"
3101,LP101,Furnish & Install Shrubs,Vn,"[""SHORT_TAG""]"
3102,LP101,Furnish & Install Shrubs,Vn,"[""SHORT_TAG""]"
3103,LP101,Furnish & Install Shrubs,Vn,"[""SHORT_TAG""]"
3104,LP101,Furnish & Install Shrubs,Vn,"[""SHORT_TAG""]"
3105,LP101,Furnish & Install Shrubs,Vn,"[""SHORT_TAG""]"
3106,LP101,Furnish & Install Shrubs,Pd,"[""SHORT_TAG""]"
3107,LP101,Furnish & Install Shrubs,Pd,"[""SHORT_TAG""]"
3108,LP101,Furnish & Install Shrubs,Pd,"[""SHORT_TAG""]"
3109,LP101,Furnish & Install Shrubs,Pd,"[""SHORT_TAG""]"
3110,LP101,Furnish & Install Shrubs,Pd,"[""SHORT_TAG""]"
3111,LP101,Furnish & Install Shrubs,Pd,"[""SHORT_TAG""]"
3112,LP101,Furnish & Install Shrubs,IV,"[""SHORT_TAG""]"
3113,LP101,Furnish & Install Shrubs,IV,"[""SHORT_TAG""]"
3114,LP101,Furnish & Install Shrubs,IV,"[""SHORT_TAG""]"
3115,LP101,Furnish & Install Shrubs,IV,"[""SHORT_TAG""]"
3116,LP101,Furnish & Install Shrubs,IV,"[""SHORT_TAG""]"
3117,LP101,Furnish & Install Shrubs,Ps,"[""SHORT_TAG""]"
3118,LP101,Furnish & Install Shrubs,Ps,"[""SHORT_TAG""]"
3119,LP101,Furnish & Install Shrubs,Ps,"[""SHORT_TAG""]"
3120,LP101,Furnish & Install Shrubs,Ps,"[""SHORT_TAG""]"
3121,LP101,Furnish & Install Shrubs,Ps,"[""SHORT_TAG""]"
3122,LP101,Furnish & Install Shrubs,Ps,"[""SHORT_TAG""]"
3123,LP101,Furnish & Install Shrubs,Ps,"[""SHORT_TAG""]"
3124,LP101,Furnish & Install Shrubs,Ps,"[""SHORT_TAG""]"
3125,LP101,Furnish & Install Shrubs,Ps,"[""SHORT_TAG""]"
3126,LP101,Furnish & Install Shrubs,Ps,"[""SHORT_TAG""]"
3127,LP101,Furnish & Install Shrubs,Sb,"[""SHORT_TAG""]"
3128,LP101,Furnish & Install Shrubs,Sb,"[""SHORT_TAG""]"
3129,LP101,Furnish & Install Shrubs,Sb,"[""SHORT_TAG""]"
3130,LP101,Furnish & Install Shrubs,Sb,"[""SHORT_TAG""]"
3131,LP101,Furnish & Install Shrubs,Sb,"[""SHORT_TAG""]"
3132,LP101,Furnish & Install Shrubs,Sb,"[""SHORT_TAG""]"
3133,LP101,Furnish & Install Shrubs,Sb,"[""SHORT_TAG""]"
3134,LP101,Furnish & Install Shrubs,Vn,"[""SHORT_TAG""]"
3135,LP101,Furnish & Install Shrubs,Vn,"[""SHORT_TAG""]"
3136,LP101,Furnish & Install Shrubs,Vn,"[""SHORT_TAG""]"
3137,LP101,Furnish & Install Shrubs,Vn,"[""SHORT_TAG""]"
3138,LP101,Furnish & Install Shrubs,Vn,"[""SHORT_TAG""]"
3139,LP101,Furnish & Install Shrubs,Vn,"[""SHORT_TAG""]"
3140,LP101,Furnish & Install Shrubs,Vn,"[""SHORT_TAG""]"
3141,LP101,Furnish & Install Shrubs,Vn,"[""SHORT_TAG""]"
3142,LP101,Furnish & Install Shrubs,Vn,"[""SHORT_TAG""]"
3143,LP101,Furnish & Install Shrubs,Vn,"[""SHORT_TAG""]"
3144,LP101,Furnish & Install Shrubs,Vn,"[""SHORT_TAG""]"
3145,LP101,Furnish & Install Shrubs,Hr,"[""SHORT_TAG""]"
3146,LP101,Furnish & Install Shrubs,Hr,"[""SHORT_TAG""]"
3147,LP101,Furnish & Install Shrubs,Hr,"[""SHORT_TAG""]"
3148,LP101,Furnish & Install Shrubs,Hr,"[""SHORT_TAG""]"
3149,LP101,Furnish & Install Shrubs,Hr,"[""SHORT_TAG""]"
3150,LP101,Furnish & Install Shrubs,Hr,"[""SHORT_TAG""]"
3151,LP101,Furnish & Install Shrubs,Hr,"[""SHORT_TAG""]"
3152,LP101,Furnish & Install Shrubs,Hr,"[""SHORT_TAG""]"
3153,LP101,Furnish & Install Shrubs,F J F J F J F J F J F J F J F J F J F J,[]
3154,LP101,Furnish & Install Shrubs,Sm,"[""SHORT_TAG""]"
3155,LP101,Furnish & Install Shrubs,Sm,"[""SHORT_TAG""]"
3156,LP101,Furnish & Install Shrubs,Sm,"[""SHORT_TAG""]"
3157,LP101,Furnish & Install Shrubs,Sm,"[""SHORT_TAG""]"
3158,LP101,Furnish & Install Shrubs,Sm,"[""SHORT_TAG""]"
3159,LP101,Furnish & Install Shrubs,Sm,"[""SHORT_TAG""]"
3160,LP101,Furnish & Install Shrubs,Sm,"[""SHORT_TAG""]"
3161,LP101,Furnish & Install Shrubs,Sm,"[""SHORT_TAG""]"
3162,LP101,Furnish & Install Shrubs,Sm,"[""SHORT_TAG""]"
3163,LP101,Furnish & Install Shrubs,Sm,"[""SHORT_TAG""]"
3164,LP101,Furnish & Install Shrubs,Bc,"[""SHORT_TAG""]"
3165,LP101,Furnish & Install Shrubs,Bc,"[""SHORT_TAG""]"
3166,LP101,Furnish & Install Shrubs,Bc,"[""SHORT_TAG""]"
3167,LP101,Furnish & Install Shrubs,Bc,"[""SHORT_TAG""]"
3168,LP101,Furnish & Install Shrubs,St,"[""SHORT_TAG""]"
3169,LP101,Furnish & Install Shrubs,St,"[""SHORT_TAG""]"
3170,LP101,Furnish & Install Shrubs,Bc,"[""SHORT_TAG""]"
3171,LP101,Furnish & Install Shrubs,Bc,"[""SHORT_TAG""]"
3172,LP101,Furnish & Install Shrubs,Bc,"[""SHORT_TAG""]"
3173,LP101,Furnish & Install Shrubs,Bc,"[""SHORT_TAG""]"
3174,LP101,Furnish & Install Shrubs,St,"[""SHORT_TAG""]"
3175,LP101,Furnish & Install Shrubs,St,"[""SHORT_TAG""]"
3176,LP101,Furnish & Install Shrubs,Bc,"[""SHORT_TAG""]"
3177,LP101,Furnish & Install Shrubs,Bc,"[""SHORT_TAG""]"
3178,LP101,Furnish & Install Shrubs,Bc,"[""SHORT_TAG""]"
3179,LP101,Furnish & Install Shrubs,Bc,"[""SHORT_TAG""]"
3180,LP101,Furnish & Install Shrubs,St,"[""SHORT_TAG""]"
3181,LP101,Furnish & Install Shrubs,St,"[""SHORT_TAG""]"
3182,LP101,Furnish & Install Shrubs,Bc,"[""SHORT_TAG""]"
3183,LP101,Furnish & Install Shrubs,Bc,"[""SHORT_TAG""]"
3184,LP101,Furnish & Install Shrubs,Bc,"[""SHORT_TAG""]"
3185,LP101,Furnish & Install Shrubs,Bc,"[""SHORT_TAG""]"
3186,LP101,Furnish & Install Shrubs,St,"[""SHORT_TAG""]"
3187,LP101,Furnish & Install Shrubs,St,"[""SHORT_TAG""]"
3188,LP101,Furnish & Install Shrubs,Bc,"[""SHORT_TAG""]"
3189,LP101,Furnish & Install Shrubs,Bc,"[""SHORT_TAG""]"
3190,LP101,Furnish & Install Shrubs,Bc,"[""SHORT_TAG""]"
3191,LP101,Furnish & Install Shrubs,St,"[""SHORT_TAG""]"
3192,LP101,Furnish & Install Shrubs,St,"[""SHORT_TAG""]"
3193,LP101,Furnish & Install Shrubs,St,"[""SHORT_TAG""]"
3194,LP101,Furnish & Install Shrubs,St,"[""SHORT_TAG""]"
3195,LP101,Furnish & Install Shrubs,St,"[""SHORT_TAG""]"
3196,LP101,Furnish & Install Shrubs,F J F J,[]
3197,LP101,Furnish & Install Shrubs,St,"[""SHORT_TAG""]"
3198,LP101,Furnish & Install Shrubs,St,"[""SHORT_TAG""]"
3199,LP101,Furnish & Install Shrubs,F J F J,[]
3200,LP101,Furnish & Install Shrubs,St,"[""SHORT_TAG""]"
3201,LP101,Furnish & Install Shrubs,St,"[""SHORT_TAG""]"
3202,LP101,Furnish & Install Shrubs,F J F J F J,[]
3203,LP101,Furnish & Install Shrubs,F J F J,[]
3204,LP101,Furnish & Install Shrubs,St,"[""SHORT_TAG""]"
3205,LP101,Furnish & Install Shrubs,St,"[""SHORT_TAG""]"
3206,LP101,Furnish & Install Shrubs,F J F J,[]
3207,LP101,Furnish & Install Shrubs,St,"[""SHORT_TAG""]"
3208,LP101,Furnish & Install Shrubs,St,"[""SHORT_TAG""]"
3209,LP101,Furnish & Install Shrubs,F J F J,[]
3210,LP101,Furnish & Install Shrubs,St,"[""SHORT_TAG""]"
3211,LP101,Furnish & Install Shrubs,St,"[""SHORT_TAG""]"
3212,LP101,Furnish & Install Shrubs,F J F J,[]
3213,LP101,Furnish & Install Shrubs,St,"[""SHORT_TAG""]"
3214,LP101,Furnish & Install Shrubs,St,"[""SHORT_TAG""]"
3215,LP101,Furnish & Install Shrubs,Hr,"[""SHORT_TAG""]"
3216,LP101,Furnish & Install Shrubs,B J B J,[]
3217,LP101,Furnish & Install Shrubs,C F J Bc n n n F J F J F J F J Bc C C Bc Bc St St St C C C St,[]
3218,LP101,Furnish & Install Shrubs,BERBERIS THUNBERGII 'BAILELLA' / LAMBRUSCO™ JAPANESE BARBERRY Bl,[]
3219,LP101,Furnish & Install Shrubs,BERBERIS THUNBERGII 'CRIMSON PYGMY' / CRIMSON PYGMY JAPANESE BARBERRY Bc,[]
3220,LP101,Furnish & Install Shrubs,BUXUS MICROPHYLLA 'BULTHOUSE' / SPRINTER® LITTLELEAF BOXWOOD Bs,[]
3221,LP101,Furnish & Install Shrubs,BUXUS SEMPERVIRENS 'GRAHAM BLANDY' / GRAHAM BLANDY COMMON BOXWOOD B J,[]
3222,LP101,Furnish & Install Shrubs,BUXUS SEMPERVIRENS 'HIGHLANDER' / HIGHLANDER COMMON BOXWOOD Bh,[]
3223,LP101,Furnish & Install Shrubs,CORNUS ALBA `BAILHALO` TM / IVORY HALO DOGWOOD IV,[]
3224,LP101,Furnish & Install Shrubs,CORNUS SERICEA 'KELSEYI' / KELSEY'S DWARF RED TWIG DOGWOOD Ck,[]
3225,LP101,Furnish & Install Shrubs,EUONYMUS ALATUS 'COMPACTUS' / COMPACT BURNING BUSH Ec,[]
3226,LP101,Furnish & Install Shrubs,FORSYTHIA X 'GOLD TIDES' / GOLDEN TIDE FORSYTHIA F J,[]
3227,LP101,Furnish & Install Shrubs,HYDRANGEA PANICULATA 'HYLV02' / WHITELIGHT® PANICLE HYDRANGEA Hp,[]
3228,LP101,Furnish & Install Shrubs,HYDRANGEA PANICULATA 'RENHY' / VANILLA STRAWBERRY™ PANICLE HYDRANGEA Hr,[]
3229,LP101,Furnish & Install Shrubs,PHYSOCARPUS OPULIFOLIUS 'NANUS' / DWARF NINEBARK Pn,[]
3230,LP101,Furnish & Install Shrubs,PHYSOCARPUS OPULIFOLIUS 'SMNPOTWG' / TINY WINE® GOLD NINEBARK Pd,[]
3231,LP101,Furnish & Install Shrubs,PINUS MUGO 'SLOWMOUND' / SLOWMOUND MUGO PINE Ps,[]
3232,LP101,Furnish & Install Shrubs,PRUNUS LAUROCERASUS 'JONG2' / GREENFINITY ENGLISH LAUREL Pl,[]
3233,LP101,Furnish & Install Shrubs,SPIRAEA BETULIFOLIA 'TOR' / WHITE FROST™ BIRCHLEAF SPIREA St,[]
3234,LP101,Furnish & Install Shrubs,SPIRAEA X BUMALDA 'DART'S RED' / DART'S RED SPIREA Sb,[]
3235,LP101,Furnish & Install Shrubs,SYRINGA MEYERI 'PALIBIN' / DWARF KOREAN LILAC Sm,[]
3236,LP101,Furnish & Install Shrubs,SYRINGA X 'SMNSPH' / BLOOMERANG BALLET® LILAC Sy,[]
3237,LP101,Furnish & Install Shrubs,TAXUS CUSPIDATA 'DENSIFORMIS' / DENSE JAPANESE YEW Td,[]
3238,LP101,Furnish & Install Shrubs,VIBURNUM OPULUS 'NANUM' / DWARF EUROPEAN CRANBERRYBUSH Vn,[]
3239,LP101,Furnish & Install Ground Cover And Perennials,S S S S S S S S S S S S,[]
3240,LP101,Furnish & Install Ground Cover And Perennials,S S S S S S S S S S S S S S,[]
3241,LP101,Furnish & Install Ground Cover And Perennials,S S S S S S S S S S S S S S S S S S S S S S S S S S S,[]
3242,LP101,Furnish & Install Ground Cover And Perennials,S S S S S S S,[]
3243,LP101,Furnish & Install Ground Cover And Perennials,S S S S S S S S S S S S S,[]
3244,LP101,Furnish & Install Ground Cover And Perennials,S S S S S S S S S S S S S S,[]
3245,LP101,Furnish & Install Ground Cover And Perennials,S S S S S S S S S S S S S S S S,[]
3246,LP101,Furnish & Install Ground Cover And Perennials,S S S S,[]
3247,LP101,Furnish & Install Ground Cover And Perennials,S S S S S S S S S S S S S S S S,[]
3248,LP101,Furnish & Install Ground Cover And Perennials,S S S S,[]
3249,LP101,Furnish & Install Ground Cover And Perennials,P P P Hp,[]
3250,LP101,Furnish & Install Ground Cover And Perennials,S S S S S S S S S S S S S S S S S S S S S S S S S S,[]
3251,LP101,Furnish & Install Ground Cover And Perennials,S S S S S S S S,[]
3252,LP101,Furnish & Install Ground Cover And Perennials,Ck Ck Ck Ck C Ck Ck Ck Ck Ck C Ck,[]
3253,LP101,Furnish & Install Ground Cover And Perennials,S S S S S S S S S S S S S S,[]
3254,LP101,Furnish & Install Ground Cover And Perennials,S S S S S S S S S S,[]
3255,LP101,Furnish & Install Ground Cover And Perennials,Jm,"[""SHORT_TAG""]"
3256,LP101,Furnish & Install Ground Cover And Perennials,Jm,"[""SHORT_TAG""]"
3257,LP101,Furnish & Install Ground Cover And Perennials,Jm,"[""SHORT_TAG""]"
3258,LP101,Furnish & Install Ground Cover And Perennials,C C C C,[]
3259,LP101,Furnish & Install Ground Cover And Perennials,v v v v v r r r r r v,[]
3260,LP101,Furnish & Install Ground Cover And Perennials,h h h h h h h h,[]
3261,LP101,Furnish & Install Ground Cover And Perennials,h h h h h h h h,[]
3262,LP101,Furnish & Install Ground Cover And Perennials,h h h h,[]
3263,LP101,Furnish & Install Ground Cover And Perennials,h h h h h h h h h h h h,[]
3264,LP101,Furnish & Install Ground Cover And Perennials,b b b b b b b b b b b b b b b b b b b b b b b b b b r,[]
3265,LP101,Furnish & Install Ground Cover And Perennials,b b b b b b b b b b b b,[]
3266,LP101,Furnish & Install Ground Cover And Perennials,P P P P P P P P P P P P P P P P P P P P P P P P P P P P P PP P,[]
3267,LP101,Furnish & Install Ground Cover And Perennials,C F J Bc n n n F J F J F J F J Bc C C Bc Bc St St St C C C St,[]
3268,LP101,Furnish & Install Ground Cover And Perennials,JUNIPERUS CHINENSIS PROCUMBENS 'GREEN MOUND' / GREEN MOUND JUNIPER Jm,[]
3269,LP101,Furnish & Install Ground Cover And Perennials,CALAMAGROSTIS X ACUTIFLORA `KARL FOERSTER` / FEATHER REED GRASS K,[]
3270,LP101,Furnish & Install Ground Cover And Perennials,HELICTOTRICHON SEMPERVIRENS / BLUE OAT GRASS S,[]
3271,LP101,Furnish & Install Ground Cover And Perennials,MUHLENBERGIA CAPILLARIS / PINK MUHLY GRASS C,[]
3272,LP101,Furnish & Install Ground Cover And Perennials,PENNISETUM ALOPECUROIDES 'HAMELN' / HAMELN FOUNTAIN GRASS P,[]
3273,LP101,Furnish & Install Ground Cover And Perennials,HEMEROCALLIS X 'MALJA' / GOLDEN ZEBRA® DAYLILY h,[]
3274,LP101,Furnish & Install Ground Cover And Perennials,HEMEROCALLIS X 'ROSY RETURNS' / ROSY RETURNS DAYLILY r,[]
3275,LP101,Furnish & Install Ground Cover And Perennials,HEUCHERA X BRIZOIDES 'FIREFLY' / FIREFLY CORAL BELLS I,[]
3276,LP101,Furnish & Install Ground Cover And Perennials,HOSTA X 'VULCAN' / VULCAN HOSTA v,[]
3277,LP101,Furnish & Install Ground Cover And Perennials,NEPETA X 'WALKER'S LOW' / WALKER'S LOW CATMINT n,[]
3278,LP101,Furnish & Install Ground Cover And Perennials,VINCA MINOR 'BOWLES' / BOWLES PERIWINKLE b,[]
3279,LP101,Provide Coordination And Clarifications For Landscaping Scope,DECIDUOUS TREES,[]
3280,LP101,Provide Coordination And Clarifications For Landscaping Scope,EVERGREEN TREES,[]
3281,LP101,Provide Coordination And Clarifications For Landscaping Scope,ORNAMENTAL TREES,[]
3282,LP101,Provide Coordination And Clarifications For Landscaping Scope,STREET TREES,[]
3283,LP101,Provide Coordination And Clarifications For Landscaping Scope,SHRUBS,[]
3284,LP101,Provide Coordination And Clarifications For Landscaping Scope,ORNAMENTAL GRASSES,[]
3285,LP101,Provide Coordination And Clarifications For Landscaping Scope,PERENNIALS,[]
3286,LP101,Provide Coordination And Clarifications For Landscaping Scope,GROUND COVERS,[]
3287,LP101,Furnish & Install Trees,ACER PLATANOIDES 'CRIMSON SENTRY' / CRIMSON SENTRY NORWAY MAPLE,[]
3288,LP101,Furnish & Install Trees,CARPINUS BETULUS 'FRANS FONTAINE' / FRANS FONTAINE HORNBEAM,[]
3289,LP101,Furnish & Install Trees,QUERCUS ROBUR X ALBA 'JFS-KW2QX' / SKINNY GENES® OAK,[]
3290,LP101,Furnish & Install Trees,JUNIPERUS SCOPULORUM 'COLOGREEN' / COLOGREEN JUNIPER,[]
3291,LP101,Furnish & Install Trees,PICEA ABIES 'CUPRESSINA' / CUPRESSINA NORWAY SPRUCE,[]
3292,LP101,Furnish & Install Trees,PINUS NIGRA 'ARNOLD SENTINEL' / ARNOLD SENTINEL AUSTRIAN PINE,[]
3293,LP101,Furnish & Install Trees,CERCIS CANADENSIS 'APPALACHIAN RED' / APPALACHIAN RED EASTERN REDBUD,[]
3294,LP101,Furnish & Install Trees,CERCIS CANADENSIS 'MERLOT' / MERLOT EASTERN REDBUD,[]
3295,LP101,Furnish & Install Trees,MALUS X 'JFS-KW5' / ROYAL RAINDROPS® CRABAPPLE,[]
3296,LP101,Furnish & Install Trees,SYRINGA RETICULATA / JAPANESE TREE LILAC,[]
3297,LP101,Furnish & Install Trees,ACER GRANDIDENTATUM X SACCHARUM 'HIPZAM' / HIGHLAND PARK® MAPLE,[]
3298,LP101,Furnish & Install Trees,ACER PLATANOIDES 'EMERALD QUEEN' / EMERALD QUEEN NORWAY MAPLE,[]
3299,LP101,Furnish & Install Trees,GLEDITSIA TRIACANTHOS INERMIS 'SHADEMASTER' / SHADEMASTER HONEY LOCUST,[]
3300,LP101,Furnish & Install Trees,PRUNUS SERRULATA 'KWANZAN' / KWANZAN JAPANESE FLOWERING CHERRY,[]
3301,LP101,Furnish & Install Trees,ZELKOVA SERRATA 'SCHMIDTLOW' / WIRELESS® JAPANESE ZELKOVA,[]
3302,LP101,Furnish & Install Landscape Bed Preparation,LANDSCAPE BED,[]
3303,LP101,Furnish & Install Patch And Repair Of Existing Landscape,PATCH AND REPAIR EXISTING LANDSCAPE,[]
3304,LP101,Furnish & Install Kentucky Bluegrass,POA PRATENSIS / KENTUCKY BLUEGRASS,[]
3305,EP501,Furnish & Install Panelboards as per Schedules and Diagrams,Branch Panel: 1LA1,[]
3306,EP501,Furnish & Install Panelboards as per Schedules and Diagrams,Location: HALL H Volts: 120/208 Single A.I.C. Rating: 10K Supply From: See PSLD Phases: 1 Mains Type: MLO Mounting: Recessed Mains Rating: 100 A Enclosure: Type 1 Wires: 3,[]
3307,EP501,Furnish & Install Panelboards as per Schedules and Diagrams,Legend:,[]
3308,EP501,Furnish & Install Panelboards as per Schedules and Diagrams,Branch Panel: 1LA2,[]
3309,EP501,Furnish & Install Panelboards as per Schedules and Diagrams,Location: HALL H Volts: 120/208 Single A.I.C. Rating: 10K Supply From: See PSLD Phases: 1 Mains Type: MLO Mounting: Recessed Mains Rating: 100 A Enclosure: Type 1 Wires: 3,[]
3310,EP501,Furnish & Install Panelboards as per Schedules and Diagrams,Legend:,[]
3311,EP501,Furnish & Install Panelboards as per Schedules and Diagrams,Branch Panel: 1LA3,[]
3312,EP501,Furnish & Install Panelboards as per Schedules and Diagrams,Location: HALL H Volts: 120/208 Single A.I.C. Rating: 10K Supply From: See PSLD Phases: 1 Mains Type: MLO Mounting: Recessed Mains Rating: 100 A Enclosure: Type 1 Wires: 3,[]
3313,EP501,Furnish & Install Panelboards as per Schedules and Diagrams,Legend:,[]
3314,EP501,Furnish & Install Panelboards as per Schedules and Diagrams,Branch Panel: 1LA4,[]
3315,EP501,Furnish & Install Panelboards as per Schedules and Diagrams,Location: HALL H Volts: 120/208 Single A.I.C. Rating: 10K Supply From: See PSLD Phases: 1 Mains Type: MLO Mounting: Recessed Mains Rating: 100 A Enclosure: Type 1 Wires: 3,[]
3316,EP501,Furnish & Install Panelboards as per Schedules and Diagrams,Legend:,[]
3317,EP501,Furnish & Install Panelboards as per Schedules and Diagrams,Branch Panel: 1LB1,[]
3318,EP501,Furnish & Install Panelboards as per Schedules and Diagrams,Location: HALL H Volts: 120/208 Single A.I.C. Rating: 10K Supply From: See PSLD Phases: 1 Mains Type: MLO Mounting: Recessed Mains Rating: 100 A Enclosure: Type 1 Wires: 3,[]
3319,EP501,Furnish & Install Panelboards as per Schedules and Diagrams,Legend:,[]
3320,EP501,Furnish & Install Panelboards as per Schedules and Diagrams,Branch Panel: 1LB3,[]
3321,EP501,Furnish & Install Panelboards as per Schedules and Diagrams,Location: HALL J Volts: 120/208 Single A.I.C. Rating: 10K Supply From: See PSLD Phases: 1 Mains Type: MLO Mounting: Recessed Mains Rating: 100 A Enclosure: Type 1 Wires: 3,[]
3322,EP501,Furnish & Install Panelboards as per Schedules and Diagrams,Legend:,[]
3323,EP501,Furnish & Install Panelboards as per Schedules and Diagrams,Branch Panel: 1LC1,[]
3324,EP501,Furnish & Install Panelboards as per Schedules and Diagrams,Location: HALL J Volts: 120/208 Single A.I.C. Rating: 10K Supply From: See PSLD Phases: 1 Mains Type: MLO Mounting: Recessed Mains Rating: 100 A Enclosure: Type 1 Wires: 3,[]
3325,EP501,Furnish & Install Panelboards as per Schedules and Diagrams,Legend:,[]
3326,EP501,Furnish & Install Panelboards as per Schedules and Diagrams,Branch Panel: 1LB2,[]
3327,EP501,Furnish & Install Panelboards as per Schedules and Diagrams,Location: HALL H Volts: 120/208 Single A.I.C. Rating: 10K Supply From: See PSLD Phases: 1 Mains Type: MLO Mounting: Recessed Mains Rating: 100 A Enclosure: Type 1 Wires: 3,[]
3328,EP501,Furnish & Install Panelboards as per Schedules and Diagrams,Legend:,[]
3329,EP501,Furnish & Install Panelboards as per Schedules and Diagrams,Branch Panel: 1LB4,[]
3330,EP501,Furnish & Install Panelboards as per Schedules and Diagrams,Location: HALL J Volts: 120/208 Single A.I.C. Rating: 10K Supply From: See PSLD Phases: 1 Mains Type: MLO Mounting: Recessed Mains Rating: 100 A Enclosure: Type 1 Wires: 3,[]
3331,EP501,Furnish & Install Panelboards as per Schedules and Diagrams,Legend:,[]
3332,EP501,Furnish & Install Gfci Rated Circuit Breakers,"Notes: * PROVIDE GFCI RATED CIRCUIT BREAKER, SIZED AS INDICATED.",[]
3333,EP501,Furnish & Install Gfci Rated Circuit Breakers,"Notes: * PROVIDE GFCI RATED CIRCUIT BREAKER, SIZED AS INDICATED.",[]
3334,EP501,Furnish & Install Gfci Rated Circuit Breakers,"Notes: *PROVIDE GFCI RATED CIRCUIT BREAKER, SIZED AS INDICATED.",[]
3335,EP501,Furnish & Install Gfci Rated Circuit Breakers,"Notes: * PROVIDE GFCI RATED CIRCUIT BREAKER, SIZED AS INDICATED.",[]
3336,EP501,Furnish & Install Gfci Rated Circuit Breakers,"Notes: * PROVIDE GFCI RATED CIRCUIT BREAKER, SIZED AS INDICATED.",[]
3337,EP501,Furnish & Install Gfci Rated Circuit Breakers,"Notes: * PROVIDE A GFCI RATED CIRCUIT BREAKER, SIZED AS INDICATED.",[]
3338,EP501,Furnish & Install Gfci Rated Circuit Breakers,"Notes: * PROVIDE GFCI RATED CIRCUIT BREAKER, SIZED AS INDICATED.",[]
3339,EP501,Furnish & Install Gfci Rated Circuit Breakers,"Notes: * PROVIDE A GFCI RATED CIRCUIT BREAKER, SIZED AS INDICATED.",[]
3340,EP501,Furnish & Install Gfci Rated Circuit Breakers,"Notes: * PROVIDE A GFCI RATED CIRCUIT BREAKER, SIZED AS INDICATED.",[]
3341,EP501,Refer to the Electrical schedules,Branch Panel: 1LA1,[]
