llm_status,llm_region_type,llm_identified_content,llm_direct_bid_item_evidence,llm_association_strength,llm_decision,llm_confidence,llm_reason,llm_error,llm_attempts,row_index,region_id,sheet_number,bid_item
SUCCESS,GENERAL_NOTE,"F. WHERE ROOF TO VERTICAL WALL INTERSECTIONS OCCUR, RUN MEMBRANE MINIMUM 8"" UP WALL. REFER TO DETAILS FOR TERMINATION.","The region text explicitly mentions 'MEMBRANE' and instructs to 'RUN MEMBRANE,' which directly indicates the roofing membrane work corresponding to the bid item Furnish & Install Self-Adhered Single-Ply Roofing Membrane.",DIRECT,RIGHT,HIGH,"The highlighted region contains a general roof-plan note that directly references membrane installation (RUN MEMBRANE) on the roof. This directly identifies the material/work (roofing membrane) to be furnished/installed and is located on the roof plan, providing explicit evidence tying it to the bid item rather than relying on indirect associations.",,2,204,region_000204,A-005,Furnish & Install Self-Adhered Single-Ply Roofing Membrane
SUCCESS,SPECIFICATION_TEXT,G. ROOF MEMBRANE TO BE 80 MIL MINIMUM THICKNESS UNLESS NOTED OTHERWISE.,No direct evidence; region is a general specification note about roof membrane thickness and does not explicitly identify the bid item (Furnish & Install Self-Adhered Single-Ply Roofing Membrane).,INDIRECT,WRONG,MEDIUM,"The region contains a general specification note about roof membranes and thickness. It does not explicitly identify or label the bid item (self-adhered single-ply membrane) or its installation work. This is a SPECIFICATION_TEXT/GENERAL_NOTE, which by rule does not directly establish the bid item, even though it mentions membranes. Therefore, the association is INDIRECT at best, and the correct decision is WRONG.",,1,205,region_000205,A-005,Furnish & Install Self-Adhered Single-Ply Roofing Membrane
SUCCESS,GENERAL_NOTE,"GENERAL NOTES - ROOF PLANS. E. TAPERED INSULATION SLOPE TO BE 1/4"" PER FOOT MINIMUM. SLOPE AS INDICATED ON PLANS.","No direct evidence linking to 'Furnish & Install Tapered Rigid Insulation'; region is a general note about tapered insulation slope, not a specific bid item.",NONE,WRONG,HIGH,"The region visibly contains a general roof-note about tapered insulation slope, not an explicit reference to the bid item 'Furnish & Install Tapered Rigid Insulation'. There is no direct identification of the bid item (no text like 'Furnish & Install', 'Rigid Insulation', or a detail/schedule explicitly tied to the bid item). Per the guidelines, a general note or specification text does not constitute a DIRECT association to the bid item. Therefore, the association is NONE/INDIRECT at best, and the correct decision is WRONG.",,1,207,region_000207,A-005,Furnish & Install Tapered Rigid Insulation
SUCCESS,GENERAL_NOTE,"General Notes - Roof Plans text block (A–I). Includes E. TAPERED INSULATION SLOPE TO BE 1/4"" PER FOOT MINIMUM; H. SLOPE ALL CRICKETS AS SHOWN AT A MINIMUM OF 1/4"" PER FOOT, UNLESS NOTED OTHERWISE.","No direct reference to 'Furnish & Install Tapered Rigid Insulation' or 'Rigid Insulation' is visible. The region contains general notes about tapered insulation and slope, not a specific bid item.",NONE,WRONG,HIGH,"The highlighted region is a general notes block on the roof plans. It does not directly identify or label the bid item 'Furnish & Install Tapered Rigid Insulation' (no explicit reference to 'Rigid Insulation' or installation of that material). It only provides general guidance about tapered insulation in notes, which is indirect at best and does not constitute direct evidence of the bid item per the required criteria.",,2,208,region_000208,A-005,Furnish & Install Tapered Rigid Insulation
SUCCESS,GRID_REFERENCE,A1 grid reference bubble,No direct evidence linking to wall partition assemblies; region only shows a grid reference label (A1).,NONE,WRONG,HIGH,"The highlighted region visibly contains a grid reference bubble labeled 'A1' along the grid line. This is a grid reference indicator, not a bid item or a direct indication of wall partition assemblies (metal framing). Special rule for grid references states this is not a bid item and should not be considered direct evidence for the bid item. Therefore, the region does not directly reference the original bid item.",,1,209,region_000209,A-005,Furnish & Install Wall Partition Assemblies As Per Wall Type Schedules And Tags
SUCCESS,GRID_REFERENCE,A1,Region contains a circular blue tag labeled 'A1' which is a grid reference marker. Grid references are not bid items and do not directly identify wall partition assemblies or metal framing.,NONE,WRONG,HIGH,The highlighted region is a grid reference bubble ('A1'). Grid references do not constitute a bid item or directly reference wall partition assemblies; there is no direct evidence linking this region to the original bid item.,,1,210,region_000210,A-005,Furnish & Install Wall Partition Assemblies As Per Wall Type Schedules And Tags
SUCCESS,GRID_REFERENCE,"Grid reference bubbles labeled A2, A3, A4 with dashed connecting lines visible along the region.",NONE,NONE,WRONG,HIGH,"The highlighted region shows grid reference callouts (A2, A3, A4) rather than any finishes, materials, or components. There is no direct evidence identifying or referencing the bid item 'Furnish & Install Wall Partition Assemblies As Per Wall Type Schedules And Tags' (Metal Framing). Grid references are not bid items themselves, so this region does not directly associate to the bid item. No indirect justification is present that would convert this into a direct association.",,2,211,region_000211,A-005,Furnish & Install Wall Partition Assemblies As Per Wall Type Schedules And Tags
SUCCESS,GRID_REFERENCE,A4,No direct bid-item evidence; region shows grid reference A4,NONE,WRONG,HIGH,"The highlighted region contains a grid bubble/label 'A4' with dashed grid lines, indicating plan geometry location on the roof plan sheet. This is a grid reference, not a wall partition assembly reference. There is no label, tag, schedule, or detail in this region that directly identifies or locates the original bid item (Furnish & Install Wall Partition Assemblies As Per Wall Type Schedules And Tags). Therefore, there is NO DIRECT association to the bid item.",,2,212,region_000212,A-005,Furnish & Install Wall Partition Assemblies As Per Wall Type Schedules And Tags
SUCCESS,GENERAL_NOTE,"D. PROVIDE BUILT-UP TAPERED INSULATION ROOF CRICKETS AT ALL LOCATIONS OF CURBS, ROOFTOP EQUIPMENT, ETC. TO ALLOW POSITIVE DRAINAGE AND PREVENT PONDING.","No direct reference to the bid item ""Furnish & Install Tapered Rigid Insulation"". The region mentions ""BUILT-UP TAPERED INSULATION"" (not explicitly rigid) and discusses roof crickets as a general note, not a direct specification of the bid item.",NONE,WRONG,HIGH,"The highlighted general-note text discusses built-up tapered insulation crickets for drainage but does not directly identify or reference the bid item. The exact bid item specifies tapered rigid insulation; the region uses ""BUILT-UP"" insulation and does not explicitly reference rigid insulation or a specific installation action for the bid item. Therefore, there is no direct evidence linking this region to the original bid item.",,1,206,region_000206,A-005,Furnish & Install Tapered Rigid Insulation
SUCCESS,PLAN_GEOMETRY,"Plan fragment showing a corridor/partition wall arrangement with door openings. The view includes walls with grey fill, a central vertical core, and multiple blue circular tags (e.g., FX, CX) along lines, but no explicit wall-type label or wall-type schedule reference visible within this cropped region.",No direct evidence of Wall Type S or an explicit wall-partition assembly tag/schedule within this region. Finish tags (FX/CX) alone do not constitute a direct reference to the bid item.,NONE,WRONG,HIGH,"The region is a plan geometry fragment of walls and openings and shows finish tags, but it does not visibly identify a specific wall partition assembly or map to Wall Type S schedules/tags. There is no explicit bid item reference within the region itself, so no direct association with 'Furnish & Install Wall Partition Assemblies As Per Wall Type Schedules And Tags' can be established. Relying on nearby features or OCR is not allowed for a direct association.",,1,213,region_000213,A-005,Furnish & Install Wall Partition Assemblies As Per Wall Type Schedules And Tags
SUCCESS,GRID_REFERENCE,AX,"No direct bid item evidence. The region shows a blue circle with AX connected by a leader, which corresponds to a grid/axis reference used for location on the plan, not to the wall partition work.",NONE,WRONG,HIGH,"The highlighted region contains a grid/reference label (AX) rather than a finish, wall type tag, or explicit partition-related annotation. Grid references do not directly identify or reference the Bid Item (Furnish & Install Wall Partition Assemblies As Per Wall Type Schedules And Tags). Therefore, there is no direct evidence linking this region to the bid item.",,1,214,region_000214,A-005,Furnish & Install Wall Partition Assemblies As Per Wall Type Schedules And Tags
SUCCESS,PLAN_GEOMETRY,"Small enclosed core/shaft feature within the roof plan vicinity (central area). No visible wall partition tag, wall type label, finish tag, or partition-related schedule explicit to a bid item.","No direct evidence of a wall partition assembly tag or wall type schedule in this region. No labeling such as a partition wall type (e.g., W-xx) or associated schedule visible in the highlighted area.",NONE,WRONG,HIGH,"Direct association requires the region itself to identify the wall partition work (material/work, finish, or a schedule/detail entry explicitly tied to the bid item). The highlighted region on the roof plan shows geometry of a core/shaft with no partition tags or wall-type references. OCR hints (e.g., 'AV') do not establish a direct connection to 'Furnish & Install Wall Partition Assemblies As Per Wall Type Schedules And Tags'. Therefore, there is NO direct evidence linking this region to the bid item, and the association is WRONG.",,1,215,region_000215,A-005,Furnish & Install Wall Partition Assemblies As Per Wall Type Schedules And Tags
SUCCESS,EQUIPMENT_TAG,AV,"The highlighted region shows a circular equipment tag labeled 'AV' connected by a leader line to a location on the Roof Plan. There is no visible tag, note, or schedule explicitly referencing wall partitions, metal framing, or a Wall Type Schedule/Tags in this region. No depiction of partition assemblies or related finish/work is shown directly in this region.",NONE,WRONG,HIGH,"Direct evidence tying the region to the bid item (Furnish & Install Wall Partition Assemblies As Per Wall Type Schedules And Tags, Metal Framing) is not present. The region is an equipment tag on a Roof Plan, not a wall partition detail, tag, or schedule that explicitly identifies or references the bid item.",,2,216,region_000216,A-005,Furnish & Install Wall Partition Assemblies As Per Wall Type Schedules And Tags
SUCCESS,PLAN_GEOMETRY,"Roof plan region showing central architectural/structural feature; no wall partitions, wall type tags, or finish/tag schedules visible within the highlighted area.",NONE,NONE,WRONG,HIGH,"The highlighted region resides on a roof plan (Plan Geometry) and does not display any direct reference to wall partition assemblies, metal framing, or wall-type schedules/tags. There is no finish/tag indication, room label, schedule entry, or detail that explicitly identifies a wall partition work. The bid item specifies Furnish & Install Wall Partition Assemblies per wall type schedules and tags, which would require direct labeling or tagging in this region. OCR hints are unreliable here, and the image evidence shows only general plan geometry, not the specific bid-item evidence, so the association is not direct.",,1,217,region_000217,A-005,Furnish & Install Wall Partition Assemblies As Per Wall Type Schedules And Tags
SUCCESS,GRID_REFERENCE,AZ,"No direct evidence; region shows a grid reference bubble 'AZ' with dashed lines, not a finish/work or bid item.",NONE,WRONG,HIGH,"The highlighted region is a grid reference (AZ) used to locate drawing content. It does not directly identify any wall partition assembly, finish, material, or any bid-item work. GRID_REFERENCE references are not bid items and do not provide direct drawing evidence for Furnish & Install Wall Partition Assemblies (Metal Framing).",,1,218,region_000218,A-005,Furnish & Install Wall Partition Assemblies As Per Wall Type Schedules And Tags
SUCCESS,GRID_REFERENCE,"Blue circular grid callouts with labels (e.g., A1, A2, A3, A4, C1, F2) arranged along the plan; these appear to be grid reference bubbles rather than wall/fabrication labels.","No direct evidence of Furnish & Install Wall Partition Assemblies or Metal Framing (no wall-type tag, schedule, or partition-related annotation visible in the region).",NONE,WRONG,HIGH,"The highlighted region shows grid reference callouts on the roof plan and does not contain any direct reference to wall partition assemblies, wall type schedules, or metal framing. There is no visual element that explicitly identifies or references the bid item; therefore there is no direct association.",,1,219,region_000219,A-005,Furnish & Install Wall Partition Assemblies As Per Wall Type Schedules And Tags
SUCCESS,GRID_REFERENCE,A2,NONE,NONE,WRONG,HIGH,"The highlighted region visibly contains the grid reference label 'A2' (grid bubble) and not any material/finish tag, room label, or schedule entry that directly identifies the bid item. Grid references are not bid-item evidence and do not explicitly reference 'Furnish & Install Wall Partition Assemblies As Per Wall Type Schedules And Tags' or 'Metal Framing'. Therefore there is no direct evidence linking this region to the bid item; the association is NONE (not DIRECT).",,2,220,region_000220,A-005,Furnish & Install Wall Partition Assemblies As Per Wall Type Schedules And Tags
SUCCESS,GRID_REFERENCE,A3,"The region shows a grid reference label (A3). There are no wall-type tags, partition symbols, or explicit references to 'Wall Type' schedules within this region.",NONE,WRONG,HIGH,"The region visually contains a grid reference (A3) and does not directly identify or reference the bid item (Furnish & Install Wall Partition Assemblies). For a direct association, the region would need to show a wall tag/type label or a schedule entry tied to wall partitions.",,1,221,region_000221,A-005,Furnish & Install Wall Partition Assemblies As Per Wall Type Schedules And Tags
SUCCESS,PLAN_GEOMETRY,"Portion of Building Types Roof Plan (Sheet A-005) showing roof-plan geometry, wall outlines, grid references (no explicit partition/tag labeling visible in the highlighted region).","No direct label, tag, schedule, detail, or symbol within the highlighted region that identifies wall partition assemblies or metal framing as per the Bid Item. The region appears to be part of the roof plan, not a partition/wall-type reference.",NONE,WRONG,HIGH,"The highlighted region is a roof-plan plan-geometry area with grid and wall outlines and does not contain any explicit reference to Furnish & Install Wall Partition Assemblies, Wall Type Schedules, or Metal Framing. There is no direct evidence tying this specific region to the bid item; relying on indirect cues (same trade, same sheet) would be incorrect per the required audit rules.",,1,222,region_000222,A-005,Furnish & Install Wall Partition Assemblies As Per Wall Type Schedules And Tags
SUCCESS,GRID_REFERENCE,A1,"No direct indication of wall partition assemblies, wall type tags, or related finish/work; region shows a grid bubble labeled 'A1' only.",NONE,WRONG,HIGH,"The highlighted region is a grid reference bubble ('A1'), which is a plan/grid reference literal. It does not directly identify, locate, or reference the original bid item (Furnish & Install Wall Partition Assemblies ..., Metal Framing). There is no direct evidence linking this region to the bid item; it is not a finish/work tag, a wall type tag, or a schedule entry.",,1,223,region_000223,A-005,Furnish & Install Wall Partition Assemblies As Per Wall Type Schedules And Tags
SUCCESS,GRID_REFERENCE,A1,"No direct evidence of wall partition assemblies or metal framing; region shows a circular grid reference tag labeled 'A1', which is a grid reference, not a bid item.",NONE,WRONG,HIGH,"The highlighted region visibly contains a circular grid reference tag 'A1' with adjacent grid-line markers. This is a grid reference, not a bid item. There is no direct indication of wall partition assemblies or metal framing, no wall-type tag, finish, schedule, or detail explicitly referencing the bid item. Per the special rule, grid references are not bid items, so there is no direct association to the original bid item.",,1,224,region_000224,A-005,Furnish & Install Wall Partition Assemblies As Per Wall Type Schedules And Tags
SUCCESS,GRID_REFERENCE,"Grid callouts labeled A2, A3, A4 with dashed guide lines visible within the region.","No direct wall partition tag, finish tag, schedule, detail, or other explicit bid-item related identifier is visibly attached to this region.",NONE,WRONG,HIGH,"The region primarily shows grid reference callouts (A2, A3, A4) and associated grid lines. There is no explicit indication of a wall partition assembly, wall type tag, finish schedule, or detail that directly identifies or references the Bid Item 'Furnish & Install Wall Partition Assemblies As Per Wall Type Schedules And Tags'. A grid reference by itself does not constitute direct evidence for the bid item; no explicit wall-type/partition information is shown in this region.",,2,225,region_000225,A-005,Furnish & Install Wall Partition Assemblies As Per Wall Type Schedules And Tags
SUCCESS,GRID_REFERENCE,"Grid reference markers A2, A3, A4 (blue circled grid bubbles) along dashed grid lines visible in the region.",No direct bid item evidence present; region shows grid references only.,NONE,WRONG,HIGH,"The highlighted region contains grid reference markers (A2, A3, A4) and grid lines. There is no visible bid item identification (no wall partition material, finish tag, schedule, or detail) within this region. Grid references are location coordinates and do not directly identify or reference the Bid Item 'Furnish & Install Wall Partition Assemblies As Per Wall Type Schedules And Tags' (Metal Framing). Therefore, no direct association is evidenced.",,1,226,region_000226,A-005,Furnish & Install Wall Partition Assemblies As Per Wall Type Schedules And Tags
SUCCESS,FINISH_TAG,Two circular finish-tag callouts labeled 'FX' located along the central corridor of the roof-plan region.,"No tag, label, schedule, or symbol directly identifying a wall partition assembly or metal framing (the bid item). Only finish-tag markers are present.",INDIRECT,WRONG,HIGH,"The highlighted region shows FX finish-tag callouts, which indicate finishes, not a direct reference to furnishing/installation of wall partition assemblies per the 'Wall Type Schedules And Tags' requirement. There is no explicit partition assembly label, schedule entry, or component that directly identifies the bid item in this region; finish tags alone are insufficient for direct association.",,1,227,region_000227,A-005,Furnish & Install Wall Partition Assemblies As Per Wall Type Schedules And Tags
SUCCESS,GRID_REFERENCE,AX,NONE,NONE,WRONG,HIGH,"The highlighted region contains a blue circled tag 'AX' with a leader line, which is consistent with a grid/axis reference tag rather than a wall partition/work item. There is no explicit indication of a wall type, metal framing, or a finish/work entry directly referencing the bid item (Furnish & Install Wall Partition Assemblies As Per Wall Type Schedules And Tags). According to the GRID REFERENCES special rule, a grid bubble/reference is NOT a bid item and does not provide direct evidence for the bid item. Therefore there is NO direct association to the bid item (association_strength = NONE), and the correct decision is WRONG.",,2,228,region_000228,A-005,Furnish & Install Wall Partition Assemblies As Per Wall Type Schedules And Tags
SUCCESS,EQUIPMENT_TAG,Blue circular tag with 'EV' (Elevator equipment tag) visible in the region.,"No wall partition assembly tag, wall type schedule, or finish/work indication visible in this region. The region shows elevator equipment tagging and core plan geometry, not partition-related notation.",NONE,WRONG,HIGH,"The highlighted area contains elevator equipment tags ('EV') and core plan elements, not any direct indication of wall partition assemblies or wall type schedules. There is no explicit detail, tag, or schedule in this region that references the bid item; thus the association is not direct.",,1,229,region_000229,A-005,Furnish & Install Wall Partition Assemblies As Per Wall Type Schedules And Tags
SUCCESS,EQUIPMENT_TAG,Blue circular tag labeled 'AV' connected to a leader on a roof plan portion (Sheet A-005).,No direct evidence of wall partition work or metal framing; region shows a roof-plan equipment tag (AV) rather than a wall-type finish/partition annotation.,NONE,WRONG,HIGH,"The highlighted region contains an equipment tag 'AV' on a roof plan (Architectural sheet A-005 Roof Plan), not a wall partition or metal framing element. There is no wall type, finish tag, partition symbol, or wall-type schedule reference in this region. The sheet itself is a roof plan, not a wall-type scheduling page. Therefore there is no direct evidence that this region identifies or locates the bid item 'Furnish & Install Wall Partition Assemblies As Per Wall Type Schedules And Tags'.",,1,230,region_000230,A-005,Furnish & Install Wall Partition Assemblies As Per Wall Type Schedules And Tags
SUCCESS,PLAN_GEOMETRY,"Small interior wall/partition segment on a roof-plan view, with no visible wall type tag, finish note, or explicit partition reference.",NONE,NONE,WRONG,HIGH,"The highlighted region shows only plan geometry of a wall/partition area without a wall type tag, schedule entry, or explicit reference to a wall partition assembly (no W-type tag, no finish/assembly note). It is located on a roof plan sheet (A-005) where interior partitions are not directly identified by a bid-item tag. There is no direct evidence linking this region to the Bid Item “Furnish & Install Wall Partition Assemblies As Per Wall Type Schedules And Tags.” Therefore, the association is NOT DIRECT and the correct decision is WRONG.",,1,231,region_000231,A-005,Furnish & Install Wall Partition Assemblies As Per Wall Type Schedules And Tags
SUCCESS,GRID_REFERENCE,AZ,"No direct evidence. The region shows a circular grid label 'AZ' with a leader line to a grid line, which is a grid reference marker used for locating the drawing elements, not an identification of wall partitions or metal framing.",NONE,WRONG,HIGH,"The region visibly contains a circular marker with 'AZ' (grid reference) and a leader line to a grid line. This is a grid-reference element, not a bid-item identifier. The original bid item is 'Furnish & Install Wall Partition Assemblies As Per Wall Type Schedules And Tags' (Metal Framing). There is no direct visual evidence within this region that identifies, locates, or explicitly references that bid item (no material, finish, room label, or schedule entry linking to wall partitions). Therefore, this region does not directly associate with the bid item.",,1,232,region_000232,A-005,Furnish & Install Wall Partition Assemblies As Per Wall Type Schedules And Tags
SUCCESS,PLAN_GEOMETRY,"A small portion of a roof plan with plan geometry and grid/callout markers (A1, A2, F2) along leaders; no wall/type tag, finish tag, or partition detail visible in the highlighted region.","No direct evidence of wall partition assemblies, wall type tags (e.g., Wall Type S), or metal framing details within the highlighted region. The sheet is a roof plan (A-005) and the visible content consists of generic plan geometry and callouts, not a wall partition detail.",NONE,WRONG,HIGH,"The highlighted region does not contain any direct reference to wall partition assemblies or metal framing (no Wall Type S tag, schedule, or detail). It shows roof-plan geometry and generic callouts, which do not directly identify or locate the bid item.",,1,233,region_000233,A-005,Furnish & Install Wall Partition Assemblies As Per Wall Type Schedules And Tags
SUCCESS,GRID_REFERENCE,A2 grid reference bubble (grid line indicator),"The region displays a circular blue balloon with the text 'A2', which is a grid reference tag used for locating grid lines on the plan. There is no text or symbol directly identifying a wall partition, wall type, finish, or schedule related to the bid item.",NONE,WRONG,HIGH,"The highlighted region contains a grid reference bubble (A2). Grid references are not bid items and do not directly identify, locate, or reference the Furnish & Install Wall Partition Assemblies (Wall Type Schedules and Tags) bid item. No direct evidence (finish, material, partition label, or schedule entry) linking this region to the bid item is visible. Therefore, this region does not have a DIRECT association to the bid item; its relevance would be indirect at best (and is considered WRONG per the rules).",,1,234,region_000234,A-005,Furnish & Install Wall Partition Assemblies As Per Wall Type Schedules And Tags
SUCCESS,GRID_REFERENCE,A3,"No direct evidence; region is a grid reference bubble labeled A3 and does not identify wall partitions, metal framing, finishes, or a bid-item specific tag.",NONE,WRONG,HIGH,"The highlighted region shows a blue circular tag with the text 'A3', which is a grid reference bubble used for location, not for identifying work. According to the GRID_REFERENCE rule, a grid bubble is not a bid-item indicator. There is no visible wall-type tag, finish schedule reference, or any explicit indication of 'Furnish & Install Wall Partition Assemblies' or 'Metal Framing' in this region. Therefore, there is no direct evidence linking this region to the original bid item; the association is not direct, and the correct decision is WRONG.",,2,235,region_000235,A-005,Furnish & Install Wall Partition Assemblies As Per Wall Type Schedules And Tags
SUCCESS,PLAN_GEOMETRY,"Segment of roof plan showing plan geometry with vertical grid callouts (A1, A2, A3, A4); no wall partition tags, schedules, or tags indicating partition work are visible in this region.","No direct evidence of wall partition assemblies, wall-type schedules, or partition-related tags in this region.",NONE,WRONG,HIGH,"The highlighted region displays general plan geometry and grid references, but there is no explicit indication of wall partition assemblies or wall-type schedules/tags that would directly identify the bid item. Therefore, there is no direct association to the original bid item in this region.",,1,236,region_000236,A-005,Furnish & Install Wall Partition Assemblies As Per Wall Type Schedules And Tags
SUCCESS,EQUIPMENT_TAG,A1,"The highlighted region shows a circular tag with the label 'A1' attached to a wall segment on the plan. This is a wall-type tag that directly references the corresponding wall type entry (A1) in the Wall Type Schedule. The bid item is to Furnish & Install Wall Partition Assemblies As Per Wall Type Schedules And Tags (Metal Framing), so this tag provides direct evidence for the specific wall type to be installed.",DIRECT,RIGHT,HIGH,"The region visibly contains a wall-type tag (A1) directly labeling a wall element, which corresponds to the wall type required by the bid item. No inference from OCR or indirect reasoning is needed.",,1,237,region_000237,A-005,Furnish & Install Wall Partition Assemblies As Per Wall Type Schedules And Tags
SUCCESS,GRID_REFERENCE,"Grid reference bubbles labeled A1, A2, A3 (plan grid references) along the roof-plan region.","No direct evidence of wall partitions, wall type tags, or finish/work items. The region shows grid references only, not any wall-type/partition indication.",NONE,WRONG,HIGH,"The highlighted region visually contains grid reference bubbles (A1, A2, A3, etc.) which are used for locating elements on the plan. There is no visible wall partition tag, wall type schedule, or partition-related symbol that directly identifies or references the original bid item (Furnish & Install Wall Partition Assemblies As Per Wall Type Schedules And Tags). Therefore, there is no direct association with the bid item; at best it is contextual plan geometry, not a direct bid-item evidence.",,1,238,region_000238,A-005,Furnish & Install Wall Partition Assemblies As Per Wall Type Schedules And Tags
SUCCESS,GRID_REFERENCE,A4 grid reference bubble,"No direct bid item indicator present; region shows only a grid reference along a dashed grid line with no wall type, finish, or partition assembly reference.",NONE,WRONG,HIGH,"The highlighted region contains a grid bubble labeled 'A4' along a dashed grid line. A grid reference is not a bid item and does not directly identify, locate, or reference the Furnish & Install Wall Partition Assemblies (Wall Type Schedules and Tags) for Metal Framing. There is no explicit finish, material, or partition assembly information in the region. Therefore there is no direct association with the bid item; the correct decision is WRONG.",,1,239,region_000239,A-005,Furnish & Install Wall Partition Assemblies As Per Wall Type Schedules And Tags
SUCCESS,GRID_REFERENCE,Circular grid reference bubble containing A4 with a dashed leader line (grid reference) visible on the roof-plan region.,"None. The region shows a grid reference bubble and does not contain any wall type tag, finish indication, schedule entry, or explicit reference to wall partition assemblies.",NONE,WRONG,HIGH,"The region visually contains a grid bubble (A4) with a leader line, which is a grid reference, not a bid item. Grid references are explicitly excluded as direct evidence for a bid item. There is no visible element in this region that directly identifies, labels, or references the original bid item (Furnish & Install Wall Partition Assemblies As Per Wall Type Schedules And Tags / Metal Framing).",,1,240,region_000240,A-005,Furnish & Install Wall Partition Assemblies As Per Wall Type Schedules And Tags
SUCCESS,FINISH_TAG,FX finish tag labels located along the partition/wall region in the roof plan area,"No explicit label or tag directly naming a wall partition assembly, wall type, or wall-type schedule in the highlighted region. The tags shown are generic finish codes (FX) and do not single out the bid item.",INDIRECT,WRONG,MEDIUM,"The region contains finish tags (FX) which indicate finishes rather than directly identifying or labeling the specific bid item (Furnish & Install Wall Partition Assemblies). There is no visible wall-type schedule, wall tag, or explicit reference to a wall partition assembly in this region; the evidence is thus indirect at best and not a direct match to the bid item.",,3,241,region_000241,A-005,Furnish & Install Wall Partition Assemblies As Per Wall Type Schedules And Tags
SUCCESS,GRID_REFERENCE,AX,"No direct evidence of the bid item; region shows a grid/axis tag (AX) rather than a wall type, finish, or schedule entry specific to wall partition assemblies.",NONE,WRONG,HIGH,"The highlighted region visually contains a grid reference tag 'AX' with a leader, not a label, schedule, detail, or finish indication that directly identifies or references the bid item 'Furnish & Install Wall Partition Assemblies As Per Wall Type Schedules And Tags'. Grid references are not bid-item evidence and do not establish direct association to wall partition work.",,1,242,region_000242,A-005,Furnish & Install Wall Partition Assemblies As Per Wall Type Schedules And Tags
SUCCESS,FINISH_TAG,"Two circular finish-tag indicators labeled ""FZ"" located at the ends of a small central feature on the roof-plan region.","No direct evidence of a wall partition assembly or metal framing; region shows finish-tag indicators (FZ) with no wall-type, partition detail, or schedule reference.",NONE,WRONG,MEDIUM,"The region visually contains finish-tag indicators (FZ) rather than a wall-type/partition label or detailed wall-assembly reference. There is no explicit reference to Wall Type S or a partition assembly in this region. It is on a roof plan sheet and lacks evidence directly identifying the bid-item work (furnish & install wall partition assemblies with metal framing). Therefore, no direct association to the bid item is shown; OCR alone is not sufficient to change this.",,1,243,region_000243,A-005,Furnish & Install Wall Partition Assemblies As Per Wall Type Schedules And Tags
SUCCESS,EQUIPMENT_TAG,Circular blue callout with the text 'AV' (annotation bubble) connected by a dashed leader line to the roof plan area.,"No direct label or schedule entry identifying a wall partition assembly, wall type, or wall type schedule/tag; region shows a generic annotation tag rather than a wall-related item.",NONE,WRONG,HIGH,The highlighted region is a generic annotation tag ('AV') without a direct reference to a wall partition assembly or the Wall Type Schedule/Tags required by the bid item. The bid item requires explicit identification of wall partition assemblies via wall type schedules and tags; this region does not provide that direct linkage.,,2,244,region_000244,A-005,Furnish & Install Wall Partition Assemblies As Per Wall Type Schedules And Tags
SUCCESS,PLAN_GEOMETRY,Door opening within partition wall on the roof plan area (central core/shaft with surrounding walls).,"No direct evidence of wall-type schedules, wall tags, partition assemblies, finishes, or schedule entries in the highlighted region.",NONE,WRONG,HIGH,"The highlighted region shows generic plan geometry (walls and a doorway/shaft) on the roof plan and does not contain any wall-type tag, partition assembly reference, finish tag, or schedule entry that explicitly identifies or references the original bid item (Furnish & Install Wall Partition Assemblies As Per Wall Type Schedules And Tags). There is no direct indication that this region represents or details a wall partition assembly per the bid item; OCR/text present is not sufficient to establish a direct association.",,1,245,region_000245,A-005,Furnish & Install Wall Partition Assemblies As Per Wall Type Schedules And Tags
SUCCESS,GRID_REFERENCE,AZ,GRID_REFERENCE bubble with label AZ; no direct finish/material/work reference.,NONE,WRONG,HIGH,"The highlighted region shows a blue circular tag labeled 'AZ' connected by a dashed leader. This is a grid reference bubble, not a bid-item identifier. Grid references do not directly identify or locate the original bid item (Furnish & Install Wall Partition Assemblies As Per Wall Type Schedules And Tags, Metal Framing) and provide no explicit evidence of wall partitions, finishes, or associated work. Therefore the region has no direct association with the bid item. The evidence is visually unambiguous and not dependent on OCR.",,1,246,region_000246,A-005,Furnish & Install Wall Partition Assemblies As Per Wall Type Schedules And Tags
SUCCESS,GRID_REFERENCE,Blue circular grid bubble containing 'A2' (grid reference) visible in the cropped region.,"None visible. No wall type label, finish tag, wall partition label, schedule entry, or detail/reference that directly identifies the bid item.",NONE,WRONG,HIGH,"The highlighted region shows a grid reference bubble (A2) used for locating grid lines on the plan. Grid references are explicitly NOT bid items and do not directly identify the wall partition work described in the original bid item. There is no other direct evidence (e.g., wall type tag or schedule) in this region that ties to 'Furnish & Install Wall Partition Assemblies As Per Wall Type Schedules And Tags'.",,1,247,region_000247,A-005,Furnish & Install Wall Partition Assemblies As Per Wall Type Schedules And Tags
SUCCESS,PLAN_GEOMETRY,"Partial roof plan region with surrounding walls and grid callouts; no explicit wall partition tags, wall type labels, or partition assembly references visible.",NONE,NONE,WRONG,HIGH,"The highlighted region shows roof-plan geometry with grid references (e.g., A1, A2, AZ) and wall outlines, but there is no direct evidence of wall partition assemblies, wall type schedules, or tags that explicitly identify or reference the bid item 'Furnish & Install Wall Partition Assemblies As Per Wall Type Schedules And Tags (Metal Framing)'. A direct association would require visible wall-type tags, partition assembly labels, or a corresponding wall type schedule/detail within this region, none of which are present. Therefore the region does not directly represent the bid item, and the association is WRONG.",,1,248,region_000248,A-005,Furnish & Install Wall Partition Assemblies As Per Wall Type Schedules And Tags
SUCCESS,PLAN_GEOMETRY,Fragment of the roof plan showing interior wall partitions and grid references (AX/AV etc). No wall type tag or partition-assembly label visible.,"No direct labeling or tag identifying wall partition assemblies, wall type S, or metal framing. The region lacks any reference to 'wall type schedules and tags' or specific partition assembly data.",NONE,WRONG,HIGH,"The region visually contains plan geometry of walls on a roof plan sheet (A-005) with grid callouts, but there is no explicit reference to 'Furnish & Install Wall Partition Assemblies As Per Wall Type Schedules And Tags' or any 'Wall Type' tag. Without a direct tag/schedule to the bid item, there is no direct association. The Special Rule indicates that generic references or OCR/text are not sufficient without explicit labeling; there is no schedule or tag here. Therefore the association is not direct.",,1,249,region_000249,A-005,Furnish & Install Wall Partition Assemblies As Per Wall Type Schedules And Tags
SUCCESS,PLAN_GEOMETRY,"Dark grey rectangular mass on roof plan with grid callouts (A1–A4) and dashed alignment lines; no wall type tag, partition schedule, or finish/work reference visible.","No direct label or tag referencing Wall Type S, wall partitions, or partition assemblies; no partition detail or schedule visible in the region.",NONE,WRONG,HIGH,"The highlighted region shows general plan geometry on a roof plan with grid references and no explicit wall partition tag or schedule. There is no direct evidence identifying or linking this region to the bid item 'Furnish & Install Wall Partition Assemblies As Per Wall Type Schedules And Tags'. The association would be INDIRECT at best if any, but there is no explicit labeling to support a direct association.",,1,250,region_000250,A-005,Furnish & Install Wall Partition Assemblies As Per Wall Type Schedules And Tags
SUCCESS,GRID_REFERENCE,"Grid bubbles labeled A1, A2, A3, F2, B1, B2 along the top (grid callouts)","No direct evidence of wall partitions, metal framing, or wall-type schedules in this region; region shows grid references only",NONE,WRONG,HIGH,"The highlighted region contains grid reference callouts (A1, A2, A3, F2, B1, B2) which are used to locate elements on the plan. This does not directly identify, locate, or reference the bid item 'Furnish & Install Wall Partition Assemblies As Per Wall Type Schedules And Tags' (Metal Framing). There is no explicit wall partition, finish, schedule, or tag directly tied to the bid item in this region, so there is no direct association.",,1,251,region_000251,A-005,Furnish & Install Wall Partition Assemblies As Per Wall Type Schedules And Tags
SUCCESS,GRID_REFERENCE,A1 grid reference bubble (blue circle),"NONE – no wall partition assembly tag, finish, schedule, or detail visible",NONE,WRONG,HIGH,"The highlighted region contains a blue circular grid reference bubble with the label 'A1'. Grid references are not bid items and do not directly identify or reference wall partition assemblies. The original bid item requires wall partition assemblies per wall type schedules/tags, which would be evidenced by wall-type tags, partition details, or finish schedules, not by a grid reference bubble on a roof plan sheet.",,1,252,region_000252,A-005,Furnish & Install Wall Partition Assemblies As Per Wall Type Schedules And Tags
SUCCESS,GRID_REFERENCE,"Grid reference bubble labels: A4, A3, A2 (circular markers along plan grid)",NONE,NONE,WRONG,HIGH,"The highlighted region contains grid reference bubbles (A4, A3, A2) used to locate grid lines on the roof plan. There is no visible wall type tag, partition tag, schedule entry, or any other direct indication of wall partition assemblies. Therefore, the region does not directly identify, locate, or reference the Original Bid Item (Furnish & Install Wall Partition Assemblies As Per Wall Type Schedules And Tags). Grid references are indirect locational markers and do not constitute direct evidence for the bid item per the audit rules.",,1,253,region_000253,A-005,Furnish & Install Wall Partition Assemblies As Per Wall Type Schedules And Tags
SUCCESS,GRID_REFERENCE,Grid reference bubble labeled A4 (part of roof plan grid).,"No direct bid item element present (no wall type tag, wall partition symbol, finish tag, or schedule entry visible).",NONE,WRONG,HIGH,"The highlighted region shows grid reference bubbles (e.g., A4) and plan geometry only, with no wall partition assembly identifier, wall type tag, or schedule/detail entry that directly corresponds to the bid item “Furnish & Install Wall Partition Assemblies As Per Wall Type Schedules And Tags.” Therefore there is no direct association to the bid item.",,1,254,region_000254,A-005,Furnish & Install Wall Partition Assemblies As Per Wall Type Schedules And Tags
SUCCESS,FINISH_TAG,Blue circles labeled FX (finish tag) along partition wall lines on the roof-plan area,"The region only shows FX finish tags; there is no wall-type tag, schedule entry, detail reference, or depiction of a wall partition assembly (per the Bid Item). No explicit reference to metal framing partitions or wall-type schedules is visible in this region.",INDIRECT,WRONG,MEDIUM,"The region contains finish-tag markers (FX) along a partition line, which indicate surface finishes rather than the actual wall partition assembly. The Bid Item requires furnishing and installing wall partition assemblies per wall type schedules/tags. The region does not directly identify, locate, or reference a specific wall partition assembly or its type (no wall-type tag or schedule visible). Therefore, while finishes are implied, there is no direct evidence linking this region to the Bid Item.",,1,255,region_000255,A-005,Furnish & Install Wall Partition Assemblies As Per Wall Type Schedules And Tags
SUCCESS,GRID_REFERENCE,AX,"The region shows a circular grid reference tag 'AX' with a dashed leader. There is no label, tag, schedule, or symbol that explicitly identifies a wall partition, metal framing, or related bid-item work.",NONE,WRONG,HIGH,A grid reference bubble/label is not a bid-item indication. It does not directly identify or reference the wall partition assemblies or metal framing required by the bid item. Therefore there is no direct association to the original bid item.,,1,256,region_000256,A-005,Furnish & Install Wall Partition Assemblies As Per Wall Type Schedules And Tags
SUCCESS,PLAN_GEOMETRY,"Plan geometry of interior partitions in a corridor area, featuring wall lines, door openings, and surrounding grid/section callouts. Blue circled tags (e.g., FZ) and a detail callout (A5 A-203) are present, but there is no explicit wall-type tag, finish schedule reference, or bid-item-specific annotation visible in this region.","No direct evidence of the Bid Item 'Furnish & Install Wall Partition Assemblies As Per Wall Type Schedules And Tags' appears in this region. There are no wall-type schedule labels (e.g., W1, W2, metal framing notes, or partition assembly references) or explicit finish/work references that tie directly to the bid item.",NONE,WRONG,HIGH,"The region shows general plan geometry of interior partitions and a doorway with grid references and miscellaneous callouts, but it does not display any direct tag, schedule reference, or detail that explicitly identifies or references the wall partition assemblies (as per wall type schedules and tags) required by the bid item. There is no visible linkage to a wall-type schedule or metal-framing specification in this region; OCR hints do not substitute for direct drawing evidence. Therefore, no direct association to the bid item is present.",,1,257,region_000257,A-005,Furnish & Install Wall Partition Assemblies As Per Wall Type Schedules And Tags
SUCCESS,PLAN_GEOMETRY,"Roof plan fragment with grid callouts (A, AV, AX, etc.) and wall outlines; no wall type tags, partition schedules, or references to wall partitions evident.",No direct indication of Furnish & Install Wall Partition Assemblies (metal framing) or wall type schedules/tags in this region.,NONE,WRONG,HIGH,"The highlighted region is a roof-plan geometry area showing grid lines and generic walls, not a wall-type partition assembly or metal-framing tag/reference. There is no explicit evidence tying this region directly to the bid item.",,2,258,region_000258,A-005,Furnish & Install Wall Partition Assemblies As Per Wall Type Schedules And Tags
SUCCESS,PLAN_GEOMETRY,"Central portion of a partition wall with a doorway/ opening in the roof-plan region. The region shows wall outlines and a door but no explicit wall-type tag, finish tag, or partition-assembly label/schedule.","NONE – There is no text, tag, or schedule visible in the region that directly identifies a wall partition assembly or metal framing per Wall Type S; no wall-type schedule callout is shown in this cropped region.",NONE,WRONG,HIGH,"There is no direct evidence in the highlighted region that identifies or references the original bid item (Furnish & Install Wall Partition Assemblies As Per Wall Type Schedules And Tags). The region shows generic wall geometry and a door opening without wall-type tags, schedules, or finish associations that would directly tie it to wall partition assemblies with metal framing. OCR alone is not considered evidence; the image must show a direct label or schedule item, which is absent here.",,1,259,region_000259,A-005,Furnish & Install Wall Partition Assemblies As Per Wall Type Schedules And Tags
SUCCESS,GRID_REFERENCE,Grid reference bubble labeled AZ with a leader to the grid line on the plan.,NONE,NONE,WRONG,HIGH,"The highlighted region is a circular grid reference bubble containing the text 'AZ' with a dashed leader. This is a grid/zone reference annotation, not a wall partition, finish, or bid-item identifier. Per the Special Rule for GRID REFERENCES, grid bubbles/labels do not establish direct bid-item association. Therefore there is no direct evidence linking this region to the Bid Item 'Furnish & Install Wall Partition Assemblies As Per Wall Type Schedules And Tags' (Metal Framing).",,1,260,region_000260,A-005,Furnish & Install Wall Partition Assemblies As Per Wall Type Schedules And Tags
SUCCESS,GRID_REFERENCE,A2,"No direct evidence of partition work. The region shows grid reference labels (A2) along plan grid lines and does not contain any finish, wall assembly, schedule, or tag explicitly related to the bid item.",NONE,WRONG,HIGH,"The highlighted region contains grid reference markings (A2) on the roof plan. There is no text or symbol that directly identifies a wall partition assembly, wall type, or metal framing as required by the bid item. According to the GRID REFERENCES rule, grid references are not bid-item evidence and cannot directly satisfy the bid item association. Therefore, there is no direct association to the bid item.",,1,261,region_000261,A-005,Furnish & Install Wall Partition Assemblies As Per Wall Type Schedules And Tags
SUCCESS,GRID_REFERENCE,"Grid reference callouts along plan: A4, A3, A2, A1, F2, B1 (grid bubbles/lines)",NONE,NONE,WRONG,HIGH,"The highlighted region shows grid reference bubbles/lines (A4, A3, A2, A1, F2, B1). There is no tag, label, finish, schedule entry, or detail that directly identifies or references the bid item “Furnish & Install Wall Partition Assemblies As Per Wall Type Schedules And Tags” (Metal Framing). The region does not contain any wall-type tag or partition assembly reference; OCR evidence is ancillary and does not establish a direct association. Therefore the region does not directly prove the original bid item and the association is WRONG. The red locator box is not itself evidence.",,1,262,region_000262,A-005,Furnish & Install Wall Partition Assemblies As Per Wall Type Schedules And Tags
SUCCESS,GRID_REFERENCE,A3,"The region shows a grid reference bubble 'A3' with adjacent grid markers; there is no indication of a wall partition, wall type tag, finish, or schedule entry.",NONE,WRONG,HIGH,"1) The region visibly contains a grid reference bubble 'A3' (a standard locating marker) rather than any bid-item specific label. 2) It does not depict or reference wall partition assemblies, wall type schedules, or metal framing as a direct element. 3) Therefore there is no direct evidence linking this region to the Bid Item; the relationship would be indirect at best (location context), which is not sufficient for a direct association. 4) No reliance on OCR alone; the visual evidence supports GRID_REFERENCE, not bid-item content.",,1,263,region_000263,A-005,Furnish & Install Wall Partition Assemblies As Per Wall Type Schedules And Tags
SUCCESS,PLAN_GEOMETRY,"Partial roof-plan area with building walls, grid lines and region markers. No visible wall-type tags, partition schedules, or finish/work identifiers that directly reference wall partition assemblies.",NONE,NONE,WRONG,HIGH,"The highlighted region shows generic plan geometry (roof plan/wall outlines with grid references) and does not contain any direct evidence of 'Furnish & Install Wall Partition Assemblies As Per Wall Type Schedules And Tags' or any wall-type tag/schedule. There is no explicit reference to metal framing or a wall partition assembly within this specific region, nor any tag/designation that directly identifies the bid item. OCR hints are not considered as primary evidence; the visual content provides no direct association.",,2,264,region_000264,A-005,Furnish & Install Wall Partition Assemblies As Per Wall Type Schedules And Tags
SUCCESS,GRID_REFERENCE,A1 grid reference bubble,"No direct evidence found. The region shows a circular grid tag labeled 'A1', which indicates location on the plan. It does not identify or label any wall partition assembly, finish, or related bid-item work.",NONE,WRONG,HIGH,"The highlighted region visibly contains a grid reference bubble with 'A1'. This is a location reference, not a finish, material, or partition entry. Special Rule for GRID REFERENCES states that grid bubbles are NOT bid items. Therefore there is NO direct association with the Bid Item 'Furnish & Install Wall Partition Assemblies As Per Wall Type Schedules And Tags' (Metal Framing). The evidence is unambiguous and does not rely on OCR alone.",,1,265,region_000265,A-005,Furnish & Install Wall Partition Assemblies As Per Wall Type Schedules And Tags
SUCCESS,GRID_REFERENCE,A1,No direct evidence; region is a grid reference bubble showing 'A1' and does not identify any bid-item work.,NONE,WRONG,HIGH,"The highlighted region shows a grid reference label 'A1' (blue circled tag) used for location referencing on the Roof Plan. It does not depict or label any wall partition assembly, metal framing, finish, schedule entry, or any element that directly corresponds to the bid item 'Furnish & Install Wall Partition Assemblies As Per Wall Type Schedules And Tags'. Grid references are not bid-item evidence, and there is no explicit drawing evidence tying this region to the bid item. Therefore, no direct association exists.",,1,266,region_000266,A-005,Furnish & Install Wall Partition Assemblies As Per Wall Type Schedules And Tags
SUCCESS,DETAIL,Detail callout marker: A4 referencing detail A-210 on sheet A-005 (ROOF - BLDG TYPES),"No direct reference to wall partition assemblies, metal framing, or related wall-type schedules/tags. The region shows a detail callout (A4/A-210) on a roof plan page, not a partition finish/work tag.",NONE,WRONG,HIGH,"The highlighted region visually presents a detail callout marker (A4) with reference to detail A-210 on sheet A-005 (ROOF - BLDG TYPES). It does not identify, locate, or explicitly reference any wall partition assembly work or metal framing per the original bid item. There is no finish, material, or partition-specific tag present in the region itself. Therefore, there is no direct association to the bid item; reliance on same-trade or indirect connections would be insufficient per the guidelines.",,2,267,region_000267,A-005,Furnish & Install Wall Partition Assemblies As Per Wall Type Schedules And Tags
SUCCESS,GRID_REFERENCE,Grid reference bubble labeled A4 with associated dashed grid lines (plan view).,"No direct evidence of wall partition assembly, metal framing, or wall type tag in this region. The content is a grid reference indicator, not a specification or schedule entry.",NONE,WRONG,HIGH,"The highlighted region visually shows a grid reference bubble (A4) and grid lines, which is a grid reference element. Grid references are explicitly NOT bid items and do not directly identify or reference wall partition assemblies, wall types, or schedules. Therefore there is no direct evidence connecting this region to the original bid item; the association is NONE, not INDIRECT. ",,1,268,region_000268,A-005,Furnish & Install Wall Partition Assemblies As Per Wall Type Schedules And Tags
SUCCESS,GRID_REFERENCE,AX,No direct bid-item evidence visible; region shows a grid reference (AX) rather than a wall partition/metal framing item.,NONE,WRONG,HIGH,"The highlighted region contains a grid reference AX, which is a plan/navigation aid, not a bid item. The bid item specifies Furnish & Install Wall Partition Assemblies (Metal Framing) and would require direct evidence of a partition/metal framing element or a corresponding wall-type tag/schedule in the region. The grid reference does not provide that direct association.",,1,269,region_000269,A-005,Furnish & Install Wall Partition Assemblies As Per Wall Type Schedules And Tags
SUCCESS,SCHEDULE,AX,"The highlighted region shows a blue circular tag labeled 'AX', which is a wall-type tag used in wall type schedules. This tag directly references a specific wall partition assembly type (Wall Type AX) and is the exact kind of indicator that ties to the Bid Item 'Furnish & Install Wall Partition Assemblies As Per Wall Type Schedules And Tags' (Metal Framing). It is not a room label, grid reference, or generic note; it directly identifies the exact wall-type work to be furnished/installed.",DIRECT,RIGHT,HIGH,The region contains a wall-type tag (AX) that maps to a Wall Type AX entry in the wall type schedules. This is explicit evidence of the bid item requirement (furnish & install wall partition assemblies per wall type schedules/tags) and is not inferred from indirect cues.,,1,270,region_000270,A-005,Furnish & Install Wall Partition Assemblies As Per Wall Type Schedules And Tags
SUCCESS,PLAN_GEOMETRY,"Roof plan fragment with blue circled 'FZ' callouts along a corridor; plan geometry lines, doors, and grid references. No wall partition assemblies, wall type tags, or partition-related notation visible in this region.",NONE,NONE,WRONG,HIGH,"The region is a portion of Sheet A-005 (Roof Plan / Bldg Types) showing generic roof-plan geometry and FZ callouts, not any wall partition assembly, wall type schedule, or partition tagging. There is no explicit label, symbol, or detail identifying wall partitions or metal framing as required by the Bid Item 'Furnish & Install Wall Partition Assemblies As Per Wall Type Schedules And Tags'. Therefore there is no direct evidence linking this region to the bid item; it is not a direct representation of the bid item.",,1,271,region_000271,A-005,Furnish & Install Wall Partition Assemblies As Per Wall Type Schedules And Tags
SUCCESS,EQUIPMENT_TAG,AV,NONE,NONE,WRONG,HIGH,"The highlighted region contains a circular blue-tag with the letters 'AV' on Sheet A-005 (Roof Plan). This is an equipment/feature tag, not a wall partition element. There is no direct evidence of a wall partition assembly, metal framing, or any wall-type schedule/detail within this region. The bid item is Furnish & Install Wall Partition Assemblies As Per Wall Type Schedules And Tags (Metal Framing), which would require a tag, schedule, or detail explicitly referencing a wall partition or its metal framing. Instead, the region appears to label a roof/mechanical feature (e.g., an air vent/equipment tag), not a partition. Therefore, there is no direct association with the bid item; the association is WRONG.",,1,272,region_000272,A-005,Furnish & Install Wall Partition Assemblies As Per Wall Type Schedules And Tags
SUCCESS,PLAN_GEOMETRY,"A small enclosed core area in the roof plan view, containing a door and thick surrounding walls. The region shows labeling such as A-201 and A-203 nearby, and multiple dashed grid lines, but there is no visible wall-type tag, partition schedule, finish tag, or any reference to wall partition assemblies (metal framing) within the highlighted region.","No direct evidence of wall partition assemblies or metal framing in this region. There is no wall type schedule tag, finish tag, or explicit reference to the bid item within the highlighted area; the region appears to be a roof-plan core/shaft rather than a partition assembly depiction.",NONE,WRONG,HIGH,"The highlighted region is a roof-plan core/shaft area with a door, not a labeled wall partition assembly or a finish/work tag. There is no direct indication of wall partitions or metal framing in this region, nor any wall-type schedule or tag visible that explicitly references the bid item. OCR hints do not establish a direct association, and the evidence is visually incongruent with the bid item.",,1,273,region_000273,A-005,Furnish & Install Wall Partition Assemblies As Per Wall Type Schedules And Tags
SUCCESS,ROOM_LABEL,AZ,"No direct identification of wall partitions, wall type schedules, or tags; AZ is a room/area label, not a wall-type tag or part of a wall partition schedule.",NONE,WRONG,HIGH,"The highlighted region contains a circled 'AZ' room/area label with a dashed leader. This is a room label, not a wall partition assembly reference or wall-type tag. The Original Bid Item requires furnishing and installing wall partition assemblies per wall type schedules and tags, which would require a wall-type tag or schedule reference visible in the region. There is no direct evidence within the region that identifies, locates, or explicitly references the bid item; therefore no direct association.",,2,274,region_000274,A-005,Furnish & Install Wall Partition Assemblies As Per Wall Type Schedules And Tags
SUCCESS,GRID_REFERENCE,A2,No direct bid item evidence; region is a blue circular grid reference bubble displaying 'A2'.,NONE,WRONG,HIGH,"The highlighted region visually contains a blue circular badge with the grid reference 'A2'. Grid references are used for location on the plan and do not represent or identify the wall partition assemblies or metal framing bid item. There is no direct evidence within this region that labels, denotes, or references the assigned bid item; thus the association is not direct.",,1,275,region_000275,A-005,Furnish & Install Wall Partition Assemblies As Per Wall Type Schedules And Tags
SUCCESS,PLAN_GEOMETRY,"Fragment of interior partition wall lines with a doorway/opening on a roof plan area. The region shows wall outlines, an opening, and grid/line references (e.g., A4, A3, A2, A1, F2, C1) but no explicit wall-type tag, partition schedule, detail callout, or finish/work indication.","No direct evidence visible that ties this region to the Bid Item 'Furnish & Install Wall Partition Assemblies As Per Wall Type Schedules And Tags' (no wall type tag, wall schedule, or detail reference identifying a wall partition assembly or metal framing within this specific region).",NONE,WRONG,HIGH,"The highlighted region is a generic plan geometry fragment from a roof plan showing interior wall lines and an opening with grid references. There is no explicit tag, schedule, or detail in the region that directly identifies or references a wall partition assembly or metal framing as required by the Bid Item. OCR hints are secondary and do not establish direct evidence. Therefore, the region does not directly associate with the original bid item.",,1,276,region_000276,A-005,Furnish & Install Wall Partition Assemblies As Per Wall Type Schedules And Tags
SUCCESS,PLAN_GEOMETRY,"Roof plan fragment from Sheet A-005 showing grid lines and circle callouts (A1, A2, A3, A4, etc.) with the title text 'ROOF - BLDG TYPES' and the sheet label 'A-005'",,NONE,WRONG,HIGH,"The highlighted region depicts roof plan geometry and plan labeling, not wall partition assemblies or metal framing. There is no direct indication of wall type schedules, tags, or any finish/work item that would directly identify Furnish & Install Wall Partition Assemblies as per the bid item. Therefore it does not provide direct evidence for the original bid item.",,1,277,region_000277,A-005,Furnish & Install Wall Partition Assemblies As Per Wall Type Schedules And Tags
SUCCESS,GRID_REFERENCE,A3,"No direct evidence; region shows a grid reference marker (A3) and does not contain any wall-type tag, finish tag, schedule or detail entry.",NONE,WRONG,HIGH,"The highlighted region visibly contains a grid reference bubble labeled 'A3'. Grid references are not bid items and do not directly identify wall partitions or metal framing. There is no wall-type tag, finish tag, wall partition schedule, or detail entry that explicitly references the Bid Item 'Furnish & Install Wall Partition Assemblies As Per Wall Type Schedules And Tags' on this roof plan sheet. Per the SPECIAL RULES for GRID_REFERENCE and the need for a direct association, this region provides no direct evidence for the bid item.",,1,278,region_000278,A-005,Furnish & Install Wall Partition Assemblies As Per Wall Type Schedules And Tags
SUCCESS,DETAIL,Detail callout/marker containing 'A-202' (triangular symbol) indicating a detail on another sheet.,"No direct indication of wall partition work (e.g., wall type, finish, or partition schedule) is visible; only a cross-reference to another sheet/detail.",NONE,WRONG,HIGH,"The region shows a detail callout marker with a sheet/detail reference (A-202) rather than any explicit labeling, tag, or schedule for a wall partition assembly. It does not directly identify or reference the specified bid item (Furnish & Install Wall Partition Assemblies) or its metal framing components. As such, there is no direct evidence tying this region to the bid item; any relationship would be indirect at best and not sufficient for a RIGHT association.",,2,279,region_000279,A-005,Furnish & Install Wall Partition Assemblies As Per Wall Type Schedules And Tags
SUCCESS,DETAIL,Detail callout marker labeled A-202,"The region contains a callout marker with the detail designation 'A-202', which directly points to a detail sheet that would specify wall partition assemblies per wall type schedules and tags.",DIRECT,RIGHT,HIGH,"The highlighted region visibly shows a detail callout labeled 'A-202'. This is a direct pointer to a detail that would define the wall partition assembly (the Bid Item scope). It is not a room label, grid reference, or generic finish text; it explicitly identifies the work area by pointing to the corresponding detail sheet that governs the wall partition assembly. No assumption about the bid item is needed beyond recognizing the detail reference.",,1,280,region_000280,A-005,Furnish & Install Wall Partition Assemblies As Per Wall Type Schedules And Tags
SUCCESS,GRID_REFERENCE,"Blue circular grid callouts labeled A2, A3, A4 along grid lines (grid reference markers).","No direct evidence identifying wall partition work, finishes, schedules, or components; region shows grid references only.",NONE,WRONG,HIGH,"The highlighted region visually shows grid reference markers (A2, A3, A4) and not any wall partition component, finish, or schedule. Grid references are not bid items and do not directly identify Furnish & Install Wall Partition Assemblies. Therefore there is no direct association with the bid item.",,1,281,region_000281,A-005,Furnish & Install Wall Partition Assemblies As Per Wall Type Schedules And Tags
SUCCESS,GRID_REFERENCE,"Grid reference bubbles: A2, A3, A4 shown along a vertical dashed line",NONE,NONE,WRONG,HIGH,"The highlighted region visually shows grid reference bubbles (A2, A3, A4) used to locate elements on the sheet. There is no direct evidence of bid-item content (wall partition assemblies, wall type schedules, or metal framing) within this region. Grid references are not bid items and do not explicitly identify or locate the bid item. Therefore, there is no direct association to the original bid item.",,2,282,region_000282,A-005,Furnish & Install Wall Partition Assemblies As Per Wall Type Schedules And Tags
SUCCESS,FINISH_TAG,Blue circular callouts labeled 'FX' placed along interior partition walls.,"The region shows finish tags (FX) on walls, but there is no wall type schedule, wall partition assembly reference, or metal framing tag visible that directly identifies a specific wall partition assembly per the Bid Item. No explicit reference to 'Furnish & Install Wall Partition Assemblies' or 'Wall Type Schedules And Tags' is evident in this region.",INDIRECT,WRONG,HIGH,"A direct association would require the region itself to visibly identify the wall partition assembly (e.g., a wall type tag, partition assembly callout, or metal framing reference). The region only contains generic finish tags ('FX') on walls, which do not constitute direct evidence of the required wall partition assembly work. Therefore, the region does not directly represent the original bid item and is categorized as INDIRECT/NO direct association.",,1,283,region_000283,A-005,Furnish & Install Wall Partition Assemblies As Per Wall Type Schedules And Tags
SUCCESS,GRID_REFERENCE,AX,Grid reference bubble 'AX' not tied to any wall partition element or finish; no reference to wall type schedules or tags.,NONE,WRONG,HIGH,"The region shows a circular grid reference tag 'AX' with a leader, which is used for locating grid lines on the sheet. It does not identify, locate, or explicitly reference the original bid item (Furnish & Install Wall Partition Assemblies As Per Wall Type Schedules And Tags). No direct evidence connects this region to wall partitions or the wall-type tagging schedule.",,1,284,region_000284,A-005,Furnish & Install Wall Partition Assemblies As Per Wall Type Schedules And Tags
SUCCESS,EQUIPMENT_TAG,EV (Elevator) equipment tag balloon visible near the central core,NONE,NONE,WRONG,HIGH,"The highlighted region contains elevator equipment tag balloons (EV) on a roof plan. There is no explicit wall partition information (wall types, schedules, or wall tags) that directly identifies or references the bid item 'Furnish & Install Wall Partition Assemblies As Per Wall Type Schedules And Tags'. The region does not visually establish wall partitions, finishes, or any material/work associated with the bid item; it only shows service/equipment elements.",,1,285,region_000285,A-005,Furnish & Install Wall Partition Assemblies As Per Wall Type Schedules And Tags
SUCCESS,EQUIPMENT_TAG,AV,"No direct evidence linking this region to wall partition work; it shows an AV equipment tag on roof plan, unrelated to wall type schedules or wall partitions.",NONE,WRONG,HIGH,"The region contains a circular blue-tag with the label 'AV' connected to a roof-plan element. This is indicative of an equipment tag (likely an air vent or AV item) rather than a wall partition assembly or wall type reference. The original bid item is for furnishing & installing wall partition assemblies per wall type schedules and tags (metal framing). There is no explicit finish/work indication, label, schedule, or detail in this region that directly identifies or references a wall partition assembly or its wall type. Therefore the region does not have a direct association with the bid item.",,1,286,region_000286,A-005,Furnish & Install Wall Partition Assemblies As Per Wall Type Schedules And Tags
SUCCESS,DETAIL,Detail callout A-403 near a doorway (detail reference),No direct wall type tag or wall partition schedule visible; region shows a cross-reference detail (A-403),NONE,WRONG,HIGH,"The highlighted region contains a circular callout labeled A-403, which is a cross-reference to a detail drawing. It does not display a wall type tag, finish schedule, or any explicit indication of a wall partition assembly or metal framing as required to directly satisfy the Bid Item (Furnish & Install Wall Partition Assemblies As Per Wall Type Schedules And Tags). Therefore, there is no direct evidence connecting this region to the bid item; it is a non-direct (none) association.",,1,287,region_000287,A-005,Furnish & Install Wall Partition Assemblies As Per Wall Type Schedules And Tags
SUCCESS,PLAN_GEOMETRY,"Roof plan region showing plan geometry and grid references; no wall partitions, finishes, wall type tags, or partition details visible.","There is no evidence of wall partition assemblies, wall type schedules, tags, or related finishes in this region. The content shown corresponds to roof plan geometry (bracing/grid indications) rather than partition assembly data.",NONE,WRONG,HIGH,"The highlighted area depicts roof plan geometry and does not contain any direct indication of wall partitions, metal framing, or wall type schedules/tags that would explicitly correspond to the bid item “Furnish & Install Wall Partition Assemblies As Per Wall Type Schedules And Tags.” There is no labeling, tag, schedule, or detail in this region that directly identifies the bid item.",,1,288,region_000288,A-005,Furnish & Install Wall Partition Assemblies As Per Wall Type Schedules And Tags
SUCCESS,DETAIL,"Detail callout bubble labeled B1 A-202 on the roof plan sheet (A-005), indicating a cross-reference to another sheet (A-202).",No direct evidence of a wall partition assembly; region only shows a detail cross-reference tag.,NONE,WRONG,HIGH,"The highlighted region is a detail callout bubble (B1 A-202) on the Roof Plan (Sheet A-005). It only references a detail on another sheet and does not itself identify, locate, or reference a wall partition assembly with metal framing. The original bid item is Furnish & Install Wall Partition Assemblies (Metal Framing) and would require direct evidence such as a wall type tag, finish/partition notation, or a schedule entry on the current region. There is no such direct association visible in this region; the evidence is a cross-reference detail tag, not a direct depiction or labeling of the bid item.",,1,289,region_000289,A-005,Furnish & Install Wall Partition Assemblies As Per Wall Type Schedules And Tags
SUCCESS,GRID_REFERENCE,A2 grid reference bubble,"No direct evidence of wall partition work or metal framing; region shows only a grid reference bubble (A2), not a finish/work tag, schedule, or material tag.",NONE,WRONG,HIGH,"The highlighted region contains a grid reference bubble 'A2' used for locating positions on the sheet. It does not identify or reference the original bid item (Furnish & Install Wall Partition Assemblies...). The Bid Item would require a direct indicator such as a wall type tag, partition symbol, or a corresponding wall schedule; a grid reference alone is not a bid-item-specific indication.",,1,290,region_000290,A-005,Furnish & Install Wall Partition Assemblies As Per Wall Type Schedules And Tags
SUCCESS,GRID_REFERENCE,A3,"The region shows a grid reference bubble labeled 'A3' and surrounding plan geometry. There is no visible finish, material tag, wall partition symbol, detail callout, or wall-type schedule entry that identifies wall partition assemblies or metal framing directly.",NONE,WRONG,HIGH,DIRECT evidence linking the region to the Bid Item is absent. The region is a grid reference on a roof plan (Sheet A-005) and does not contain any direct indication of Furnish & Install Wall Partition Assemblies or Metal Framing. No finish/work identifiers or schedules are visible in this region; OCR hints do not override the visual evidence.,,2,291,region_000291,A-005,Furnish & Install Wall Partition Assemblies As Per Wall Type Schedules And Tags
SUCCESS,PLAN_GEOMETRY,"Fragment of roof plan showing walls/partitions and grid references; no wall-type schedule tag, partition-assembly label, or metal-framing indication visible.",No direct bid item reference or partition-assembly tag visible; region does not display wall-type schedules or partition-assembly details.,NONE,WRONG,HIGH,"The highlighted region is from Sheet A-005 (Roof Plan) and shows generic plan geometry with grid references (e.g., A1, A2, A3) and wall lines. There is no explicit reference to Furnish & Install Wall Partition Assemblies, Wall Type Schedules, Tags, or Metal Framing. Without a direct marker or schedule entry tying this region to the bid item, it cannot be considered a direct association.",,1,292,region_000292,A-005,Furnish & Install Wall Partition Assemblies As Per Wall Type Schedules And Tags
SUCCESS,GRID_REFERENCE,A1,No direct bid-item evidence; region shows grid reference,NONE,WRONG,HIGH,"The highlighted region shows a grid coordinate label 'A1' (blue circle grid markers). This functions as plan geometry/grid reference, not as a direct indicator of the bid item. There is no tag, schedule, or symbol identifying wall partitions or metal framing per the bid item; therefore there is no direct association with 'Furnish & Install Wall Partition Assemblies As Per Wall Type Schedules And Tags'.",,1,293,region_000293,A-005,Furnish & Install Wall Partition Assemblies As Per Wall Type Schedules And Tags
SUCCESS,GRID_REFERENCE,A1,No direct bid item evidence; region shows a grid reference bubble (A1),NONE,WRONG,HIGH,The highlighted region shows a grid reference bubble with the label 'A1'. Grid references are explicitly NOT bid items and do not directly identify or reference work such as wall partitions or metal framing. There is no finish/tag/schedule evidence within the region that directly ties to the bid item.,,2,294,region_000294,A-005,Furnish & Install Wall Partition Assemblies As Per Wall Type Schedules And Tags
SUCCESS,EQUIPMENT_TAG,"Partition wall region with balloon tag A4 (and A2, A3) labeling the wall type; A4 balloon linked to wall type schedule.","The highlighted partition area shows a tag balloon (A4) that corresponds to a specific wall type in the wall type schedule. The bid item is to furnish & install wall partition assemblies per wall type schedules and tags, so the tag directly identifies the work to be furnished/installed for this region.",DIRECT,RIGHT,HIGH,"The region visibly contains a balloon tag (A4) attached to the partition, which directly references a wall type in the schedules (per the bid item requirement to furnish & install wall partitions per wall type schedules and tags). This is a direct evidentiary link (not an indirect or generic association) to the bid item.",,1,295,region_000295,A-005,Furnish & Install Wall Partition Assemblies As Per Wall Type Schedules And Tags
SUCCESS,GRID_REFERENCE,"Grid reference annotations with circular callouts labeled A2, A3, A4 connected by dashed grid lines on the plan","No direct evidence of a wall partition, metal framing, or any bid-item related label; region shows grid references only",NONE,WRONG,HIGH,"The highlighted region contains grid reference markers (A2, A3, A4) and dashed grid lines, which are used for locating elements on the plan. There is no visible label, tag, schedule entry, or detail reference that directly identifies or maps to the Bid Item: 'Furnish & Install Wall Partition Assemblies As Per Wall Type Schedules And Tags' (Metal Framing). Per the SPECIAL RULES, a GRID_REFERENCE is not a bid item and cannot provide direct evidence for the bid item. Therefore, the association is NONE and the decision is WRONG.",,1,296,region_000296,A-005,Furnish & Install Wall Partition Assemblies As Per Wall Type Schedules And Tags
SUCCESS,PLAN_GEOMETRY,"Central vertical white core/shadowed area on roof plan with door-like features; no wall partitions, wall types, or metal-framing tags visible in this region. Surrounding features show grid/axis markers (AX, BX, etc.) and typical roof-plan hatchings.",NONE,NONE,WRONG,HIGH,"The highlighted region shows a building core/shaft area on a roof plan, not a wall partition assembly. There are no wall type tags (e.g., W- tags), partition lines, or finishes indicators that would directly identify or reference a wall partition assembly with metal framing. The region does not visually represent or label the bid item; there is no direct evidence linking this region to Furnish & Install Wall Partition Assemblies per Wall Type Schedules and Tags.",,1,297,region_000297,A-005,Furnish & Install Wall Partition Assemblies As Per Wall Type Schedules And Tags
SUCCESS,GRID_REFERENCE,AX,"No direct evidence present. The region shows a grid reference bubble labeled AX with a leader line, which is a grid annotation and not a wall partition tag, schedule, or label that would directly identify the Bid Item (Furnish & Install Wall Partition Assemblies).",NONE,WRONG,HIGH,"The highlighted region contains a grid reference annotation (AX) and does not visibly identify or reference a wall partition assembly, its wall type, or any wall type schedule/tags. No direct indication of the Bid Item is present in the region; grid references are considered indirect/unsupported evidence for this Bid Item.",,1,298,region_000298,A-005,Furnish & Install Wall Partition Assemblies As Per Wall Type Schedules And Tags
SUCCESS,PLAN_GEOMETRY,Vertical core opening (elevator/stair shaft) within roof plan; not a wall partition,"No direct evidence of wall partition assemblies (no wall type tags, schedules, or finish indications visible in the region)",NONE,WRONG,HIGH,"The highlighted region appears to be a vertical building core (elevator/stair shaft) shown on the roof plan. There are no direct references to wall partition assemblies, metal framing, or wall-type schedules/tags in this region. Therefore, it does not directly identify or reference the original bid item (Furnish & Install Wall Partition Assemblies As Per Wall Type Schedules And Tags).",,1,299,region_000299,A-005,Furnish & Install Wall Partition Assemblies As Per Wall Type Schedules And Tags
SUCCESS,EQUIPMENT_TAG,AV,"No direct evidence linking the 'AV' equipment tag to wall partition assemblies, wall type schedules, or metal framing.",NONE,WRONG,HIGH,"The highlighted region shows a circular tag labeled 'AV' on a roof plan (Sheet A-005). This is an equipment tag, not a label identifying or referencing a wall partition assembly or metal framing. There is no direct indication that this 'AV' tag corresponds to the Bid Item 'Furnish & Install Wall Partition Assemblies As Per Wall Type Schedules And Tags'; any link would be indirect and not sufficient for a direct association.",,1,300,region_000300,A-005,Furnish & Install Wall Partition Assemblies As Per Wall Type Schedules And Tags
SUCCESS,GRID_REFERENCE,Grid bubble labeled AZ among the plan grid references.,No direct bid item reference found; grid reference is not part of the wall partition scope.,NONE,WRONG,HIGH,"The highlighted region shows a grid reference bubble 'AZ' (plan grid label). Grid references are not bid items and do not identify, locate, or reference wall partition assemblies. There is no direct evidence tying this region to 'Furnish & Install Wall Partition Assemblies As Per Wall Type Schedules And Tags (Metal Framing)'.",,2,301,region_000301,A-005,Furnish & Install Wall Partition Assemblies As Per Wall Type Schedules And Tags
SUCCESS,PLAN_GEOMETRY,"A fragment of Sheet A-005 Roof Plan showing roof boundary and interior plan lines with an AZ callout; no wall partition tags, wall type labels, or schedules are visible within this region.","No direct identification of wall partition assemblies, wall type tags, or wall-type schedules within the region.",NONE,WRONG,HIGH,"The region visually shows roof-plan geometry with callouts but contains no explicit references to wall partitions or wall-type schedules/tags. There is no direct evidence that this specific region identifies, locates, or references the original bid item (Furnish & Install Wall Partition Assemblies As Per Wall Type Schedules And Tags). OCR hints do not provide a direct association, and the image evidence does not show any partition-related labeling in this region.",,1,302,region_000302,A-005,Furnish & Install Wall Partition Assemblies As Per Wall Type Schedules And Tags
SUCCESS,GRID_REFERENCE,A2,NONE,NONE,WRONG,HIGH,"The highlighted region visually shows a grid reference bubble labeled A2 on a roof-plan sheet. There is no direct indication of wall partitions, metal framing, or any finish/work that would correspond to the Bid Item “Furnish & Install Wall Partition Assemblies As Per Wall Type Schedules And Tags.” Grid references are not bid items, and the region does not display any schedule, detail, label, or conductor that explicitly references the wall partition work. Therefore there is no direct association with the bid item for this specific region.",,1,303,region_000303,A-005,Furnish & Install Wall Partition Assemblies As Per Wall Type Schedules And Tags
SUCCESS,GRID_REFERENCE,A2,The region shows a grid reference label 'A2' along a dashed grid line; there is no finish/tag/schedule/partition reference visible.,NONE,WRONG,HIGH,"The highlighted region contains only a grid reference (A2). It does not identify or reference any wall partition work, finish, or related bid item. Per the rules, a grid reference is not a direct bid item indicator and cannot satisfy the bid item association.",,1,304,region_000304,A-005,Furnish & Install Wall Partition Assemblies As Per Wall Type Schedules And Tags
SUCCESS,PLAN_GEOMETRY,"Portion of a roof plan showing roof deck/plan geometry with grid markers and related plan elements. No visible wall types, partition tags, finishes, or metal framing references are present in the highlighted area.",NONE,NONE,WRONG,HIGH,"The highlighted region contains roof-plan geometry and grid callouts, not any wall partition assembly details. There are no labels, tags, schedules, or symbols explicitly referencing wall partitions, metal framing, or a wall type schedule as required to directly identify Furnish & Install Wall Partition Assemblies. Therefore there is no direct evidence that this region represents the Original Bid Item; OCR hints do not change the visual evidence on the drawing. ",,1,305,region_000305,A-005,Furnish & Install Wall Partition Assemblies As Per Wall Type Schedules And Tags
SUCCESS,PLAN_GEOMETRY,"Roof-plan fragment showing walls and an opening; grid lines and room/station marks are visible, but no wall-type tag, partition schedule, or reference to a wall partition assembly.","NONE — there is no explicit wall partition assembly tag, wall type callout, or wall schedule visible in the region.",NONE,WRONG,MEDIUM,"The region contains only generic plan geometry (walls/ openings on a roof plan) with grid references; it does not display any direct evidence of a wall partition assembly, wall type tag, or schedule that ties to the bid item. Without a direct label or schedule entry referencing wall partitions, the region cannot be considered a direct representation of the bid item.",,1,306,region_000306,A-005,Furnish & Install Wall Partition Assemblies As Per Wall Type Schedules And Tags
SUCCESS,GRID_REFERENCE,A1 grid reference,"The region shows a grid reference label (A1) with no wall/type tag, partition symbol, schedule reference, or finish/work indication visible.",NONE,WRONG,HIGH,"The highlighted region is a grid reference bubble/label on Roof Plan (Sheet A-005). It does not contain any direct indication of the bid item 'Furnish & Install Wall Partition Assemblies As Per Wall Type Schedules And Tags' (no wall type tag, partition symbol, or explicit reference to wall assemblies). Per the GRID REFERENCES special rule, a grid reference is not a bid item and cannot directly establish the bid item.",,1,307,region_000307,A-005,Furnish & Install Wall Partition Assemblies As Per Wall Type Schedules And Tags
SUCCESS,GRID_REFERENCE,A1,"The region only contains a grid reference label; there is no label or tag indicating a wall type, partition assembly, or schedule entry. The region does not visibly identify any element of the bid item (wall partition assemblies or metal framing).",NONE,WRONG,HIGH,The highlighted area shows a grid reference tag 'A1' (blue circled). A grid reference is not a bid item and provides no direct evidence of wall partitions or metal framing. Therefore it does not directly associate with the original bid item.,,1,308,region_000308,A-005,Furnish & Install Wall Partition Assemblies As Per Wall Type Schedules And Tags
SUCCESS,GRID_REFERENCE,"Portion of Roof Plan showing grid references A2, A3, A4 with dashed gridlines and dark roof/structure area; no wall type tag, finish tag, or wall partition schedule visible.",NONE,NONE,WRONG,HIGH,"The highlighted region visually contains grid reference callouts (A2, A3, A4) and general plan geometry. There is no direct indication of a wall partition assembly, metal framing, wall type schedule, or finish reference. A wall partition bid item would require direct identification of the wall assembly or tag within the region (e.g., a wall type label or schedule entry). The region is part of a Roof Plan and does not contain explicit evidence linking to 'Furnish & Install Wall Partition Assemblies As Per Wall Type Schedules And Tags'.",,1,309,region_000309,A-005,Furnish & Install Wall Partition Assemblies As Per Wall Type Schedules And Tags
SUCCESS,PLAN_GEOMETRY,"Roof-plan region showing interior wall layout/partitions within the plan area; no wall type tag, partition schedule, or wall-assembly reference visible.","NONE – no direct reference to wall partition assemblies, wall type schedules/tags, or metal framing visible in the region",NONE,WRONG,HIGH,"The highlighted region on the roof plan (A-005) displays plan geometry with walls/partitions but there is no direct evidence of Furnish & Install Wall Partition Assemblies or any Wall Type Schedule/Tag that would identify a specific partition assembly or metal framing. A DIRECT association would require a visible wall-type tag, schedule entry, or detail explicitly mapping to the bid item. Since such evidence is absent, the association is NONE, resulting in a WRONG decision.",,1,310,region_000310,A-005,Furnish & Install Wall Partition Assemblies As Per Wall Type Schedules And Tags
SUCCESS,PLAN_GEOMETRY,"Central corridor wall segment on a roof plan with blue circled tags labeled 'FX' along the partition line; no wall type schedules, wall type tags, or partition assembly references visible.",No direct reference to 'Furnish & Install Wall Partition Assemblies' or 'Wall Type Schedules and Tags'; no explicit partition detail or metal framing tag visible in the region.,NONE,WRONG,HIGH,"The region is taken from a roof plan sheet (A-005 Roof Plan) and does not contain any explicit wall partition assembly label, wall type schedule, or tag that directly identifies the wall partition work. The 'FX' tags seen are not verifiable as direct references to the bid item, and there is no visible evidence of metal framing or partition details specific to the bid item in this region.",,1,311,region_000311,A-005,Furnish & Install Wall Partition Assemblies As Per Wall Type Schedules And Tags
SUCCESS,EQUIPMENT_TAG,Circular tag with text 'AX' connected by a dashed leader to a wall segment (wall-type tag).,The circular 'AX' tag corresponds to a Wall Type AX in the Wall Type Schedule. This directly identifies the wall partition assembly to be furnished & installed per the wall type schedules and tags specified in the bid item.,DIRECT,RIGHT,HIGH,"The highlighted region contains a circular callout label 'AX' with a leader pointing to a specific wall section. This is a wall-type tag used to reference the corresponding wall type entry in the Wall Type Schedule. Since the bid item is to furnish & install wall partition assemblies per wall type schedules and tags, the 'AX' tag directly evidences the required bid item for that region, not merely an indirect or related element.",,1,312,region_000312,A-005,Furnish & Install Wall Partition Assemblies As Per Wall Type Schedules And Tags
SUCCESS,PLAN_GEOMETRY,"Interior wall segment with a door opening (partition geometry) shown on the roof-plan sheet; no wall-type tag, finish label, schedule, or explicit partition assembly reference visible in the highlighted region.",NONE,NONE,WRONG,HIGH,"The region contains plan geometry (wall lines and a door) without any direct label or schedule entry referencing a wall partition assembly, wall type S, or metal framing as required by the Bid Item. No wall-type tag, schedule line, or explicit reference to the partition assembly is visible in this region. Therefore it does not provide direct evidence for the bid item; any relation would be indirect at best and not acceptable for a direct association.",,2,313,region_000313,A-005,Furnish & Install Wall Partition Assemblies As Per Wall Type Schedules And Tags
SUCCESS,EQUIPMENT_TAG,AV,No direct evidence linking to the bid item; the AV tag appears unrelated to wall partitions or metal framing.,NONE,WRONG,HIGH,"The highlighted region shows a circular label 'AV' (equipment tag) with leader lines on a roof plan. This is a non-partition equipment reference, not a finish, wall partition, or metal framing detail. It does not directly identify or reference the original bid item (Furnish & Install Wall Partition Assemblies As Per Wall Type Schedules And Tags / Metal Framing). Therefore there is no direct association.",,1,314,region_000314,A-005,Furnish & Install Wall Partition Assemblies As Per Wall Type Schedules And Tags
SUCCESS,PLAN_GEOMETRY,"Roof-plan geometry around a central shaft/ opening with wall lines and door-like features; no explicit wall-type label, wall-type schedule, or bid-item tag referencing wall partitions or metal framing visible in the region.","No direct evidence of Wall Type S, wall partition assembly tag, or any partition schedule in the highlighted region.",NONE,WRONG,HIGH,"The region is a plan-view of roof-level geometry showing walls and an opening (likely shaft/door area) but contains no explicit wall-type designation, partition assembly tag, or schedule that directly identifies a wall partition assembly as specified by the bid item. The bid item requires a direct association to wall type schedules/tags (e.g., Wall Type S) or similar explicit labeling, which is not visible in this region. OCR hints do not override missing visual evidence. Therefore, no direct association is established.",,1,315,region_000315,A-005,Furnish & Install Wall Partition Assemblies As Per Wall Type Schedules And Tags
SUCCESS,GRID_REFERENCE,Grid reference bubble 'AZ' near the region (grid label),NONE,NONE,WRONG,HIGH,"The highlighted region shows a grid reference bubble with the label 'AZ' connected by a dashed line. This is a GRID_REFERENCE and does not directly identify or label the bid item (Furnish & Install Wall Partition Assemblies As Per Wall Type Schedules And Tags — Metal Framing). There is no finish/material tag, wall type tag, schedule, or detail entry visible in this region that explicitly references the bid item. Therefore, there is NO direct evidence linking this region to the bid item; the association is WRONG.",,1,316,region_000316,A-005,Furnish & Install Wall Partition Assemblies As Per Wall Type Schedules And Tags
SUCCESS,GRID_REFERENCE,A2 grid reference bubble,"No direct evidence of the bid item; region shows only a grid reference bubble (A2) with no labeling or detail that identifies a wall partition assembly, finish, or wall type schedule.",NONE,WRONG,HIGH,"The highlighted region contains a circular blue callout reading 'A2', which is a grid reference marker. This is part of plan geometry and not a bid item. There is no visible indication of a wall partition assembly, metal framing, or wall-type schedule/tag within this region. Per the special rule for grid references, this does not directly establish the bid item and should be considered no direct association.",,1,317,region_000317,A-005,Furnish & Install Wall Partition Assemblies As Per Wall Type Schedules And Tags
SUCCESS,GRID_REFERENCE,A2,"The highlighted region contains a grid reference bubble labeled 'A2' and surrounding plan geometry. There is no visible wall-type tag, partition detail, finish tag, schedule, or other bid-item identifying label within the region.",NONE,WRONG,HIGH,"Grid references are not bid items and do not directly identify or reference the wall partition assemblies bid item. The region shows only a grid marker (A2) on the Roof Plan, providing no direct evidence of the bid item.",,1,318,region_000318,A-005,Furnish & Install Wall Partition Assemblies As Per Wall Type Schedules And Tags
SUCCESS,GRID_REFERENCE,Grid reference callouts (A3) with associated dashed grid lines; a circular blue tag labeled A3 within the highlighted region.,No direct evidence of wall partition assemblies or metal framing; region shows grid references only.,NONE,WRONG,HIGH,"The highlighted region contains grid reference marks (A3) and grid lines, not a wall type, partition assembly tag, schedule, or detail that would directly identify the bid item. There is no visible evidence of wall partitions, wall type tagging, or a wall schedule within this region.",,1,319,region_000319,A-005,Furnish & Install Wall Partition Assemblies As Per Wall Type Schedules And Tags
SUCCESS,PLAN_GEOMETRY,"Portion of Roof Plan with a dark roof area, grid callouts (A1–A4), and a central opening; no wall partitions, wall type tags, or metal framing references visible.",NONE,NONE,WRONG,HIGH,"The region shows a roof plan fragment with grid references and a central feature, not any direct indication of wall partition assemblies, wall type schedules, or metal framing tags. The bid item requires a direct identification of wall partitions or related assemblies; there is no such direct evidence in this region. OCR hints are secondary and do not alter the visual evidence. Therefore, the association is not direct and the decision is WRONG.",,1,320,region_000320,A-005,Furnish & Install Wall Partition Assemblies As Per Wall Type Schedules And Tags
SUCCESS,GENERAL_NOTE,C. PROVIDE ROOF PROTECTION TO ALL ROOF TOP EQUIPMENT.,"The region text directly states roof protection for rooftop equipment, which corresponds to the Bid Item: Furnish & Install Roof Protection at Rooftop Equipment.",DIRECT,RIGHT,HIGH,"The highlighted region contains a General Note that explicitly references providing roof protection to rooftop equipment. This matches the scope of the ORIGINAL BID ITEM (roof protection at rooftop equipment). It is a direct textual reference to the work, not merely a related concept, schedule, or room tag. No assumption needed; evidence is visual and direct.",,1,321,region_000321,A-005,Furnish & Install Roof Protection at Rooftop Equipment
SUCCESS,FINISH_TAG,Blue circled finish tags on the floor plan labeled F1 and F2 (finish callouts) with leader lines pointing to floor areas; nearby A-202 detail callout.,"Finish tags F1/F2 directly reference floor finish codes to be furnished and installed per the schedule, tying the highlighted region to the Bid Item 'Furnish & Install Unspecified Floor Finish From Schedule.'",DIRECT,RIGHT,HIGH,The region visibly contains explicit FINISH_TAG markers (F1/F2) on the architectural floor plan. These finish callouts are standard in finish schedules and provide a direct reference to the floor finish work required by the bid item. No inference from OCR or indirect cues; the evidence is explicit in the drawing itself.,,1,322,region_000322,A-005,Furnish & Install Unspecified Floor Finish From Schedule
SUCCESS,FINISH_TAG,F1,"The region shows a finish tag label 'F1' with a leader line, but there is no explicit finish material name (e.g., carpet, tile, etc.) or a direct reference to a specific item in a finished schedule within the region. There is no visible text such as 'CARPET', 'FLOOR FINISH', or a schedule entry that directly links this region to the bid item. The sheet is a roof plan (A-005) rather than an interior floor finish plan, and the finish item would require a schedule cross-reference outside this region to be considered a direct identification.",INDIRECT,WRONG,MEDIUM,"The region contains a finish tag 'F1', which is a tag that would normally reference a finish in a separate schedule. However, the region itself does not identify a specific floor finish material or a direct finish entry from the schedule. No explicit finish material or bid-item-specific labeling is visible within the region. As a result, there is no direct evidence that this exact highlighted region furnishes & installs the specified floor finish; at best it would require cross-reference to the finish schedule. This constitutes an indirect association, not a direct one, and given the bid item refers to an unspecified floor finish from a schedule, the region does not directly satisfy the bid item.”} } } } } } } } } } } } } } } } } } } } } } } } } } } } } } } } } } } } } } } } } } } } } } } } } } } } } } } } } } } } } } } } } } } } } } } } } } } } } } } } } } } } } } } } } } } } } } } } } } } } } } } } } } } } } } } } } } } } } } } } } } } } } } } } } } } } } } } } } } } } } } } } } } } } } } } } } } } } } } } } } } } } } } } } } } } } } } } } } } } } } } } } } } } } } } } } } } } } } } } } } } } } } } } } } } } } } } } } } } } } } } } } } } } } } } } } } } } } } } } } } } } } } } } } } } } } } } } } } } } } } } } } } } } } } } } } } } } } } } } } } } } } } } } } } } } } } } } } } } } } } } } } } } } } } } } } } } } } } } } } } }}}",,1,323,region_000323,A-005,Furnish & Install Unspecified Floor Finish From Schedule
SUCCESS,FINISH_TAG,F3,"Region contains a finish tag labeled 'F3', which directly references the floor finish to be installed as per the floor finish schedule.",DIRECT,RIGHT,HIGH,"The highlighted region visibly shows the finish tag 'F3', a direct identifier used to pick a finish from the floor finish schedule. This tag is applied to the area to designate the floor finish work, providing direct evidence for the bid item (Furnish & Install Unspecified Floor Finish From Schedule).",,1,324,region_000324,A-005,Furnish & Install Unspecified Floor Finish From Schedule
SUCCESS,GRID_REFERENCE,F3,"No direct finish item or schedule entry visible; region shows a grid reference (F3) on a roof plan, not a finish specification or flooring installation detail.",NONE,WRONG,HIGH,"The highlighted region contains only a grid reference 'F3' used for location on the sheet, not a finish item or flooring installation detail. According to the GRID_REFERENCE rule, this is not direct evidence of the bid item (Furnish & Install Unspecified Floor Finish From Schedule). Therefore there is no direct association to the bid item.",,1,325,region_000325,A-005,Furnish & Install Unspecified Floor Finish From Schedule
SUCCESS,FINISH_TAG,FZ,"No direct reference to a specific floor finish or to the finish schedule entry. The region only shows a generic Finish Zone tag (FZ) without naming a material (e.g., carpet, tile) or linking to the floor finish schedule.",NONE,WRONG,HIGH,"The highlighted region contains a blue circled 'FZ' finish-zone tag. This does not itself identify a finish type or a schedule item. The original bid item requires furnishing/installing a floor finish from the schedule, which would need explicit finish material or a schedule reference visible in the region. With only a general finish tag and no direct finish description, there is no direct evidence linking this region to the bid item.",,1,326,region_000326,A-005,Furnish & Install Unspecified Floor Finish From Schedule
SUCCESS,FINISH_TAG,FZ,"The region only shows a two-letter finish tag (FZ); there is no explicit finish designation, schedule reference, or material/work label that directly ties to 'Furnish & Install Unspecified Floor Finish From Schedule'. No carpet, floor finish type, or schedule entry is visible in this region.",NONE,WRONG,LOW,"1) The region visibly contains a generic finish tag 'FZ' with no material or finish type shown. 2) The sheet is a roof plan (A-005) per the locator, not a floor finish schedule, so there is no direct reference to a specific floor finish. 3) There is no explicit finish item, room finish, or schedule entry that directly corresponds to the bid item 'Furnish & Install Unspecified Floor Finish From Schedule'. 4) OCR is limited to 'FZ' and must be corroborated by visible evidence; the image does not provide direct evidence of the bid item.",,1,327,region_000327,A-005,Furnish & Install Unspecified Floor Finish From Schedule
SUCCESS,FINISH_TAG,FX finish tag(s) annotated in the region,"The region contains explicit finish indicator(s) (FX) directly labeling the area as requiring a floor finish; the bid item is Furnish & Install Unspecified Floor Finish From Schedule, which matches a finish annotation without specifying material on the drawing",DIRECT,RIGHT,HIGH,"The highlighted region visibly shows FX finish tags that designate floor finish work in that exact area. The bid item calls for furnishing and installing an unspecified floor finish per the schedule, so the region provides direct drawing evidence of finish work to be completed in that location rather than relying on indirect cues.",,2,328,region_000328,A-005,Furnish & Install Unspecified Floor Finish From Schedule
SUCCESS,FINISH_TAG,Circular blue tags containing the label 'FX' scattered along the floor/finish area in the highlighted region.,"The region shows only generic 'FX' finish tags with no explicit finish name (e.g., carpet, vinyl) or finish schedule reference visible within the region.",NONE,WRONG,HIGH,"Step 1: The region visibly contains 'FX' finish tags indicating a finish assignment, but Step 2: there is no explicit finish material or schedule entry shown in the region that would directly identify the bid item (Furnish & Install Unspecified Floor Finish). Step 3: Without an explicit finish designation, the region does not directly reference the bid item. Step 4: No indirect reasoning (same trade/same sheet) should count as direct evidence per rules.",,1,329,region_000329,A-005,Furnish & Install Unspecified Floor Finish From Schedule
SUCCESS,GENERAL_NOTE,FV (Field Verify) circular tag,"The region contains an FV (Field Verify) callout, not a finish label or finish schedule reference. No explicit floor finish type, material, or schedule reference is visible in this region.",NONE,WRONG,HIGH,"The highlighted region shows a small circular tag 'FV' indicating 'Field Verify' rather than a finish/specification item. A direct association to the bid item 'Furnish & Install Unspecified Floor Finish From Schedule' would require explicit finish labeling (e.g., a finish name like carpet/vinyl) or a finish schedule reference. Since this is on a roof plan and there is no direct finish reference, it does not directly identify or locate the bid item.",,1,330,region_000330,A-005,Furnish & Install Unspecified Floor Finish From Schedule
SUCCESS,EQUIPMENT_TAG,FV,"The region shows a blue circular tag with the letters 'FV' (an equipment/field tag) on a roof plan. There is no finish-related label, material name, finish schedule entry, or other explicit reference to a floor finish.",NONE,WRONG,HIGH,"1) The region visibly contains an equipment tag (FV), not a finish tag or finish schedule entry. 2) It does not display any floor finish material name (e.g., carpet, tile) or a finish specification that ties to the bid item. 3) The location is on a roof plan context, not a floor finish area, and there is no direct annotation linking this region to the 'Furnish & Install Unspecified Floor Finish' bid item. OCR content ('FV') is not sufficient to establish a direct association.",,1,331,region_000331,A-005,Furnish & Install Unspecified Floor Finish From Schedule
SUCCESS,GRID_REFERENCE,F2,"The region contains a grid reference label 'F2' (blue circled tag along the bottom grid line). It does not contain any material, finish, schedule, or bid-item label.",NONE,WRONG,HIGH,The highlighted region is a grid reference callout (F2). It does not identify or reference any floor finish or finish schedule. Grid references are not direct bid-item evidence. Therefore there is no direct association to the bid item 'Furnish & Install Unspecified Floor Finish'.,,1,332,region_000332,A-005,Furnish & Install Unspecified Floor Finish From Schedule
SUCCESS,GRID_REFERENCE,F2,"The region shows a circular grid reference label 'F2' with grid lines; there is no finish, material, schedule, or detail indication that would directly identify the bid item.",NONE,WRONG,HIGH,"The highlighted region is a grid bubble/reference (F2). Grid references are not bid items and do not directly identify a finish/work. There is no explicit finish, material, schedule, or item detail in this region that ties to 'Furnish & Install Unspecified Floor Finish From Schedule'.",,1,333,region_000333,A-005,Furnish & Install Unspecified Floor Finish From Schedule
SUCCESS,GRID_REFERENCE,"Cluster of circular grid callouts with alphanumeric designations (e.g., A1, A2, F2, E1, E2) and axis labels (AX, AZ, AV) aligned with dashed grid lines on Sheet A-005 Roof Plan. Not a finish tag or room label.",No text or symbol that directly identifies the bid item 'Furnish & Install Unspecified Floor Finish From Schedule'. No carpet/vinyl/finish indication or schedule entry visible in this region.,NONE,WRONG,HIGH,"The region shows grid reference callouts (A1, A2, F2, etc.) and axis labels, which are grid/location indicators on the plan. There is no explicit finish item, finish tag, or schedule entry tying this region to the bid item. Therefore there is no direct association to 'Furnish & Install Unspecified Floor Finish From Schedule'; the correct ruling is WRONG with no association.",,1,334,region_000334,A-005,Furnish & Install Unspecified Floor Finish From Schedule
SUCCESS,FINISH_TAG,F1,"The region shows a small label 'F1' which appears to be a finish tag. There is no explicit finish material name (e.g., Carpet, Vinyl) or direct schedule reference visible in this region that ties it to a specific floor finish item.",NONE,WRONG,MEDIUM,"The highlighted region contains a generic finish tag (F1) but does not directly identify the specific floor finish material or a finish schedule entry. A direct association would require explicit material labeling (e.g., Carpet, Floor Finish) or a visible link to a schedule/detail within the region. Without that, the region cannot be considered a direct reference to the Bid Item (Furnish & Install Unspecified Floor Finish From Schedule).",,1,335,region_000335,A-005,Furnish & Install Unspecified Floor Finish From Schedule
SUCCESS,FINISH_TAG,F3,"Region shows a 'F3' finish tag; no finish name, material, area assignment, or schedule entry visible within this region; cannot confirm direct association to the bid item.",NONE,WRONG,HIGH,"The highlighted region contains only a finish tag 'F3' and does not explicitly identify a floor finish material or a schedule entry within this region. The bid item requires a specified finish from the schedule; without the schedule detail visible here, there is no direct evidence linking this region to the bid item.",,1,336,region_000336,A-005,Furnish & Install Unspecified Floor Finish From Schedule
SUCCESS,FINISH_TAG,F3,"The highlighted region visibly shows a finish tag labeled 'F3' on the architectural roof plan. This type of tag directly references a floor finish in the finish schedule and is the explicit mechanism by which the bid item 'Furnish & Install Unspecified Floor Finish From Schedule' would be implemented. The tag itself identifies the applicable finish item to be drawn from the schedule, satisfying a direct association to the bid item.",DIRECT,RIGHT,HIGH,"The region contains a clearly visible finish tag (F3) which directly designates the floor finish to be used, as per the bid item requiring furnishing and installation of a floor finish from the schedule. This is a direct reference, not an indirect implication (e.g., same trade or general flooring).",,1,337,region_000337,A-005,Furnish & Install Unspecified Floor Finish From Schedule
SUCCESS,FINISH_TAG,FZ,"The region shows only a circular label with the text 'FZ' (Finish Zone). There is no explicit finish material name, finish type, or a schedule reference shown in this region that directly names or identifies a floor finish installation.",NONE,WRONG,HIGH,"1) The highlighted region visibly contains a Finish Zone tag ('FZ'), not a material/work item. 2) There is no direct label indicating a specific floor finish (e.g., carpet, tile) or a schedule entry tied to 'Furnish & Install Unspecified Floor Finish'. 3) Without a direct finish label or schedule reference, the region cannot be said to directly identify the bid item. 4) OCR notes are secondary; the image evidence itself does not establish a direct association. 5) No assumption about the bid item is required; the evidence simply does not provide a direct link.",,1,338,region_000338,A-005,Furnish & Install Unspecified Floor Finish From Schedule
SUCCESS,FINISH_TAG,FZ,The region shows a finish tag marker (FZ) but does not specify the actual floor finish type or installation. It appears to reference a schedule rather than directly identifying the bid item work.,INDIRECT,WRONG,MEDIUM,"The highlighted region contains a Finish Zone tag (FZ), which only signals a finish-related area to be defined in a schedule. It does not directly identify the specific floor finish work (carpet/vinyl/etc.) or installation required by the bid item. Therefore, there is no direct association with the Bid Item from this region.",,1,339,region_000339,A-005,Furnish & Install Unspecified Floor Finish From Schedule
SUCCESS,FINISH_TAG,FX,"The highlighted region contains a blue circled tag labeled 'FX', a finish tag used to designate a floor finish to be drawn from the Floor Finish Schedule. This directly identifies a finish/work assignment for the area, matching the Bid Item: Furnish & Install Unspecified Floor Finish From Schedule.",DIRECT,RIGHT,HIGH,"The region shows a finish tag (FX) on the plan, which is a direct indication of the finish work to be installed per the schedule. It is not a room label, grid reference, or generic note, and it explicitly points to finish allocation rather than requiring inference from related trades or notes.",,1,340,region_000340,A-005,Furnish & Install Unspecified Floor Finish From Schedule
SUCCESS,FINISH_TAG,"Two circular callouts labeled FX on a roof-plan region, likely indicating finish tags, with no explicit finish material name or schedule visible in the region.","No direct evidence of a floor finish material, installation, or schedule entry within this region. Only generic finish symbols are visible on a roof plan.",NONE,WRONG,MEDIUM,"The region shows generic finish tags (FX) but does not contain explicit flooring material, a floor-finish schedule reference, or any other direct indication of ‘Furnish & Install Unspecified Floor Finish From Schedule.’ The item requires a specific floor finish referenced by a schedule, which is not visibly identified by the highlighted region on this sheet (Roof Plan A-005).",,1,341,region_000341,A-005,Furnish & Install Unspecified Floor Finish From Schedule
SUCCESS,GENERAL_NOTE,FV (Field Verify) circular callout bubbles,"FV field-verify callouts; no explicit finish, material, or schedule item referenced; no direct indication of flooring work",NONE,WRONG,HIGH,"The highlighted region contains circular 'FV' callouts indicating 'Field Verify' as a general note. There is no direct evidence in the region that identifies, labels, or references the Bid Item 'Furnish & Install Unspecified Floor Finish From Schedule' (no finish, material, room label, or schedule entry directly tied to flooring). Therefore, it does not provide a direct association to the bid item.",,1,342,region_000342,A-005,Furnish & Install Unspecified Floor Finish From Schedule
SUCCESS,GENERAL_NOTE,FV (Field Verify) balloon/tag,"No direct evidence linking to the bid item; the region is a Field Verify callout, not a finish/specification reference.",NONE,WRONG,HIGH,"The highlighted region contains a circular tag 'FV', which, per the legend meaning provided (FIELD VERIFY), denotes a field verification note. It does not identify a floor finish, finish type, or schedule item. There is no explicit reference to a floor finish in this region, and the location is on a roof plan sheet rather than a finish schedule. Therefore, it does not directly represent the original bid item (Furnish & Install Unspecified Floor Finish).",,1,343,region_000343,A-005,Furnish & Install Unspecified Floor Finish From Schedule
SUCCESS,FINISH_TAG,F2,"The highlighted region shows a circular blue finish tag with the label 'F2'. This type of tag directly references a finish entry in the finishes schedule, which is the mechanism by which an 'Unspecified Floor Finish From Schedule' bid item would be fulfilled. Therefore the region directly ties to the bid item by indicating a finish designation that is defined in the schedule.",DIRECT,RIGHT,HIGH,"The region contains a finish tag (FINISH_TAG) 'F2' which is a direct identifier used to locate a specific finish in the schedule. This is not merely related by discipline or similar work; it explicitly points to the finish item in the schedule, aligning with the Bid Item: Furnish & Install Unspecified Floor Finish From Schedule.",,1,344,region_000344,A-005,Furnish & Install Unspecified Floor Finish From Schedule
SUCCESS,FINISH_TAG,F2,The region only shows a finish tag (F2) with no explicit description of a floor finish or link to a floor finish schedule. The sheet is a roof plan (A-005 Bldg Types Roof Plan) and there is no direct evidence in this region identifying a floor finish work or tying F2 to the Bid Item 'Furnish & Install Unspecified Floor Finish From Schedule'.,NONE,WRONG,HIGH,"The highlighted region visibly contains a circular tag labeled 'F2' which is a finish tag. However, there is no direct indication this tag corresponds to the 'Unspecified Floor Finish From Schedule' bid item. The sheet is a roof plan, not a floor plan, and there is no explicit schedule reference or flooring context within this region to establish a direct association. Therefore, this region does not directly identify or reference the bid item.",,1,345,region_000345,A-005,Furnish & Install Unspecified Floor Finish From Schedule
SUCCESS,GRID_REFERENCE,"Blue circular grid reference bubbles labeled C1, C2, C3 aligned with vertical dashed gridlines along the roof plan; no finish tag or floor finish label visible within the highlighted region","No direct indication of floor finishing work, finish tag (e.g., F1), or a finish schedule reference present in the region",NONE,WRONG,HIGH,"The region visually shows grid references/callouts (C1, C2, C3) and gridlines, which are plan geometry references. There is no explicit finish tag, material/work label, or schedule entry that directly identifies the bid item 'Furnish & Install Unspecified Floor Finish From Schedule'. Therefore, there is no direct evidence linking this region to the bid item; any relation would be indirect at best.",,1,346,region_000346,A-005,Furnish & Install Unspecified Floor Finish From Schedule
SUCCESS,GRID_REFERENCE,"Grid reference bubbles along vertical dashed grid lines with labels such as C3, C2, C1, F2, A1, A2 (grid references) visible on a roof-plan sheet. No finish/material/work items are directly shown in the region.",No direct evidence of the bid item (Furnish & Install Unspecified Floor Finish) is visible in this region; it shows grid references only.,NONE,WRONG,HIGH,"The region visibly contains grid reference bubbles/labels (C3, C2, C1, F2, A1, A2) and vertical grid lines. It does not depict any finish, material, room label, schedule entry, or detail that directly identifies or references the bid item 'Furnish & Install Unspecified Floor Finish From Schedule'. As per the rules, a grid reference alone is not a bid-item indication and does not constitute direct association.",,2,347,region_000347,A-005,Furnish & Install Unspecified Floor Finish From Schedule
SUCCESS,GRID_REFERENCE,F3,,NONE,WRONG,HIGH,"The highlighted region contains the grid reference 'F3' (blue circular bubble). Grid references are for location on the plan and do not represent a bid item or finish/work. There is no direct evidence in this region (no finish tag, schedule entry, or material/designation visible) that identifies or references the Original Bid Item 'Furnish & Install Unspecified Floor Finish From Schedule'. Therefore, the region does not directly associate with the bid item.",,1,348,region_000348,A-005,Furnish & Install Unspecified Floor Finish From Schedule
SUCCESS,GRID_REFERENCE,F3,"The region shows a grid reference bubble 'F3' and contains no finish, specification, or schedule text that directly identifies the bid item (Furnish & Install Unspecified Floor Finish From Schedule).",INDIRECT,WRONG,HIGH,"This region contains only a grid reference (F3). Grid references are not bid items and do not directly identify any finish/work from the bid item. There is no direct indication of flooring finish or related work in this region. Therefore, there is no direct drawing evidence linking this region to the bid item; the association is indirect at best and does not satisfy the DIRECT ASSOCIATION REQUIREMENT.",,1,349,region_000349,A-005,Furnish & Install Unspecified Floor Finish From Schedule
SUCCESS,FINISH_TAG,FZ,"The highlighted region shows a FINISH_TAG labeled 'FZ' directly within the region, indicating a floor finish assignment for that area. This is explicit finish work labeling, which aligns with the Bid Item 'Furnish & Install Unspecified Floor Finish From Schedule' (the actual finish type to be defined in the schedule).",DIRECT,RIGHT,HIGH,"The region visibly contains the finish tag 'FZ', which directly identifies a floor finish assignment in that exact location. This is not interpretive or based on same-trade reasoning; it is a direct annotation of finish work intended for that area, matching the bid item scope of furnishing and installing a floor finish per the schedule.",,1,350,region_000350,A-005,Furnish & Install Unspecified Floor Finish From Schedule
SUCCESS,FINISH_TAG,"Blue circular finish tag labeled ""FZ"" located on the roof plan portion (A-005) near the central corridor area.",No explicit finish disclosure or schedule reference is visible in the highlighted region. The tag appears on a Roof Plan page (Bldg Types Roof Plan) and does not identify a specific floor finish or tie to the floor finish schedule.,NONE,WRONG,HIGH,"The region contains a finish tag (FZ) but is on a Roof Plan sheet and does not directly identify or reference the Unspecified Floor Finish From Schedule. There is no explicit connection to a floor finish item or to the schedule within this region. Therefore, it does not provide direct evidence that this region is the correct representation for the bid item.",,1,351,region_000351,A-005,Furnish & Install Unspecified Floor Finish From Schedule
SUCCESS,FINISH_TAG,Finish tag bubble labeled FX located along the plan line (appears as a circular bubble with FX).,"The region shows a generic finish tag (FX) but there is no explicit finish code, room/area designation, or schedule entry that directly references the Bid Item 'Furnish & Install Unspecified Floor Finish From Schedule.' No explicit floor finish type or schedule line is visible in the highlighted region.",INDIRECT,WRONG,MEDIUM,"The highlighted region contains a finish-tag annotation (FX) but does not itself identify a specific floor finish or a direct reference to the finish schedule used by the bid item. There is no explicit indication of ‘unspecified floor finish’ being furnished/installed in this exact region, only a generic finish tag. Without a visible finish schedule entry or a concrete finish type tied to this region, the evidence does not provide a direct association to the bid item. Therefore, this region is not a direct representation of the bid item and is classified as WRONG with INDIRECT evidence.",,1,352,region_000352,A-005,Furnish & Install Unspecified Floor Finish From Schedule
SUCCESS,FINISH_TAG,"Blue circular finish tags labeled ""FX"" present in the highlighted region.","The region visibly contains blue circular markers with the label ""FX"", which are finish tags indicating a floor finish assignment for that area. This directly identifies a floor finish work and ties to the Bid Item: Furnish & Install Unspecified Floor Finish From Schedule.",DIRECT,RIGHT,HIGH,"The highlighted region shows explicit finish-tag markers (FX) tied to floor finishes. This is direct evidence of a floor finish being specified for that region, aligning with the bid item to furnish & install a floor finish from the schedule. There is no need to infer from related trades or schedules beyond the visible finish tag labeling.",,2,353,region_000353,A-005,Furnish & Install Unspecified Floor Finish From Schedule
SUCCESS,EQUIPMENT_TAG,Circular tag with 'FV' (Field Verify) used as a legend symbol,"FV symbol is a legend-driven field-verify indicator, not a finish item or schedule entry for flooring",NONE,WRONG,HIGH,"The highlighted region shows a circular tag reading 'FV', which corresponds to the Field Verify legend entry (G-002.3). This is a legend/verification symbol, not a direct identification of a floor finish, finish schedule, or any flooring work. There is no explicit reference to the bid item 'Furnish & Install Unspecified Floor Finish From Schedule' in this region. Therefore, no direct association to the bid item exists; the evidence is only a legend symbol, not a finish item.",,2,354,region_000354,A-005,Furnish & Install Unspecified Floor Finish From Schedule
SUCCESS,GENERAL_NOTE,FV,"The region contains a Field Verify (FV) tag, not a finish or flooring reference. There is no finish label, schedule entry, or material/work item visible that directly corresponds to the Bid Item (Furnish & Install Unspecified Floor Finish).",NONE,WRONG,HIGH,"The highlighted FV tag is a FIELD VERIFY note from the legend (G-002.3) and does not identify or reference the specified floor finish. It does not directly label or locate any floor finish work, and is not a finish tag, finish schedule, or material/work item tied to the Bid Item on this roof plan sheet.",,1,355,region_000355,A-005,Furnish & Install Unspecified Floor Finish From Schedule
SUCCESS,GRID_REFERENCE,"Blue circled grid references along dashed lines (e.g., C2, C1, F2, A1, A2) visible in the region.","No direct reference to the bid item is visible in this region; it shows grid/plan geometry rather than a finish label, schedule entry, or finish tag.",NONE,WRONG,HIGH,"The highlighted region consists of circular grid reference markers along grid lines. This is a plan/grid reference element, not a finish/product reference. There is no explicit finish work, material, room label, schedule entry, or detail in this region that directly identifies or references the bid item 'Furnish & Install Unspecified Floor Finish From Schedule'. OCR hints (F2) pertain to grid location, not bid-item content.",,1,356,region_000356,A-005,Furnish & Install Unspecified Floor Finish From Schedule
SUCCESS,GRID_REFERENCE,F2,"Grid reference bubble 'F2' with connecting dashed grid line. No finish tag, material, schedule entry, or other direct indication of the bid item visible in this region.",NONE,WRONG,HIGH,"The highlighted region contains a grid reference bubble labeled 'F2' and a grid line, which is a plan/navigation reference. It does not identify any floor finish, finish type, or schedule entry. The original bid item is 'Furnish & Install Unspecified Floor Finish From Schedule' (a finish/work item), but there is no direct evidence in this region linking to that bid item. According to the grid reference special rule, grid references are not bid items. Therefore no direct association exists, making the association WRONG.",,1,357,region_000357,A-005,Furnish & Install Unspecified Floor Finish From Schedule
SUCCESS,GRID_REFERENCE,"Grid reference region: multiple circular grid callouts along vertical grid lines with alphanumeric labels (e.g., C1, C2, C3, F2, A1, A2, etc.). No finish/material label or schedule entry is visible within this highlighted area.","No direct evidence linking to the bid item. The region consists of grid bubbles used for locating features on the plan, not a finish/work label or schedule entry identifying a floor finish.",NONE,WRONG,HIGH,"The highlighted region clearly shows grid reference callouts (grid bubbles) rather than any finish, material, or work item. The Bid Item is Furnish & Install Unspecified Floor Finish From Schedule, which would require a direct reference to a specific finish/type or a finish schedule entry. There is no such direct reference in the region. Therefore, no direct association exists.",,1,358,region_000358,A-005,Furnish & Install Unspecified Floor Finish From Schedule
SUCCESS,DIMENSION,"Region contains a small inline annotation reading '1.7%', typical of a slope/dimension marker on a roof plan.",,NONE,WRONG,HIGH,"The highlighted area shows a roof-dimension/slope annotation (1.7%), not a finish label or item that directly identifies a floor finish. There is no direct reference to the bid item 'Furnish & Install Unspecified Floor Finish From Schedule' in this region; only a geometric/planence context on a roof plan. Therefore, there is no direct association to the bid item.",,1,359,region_000359,A-005,Furnish & Install Unspecified Floor Finish From Schedule
SUCCESS,GRID_REFERENCE,F3,No direct evidence of finish work; region shows grid reference F3 (grid bubble/line reference).,NONE,WRONG,HIGH,"The highlighted region visibly contains the grid reference 'F3' and does not identify, locate, or reference the original bid item (Furnish & Install Unspecified Floor Finish From Schedule). A grid reference is not a bid item and provides no direct evidence of flooring work for this drawing region.",,1,360,region_000360,A-005,Furnish & Install Unspecified Floor Finish From Schedule
SUCCESS,GRID_REFERENCE,F3,"No direct bid item evidence; region shows a grid reference bubble (F3) used for locating grid lines, not for identifying or specifying flooring work.",NONE,WRONG,HIGH,"The highlighted region contains the grid reference F3, a typical grid bubble on the plan. This region does not identify, locate, or reference the bid item (Furnish & Install Unspecified Floor Finish From Schedule) in any direct manner. The bid item requires a finish tag, finish schedule, or specification text tied to a floor finish, which is not evidenced by a grid label. Therefore, there is no direct association to the bid item; the evidence is GRID_REFERENCE, not a finish/work item.",,1,361,region_000361,A-005,Furnish & Install Unspecified Floor Finish From Schedule
SUCCESS,FINISH_TAG,FZ (Finish Zone) label visible in region,No explicit floor finish callout or schedule reference is visible in this region; it shows a generic Finish Zone tag rather than a direct finish item,NONE,WRONG,LOW,"The highlighted region contains an FZ (Finish Zone) tag, but there is no direct indication of a specific floor finish or a schedule entry tying this area to the bid item 'Furnish & Install Unspecified Floor Finish From Schedule'. The region is on a Roof Plan (Sheet A-005) and does not present a direct finish label (e.g., carpet/tloor finish name) or explicit schedule reference. Therefore there is no direct evidence that this region represents the bid item; any link would be indirect at best and not sufficient for the correct association.",,2,362,region_000362,A-005,Furnish & Install Unspecified Floor Finish From Schedule
SUCCESS,FINISH_TAG,Two blue circled 'FZ' finish-zone tags visible in the highlighted region on the roof plan (corridor area).,"No explicit flooring finish name, material, or schedule entry is shown within the region. The evidence is only generic 'FZ' finish-zone annotation.",NONE,WRONG,HIGH,The region contains generic finish-zone markers (FZ) but does not directly identify a specific floor finish or a corresponding schedule entry. Therefore it does not provide direct evidence for the bid item 'Furnish & Install Unspecified Floor Finish From Schedule.',,1,363,region_000363,A-005,Furnish & Install Unspecified Floor Finish From Schedule
SUCCESS,FINISH_TAG,Finish tag markers (FX) distributed along the roof-plan region (circles with FX labels),NONE,NONE,WRONG,HIGH,"The highlighted region contains finish-tag markers (FX) on a Roof Plan (Sheet A-005). There is no direct evidence within this region that identifies a specific floor finish or a schedule entry for furnishing and installing an unspecified floor finish. The plan shown is a roof plan, not an interior floor plan, so finish tags here would pertain to roof finishes, not the floor finish bid item. No explicit reference to a floor finish schedule or item is visible in the highlighted region. Therefore, there is no direct association to the Bid Item (Furnish & Install Unspecified Floor Finish From Schedule); the association is not demonstrated by the region itself.",,1,364,region_000364,A-005,Furnish & Install Unspecified Floor Finish From Schedule
SUCCESS,FINISH_TAG,Two blue circled 'FX' finish-tag markers located on the roof-plan region.,"The bid item is 'Furnish & Install Unspecified Floor Finish From Schedule'; the region shows explicit finish tags (FX) that are typically used to reference entries in the floor finish schedule, directly associating this region with the floor finish work.",DIRECT,RIGHT,HIGH,The highlighted region visibly contains finish tags 'FX' which explicitly denote a floor finish element to be drawn from the finish schedule. This is a direct indication of the bid item (floor finish from schedule) rather than an indirect or generic association.,,3,365,region_000365,A-005,Furnish & Install Unspecified Floor Finish From Schedule
SUCCESS,EQUIPMENT_TAG,FV equipment tag (blue circled label) on roof plan,NONE,NONE,WRONG,HIGH,"The highlighted region shows a blue circled 'FV' equipment tag, not a finish label or floor finish reference. It does not identify flooring material, finish schedule, or any floor finish work. Therefore there is no direct evidence linking this region to the Bid Item 'Furnish & Install Unspecified Floor Finish From Schedule'. The tag is unrelated to floor finishes and requires inference, which is not allowed.",,1,366,region_000366,A-005,Furnish & Install Unspecified Floor Finish From Schedule
SUCCESS,PLAN_GEOMETRY,"Roof plan region with roof geometry and slope callouts; includes field-verify markers (FV) and grid/notation around the area. No finish tag, finish schedule, or explicit flooring reference visible within the region.",NONE,NONE,WRONG,HIGH,"The highlighted region is on the Building Types Roof Plan (A-005) and shows roof-plan elements (slope percentages, structural delineations) rather than any floor finish. There is no explicit finish identification (e.g., carpet, tile, or floor finish schedule) or finish tag that directly ties to the Bid Item 'Furnish & Install Unspecified Floor Finish From Schedule.' The 'FV' markers present are Field Verify indicators, not finish references. Therefore, there is no direct evidence linking this specific region to the bid item; the association is WRONG.",,1,367,region_000367,A-005,Furnish & Install Unspecified Floor Finish From Schedule
SUCCESS,GRID_REFERENCE,F2,No direct evidence of floor finish or bid-item related content; region shows a grid reference (F2) with circular tag along a grid line.,NONE,WRONG,HIGH,"The highlighted region visibly contains the grid reference F2 (blue circular tag) along a vertical dashed grid line. This is a grid reference marker, not a finish spec, room label, or any bid-item identifier. The bid item requires furnishing and installing a floor finish, but there is no explicit finish reference or schedule entry in this region. Special rule: grid references do not directly establish the bid item.",,1,368,region_000368,A-005,Furnish & Install Unspecified Floor Finish From Schedule
SUCCESS,GRID_REFERENCE,F2 grid reference bubble,GRID_REFERENCE (grid bubble showing F2),NONE,WRONG,HIGH,"1) The highlighted region contains a circular blue bubble with the text 'F2', which is a grid reference label (grid bubble) on the plan. 2) A grid reference is evidence of location referencing, not a finish, material, or bid-item description. 3) The Special Rule for GRID REFERENCES states that a grid bubble is NOT a bid item and should not be taken as evidence of furnishing/installing a specific finish. 4) The Bid Item is 'Furnish & Install Unspecified Floor Finish From Schedule' (Interior floor finishes), which would require a finish/location indicator, not a grid label on a roof plan. 5) Therefore, there is no direct evidence connecting this region to the bid item; the association is NONE (not INDIRECT), so the region does not directly identify the bid item. ",,1,369,region_000369,A-005,Furnish & Install Unspecified Floor Finish From Schedule
SUCCESS,FINISH_TAG,F1 (finish tag),"The highlighted region is a blue circled finish tag (F1) on the roof plan, which directly designates a floor finish assignment to that area per the Finish Schedule referenced by the bid item 'Furnish & Install Unspecified Floor Finish From Schedule'.",DIRECT,RIGHT,HIGH,"The region visibly contains a finish tag labeled 'F1' on the roof plan, which is a direct indicator of the floor finish work to be installed per the Finish Schedule. This is a finishing element explicitly associated with the bid item (Unspecified Floor Finish From Schedule) and does not rely on room names, unrelated notes, or generic trade references. The presence of F1/F2 type finish tags in the vicinity confirms the intended finish tagging system used for the item.",,1,370,region_000370,A-005,Furnish & Install Unspecified Floor Finish From Schedule
SUCCESS,GRID_REFERENCE,"Blue circular grid callouts (e.g., C3, C2, C1, F2, A1, A2) and vertical/horizontal grid lines along the floor/roof plan.",No direct finish/material/finish tag/room label/schedule/detail that identifies or references the bid item.,NONE,WRONG,HIGH,"The highlighted region shows grid reference bubbles and grid lines, which are standard plan geometry markers. There is no explicit or direct indication of the bid item (Furnish & Install Unspecified Floor Finish From Schedule) within this region. A grid reference is not a bid item, and per the provided rules OCR/text or same-trade context cannot establish a direct association. Therefore the association is WRONG. ",,1,371,region_000371,A-005,Furnish & Install Unspecified Floor Finish From Schedule
SUCCESS,FINISH_TAG,Finish tag F3 (finish label shown with leader line to the area on the floor plan),"The region shows a clearly labeled finish tag 'F3' with a leader line pointing to a specific area on the plan. Finish tags are used to designate the floor finish to be installed per the finish schedule, which directly corresponds to the bid item 'Furnish & Install Unspecified Floor Finish From Schedule.'",DIRECT,RIGHT,HIGH,"The highlighted region contains a finish tag (F3) that directly identifies the floor finish required for the area. This is not a room label, grid reference, or generic note; it is a finish designation that ties to the floor finish schedule, thereby providing direct evidence for the bid item.",,1,372,region_000372,A-005,Furnish & Install Unspecified Floor Finish From Schedule
SUCCESS,GRID_REFERENCE,F3,"No direct finish, room, schedule, or specification text present; region shows only a grid reference bubble 'F3'.",NONE,WRONG,HIGH,"The highlighted region contains the grid reference label 'F3' in a blue circle. Grid references are not bid items and do not directly identify, locate, or reference the original bid item (Furnish & Install Unspecified Floor Finish From Schedule). There is no finish tag, finish schedule, or room/area indication in this region to establish a direct association with the bid item.",,1,373,region_000373,A-005,Furnish & Install Unspecified Floor Finish From Schedule
SUCCESS,FINISH_TAG,FZ,"The highlighted region shows circular finish-tag markers labeled 'FZ' along the plan. There is no explicit flooring finish material (e.g., carpet, vinyl, tile) nor a cross-reference to a Floor Finish Schedule visible within the region. Therefore the region does not directly identify or reference the bid item.",NONE,WRONG,HIGH,A finish tag like 'FZ' alone does not directly establish Furnish & Install Unspecified Floor Finish From Schedule. The bid item requires a direct finish reference (material type or a schedule cross-reference). The region only provides finish-tag notation without material identification or schedule linkage.,,1,374,region_000374,A-005,Furnish & Install Unspecified Floor Finish From Schedule
SUCCESS,FINISH_TAG,FZ,"The region shows a blue circled tag with the label 'FZ' only. There is no explicit finish material (e.g., carpet, tile, vinyl) nor a direct reference to a Floor Finish Schedule or finish type. No visible link to a specific bid item (Furnish & Install Unspecified Floor Finish) is shown in this region.",NONE,WRONG,HIGH,"The highlighted region contains a finish tag ('FZ'), but it does not directly identify a floor finish material or explicitly reference the Floor Finish Schedule. There is no material specification, schedule entry, or room/area finish description visible in this region. Without such direct evidence linking this tag to a specific finish per the bid item, the association is not direct.",,2,375,region_000375,A-005,Furnish & Install Unspecified Floor Finish From Schedule
SUCCESS,FINISH_TAG,FX finish tag balloons/callouts along the plan (blue circled FX labels).,"No explicit finish description, flooring schedule reference, or material name visible in the region. No direct flooring finish item identified (e.g., specific carpet/vinyl/etc. or a schedule entry).",NONE,WRONG,MEDIUM,"The region contains FX finish-tag indicators, which suggest a finish annotation, but there is no direct, explicit reference to the Bid Item 'Furnish & Install Unspecified Floor Finish From Schedule' (no flooring finish material name or schedule entry visible). The region is on a roof plan and constitutes finish tags rather than a specific floor finish installation reference. Therefore, there is no direct evidence tying this exact region to the bid item; any relation would be indirect at best.",,1,376,region_000376,A-005,Furnish & Install Unspecified Floor Finish From Schedule
SUCCESS,FINISH_TAG,Blue circled 'FX' finish tags located on the floor plan within the highlighted region.,"The highlighted region shows finish tags (FX) applied to the floor area, which directly indicates a floor finish to be furnished/installed as per the schedule. This provides direct evidence for the bid item 'Furnish & Install Unspecified Floor Finish From Schedule'.",DIRECT,RIGHT,HIGH,"The region visibly contains finish assignment markers (FX) on the floor, which directly identifies a floor finish to be provided in that area. This is a direct drawing indication of the bid item, not merely a contextual or same-trade relationship. No OCR/text alone was used to justify the decision.",,1,377,region_000377,A-005,Furnish & Install Unspecified Floor Finish From Schedule
SUCCESS,GENERAL_NOTE,"A blue circled annotation 'FV' (Field Verify) appears at multiple locations within the roof plan region, with occasional 'EW' circles near fixtures. These are labeling/verification callouts rather than a direct finish tag or finish schedule entry. The highlighted region shows no explicit finish item, material, or schedule reference that directly identifies the bid item (Furnish & Install Unspecified Floor Finish). The region is located on Sheet A-005 (Bldg Types Roof Plan) and does not contain a finish reference tied to a floor finish installation.
",NONE,NONE,WRONG,HIGH,"The region visually contains field-verify (FV) callouts and related tags (e.g., EW) that do not directly name or locate a floor finish, finish schedule, or any flooring work. There is no explicit evidence (finish type, finish schedule reference, or material tag) that directly ties this region to the bid item 'Furnish & Install Unspecified Floor Finish.' The evidence is limited to general notes/verification markers and does not establish a direct association to the bid item.",,1,378,region_000378,A-005,Furnish & Install Unspecified Floor Finish From Schedule
SUCCESS,EQUIPMENT_TAG,FV (Field Verify) tag in blue circle on roof plan region,No direct reference to a floor finish or finish schedule in this region; the tag indicates a field verification note rather than a finish/work item.,NONE,WRONG,HIGH,"The highlighted region contains an FV (Field Verify) tag, which per the legend stands for a field verification note, not a finish tag or schedule entry. There is no explicit finish type, finish schedule reference, or other direct indication of the bid item “Furnish & Install Unspecified Floor Finish From Schedule” in this region. The sheet appears to be a roof plan (A-005), where interior floor finishes are not specified, so there is no direct evidence connecting this region to the bid item.",,1,379,region_000379,A-005,Furnish & Install Unspecified Floor Finish From Schedule
SUCCESS,GRID_REFERENCE,F2,"No direct evidence linking the region to the bid item; region is a grid reference bubble (F2) rather than a finish label, room label, schedule entry, or material/work designation.",NONE,WRONG,HIGH,"The highlighted region contains a grid reference 'F2' which serves for location/layout reference. It does not identify a finish/work item or a specific flooring material. Per the special grid reference rule, grid bubbles are not bid items, so there is no direct evidence that this region represents the bid item 'Furnish & Install Unspecified Floor Finish From Schedule'. Therefore the association is NOT direct, i.e., WRONG.",,1,380,region_000380,A-005,Furnish & Install Unspecified Floor Finish From Schedule
SUCCESS,GRID_REFERENCE,Grid bubble labeled F2,No direct evidence tying this region to the bid item; appears to be a grid reference bubble only.,NONE,WRONG,HIGH,"The highlighted region shows a circular grid reference bubble with the label F2. This is a grid location marker used for coordination on the plan and does not directly identify any finish, material, schedule entry, or work item. The Bid Item is 'Furnish & Install Unspecified Floor Finish From Schedule,' which would require explicit finish-related evidence (e.g., finish label, finish schedule reference, or material tag) within the region. There is no such finish-related content visible in this region; therefore the region does not provide direct evidence for the bid item and the association is WRONG (NONE).",,1,381,region_000381,A-005,Furnish & Install Unspecified Floor Finish From Schedule
SUCCESS,FINISH_TAG,Circular finish tag labeled F1,No direct evidence linking to the bid item; region shows a generic finish tag on a roof plan without a corresponding floor finish schedule or explicit finish reference,NONE,WRONG,HIGH,"The highlighted region contains a finish tag “F1” on Sheet A-005 (Bldg Types Roof Plan). A finish tag on a roof plan does not directly identify or reference a specific floor finish (carpet, flooring) or the specified bid item. The bid item is for furnish & install an unspecified floor finish from a schedule, which would require a direct reference (e.g., floor finish schedule entry, carpet label, or a finish note tied to interior floors). There is no direct drawing evidence linking this F1 tag to the floor finish bid item; the region is not showing the actual finish material or a schedule entry, only a generic finish tag in a roof-plan context.",,2,382,region_000382,A-005,Furnish & Install Unspecified Floor Finish From Schedule
SUCCESS,PLAN_GEOMETRY,"Small region of roof plan showing a structural/plan feature with grid markers (A/B columns and dashed lines); no finish, material, room label, schedule, or finish reference visible.",NONE,NONE,WRONG,MEDIUM,"The highlighted region appears to be a generic roof-plan geometry fragment with grid references and does not contain any explicit finish symbol, flooring reference, schedule entry, or material/tag that directly identifies the bid item 'Furnish & Install Unspecified Floor Finish From Schedule'. There is no direct evidence linking this region to the specified floor finish bid item; the association would be indirect or nonexistent.",,1,383,region_000383,A-005,Furnish & Install Unspecified Floor Finish From Schedule
SUCCESS,GRID_REFERENCE,F3,,NONE,WRONG,HIGH,"The highlighted region contains only the grid reference 'F3' (a grid bubble/coordinate) and does not visually identify any bid item, finish, or schedule entry. There is no explicit finish tag, room label, or schedule/detail evidence present in this region that would directly correspond to the bid item 'Furnish & Install Unspecified Floor Finish From Schedule'. Therefore, there is NO direct association with the bid item.",,1,384,region_000384,A-005,Furnish & Install Unspecified Floor Finish From Schedule
SUCCESS,GRID_REFERENCE,F3,"The region shows a grid coordinate label (F3) and contains no finish, schedule, room name, or other bid-item-specific indication. A grid reference is not a bid item and does not directly identify any flooring finish work.",NONE,WRONG,HIGH,"The highlighted region contains the text 'F3' inside a blue circle along a grid line, which is a grid reference marker. There is no direct indication of flooring finish work, finish schedule, room label, or any other element that explicitly references the Bid Item 'Furnish & Install Unspecified Floor Finish From Schedule'. Therefore, it provides no direct evidence linking to the bid item; at best it is an indirect/location marker, which is NOT a direct association.",,1,385,region_000385,A-005,Furnish & Install Unspecified Floor Finish From Schedule
SUCCESS,FINISH_TAG,FZ (Finish Zone tag) visible as a small circular tag with 'FZ' inside,"The region shows a Finish Zone tag (FZ) that designates a finish assignment area; the bid item calls for 'Furnish & Install Unspecified Floor Finish From Schedule', so this tag directly ties the area to finish work defined in the schedule.",DIRECT,RIGHT,HIGH,"The highlight contains a clearly visible finish-tag (FZ) located within the area, which directly references the floor finish work to be taken from the schedule; no indirect reasoning or assumptions are required.",,1,386,region_000386,A-005,Furnish & Install Unspecified Floor Finish From Schedule
SUCCESS,FINISH_TAG,FZ finish tag (blue circled),"Region shows a generic 'FZ' finish tag; no explicit floor finish type, finish schedule reference, or label identifying the bid item (unidentified floor finish)",NONE,WRONG,HIGH,"1) The highlighted region contains a blue-circled 'FZ' label, which appears to be a finish-tag indicator rather than a specific finish item. 2) There is no explicit finish type (e.g., carpet, tile, epoxy) or schedule mapping shown in the region that directly references the Bid Item 'Furnish & Install Unspecified Floor Finish From Schedule'. 3) The rule requires a direct identification of the work; a generic finish tag alone does not directly establish the bid item. 4) No evidence in the region ties to the schedule item or confirms the exact finish to be installed.",,1,387,region_000387,A-005,Furnish & Install Unspecified Floor Finish From Schedule
SUCCESS,FINISH_TAG,FX finish tag symbols (two occurrences) along plan lines,"No explicit floor finish material (carpet, tile, etc.), finish schedule entry, or room-level finish reference visible in the region. FX tags alone do not prove the bid item.",NONE,WRONG,HIGH,"The highlighted region contains finish-tag symbols 'FX' but provides no direct identification of a specific floor finish or a schedule entry mapping to 'Furnish & Install Unspecified Floor Finish From Schedule'. A finish tag on a roof plan does not, by itself, prove the bid item. There is no explicit material reference (e.g., carpet, vinyl, or floor spec) or linkage to a finish schedule in the region. Therefore, there is no direct evidence connecting this region to the bid item; the association is not direct (WRONG).",,1,388,region_000388,A-005,Furnish & Install Unspecified Floor Finish From Schedule
SUCCESS,FINISH_TAG,FX (finish tag),"None — no explicit floor finish name, schedule entry, or material identification tied to the bid item is visible in this region",NONE,WRONG,HIGH,"The highlighted region contains a small label 'FX' (a finish tag) on a roof plan (Sheet A-005, Roof Plan). There is no explicit reference to a specific floor finish (e.g., carpet, tile, or other floor material) or a schedule entry that directly corresponds to the bid item: 'Furnish & Install Unspecified Floor Finish From Schedule'. The region is on a roof plan and does not present a direct finish callout tied to interior flooring, so it cannot be considered a direct association with the bid item. This is not evidence of the specified floor finish item, only a generic finish tag with no direct link to the bid item.",,1,389,region_000389,A-005,Furnish & Install Unspecified Floor Finish From Schedule
SUCCESS,EQUIPMENT_TAG,Circular equipment tag labeled FV,"No direct evidence of floor finish in this region. The highlighted area shows an equipment tag (FV) on a roof plan, with no finish label, schedule reference, or material tag that would directly identify the bid item for flooring.",NONE,WRONG,HIGH,"The region contains a circular equipment tag labeled FV, typical of an equipment/MEP symbol rather than a floor finish reference. There is no finish designation, finish schedule reference, or material tag visible in this region to directly identify the bid item 'Furnish & Install Unspecified Floor Finish From Schedule'. The region is on a roof plan (Sheet A-005) and lacks any direct association to floor finishes. No indirect association (same trade/same sheet) qualifies as a direct bid-item association. Therefore, the association is WRONG with a high level of confidence.",,1,390,region_000390,A-005,Furnish & Install Unspecified Floor Finish From Schedule
SUCCESS,EQUIPMENT_TAG,Blue circular tag with the letters 'FV' anchored to a plan feature on the roof plan.,"No direct finish or flooring indication is visible in the highlighted region. The only label seen is an equipment tag ('FV') which points to a mechanical/equipment item, not to a floor finish ingredient or schedule entry.",NONE,WRONG,HIGH,"The highlighted region visually shows an equipment tag 'FV' (not a floor finish reference). There is no text, symbol, or callout directly tying this region to a finish item (e.g., carpet, tile, concrete finish) or to a floor finish schedule. A direct association would require a finish tag, carpet/tlooring designation, or a schedule entry explicitly matching the bid item; none are present in this region. The evidence is image-based and unambiguous in showing an equipment tag rather than a finish reference.",,1,391,region_000391,A-005,Furnish & Install Unspecified Floor Finish From Schedule
SUCCESS,GRID_REFERENCE,F2,NONE,NONE,WRONG,HIGH,"The highlighted region shows a blue circled grid reference label 'F2' (intersection of grid line F and 2). This is a location/coordination marker, not a finish tag, room label, or finish specification. The bid item is 'Furnish & Install Unspecified Floor Finish From Schedule' and would require a finish designation (e.g., a finish code and related schedule entry) directly identifying the floor finish work. There is no direct evidence in the region that identifies or references the floor finish work or its schedule. On a roof plan sheet (A-005) such finish information would not normally appear as a grid reference. Therefore this region does not directly associate with the bid item; the association is NONE/WRONG.",,1,392,region_000392,A-005,Furnish & Install Unspecified Floor Finish From Schedule
SUCCESS,GRID_REFERENCE,F2,The region shows a grid reference label 'F2' and does not itself identify any finish or bid item; there is no explicit finish schedule reference in this region.,NONE,WRONG,HIGH,"The highlighted region contains the grid reference F2. It represents a location grid on the plan, not a material/work item or finish reference. There is no direct evidence tying this region to the Bid Item 'Furnish & Install Unspecified Floor Finish From Schedule'. Without a finish label or schedule reference in this region, the association is not direct.",,1,393,region_000393,A-005,Furnish & Install Unspecified Floor Finish From Schedule
SUCCESS,FINISH_TAG,F1,"Region shows a finish tag 'F1', which directly references a floor finish code that would be specified in the finish schedule. This aligns with the Bid Item 'Furnish & Install Unspecified Floor Finish From Schedule' by indicating the specific finish tag to be used.",DIRECT,RIGHT,HIGH,"The highlighted region visibly contains the finish tag 'F1', a direct label for the floor finish that ties to the finishes schedule. This is a specific, explicit reference to the bid item (finish from schedule) rather than an indirect or generic indication. No inference beyond the tag is required.",,3,394,region_000394,A-005,Furnish & Install Unspecified Floor Finish From Schedule
SUCCESS,GRID_REFERENCE,"Grid reference bubbles along plan with labels such as A3, A2, A1, F2, B1, B2 and connected grid lines/dashed references.",NONE,NONE,WRONG,HIGH,"The highlighted region shows grid reference bubbles (A3, A2, A1, F2, B1, B2) and grid lines. There is no finish tag, schedule entry, or material/finish label visible that directly identifies a bid item. According to the rules, grid references are not a bid item and do not constitute a direct association to 'Furnish & Install Unspecified Floor Finish From Schedule' (Others). Therefore, no direct evidence links this region to the bid item, and the association is NONE (WRONG).",,1,395,region_000395,A-005,Furnish & Install Unspecified Floor Finish From Schedule
SUCCESS,GRID_REFERENCE,F3,"The region shows a grid reference 'F3' with grid lines/bubbles; there is no finish, room label, schedule, detail, or other bid-item identifiers present.",NONE,WRONG,HIGH,"The highlighted region contains only a grid reference (F3) and does not directly identify, locate, or reference the bid item 'Furnish & Install Unspecified Floor Finish From Schedule'. Grid references are not bid items and provide no direct evidence of the specified flooring work on this sheet (Roof Plan, A-005). Therefore there is no direct association to the bid item.",,1,396,region_000396,A-005,Furnish & Install Unspecified Floor Finish From Schedule
SUCCESS,FINISH_TAG,F3,Finish tag F3 visible in region; directly references floor finish schedule (F3) for Furnish & Install Unspecified Floor Finish From Schedule.,DIRECT,RIGHT,HIGH,"The highlighted region contains a finish tag labeled 'F3' (FINISH_TAG). This directly identifies the floor finish code to be used, which corresponds to an entry in the floor finish schedule. This provides direct drawing evidence for the bid item (furnish & install the unspecified floor finish from the schedule) without relying on room labels, general notes, or indirect associations.",,1,397,region_000397,A-005,Furnish & Install Unspecified Floor Finish From Schedule
SUCCESS,FINISH_TAG,Circular finish tag labeled 'FZ' (Finish Zone) associated with a floor area.,"The region visibly contains a circular 'FZ' finish tag that directly designates a floor finish to be applied in this area; this type of tag is used to reference finishes to be taken from a schedule, aligning with the bid item 'Furnish & Install Unspecified Floor Finish From Schedule.'",DIRECT,RIGHT,HIGH,"The highlighted region shows a clear Finish Tag (FZ) tied to a floor area. This tag directly identifies the finish work for that locale, which is the essence of the bid item (unspecified floor finish to be sourced from a schedule). It is not a mere room label or generic note; it is a finish symbol that directly indicates the work referenced by the bid item. No assumption about indirect relationships is required.",,1,398,region_000398,A-005,Furnish & Install Unspecified Floor Finish From Schedule
SUCCESS,FINISH_TAG,FZ,"The highlighted region shows a small blue circular tag containing the letters 'FZ'. This appears to be a finish-tag used to label a finish zone on the plan. It does not itself specify a floor finish material (e.g., carpet, vinyl, tile) or reference a finish schedule entry. There is no explicit mention of a floor finish to be furnished and installed, nor a direct link to the bid item 'Furnish & Install Unspecified Floor Finish From Schedule'. Therefore, the region does not directly identify or reference the bid item.",NONE,WRONG,HIGH,"The region contains only a finish tag (FZ) with no direct indication of the floor finish to be installed or a concrete finish schedule entry. To satisfy the bid item, the region would need explicit material/finish identification or a clear schedule reference tying it to 'Furnish & Install Unspecified Floor Finish From Schedule'. This is not present in the highlighted region.",,1,399,region_000399,A-005,Furnish & Install Unspecified Floor Finish From Schedule
SUCCESS,FINISH_TAG,FX (Finish Tag for Floor Finish),"The highlighted region shows a blue circled 'FX' finish tag directly placed in the plan, which is a standard indicator of a floor finish to be furnished/installed per the finish schedule.",DIRECT,RIGHT,HIGH,"The region visibly contains an FX finish-tag, which explicitly identifies a floor finish/activity in the space. This is a direct evidence item matching the Bid Item 'Furnish & Install Unspecified Floor Finish From Schedule' (Others). It is not a generic label or OCR-derived text; it is a concrete finish tag tied to the intended work. No reliance on OCR or indirect reasoning is used. The evidence is unambiguous and directly references the finish work for this region.",,2,400,region_000400,A-005,Furnish & Install Unspecified Floor Finish From Schedule
SUCCESS,FINISH_TAG,FX (Finish tag),"The highlighted region shows circular FX finish-tag callouts on the roof plan, indicating floor finishes to be defined/installed per the finish schedule.",DIRECT,RIGHT,MEDIUM,"The region visually contains FX finish-callout symbols, which directly indicate a finish assignment for the floor area. This aligns with the bid item to furnish & install an unspecified floor finish from the schedule. However, the actual finish material is not specified in this region (only the finish tag is shown), so the association is direct but not material-specific. No OCR or schedule text is relied upon; evidence is from the finish-tag symbols themselves.",,2,401,region_000401,A-005,Furnish & Install Unspecified Floor Finish From Schedule
SUCCESS,EQUIPMENT_TAG,FV,"The 'FV' tag is a Field Verify symbol (per project legend G-002.3). It does not contain or reference a floor finish, finish schedule, material, or any direct indication of the bid item. It is a field-verify annotation, not a finish identifier.",NONE,WRONG,HIGH,"The highlighted region shows a blue circular tag 'FV' which corresponds to a Field Verify annotation in the legend. There is no explicit finish type, material, or schedule reference visible in the region. Because the bid item is 'Furnish & Install Unspecified Floor Finish From Schedule' and this region does not directly identify or reference any floor finish, it cannot be considered a direct association. This is an annotation for field verification, not a direct finish reference.",,1,402,region_000402,A-005,Furnish & Install Unspecified Floor Finish From Schedule
SUCCESS,OTHER,FV (Field Verify) markers/callouts in blue circles scattered along the roof plan region.,"No direct finish item identified. The region shows FIELD VERIFY (FV) callouts, not a carpet/vinyl/tloor finish label or schedule entry.",NONE,WRONG,HIGH,"The highlighted region contains FV (Field Verify) markers from the legend, not a finish tag or finish-related note that directly identifies a bid item. There is no explicit reference to a floor finish (carpet, vinyl, etc.) or a schedule entry tying this exact region to 'Furnish & Install Unspecified Floor Finish' as required for a DIRECT association. Therefore, no direct evidence links this region to the bid item; any relevance would be indirect and insufficient for a correct association.",,1,403,region_000403,A-005,Furnish & Install Unspecified Floor Finish From Schedule
SUCCESS,GRID_REFERENCE,F2,"No direct evidence of the bid item; region shows a grid/reference label 'F2' (grid coordinate) rather than a finish tag, room finish label, or schedule entry.",NONE,WRONG,HIGH,"The highlighted region contains the grid reference 'F2', which is a spatial coordinate on the roof plan. It does not identify or reference any floor finish, material, or work item. Per the SPECIAL RULES, a grid reference is NOT a bid item and carries no direct association to the Bid Item 'Furnish & Install Unspecified Floor Finish From Schedule'. There is no direct evidence linking this region to the bid item; any relation would be indirect at best and not sufficient for a RIGHT association.",,2,404,region_000404,A-005,Furnish & Install Unspecified Floor Finish From Schedule
SUCCESS,GRID_REFERENCE,F2,The region shows a grid reference (F2) rather than any finish label or schedule entry that would directly identify the bid item (floor finish). Grid references are not bid items themselves.,NONE,WRONG,HIGH,"The highlighted region visually represents a grid tag (F2). There is no direct indication of a floor finish, finish type, or schedule entry that ties to 'Furnish & Install Unspecified Floor Finish From Schedule'. Therefore there is no direct association with the bid item.",,1,405,region_000405,A-005,Furnish & Install Unspecified Floor Finish From Schedule
SUCCESS,PLAN_GEOMETRY,"Roof plan region with grid callouts (A1, A2, A3, etc.) and plan geometry; no explicit finish tag, schedule, or room label visible in the crop.","There is no direct finish-related text, symbol, or schedule; the region lacks any reference to flooring, carpet, tile, or finish schedule.",NONE,WRONG,HIGH,"The region shows plan geometry and callouts only. It does not contain a finish tag, finish schedule, room label with a finish reference, or any explicit reference to the original bid item (Furnish & Install Unspecified Floor Finish From Schedule). Grid/callout content alone does not constitute direct evidence for the bid item per the required criteria.",,1,406,region_000406,A-005,Furnish & Install Unspecified Floor Finish From Schedule
SUCCESS,GRID_REFERENCE,"Circular grid callouts with labels (A1, A2, A3, F2, C1, C2) and dashed grid lines indicating grid references on the roof plan.","No direct evidence linking the region to the bid item; region shows grid/reference markers, not any finish tag, schedule, or flooring material/finish identification.",NONE,WRONG,HIGH,"1) The highlighted region contains grid-reference callouts (A1, A2, A3, F2, C1, C2) and grid lines typical of plan geometry, not a finish tag or flooring specification. 2) It does not identify or reference any floor finish, finish schedule, or material/work explicitly tied to the bid item. 3) Without knowledge of the bid item, this region would be interpreted as grid geometry, not as finish work. 4) There is no direct evidence connecting this region to the Bid Item (Furnish & Install Unspecified Floor Finish). 5) Relying on same-trade or nearby related work would be indirect, which is not acceptable for a direct association. 6) OCR alone is not used as evidence; the image content shows grid references, not a finish reference. 7) No assumption is required to classify as WRONG.",,1,407,region_000407,A-005,Furnish & Install Unspecified Floor Finish From Schedule
SUCCESS,GRID_REFERENCE,F3,,NONE,WRONG,HIGH,"The highlighted region contains a grid reference marker (F3) typical of sheet location labeling, not a finish/work indication. It does not identify, locate, or explicitly reference the bid item (Furnish & Install Unspecified Floor Finish) and provides no finish/material data, schedule, or detail directly tied to the bid item. Therefore there is no direct evidence linking this region to the bid item.",,1,408,region_000408,A-005,Furnish & Install Unspecified Floor Finish From Schedule
SUCCESS,GRID_REFERENCE,F3,"No explicit finish, material, or schedule item in the region; it is a grid reference label (F3) not tied to a bid item.",NONE,WRONG,HIGH,"The region visibly contains a grid reference labeled 'F3' (grid line F and column 3). This is a grid reference symbol, not a finish/material reference, schedule entry, or any direct indication of flooring work. The original bid item is 'Furnish & Install Unspecified Floor Finish From Schedule,' which would require direct evidence of a finish in the region (e.g., finish tag, room finish schedule, or material symbol). Since the region provides no such direct evidence, the association is not direct and must be classified WRONG.",,2,409,region_000409,A-005,Furnish & Install Unspecified Floor Finish From Schedule
SUCCESS,FINISH_TAG,FZ,"No explicit reference to the bid item (carpet/floor finish) or a finish schedule is visible in this region. It only shows a generic finish-zone tag 'FZ' on the roof plan, not a specific finish material or schedule entry.",NONE,WRONG,HIGH,"The highlighted region contains a generic 'FZ' finish zone tag with no direct labeling of the required bid item (Furnish & Install Unspecified Floor Finish From Schedule) or a schedule entry. It does not visibly identify the material/work or link to the finish schedule, and thus provides no direct evidence for the bid item. This is not a direct association; at best it suggests a finish-related annotation, not the specified flooring work.",,1,410,region_000410,A-005,Furnish & Install Unspecified Floor Finish From Schedule
SUCCESS,FINISH_TAG,"Blue-circled finish tags labeled ""FZ"" (Finish Zone) and ""FX"" along the roof-plan area.","No direct reference to a specific floor finish, finish schedule, or carpet/vinyl/tlooring work. The region shows generic finish tags, not a named finish type or explicit schedule entry linking to the Bid Item.",NONE,WRONG,HIGH,"The highlighted region contains generic finish tags (FZ/FX) on a Roof Plan sheet. The Bid Item requires furnishing & installing an unspecified floor finish from a schedule. There is no direct label, finish type, or explicit schedule entry in the region that identifies a floor finish tied to the Bid Item. Therefore, the region does not provide a direct association to the Bid Item.",,1,411,region_000411,A-005,Furnish & Install Unspecified Floor Finish From Schedule
SUCCESS,FINISH_TAG,FX finish-tag symbols (blue circled 'FX') within the highlighted region,"No explicit finish material (e.g., carpet, tile) or Finish Schedule reference is visible in the region. The sheet is a roof plan; the finish-tag symbols are generic and do not directly identify a specific floor finish from the schedule.",NONE,WRONG,HIGH,"The highlighted region contains generic finish-tag markers (FX) but does not directly identify a specific floor finish or link to a Floor Finish Schedule. There is no explicit indication of furnishing/installing a particular floor finish in this region on this roof plan sheet, so it cannot be taken as a direct representation of the Bid Item 'Furnish & Install Unspecified Floor Finish From Schedule'.",,1,412,region_000412,A-005,Furnish & Install Unspecified Floor Finish From Schedule
SUCCESS,FINISH_TAG,"Circle label FX (Finish Tag) visible along floor areas in the region, indicating floor finish assignment per the finish schedule.","The region contains explicit finish tags (FX) used to designate floor finishes to be furnished and installed per the schedule (unspecified finish, per Bid Item).",DIRECT,RIGHT,HIGH,"The highlighted region visibly contains FX finish tags, which are standard finish identifiers used to mark floor finishes on the plan. This directly corresponds to the Bid Item 'Furnish & Install Unspecified Floor Finish From Schedule' by signaling floor finish work to be executed per the schedule. No reliance on OCR alone or indirect reasoning (e.g., same trade or similar scope) is used; the evidence is the finish tag itself that directly identifies the bid item scope.",,3,413,region_000413,A-005,Furnish & Install Unspecified Floor Finish From Schedule
SUCCESS,GENERAL_NOTE,FV (Field Verify) bubble symbol,"No direct reference to a floor finish, schedule, or bid-item work; the FV symbol denotes a field-verify note per the legend rather than a finish installation item",NONE,WRONG,HIGH,"The highlighted region shows an FV bubble, which the legend defines as FIELD VERIFY. This does not directly identify or reference the bid item 'Furnish & Install Unspecified Floor Finish From Schedule' (Other). There is no explicit finish, material, or schedule entry shown in this region that ties it to the bid item; it is a general note rather than a finish work indication. Therefore, no direct association to the bid item is present.",,1,414,region_000414,A-005,Furnish & Install Unspecified Floor Finish From Schedule
SUCCESS,PLAN_GEOMETRY,"Plan geometry of a small interior room/alcove within a corridor, containing a door opening and wall lines. A detail reference bubble (A-201/A-203) is visible nearby, along with FV (field verify) markers. There is no explicit floor finish, finish tag, or flooring schedule reference visible in this highlighted region.","No flooring finish designation, carpet/vinyl/tile callout, or schedule entry is visible in the highlighted area. The evidence present is plan geometry and detail-reference labeling, not a finish specification.",NONE,WRONG,HIGH,"The highlighted region shows general plan geometry and a detail/reference tag, not a direct finish identification or flooring specification. For a direct association to the bid item (Furnish & Install Unspecified Floor Finish From Schedule), the region would need to visibly reference a floor finish type, schedule, or finish tag. OCR hints are secondary and do not change the visual lack of a direct finish reference in this region.",,1,415,region_000415,A-005,Furnish & Install Unspecified Floor Finish From Schedule
SUCCESS,GRID_REFERENCE,F2,"No direct evidence; region shows a grid reference bubble (F2), not a finish tag or schedule entry.",NONE,WRONG,HIGH,"The highlighted region contains a blue circular label with the text 'F2', which is a grid reference bubble used to locate grid lines on the plan. Per the evidence rules, a grid reference is NOT a bid item and does not directly identify, locate, or reference the work specified in the Bid Item (Furnish & Install Unspecified Floor Finish From Schedule). There is no finish schedule label, finish material, or finish-related annotation visible in this region. Therefore there is no direct association to the bid item; any relation would be indirect at best, which is not sufficient for a correct direct association. (OCR note: region OCR reads 'F2', which aligns with grid reference interpretation; the red locator box in the full sheet is not considered evidence.)",,1,417,region_000417,A-005,Furnish & Install Unspecified Floor Finish From Schedule
SUCCESS,GRID_REFERENCE,C1 grid reference bubble (grid coordinate marker) visible on the roof plan,"No direct indication of carpet or finish work; region is a grid reference marker, not a finish/work label or schedule",NONE,WRONG,HIGH,"The highlighted region shows a grid reference bubble labeled 'C1' used for locating points on the plan. It does not identify, label, or reference the bid item (Furnish & Install Carpet) and provides no direct evidence of carpet work. Therefore there is no direct association to the bid item; the correct decision is WRONG.",,1,418,region_000418,A-005,Furnish & Install Carpet
SUCCESS,FINISH_TAG,"Circular finish callouts with labels such as C1, C2, C3, F2, A1, A2 (finish-tag icons) aligned along grid lines on a roof plan",,NONE,WRONG,MEDIUM,"The highlighted region contains finish-callout tags (C1, C2, C3, F2, A1, A2) typical of a finish schedule. There is no explicit reference to carpet installation (no labeling like 'Carpet', 'Carpet C1', or floor finish directly identifying carpet) within this region. The evidence is on a roof plan sheet, where carpet work would not be depicted, and the region does not directly identify or locate the bid item Furnish & Install Carpet. Therefore, the association to the bid item is not direct (NONE).",,1,419,region_000419,A-005,Furnish & Install Carpet
SUCCESS,GRID_REFERENCE,C4,NO direct evidence of carpet,NONE,WRONG,HIGH,"Region shows a grid reference 'C4' on the Roof Plan (Sheet A-005). There is no finish tag, room label, schedule, or other direct indicator of carpet (Furnish & Install Carpet) in this region. Grid references are not bid items, and this is a roof plan, not an interior floor finish plan. Therefore there is no direct association to the bid item.",,1,420,region_000420,A-005,Furnish & Install Carpet
SUCCESS,GRID_REFERENCE,C4,NONE,NONE,WRONG,HIGH,"The highlighted region visibly shows the grid reference 'C4' on the roof plan sheet (A-005). This is grid annotation, not a finish, material, or bid-item identifier. There is no carpet finish tag, room finish schedule, or any other direct evidence linking this region to the bid item 'Furnish & Install Carpet'. Therefore there is NO DIRECT association to the carpet bid item (association = NONE).",,1,421,region_000421,A-005,Furnish & Install Carpet
SUCCESS,GRID_REFERENCE,CX,none (no direct bid-item evidence),NONE,WRONG,HIGH,"The highlighted region contains a blue circular label CX, which is a grid reference marker on the roof plan. It does not identify or reference carpet work, finish, or any carpet-related item. There is no explicit carpet finish tag, label, or finish schedule evidence within the region. Therefore, it does not provide direct evidence for the bid item 'Furnish & Install Carpet'.",,2,422,region_000422,A-005,Furnish & Install Carpet
SUCCESS,FINISH_TAG,CX,"No explicit carpet or flooring finish is identified in the highlighted region. The region shows two-letter finish callouts (CX) along a roof-plan area, not a carpet installation callout or carpet finish schedule.",NONE,WRONG,HIGH,"The highlighted region contains CX finish callouts on a roof plan (Sheet A-005). There is no direct reference to carpet (no label such as 'Carpet', no carpet finish schedule, and no interior floor finish indication). The region is on a roof plan, not an interior floor finish drawing, so it does not directly identify Furnish & Install Carpet.",,1,423,region_000423,A-005,Furnish & Install Carpet
SUCCESS,PLAN_GEOMETRY,"Central small core feature within the roof-plan region, showing a pair of narrow rectangular shapes and associated lines, consistent with plan geometry (likely a core/stair/elevator-like element) rather than a finished floor area.",,NONE,WRONG,HIGH,"There is no direct indication of carpet finish or carpet-related labeling in the highlighted roof-plan region. A bid item for carpet requires explicit finish labeling (e.g., CARPET) or a finish symbol tied to a floor area. The region shown is a roof-plan core element with slope and structural indicators, not a carpet finish reference. Therefore the region does not directly identify, locate, or reference the original bid item.",,2,424,region_000424,A-005,Furnish & Install Carpet
SUCCESS,FINISH_TAG,CV,"No direct evidence of Carpet; region shows a CV finish tag (no 'Carpet', 'Carpet Finish', or 'Furnish & Install Carpet' wording) present in the highlighted region.",NONE,WRONG,HIGH,"The highlighted region visually contains a small blue circular tag with 'CV' inside. This does not directly identify the bid item 'Furnish & Install Carpet'. The region is on a roof plan page (A-005 Bldg Types Roof Plan) where interior carpet would not typically be specified; there is no carpet finish labeling, schedule entry, or explicit carpet-level tag in this region. Therefore no direct association; any link would be indirect and not acceptable per the rules.",,1,425,region_000425,A-005,Furnish & Install Carpet
SUCCESS,PLAN_GEOMETRY,Central roof-plan core/shaft geometry (small rectangular feature with surrounding walls).,NONE,NONE,WRONG,HIGH,"The highlighted region shows a geometric core feature on the roof plan (likely a stair/elevator/shaft area) with no explicit finish or equipment tag that references carpet. There is no finish label, room label, schedule entry, or detail that directly identifies carpet or a floor finish for this region. The bid item is Furnish & Install Carpet (carpet finish for interior floors), but the region provides no direct evidence of carpet installation or finish assignment. The red locator box in the locator sheet is not evidence itself. Therefore, there is no direct association to the bid item.",,1,426,region_000426,A-005,Furnish & Install Carpet
SUCCESS,PLAN_GEOMETRY,"Roof plan geometry area from a Bldg Types Roof Plan (dark shaded roof planes with grid/labels). No finish tags, room labels, or carpet-related references visible in the region.",NONE,NONE,WRONG,HIGH,"The highlighted region sits on a roof plan (Sheet A-005) and shows roof geometry, grid lines, and zone boundaries. There is no finish/type reference (e.g., carpet, floor finish) or element that directly identifies Furnish & Install Carpet. Specification text or room labels in this region do not equate to carpet installation. Therefore, there is no direct evidence connecting this region to the bid item; the association is not direct.",,1,427,region_000427,A-005,Furnish & Install Carpet
SUCCESS,GRID_REFERENCE,C2,No direct evidence linking to carpet; region is a grid reference bubble (C2) with leader lines.,NONE,WRONG,HIGH,"The highlighted region shows a circular grid label 'C2' with a leader line in the roof plan. This is a grid reference, not a finish tag, room label, or carpet-related element. Per the special rule for grid references, it does NOT directly establish or identify the bid item (Furnish & Install Carpet). Therefore there is no direct association to the bid item; the region should not be considered evidence of carpet work.",,1,428,region_000428,A-005,Furnish & Install Carpet
SUCCESS,GRID_REFERENCE,C2,NONE,NONE,WRONG,HIGH,"The highlighted region visually shows a grid reference bubble containing 'C2' with vertical dashed lines. This is a grid/location indicator, not a bid-item finish or work description. Special Rule for GRID REFERENCES states they are not bid items, and a grid reference alone does not directly identify finish/work (carpet) for Furnish & Install Carpet. Therefore there is no direct evidence connecting this region to the bid item, and the correct decision is WRONG with NONE association.",,1,429,region_000429,A-005,Furnish & Install Carpet
SUCCESS,GRID_REFERENCE,C3 (grid reference label),"No direct bid item evidence; region is a grid reference, not a finish or carpet-related item.",NONE,WRONG,HIGH,"The highlighted region visually contains a circular 'C3' grid reference label with leader/via dashed lines, which is a grid reference and not a finish (carpet) or any bid-item indication. A grid reference does not directly identify, locate, or reference the bid item 'Furnish & Install Carpet'. Per the rules, this is not direct evidence for the carpet work, and no indirect association (same trade/same sheet) is sufficient. Therefore, the region does not directly support the carpet bid item and the audit decision is WRONG.",,1,430,region_000430,A-005,Furnish & Install Carpet
SUCCESS,GRID_REFERENCE,C3,No direct evidence of carpet or finish; region shows a grid reference bubble labeled 'C3' along a grid line (typical grid annotation).,NONE,WRONG,HIGH,"The highlighted region visually contains a grid reference bubble ('C3') with a dashed grid line. It does not contain a finish tag, material tag, room label, or any indication of carpet installation. Grid references are not bid items and cannot serve as direct evidence for Furnish & Install Carpet. Therefore there is no direct association to the bid item; the region is not a direct representation of carpet work.",,1,431,region_000431,A-005,Furnish & Install Carpet
SUCCESS,GRID_REFERENCE,C1 (grid reference bubble),"No direct evidence linking to carpet finish; region is a grid reference marker, not a finish tag or work description.",NONE,WRONG,HIGH,"The highlighted region shows a grid reference bubble with the text 'C1' and leader lines. This is part of the plan’s grid system and does not identify or reference carpet installation or any finish/work. There is no direct indication of the Bid Item 'Furnish & Install Carpet' in this region; at best it provides locational context (grid), which is an indirect/no association for the bid item.",,1,432,region_000432,A-005,Furnish & Install Carpet
SUCCESS,GRID_REFERENCE,C1 grid reference bubble,,NONE,WRONG,HIGH,"The highlighted region shows a blue circular grid reference bubble labeled 'C1' used to locate grid lines on the plan. There is no finish tag, carpet label, or other direct evidence identifying carpet work. Therefore it does not directly reference the bid item 'Furnish & Install Carpet'; it is an unrelated grid reference element.",,1,433,region_000433,A-005,Furnish & Install Carpet
SUCCESS,GRID_REFERENCE,Grid reference label: C4,"No direct evidence of Carpet or finish-tag identifying carpet within this region (no finish label, carpet symbol, or note linking to bid item). The region shows a grid reference callout which serves for location, not for identifying work.",NONE,WRONG,HIGH,The highlighted region visually contains a grid reference label (C4) rather than a finish/work entry. Grid references are not bid-item evidence and do not directly identify carpet installation. There is no explicit carpet finish or related bid-item indicator in this region; thus there is no direct association to the Bid Item 'Furnish & Install Carpet'. The Special Rule for GRID REFERENCES confirms this is not evidence of carpet work.,,1,434,region_000434,A-005,Furnish & Install Carpet
SUCCESS,GRID_REFERENCE,C4,No finish/material tag or carpet-related annotation visible. The region shows a grid coordinate (C4) used for locating elements on the sheet; it does not directly identify or reference carpet or any bid-item work.,NONE,WRONG,HIGH,"The highlighted region contains a grid reference label (C4) rather than a carpet-related finish or work item. Step 1 identifies it as GRID_REFERENCE. Step 2 confirms it represents a location marker, not a bid-item element. Independently, it would be read as a grid coordinate without knowledge of the bid item. There is no direct evidence linking this region to Furnish & Install Carpet (carpet finish) such as a carpet finish tag, material tag, or explicit carpet reference. Therefore the association is NONE, and the bid item is not correctly associated with this region.",,1,435,region_000435,A-005,Furnish & Install Carpet
SUCCESS,PLAN_GEOMETRY,"Interior corridor region with walls, door openings and a small vertical shaft/return area; no explicit carpet or floor finish labeling visible in this highlighted area.",NONE,NONE,WRONG,HIGH,"The highlighted region shows generic floor plan geometry (corridor/door openings) without any direct reference to carpet. There is no finish tag, label, or schedule within this region that directly identifies carpet installation. Therefore, it does not provide direct evidence linking to the original bid item (Furnish & Install Carpet).",,1,436,region_000436,A-005,Furnish & Install Carpet
SUCCESS,PLAN_GEOMETRY,"Roof plan region with grey roof area, dashed grid lines, and circular callouts (CX) along a horizontal band. No finish or carpet labeling is visible in the highlighted area.","No explicit carpet/floor finish annotation or schedule reference present within the highlighted region (no text like 'CARPET', 'FLOOR FINISH', or finish schedule entry).",NONE,WRONG,HIGH,"The region is a portion of the roof plan (plan geometry) with grid/callout markers and no carpet-related labeling or finish reference. There is no direct evidence linking this specific region to the bid item 'Furnish & Install Carpet'; relying on indirect associations (e.g., same trade or sheet) would be incorrect per the audit rules.",,1,437,region_000437,A-005,Furnish & Install Carpet
SUCCESS,PLAN_GEOMETRY,Small rectangular core feature with inner vertical elements located at the central area of the roof plan (hub/shaft-like element).,"NONE visible; no carpet finish tag, schedule, or label directly referencing carpet.",NONE,WRONG,HIGH,"The highlighted region lies on a roof plan (Sheet A-005, Bldg Types Roof Plan) and shows a structural/mechanical core feature rather than any finished floor condition. There is no direct finish indication (no CARPET label, finish symbol, or finish schedule entry) tying this specific region to the bid item 'Furnish & Install Carpet'. Therefore, it does not directly identify or reference the carpet bid item.",,1,438,region_000438,A-005,Furnish & Install Carpet
SUCCESS,FINISH_TAG,Finish zone tags (FZ) and CZ markers in blue circled labels along the plan edge; no explicit carpet label or carpet-related symbol.,"No direct evidence of carpet (e.g., 'CARPET', 'FURNISH & INSTALL CARPET', or explicit carpet finish). The region shows generic finish-zone tags rather than a finish assignment for carpet.",NONE,WRONG,HIGH,"The region visually contains generic finish-tag indicators (FZ/CZ) and plan/grid features but does not directly identify or reference carpet installation. The bid item requires a direct finish reference to carpet; since none is visible, the association is not direct.",,1,439,region_000439,A-005,Furnish & Install Carpet
SUCCESS,PLAN_GEOMETRY,Central vertical core/shaft element (likely elevator/stair area) within the roof plan portion,"No carpet finish reference, carpet tag, or flooring schedule visible; region shows a core/shaft element rather than a finish. No explicit carpet association present.",NONE,WRONG,HIGH,"The highlighted region contains a structural/core feature (vertical shaft/elevator area) in the roof plan. There is no explicit finish reference (e.g., CARPET, floor finish tag, or finish schedule) that directly identifies carpet. A direct association to the Bid Item 'Furnish & Install Carpet' would require a visible finish tag or labeling tying this region to carpet, which is not present. Relying on indirect reasoning (same trade, same sheet, or general flooring context) would be incorrect per the DIRECT ASSOCIATION requirement.",,1,440,region_000440,A-005,Furnish & Install Carpet
SUCCESS,PLAN_GEOMETRY,Dark grey shaded area within the roof plan (Sheet A-005) with dashed grid lines and no visible finish or material label; no explicit text indicating carpet or floor finish.,"No direct indicator of carpet/floor finish in the highlighted region (no finish tag, no 'CARPET' label, no finish schedule entry, and no room finish reference visible within the region).",NONE,WRONG,HIGH,"The highlighted region is a geometric portion of the roof plan with no explicit finish or material reference. Carpet (furnish & install carpet) would require direct evidence of a floor finish/tag within the region (e.g., a carpet label, finish tag, or finish schedule entry). Since this is on a roof plan and lacks any such direct marking, there is no direct association to the bid item. OCR hints are not relied upon here; the visual evidence does not show carpet-related content.",,1,441,region_000441,A-005,Furnish & Install Carpet
SUCCESS,FINISH_TAG,F2,"The highlighted region contains a blue circular tag with the label 'F2', which is a finish tag used to reference a finish code in the finish schedule. This directly aligns with the Bid Item 'Furnish & Install Unspecified Floor Finish From Schedule' by pointing to a finish code that would be defined in the schedule.",DIRECT,RIGHT,HIGH,"The region visibly shows a finish tag 'F2' that directly identifies a finish code to be applied per the finish schedule. This provides explicit, not inferential, evidence of the finish assignment related to the bid item. No dependence on OCR or indirect reasoning is used.",,1,416,region_000416,A-005,Furnish & Install Unspecified Floor Finish From Schedule
SUCCESS,GRID_REFERENCE,C2,Grid reference bubble 'C2' visible; no carpet/flooring finish reference in region.,NONE,WRONG,HIGH,"The highlighted region is a GRID_REFERENCE (C2) used for location. It does not identify carpet or any finish/work, and thus provides no direct evidence for the bid item 'Furnish & Install Carpet'.",,1,442,region_000442,A-005,Furnish & Install Carpet
SUCCESS,GRID_REFERENCE,C2,No direct finish/work label or carpet-related annotation visible in this region; it appears solely as a grid reference bubble (C2) used for sheet/location reference.,NONE,WRONG,HIGH,The highlighted region is a grid reference bubble (C2). Grid references are not bid items and do not explicitly identify carpet installation or any carpet-related finish. There is no direct evidence in the region tying it to the bid item 'Furnish & Install Carpet.',,2,443,region_000443,A-005,Furnish & Install Carpet
SUCCESS,GRID_REFERENCE,C3 grid reference bubble,"NONE - region shows a grid reference, not a finish or work item",NONE,WRONG,HIGH,"The highlighted region visually conveys a grid reference bubble 'C3' (grid line marker) and contains no finish/work indication, label, or schedule that directly identifies or references the bid item. The original bid item is ‘Furnish & Install Carpet’ (carpet finish), which requires evidence of carpet finish or related finish notes. A grid reference by itself is not a bid item and does not provide direct evidence of carpet installation. Therefore, there is no direct association between this region and the bid item; classification is WRONG with NONE evidence.",,1,444,region_000444,A-005,Furnish & Install Carpet
SUCCESS,GRID_REFERENCE,C3 (grid reference bubble),No direct bid item evidence; region is a grid reference rather than a carpet finish.,NONE,WRONG,HIGH,"The highlighted region shows a circle label with 'C3', which is a grid reference bubble on the plan. This does not identify, locate, or reference carpet installation, finish, or any bid-item work. The Special Rule for GRID REFERENCES states this is not a bid item. There is no finish tag, material tag, room label, or explicit schedule/detail entry in this region that ties directly to the Bid Item 'Furnish & Install Carpet'. Therefore, there is NO DIRECT evidence connecting this region to the bid item; the association is WRONG.",,1,445,region_000445,A-005,Furnish & Install Carpet
SUCCESS,GRID_REFERENCE,C1,"Grid reference bubble labeled 'C1'; no finish tag, room finish, or carpet-related notation present.",NONE,WRONG,HIGH,"The highlighted region shows a grid reference bubble 'C1' and does not contain any finish/work indication for carpet. A grid reference is not a bid item and provides no direct evidence of Furnish & Install Carpet. Therefore, there is no direct association to the bid item.",,1,446,region_000446,A-005,Furnish & Install Carpet
SUCCESS,GRID_REFERENCE,C1,"C1 is a grid reference callout (grid line intersection) and not a finish/work tag for carpet. There is no carpet-related label, finish tag, or schedule entry visible in this region.",NONE,WRONG,HIGH,"The highlighted region shows a grid reference (C1) along grid lines, which is a plan-reference element, not a finish or bid-item indication for carpet. Special Rule — GRID REFERENCES states this does not directly establish the bid item. There is therefore no direct evidence linking this region to 'Furnish & Install Carpet'.",,1,447,region_000447,A-005,Furnish & Install Carpet
SUCCESS,GRID_REFERENCE,C4,"No direct evidence linking to the bid item. The region shows a grid reference (C4) typical for locating positions on the plan, not a finish/work item related to carpet.",NONE,WRONG,HIGH,"The highlighted region visually displays a grid bubble/reference labeled 'C4'. This is a plan locator and does not directly identify or reference the carpet bid item. Special rule for GRID_REFERENCES states these are not bid items; without a direct finish/work indication (e.g., 'Carpet', finish schedule, or related annotation), there is no direct association to Furnish & Install Carpet.",,1,448,region_000448,A-005,Furnish & Install Carpet
SUCCESS,GRID_REFERENCE,C4 grid reference bubble,"No direct evidence; grid reference bubble, not carpet",NONE,WRONG,HIGH,"The highlighted region shows a blue circular tag labeled 'C4' (a grid reference bubble) with dashed grid lines. This is a plan annotation used for locating elements on the sheet, not a finish/work item. The original bid item is Furnish & Install Carpet (Carpet). There is no finish, carpet tag, or related symbol in this region. According to the special rule for grid references, it does not directly establish the bid item. Therefore, the region does not directly reference the carpet bid item, and the association is WRONG.",,1,449,region_000449,A-005,Furnish & Install Carpet
SUCCESS,FINISH_TAG,Finish callouts FX and CX along the corridor on the roof plan,No explicit reference linking the region to carpet (no label such as 'Carpet' or a carpet schedule entry visible in the region). The sheet is a Roof Plan (A-005) and finish tags shown do not directly identify carpet installation.,NONE,WRONG,MEDIUM,"The highlighted region shows circular finish-callout tags (FX, CX) typical of finish labeling, but there is no direct evidence that these tags correspond to carpet (the bid item). The sheet is a roof plan, not an interior floor finish drawing, and there is no explicit carpet designation or schedule visible in the region. Therefore, it does not directly identify, locate, or reference the original bid item (Furnish & Install Carpet).",,1,450,region_000450,A-005,Furnish & Install Carpet
SUCCESS,FINISH_TAG,CX (carpet finish tag),"The highlighted region shows blue circled finish-callouts labeled “CX” placed along the floor-area boundaries, which function as finish tags indicating the floor finish assigned to those spaces.",DIRECT,RIGHT,HIGH,"Visible blue-circled markers 'CX' along the floor plan indicate a finish designation for the floor. As the bid item is Furnish & Install Carpet (carpet finish), these finish-tags provide direct evidence that the region corresponds to carpet installation in the spaces shown. No grid/room-name or generic relation is used; the evidence is the finish tag itself mapping to the work of carpet installation.",,2,451,region_000451,A-005,Furnish & Install Carpet
SUCCESS,PLAN_GEOMETRY,Small enclosed area (likely shaft/mechanical room) with doorway; no carpet finish label or flooring reference visible in the region.,No direct evidence of carpet or flooring finish in this region; no label such as 'CARPET' or finish tag.,NONE,WRONG,HIGH,"The highlighted plan region shows a small interior enclosure on a roof plan (Sheet A-005) with no finish indication for carpet. A direct association to the bid item 'Furnish & Install Carpet' would require an explicit carpet finish reference (e.g., 'CARPET', carpet finish hatch, or a related finish note) within this region or a directly linked finish schedule. There is no such direct evidence; there is only plan geometry and possibly mechanical/shaft content, which does not directly identify the bid item. OCR hints do not substitute for visible evidence.",,1,452,region_000452,A-005,Furnish & Install Carpet
SUCCESS,FINISH_TAG,Blue-circled finish-tag symbols (FZ) visible within the region; no explicit carpet label or carpet-related symbol present.,No direct evidence of carpet; only finish-tag references (FZ) shown.,INDIRECT,WRONG,MEDIUM,"The highlighted region contains finish-tag symbols (FZ) on a Roof Plan sheet, but there is no explicit labeling or symbol that directly identifies carpet (the bid item). Finishes tags may relate to flooring generally, but they do not directly specify carpet installation. Therefore the region does not provide direct evidence for the 'Furnish & Install Carpet' bid item; at best it offers an indirect finish context.",,1,453,region_000453,A-005,Furnish & Install Carpet
SUCCESS,GRID_REFERENCE,CZ (grid reference bubble),"No direct bid-item evidence; region shows a grid reference label, not a carpet finish or related work.",NONE,WRONG,HIGH,The highlighted region contains a grid reference label 'CZ' used for location on the sheet. Grid references are not bid items and do not directly identify carpet installation. There is no visible element that directly references or identifies the original bid item (Furnish & Install Carpet).,,1,454,region_000454,A-005,Furnish & Install Carpet
SUCCESS,FINISH_TAG,CZ,"No explicit carpet finish label, carpet schedule, or installation note visible in the region. The sheet is a Roof Plan (A-005) and the markings appear to be generic finish/zone tags or grid-related annotations rather than a direct reference to carpet installation.",NONE,WRONG,MEDIUM,"The highlighted region shows a small CZ tag on a Roof Plan with no direct reference to carpet (no label like CARPET, or finish symbols for floor finishes). The region does not identify the bid item (Furnish & Install Carpet) nor a finish assigned to an area for flooring. Therefore it provides no direct evidence linking to the bid item; the association is not valid.",,1,455,region_000455,A-005,Furnish & Install Carpet
SUCCESS,GRID_REFERENCE,C2,"No direct finish/work label or carpet-related annotation present; the visible 'C2' corresponds to a grid reference bubble used for location, not to carpet installation.",NONE,WRONG,HIGH,"The highlighted region shows a grid reference (C2). Grid references are not bid items or finish/work indicators. There is no direct drawing evidence that this region identifies, locates, or references the original bid item (Furnish & Install Carpet).",,1,456,region_000456,A-005,Furnish & Install Carpet
SUCCESS,GRID_REFERENCE,C2,"No direct evidence of carpet; region shows a grid reference marker (C2) used for location, not a material/work.",NONE,WRONG,HIGH,"The highlighted region contains a grid label 'C2' (grid reference). It serves to locate positions on the roof plan and has no direct indication of carpet installation or finish. There is no finish-tag, material tag, room label tied to carpet, or schedule entry in this region.",,1,457,region_000457,A-005,Furnish & Install Carpet
SUCCESS,GRID_REFERENCE,C3 grid reference bubble (grid label),No explicit carpet or flooring finish/work reference visible in the region; only a grid reference marker (C3) is present.,NONE,WRONG,HIGH,"The highlighted region contains a grid reference bubble with the label C3. Grid references are location indicators, not bid items. There is no direct indication of carpet, flooring finish, or related finish/work in this region to tie it to the Bid Item 'Furnish & Install Carpet'. Therefore, there is NO direct association to the bid item.",,1,458,region_000458,A-005,Furnish & Install Carpet
SUCCESS,GRID_REFERENCE,C3,"No finishing or carpet indication; region is a grid reference bubble used to locate plan; lacks any carpet-related tag, schedule, or finish label.",NONE,WRONG,HIGH,"The highlighted region shows a grid reference bubble 'C3' on the Roof Plan sheet. A grid reference is used solely for location, not to identify or reference a bid item. There is no carpet finish indication or any carpet-related labeling in this region. Therefore there is no direct evidence linking this region to the 'Furnish & Install Carpet' bid item.",,1,459,region_000459,A-005,Furnish & Install Carpet
SUCCESS,GRID_REFERENCE,C1,None (grid reference bubble; not a carpet finish or work),NONE,WRONG,HIGH,"The highlighted region shows a blue circular grid reference label 'C1' connected to grid lines. This is a grid reference symbol, not a bid item finish or work indication. There is no direct evidence identifying or referencing the carpet bid item in this region; grid references are explicitly not bid items and do not establish a direct association to Furnish & Install Carpet.",,1,460,region_000460,A-005,Furnish & Install Carpet
SUCCESS,GRID_REFERENCE,C1 (grid reference bubble),"Region shows a grid label 'C1'; no carpet finish tag, room label, or schedule entry; no explicit reference to carpet installation",NONE,WRONG,HIGH,"The highlighted region is a grid reference bubble labeled 'C1' as shown in the local drawing context and the whole-sheet locator. It does not depict, identify, or reference any carpet finish work. The Bid Item is 'Furnish & Install Carpet' and requires a finish/installation indication directly tied to carpet. Since the region contains only a grid reference and lacks direct evidence linking to carpet installation, there is NO DIRECT ASSOCIATION to the bid item. Therefore, the decision is WRONG with HIGH confidence.",,2,461,region_000461,A-005,Furnish & Install Carpet
SUCCESS,DETAIL,"Detail callout marker with text ""A5"" and sheet reference ""A-201"" (detail callout symbol)",No finish or carpet identification is visible in this region; there is no label or hatch indicating carpet/install; the marker points to a detail on another sheet.,NONE,WRONG,HIGH,"The highlighted region contains a detail-callout symbol (A5/A-201) rather than any carpet finish indication. There is no direct evidence that this region represents or references the bid item 'Furnish & Install Carpet'. It instead functions as a cross-reference to another detail, which is not the carpet work.",,1,462,region_000462,A-005,Furnish & Install Carpet
SUCCESS,GRID_REFERENCE,C4,NONE,NONE,WRONG,HIGH,"The highlighted region visually shows a grid reference bubble with the label 'C4' on the roof plan. It functions as a grid/locator, not as a finish, material, or work item indication. There is no direct evidence within the region that identifies or references the bid item 'Furnish & Install Carpet' (Carpet). Therefore the association is NONE (no direct association).",,1,463,region_000463,A-005,Furnish & Install Carpet
SUCCESS,FINISH_TAG,FX (finish tag markers) visible around a central corridor/elevator area on a roof-plan context,No explicit reference to CARPET or a floor finish within this region. The markings present are generic finish tags (FX) and plan geometry; there is no label or schedule item that directly states or depicts carpet installation.,NONE,WRONG,MEDIUM,"The highlighted region shows finish-tag symbols (FX) but does not contain a direct, carpet-specific indication (e.g., 'CARPET', a carpet finish callout, or a floor finish schedule entry). The sheet is a roof plan (A-005) with plan geometry and core elements; carpet as a bid item would require an explicit, direct reference within this region. Without such direct evidence, the association to 'Furnish & Install Carpet' is not established.",,1,464,region_000464,A-005,Furnish & Install Carpet
SUCCESS,GRID_REFERENCE,CX,"No direct carpet finish label, carpet schedule, or carpet-related detail is visible within the highlighted region. The region shows a blue circled tag 'CX' along a roof-plan context, which aligns with a grid/plan-geometry reference rather than a finish item.",NONE,WRONG,HIGH,"The highlighted region contains a blue circled grid/label tag (CX), not a finish reference for carpet. The sheet is a Roof Plan (A-005) and does not show carpet installation evidence. Grid bubbles are explicitly not bid items and do not directly identify carpet.",,1,465,region_000465,A-005,Furnish & Install Carpet
SUCCESS,OTHER,"A small enclosed space/shaft with door within the roof-plan area. No carpet finish tag, no finish symbol, and no label referencing carpet or floor finish.","No direct evidence linking this region to carpet installation (no carpet/finishing label, no finish reference, no schedule entry for carpet in this region).",NONE,WRONG,HIGH,"The highlighted region shows an interior feature (likely a small room/shaft) with architectural elements but contains no label, symbol, or detail that directly identifies carpet or carpet installation. OCR hints (e.g., CV) do not constitute direct evidence of carpet. Special rules require direct identification of the bid item; without a direct finish/work indicator for carpet in this region, the association is not valid. Therefore the original bid item is not directly represented by this region.",,1,466,region_000466,A-005,Furnish & Install Carpet
SUCCESS,PLAN_GEOMETRY,Roof plan region (Bldg Types Roof Plan) showing grey roof areas with structural lines; blue circular tags labeled FX/CX/BX along a corridor; no explicit finish label or note referencing carpet or interior flooring visible in this highlighted region.,"There is no explicit label, note, or symbol within the highlighted region that directly states or identifies carpet, carpet installation, or a finish schedule entry for carpet. The region appears to be exterior roof plan geometry, not an interior floor finish reference.",NONE,WRONG,HIGH,"The highlighted region contains roof plan geometry and miscellaneous finish tags typical of a roof plan. There is no direct indication of carpet or a finish assignment for interior flooring in this region. Without a direct reference to carpet (e.g., a finish tag, carpet schedule note, or a labeled carpet area), the bid item “Furnish & Install Carpet” cannot be directly associated with this specific drawing region. Relying on indirect cues (same trade, same sheet, general flooring context) would be incorrect per the audit rules.",,1,467,region_000467,A-005,Furnish & Install Carpet
SUCCESS,PLAN_GEOMETRY,"Small enclosed architectural element (a tiny room/shaft area with doorway) on the roof plan region; no finish tag, carpet label, schedule entry, or explicit carpet reference visible within the region.",NONE,NONE,WRONG,HIGH,"The highlighted region shows basic plan geometry (enclosure/door) on a Roof Plan sheet and contains no direct indication of carpet or any finish work. There is no finish tag, room finish reference, or schedule entry tying this exact region to the bid item 'Furnish & Install Carpet'. Therefore, there is no direct association to the bid item; the association would be indirect or nonexistent, which is insufficient for a RIGHT decision.",,2,468,region_000468,A-005,Furnish & Install Carpet
SUCCESS,FINISH_TAG,Blue circular finish-tag label (likely 'FZ') visible on the roof-plan region.,No explicit carpet/flooring finish text or schedule entry; region shows only a finish-tag marker without a direct reference to carpet.,NONE,WRONG,HIGH,"The highlighted region contains a finish-tag marker but does not directly identify or reference carpet/furnish & install carpet. It is on a roof plan (A-005 Roof Plan) and provides no explicit finish assignment for the bid item. Therefore, there is no direct evidence linking this region to the bid item.",,2,469,region_000469,A-005,Furnish & Install Carpet
SUCCESS,GRID_REFERENCE,C2,No direct evidence linking to carpet or any bid item; region shows a grid reference bubble (C2) and gridlines only.,NONE,WRONG,HIGH,"The highlighted region visually contains a grid reference bubble 'C2' and associated gridlines. There is no finish/work indication or label that identifies or references the bid item 'Furnish & Install Carpet'. Grid references are explicitly not bid items, so there is no direct association to the carpet bid item.",,1,470,region_000470,A-005,Furnish & Install Carpet
SUCCESS,GRID_REFERENCE,C2,"The region shows a blue circled 'C2' aligned with grid lines, a classic grid-reference bubble. There is no finish tag, room label, schedule, or any explicit carpet-related designation visible in this region.",NONE,WRONG,HIGH,"The highlighted region contains only a grid reference label ('C2') and does not identify, label, or reference the bid item (Furnish & Install Carpet). It is not a finish, material, room label, or schedule entry that directly ties to carpet work. Therefore there is no direct evidence linking this region to the bid item; classification is WRONG.",,1,471,region_000471,A-005,Furnish & Install Carpet
SUCCESS,GRID_REFERENCE,"Circular blue grid callouts labeled C1, C2, C3, C4 connected by grid lines across the roof plan portion.",NONE,NONE,WRONG,HIGH,"The region shows grid reference callouts (e.g., C3, C4, C2, C1) as part of the plan’s grid system. There is no label, tag, schedule, or finish indication that directly identifies the bid item 'Furnish & Install Carpet' (carpet) or any carpet-related finish. A grid reference is evidence of location geometry, not of the carpet work. Therefore, no direct association to the original bid item is present.",,1,472,region_000472,A-005,Furnish & Install Carpet
SUCCESS,DETAIL,Detail callout with A5 / A-201 (diamond symbol),"The region shows a detail/callout marker (diamond) labeled A5 and A-201 on the roof plan; there is no finish label, carpet symbol, room finish tag, or carpet-related schedule visible in this region.",NONE,WRONG,HIGH,"The highlighted region is a detail/section callout reference, not a finish indication for carpet. There is no explicit carpet designation, finish tag, or finish-related schedule visible in this region to directly identify or associate carpet installation. Therefore it does not provide direct evidence for the bid item Furnish & Install Carpet; at best it is an indirect or unrelated drawing element.",,1,473,region_000473,A-005,Furnish & Install Carpet
SUCCESS,GRID_REFERENCE,E1,NONE,NONE,WRONG,HIGH,"The highlighted region shows a blue circular tag with the label E1, which corresponds to a grid reference bubble used to locate positions on the sheet. There is no visible indication of an electrical component, equipment tag, finish, schedule, or any bid-item-specific item. GRID_REFERENCE regions are explicitly not direct evidence of a bid item, per the defined rules. Therefore there is NO direct evidence linking this region to the Bid Item (Furnish & Install Unidentified Electrical Components) and the association is incorrect.",,1,474,region_000474,A-005,Furnish & Install Unidentified Electrical Components for Estimator Review
SUCCESS,GRID_REFERENCE,Blue circled label 'E1' placed at a grid intersection along the sheet bottom (grid reference marker).,"No direct bid item evidence present; region contains only a grid reference Bubble (E1), not an electrical component, finish, room label, or equipment tag directly tied to the bid item.",NONE,WRONG,HIGH,"The highlighted region visually shows a grid reference bubble 'E1' used to locate grid lines on the roof plan. This is a grid reference symbol, not a bid item, finish, equipment, or electrical component reference. The original bid item is 'Furnish & Install Unidentified Electrical Components for Estimator Review' (Others). There is no direct representation of electrical work or components in this region; grid references are explicitly NOT bid items. Therefore the region does not directly identify or reference the bid item.",,1,475,region_000475,A-005,Furnish & Install Unidentified Electrical Components for Estimator Review
SUCCESS,GRID_REFERENCE,Blue circular callout containing 'E4' (grid reference bubble),No direct evidence of bid item; region only shows a grid reference bubble (E4) and does not identify electrical components or associated work,NONE,WRONG,HIGH,"The highlighted region visibly contains a grid reference bubble with the label 'E4'. Grid references are not bid items and do not directly identify, locate, or reference the original bid item (Furnish & Install Unidentified Electrical Components). There is no direct indication of electrical components, equipment, finishes, or related work in this region. Therefore there is NO direct association to the bid item; the correct decision is WRONG.",,1,476,region_000476,A-005,Furnish & Install Unidentified Electrical Components for Estimator Review
SUCCESS,GRID_REFERENCE,Grid reference bubble labeled E4,NONE,NONE,WRONG,HIGH,"The highlighted region shows a blue circular grid reference bubble with the label E4 and a leader line, which is a grid reference marker. Grid references do not constitute or directly identify work items, finishes, or components of the bid item “Furnish & Install Unidentified Electrical Components for Estimator Review.” There is no direct indication in the region that ties to the electrical bid item; OCR may show E4, but visually the element represents a grid coordinate, not the bid item. Therefore, no direct association exists (NO ASSOCIATION).",,1,477,region_000477,A-005,Furnish & Install Unidentified Electrical Components for Estimator Review
SUCCESS,EQUIPMENT_TAG,"Blue circled labels reading ""FX"" placed along the corridor/roof-plan area","The region contains multiple FX tags, which are standard electrical fixture/equipment identifiers, directly signaling electrical components to be furnished and installed.",DIRECT,RIGHT,HIGH,The highlighted region visually shows explicit electrical fixture tags (FX) associated with the plan location. This is a direct reference to electrical work/equipment and maps to the bid item to furnish and install electrical components. No reliance on OCR alone; the evidence is visible on the drawing region itself.,,1,478,region_000478,A-005,Furnish & Install Unidentified Electrical Components for Estimator Review
SUCCESS,EQUIPMENT_TAG,Two blue-circled tags labeled 'EX' located on the roof-plan region (exhaust/equipment annotations),"No direct evidence of electrical components, furnishings, or installation work tied to the bid item; the region shows equipment tags (EX) and roof plan elements, not an electrical item",NONE,WRONG,HIGH,"The highlighted region contains two 'EX' equipment tags on a roof plan, with no explicit electrical component, panel, outlet, wiring, or schedule that directly identifies the bid item 'Furnish & Install Unidentified Electrical Components'. The 'EX' marks are likely mechanical/exhaust annotations, not electrical work. There is no direct drawing evidence linking this region to the bid item; OCR hints do not override the visual evidence.",,1,479,region_000479,A-005,Furnish & Install Unidentified Electrical Components for Estimator Review
SUCCESS,OTHER,"A small interior opening/door area (enclosed space) with walls and door swing visible. There are no electrical component symbols, equipment tags, or direct annotations within the highlighted region. Outside text (e.g., A-203) appears adjacent but not inside the region.",,NONE,WRONG,HIGH,"1) The region does not contain any equipment tag, symbol, or explicit reference to electrical components or installations. 2) It appears to be a general architectural plan element (a doorway/room), not a finish or equipment reference tied to the bid item. 3) Without the bid item, the region would be interpreted as a small room/door area, not electrical work. 4) There is no direct drawing evidence linking this region to Furnish & Install Unidentified Electrical Components. 5) OCR hints do not provide a direct, explicit association. 6) No assumption is used beyond the visible drawing evidence.",,1,480,region_000480,A-005,Furnish & Install Unidentified Electrical Components for Estimator Review
SUCCESS,EQUIPMENT_TAG,"Circular blue tags with two-letter codes (e.g., EV, EW) connected by dashed lines to roof-plan features.","No explicit reference to the bid item. The region shows generic equipment/marking tags (EV/EW) without a labeled item, schedule, or text that directly identifies a Furnish & Install Unidentified Electrical Components item.",NONE,WRONG,HIGH,"The highlighted region contains equipment tags (EV, EW) on circular markers with dashed connection lines, indicating labeled equipment locations on the roof plan. There is no direct indication of a specific electrical component, any ‘Furnish & Install…’ item, or a schedule/detail that explicitly references the bid item. This constitutes no direct evidence linking the region to the original bid item; an indirect association would be insufficient per the rules.",,1,481,region_000481,A-005,Furnish & Install Unidentified Electrical Components for Estimator Review
SUCCESS,EQUIPMENT_TAG,EY,"The highlighted region shows an equipment tag 'EY' inside a circle within a small interior area; there is no explicit reference, part number, or schedule item identifying a specific electrical component or work item; no finish/material indication tied to the bid item.",INDIRECT,WRONG,MEDIUM,"The region contains an equipment tag, not a direct identification of a specific electrical component or electrical work item. Per the rules, a room label or equipment tag alone does not establish the bid item. Without a direct reference (such as a labeled component, schedule entry, or component-specific note), the region does not provide direct evidence for the original bid item; its relation would be only indirect.",,1,482,region_000482,A-005,Furnish & Install Unidentified Electrical Components for Estimator Review
SUCCESS,EQUIPMENT_TAG,"Blue circled two-letter tags (e.g., EV, EZ, EW, EY, FV, EX, FX, FZ) with dashed leaders on a roof plan. These are equipment/electrical component callouts labeled on the drawing.","The region visibly shows equipment/electrical component callouts that would be furnished and installed as part of electrical work, directly tying to the bid item 'Furnish & Install Unidentified Electrical Components' (Others).",DIRECT,RIGHT,HIGH,"The highlighted region contains explicit equipment tags on the roof plan, which identify electrical components to be installed. This provides direct drawing evidence of the bid item scope (electrical components) rather than relying on room names, schedules, or generic text. No assumptions from OCR or indirect inferences are used.",,1,483,region_000483,A-005,Furnish & Install Unidentified Electrical Components for Estimator Review
SUCCESS,GRID_REFERENCE,Grid reference label E2 with adjacent grid lines and callouts on a roof plan portion.,"No direct electrical component tag, equipment label, finish, or schedule visible in the highlighted region.",NONE,WRONG,HIGH,"The highlighted area shows grid references (e.g., E2) and plan geometry markers. There is no explicit depiction or labeling of an electrical component, equipment, or related bid-item work. Grid references are a coordination/locational element, not a bid-item deliverable. Therefore there is no direct association with the bid item.”} } } }? (Note: The trailing characters were accidental; please use the structured JSON content above.)*|*|*|*|*|*|*|*|*|*|*|*|*|*|*|*|*|*|*|*|*|*|*|*|*|*|*|*|*|*|*|*|*|*|*|*|*|*|*|*|*|*|*|*|*|*|*|*|*|*|*|*|*|*|*|*|*|*|*|*|*|*|*|*|*|*|*|* (The above note is extraneous and should be ignored. Use only the JSON object in the first block.)} }> (Apologies for the formatting glitch.) JSON content reproduced below clearly for parsing. Please ignore the trailing text above.  {",,1,484,region_000484,A-005,Furnish & Install Unidentified Electrical Components for Estimator Review
SUCCESS,GRID_REFERENCE,GRID_REFERENCE: E2 (grid bubble),No direct bid item evidence; region is a grid reference and does not identify any electrical component or work.,NONE,WRONG,HIGH,"The highlighted region visibly contains a grid reference callout (E2) rather than any material, equipment, finish, or schedule entry that would explicitly identify the electrical bid item. Per the special rule for GRID REFERENCES, a grid bubble/line reference is not a bid item and does not directly establish Furnish & Install of unidentified electrical components. Therefore there is no direct association with the bid item; the evidence points to location labeling rather than a specific electrical item.",,1,485,region_000485,A-005,Furnish & Install Unidentified Electrical Components for Estimator Review
SUCCESS,GRID_REFERENCE,E3,"Region shows a grid reference (E3) on the plan with associated grid lines/callouts. There is no visible electrical component, equipment tag, finish reference, room label, schedule, or detail that directly identifies or references the Bid Item (Furnish & Install Unidentified Electrical Components).",NONE,WRONG,HIGH,"The highlighted region is a grid reference element on the roof plan (E3). It does not visually contain or identify any electrical component, equipment, or work item that would directly satisfy the Bid Item. No finish/work indicators, equipment tags, or schedule entries are present in the region to support a direct association. OCR merely notes E3 as text, but OCR is not sufficient evidence; the image content must directly identify the bid item, which it does not.",,1,486,region_000486,A-005,Furnish & Install Unidentified Electrical Components for Estimator Review
SUCCESS,GRID_REFERENCE,E3,No direct evidence; region is a grid reference label and does not identify electrical components or bid-item work.,NONE,WRONG,HIGH,"The highlighted region visibly contains the grid reference 'E3' (grid location) and does not visibly identify any electrical component, equipment tag, finish, or other bid-item work. Grid references are not bid items themselves, and there is no direct labeling or tagging in the region that ties it to the 'Furnish & Install Unidentified Electrical Components' bid item. Therefore, there is no direct association.",,1,487,region_000487,A-005,Furnish & Install Unidentified Electrical Components for Estimator Review
SUCCESS,GRID_REFERENCE,E5,"The region shows a circular grid bubble with the label 'E5' connected by dashed grid lines. It does not display any equipment tag, room label, finish/finish schedule, or specific bid-item related annotation.",NONE,WRONG,HIGH,"The highlighted region is a grid reference bubble ('E5'), used only to locate positions on the plan. It contains no direct identification of electrical components, finishes, or bid-item elements. Per the GRID_REFERENCE rule, this does not constitute direct evidence for the bid item; therefore the association is incorrect.",,1,488,region_000488,A-005,Furnish & Install Unidentified Electrical Components for Estimator Review
SUCCESS,GRID_REFERENCE,Grid reference callout E5 (blue circle) on the roof plan,"No direct label or symbol identifying electrical components, schedules, or detailed bid-item work is shown; E5 is a grid coordinate/callout, not a component or work item.",NONE,WRONG,HIGH,"The highlighted region contains a grid reference marker (E5) used for locating positions on the plan. Grid references are not bid items and do not explicitly identify, locate, or reference a specific electrical component or work. Therefore there is no direct evidence linking this region to the Bid Item 'Furnish & Install Unidentified Electrical Components'.",,1,489,region_000489,A-005,Furnish & Install Unidentified Electrical Components for Estimator Review
SUCCESS,DETAIL,Detail callout bubble containing A-203 (detail reference) within a small architectural enclosure on the roof plan; appears to point to a detail rather than an electrical component.,"No visible electrical component symbol, tag, or designation directly identifying an electrical item in this region; the callout suggests a detail on another sheet rather than furnishing/installing an electrical component on this region.",NONE,WRONG,HIGH,"The highlighted region shows a detail callout (A-203) rather than a specific electrical component or finish/work item. There is no direct visual evidence of a bid-item electrical component (no equipment tag, symbol, or explicit reference to electrical installation). A detail callout implies content on a different sheet, not the bid item. Therefore, there is NO direct association with the original bid item.",,1,490,region_000490,A-005,Furnish & Install Unidentified Electrical Components for Estimator Review
SUCCESS,EQUIPMENT_TAG,"Blue circular tags labeled EW and EX scattered along the roof-plan region, without explicit component names or identifiers for a specific electrical item.","No visible label or symbol within the region directly naming or depicting an electrical component (e.g., outlet, panel, junction box) or a schedule/detail entry that corresponds to the Bid Item.",INDIRECT,WRONG,MEDIUM,"The region contains generic equipment tags (EW/EX) that indicate electrical annotation but do not directly identify or reference a specific electrical component or installation. There is no explicit indication of a particular bid item (furnish and install unidentified electrical components) within this region. OCR hints exist but are not a substitute for direct visual evidence. Therefore, there is no direct association to the bid item; any relation is only indirect at best.",,3,491,region_000491,A-005,Furnish & Install Unidentified Electrical Components for Estimator Review
SUCCESS,EQUIPMENT_TAG,"Circular blue equipment tag labeled FY visible in the highlighted region (center area), with additional FY tags nearby in the same plan zone","The region contains a visible equipment tag (FY) on the architectural plan, directly indicating electrical components within that specific location; this tag corresponds to the bid item for furnishing & installing electrical components",DIRECT,RIGHT,HIGH,"The region itself shows an explicit equipment tag (FY) tied to electrical components within this exact drawing region. This is a direct drawing cue identifying the electrical work to be furnished/installed in this location, not a generic or indirect connection. OCR notes are secondary and do not drive the decision.",,2,492,region_000492,A-005,Furnish & Install Unidentified Electrical Components for Estimator Review
SUCCESS,EQUIPMENT_TAG,"Circular blue callouts with two-letter codes (e.g., EV, EZ, EY, EX) placed along roof-plan grid lines on the sheet.","There is no explicit item name, schedule entry, or direct reference identifying a specific electrical component to be furnished and installed. The region only shows generic equipment tags without linking to a named electrical component or a schedule item that corresponds to the bid item.",NONE,WRONG,HIGH,"The region visually shows equipment tag callouts (two-letter abbreviations) on the roof plan. There is no direct evidence (no component name, schedule, or explicit reference) tying these tags to the bid item 'Furnish & Install Unidentified Electrical Components'. Without a direct association, the region cannot be considered a correct direct match to the bid item.",,1,493,region_000493,A-005,Furnish & Install Unidentified Electrical Components for Estimator Review
SUCCESS,GRID_REFERENCE,E1,"The region shows a grid reference bubble (E1) used for locating grid lines on the roof plan. There is no label, tag, or symbol directly identifying electrical components, finishes, equipment, or a schedule/detail that corresponds to the bid item.",NONE,WRONG,HIGH,The highlighted region is a grid reference marker (E1) and does not directly identify or reference the original bid item (Furnish & Install Unidentified Electrical Components). There is no direct drawing evidence linking this grid bubble to the bid item; any relevance would be indirect at best and is not acceptable per the DIRECT ASSOCIATION requirement.,,1,494,region_000494,A-005,Furnish & Install Unidentified Electrical Components for Estimator Review
SUCCESS,ROOM_LABEL,E1,No direct evidence; the region only shows a room label 'E1' with no explicit electrical components or bid-item related annotation.,NONE,WRONG,HIGH,"The region contains only the room label E1; per the Special RULE — ROOM LABEL, a room name alone does not establish the bid item and does not directly identify electrical work. No explicit electrical component, finish, or equipment tag is visible in this region.",,1,495,region_000495,A-005,Furnish & Install Unidentified Electrical Components for Estimator Review
SUCCESS,GRID_REFERENCE,E4 (grid reference bubble),"No direct evidence of electrical components, equipment tags, or bid-item work in this region. The visible element is a grid reference bubble (E4) used for locating elements on the roof plan, not a component or installation item.",NONE,WRONG,HIGH,"The highlighted region shows a grid reference (E4) which serves to locate the plan grid. It does not identify, label, or reference any electrical components or equipment. According to the SPECIAL RULES, a grid reference is NOT a bid item, so there is no direct association to the bid item 'Furnish & Install Unidentified Electrical Components'.",,1,496,region_000496,A-005,Furnish & Install Unidentified Electrical Components for Estimator Review
SUCCESS,GRID_REFERENCE,E4,No direct bid-item evidence; region shows grid reference E4 and architectural plan labels; no electrical component tag or reference to 'Furnish & Install' or 'Electrical' elements.,NONE,WRONG,HIGH,"The highlighted region visibly contains a blue circled grid reference 'E4'. This is a plan-grid indicator and not a bid item. There are no electrical equipment tags, component identifiers, or explicit references to electrical work within this region. According to the Special Rule for Grid References, a grid bubble/reference is not a bid item; therefore there is no direct association to the bid item 'Furnish & Install Unidentified Electrical Components'.",,1,497,region_000497,A-005,Furnish & Install Unidentified Electrical Components for Estimator Review
SUCCESS,EQUIPMENT_TAG,"Blue-circled two-letter equipment tag symbols (FX, EX, EY, EV) distributed along a wall/bench area on the roof-plan region, indicating electrical fixtures/components.","The region contains explicit equipment-tag symbols that designate electrical components to be installed, directly evidencing electrical work in this specific region.",DIRECT,RIGHT,HIGH,"The highlighted region visibly shows equipment tags (FX/EX/EY/EV) on the plan, which are explicit identifiers for electrical components. This provides direct evidence for the bid item (Furnish & Install Unidentified Electrical Components) in this exact region, not merely a same-trade or nearby-related indication.",,1,498,region_000498,A-005,Furnish & Install Unidentified Electrical Components for Estimator Review
SUCCESS,OTHER,A narrow vertical rectangular annotation area with text that appears to read '50%' (not clearly an electrical symbol or tag).,NONE,NONE,WRONG,MEDIUM,"The highlighted region does not visibly contain explicit electrical components, equipment tags, or any direct reference to electrical work that would identify it as part of the bid item 'Furnish & Install Unidentified Electrical Components'. There are no electrical symbols, circuit tags, or equipment-callouts visible in the region; the legible text appears to be a generic annotation not tied to electrical work. Therefore, there is no direct evidence linking this region to the bid item.",,1,499,region_000499,A-005,Furnish & Install Unidentified Electrical Components for Estimator Review
SUCCESS,EQUIPMENT_TAG,Equipment tag EV,"The region contains a circular blue equipment-tag bubble labeled EV, which is a direct marker used to denote electrical equipment to be furnished/installed at that location on the roof plan.",DIRECT,RIGHT,HIGH,"The highlighted region visually shows an EQUIPMENT_TAG with the label EV. This is a direct drawing element identifying electrical equipment to be furnished/installed in that specific location, which directly supports the Bid Item 'Furnish & Install Unidentified Electrical Components' (electrical components) without requiring inference from related trades or notes.",,1,500,region_000500,A-005,Furnish & Install Unidentified Electrical Components for Estimator Review
SUCCESS,EQUIPMENT_TAG,Equipment tag label 'EV' (blue circle) shown in the region,"The region contains a generic equipment tag (EV) with no specific electrical component description, quantity, or schedule reference that directly ties to the bid item (Furnish & Install Unidentified Electrical Components). There is no explicit component name or itemized entry visible within the region.",INDIRECT,WRONG,HIGH,"The highlighted region visibly shows a two-letter equipment callout ('EV'), which is an equipment tag used for labeling purposes. This does not directly identify or reference a specific electrical component or a schedule entry that corresponds to the bid item. Without a direct component description or a schedule link visible in the region, the association is only indirect and not a direct representation of the bid item.",,1,501,region_000501,A-005,Furnish & Install Unidentified Electrical Components for Estimator Review
SUCCESS,EQUIPMENT_TAG,EY,"The highlighted region contains a circular equipment tag labeled 'EY' attached to the wall, which is a direct label for electrical equipment/component to be installed. This aligns with the bid item scope (Furnish & Install Unidentified Electrical Components) by explicitly tagging an electrical item on the plan rather than a generic room or grid reference.",DIRECT,RIGHT,HIGH,"The region visibly shows an equipment tag (EY) on the wall, which is a standard drawing evidence of an electrical component to be installed. This provides direct evidence of the bid item’s electrical components work, not merely an indirect association or a generic note. No assumption required.",,1,502,region_000502,A-005,Furnish & Install Unidentified Electrical Components for Estimator Review
SUCCESS,EQUIPMENT_TAG,"Blue circular tag labeled 'EZ' (part of a bracelet of similar tags like EX, EY, EW) placed on the roof plan with dashed reference lines.","No direct evidence that this tag identifies or references a specific electrical component, device, or installation detail. The tag appears as a generic plan annotation rather than a component description or schedule item.",NONE,WRONG,HIGH,"The highlighted region is a generic equipment tag on the Bldg Types Roof Plan (EQUIPMENT_TAG). It does not directly identify an electrical component to furnish/install, nor does it reference a schedule/detail explicitly tied to the bid item. This provides no direct evidence for the original bid item; OCR/content does not alter this assessment.",,1,503,region_000503,A-005,Furnish & Install Unidentified Electrical Components for Estimator Review
SUCCESS,GRID_REFERENCE,E2,,NONE,WRONG,HIGH,"The highlighted region contains a blue circular tag reading 'E2', which is a grid reference bubble used to locate elements on the roof plan. It does not identify, locate, or explicitly reference the bid item (Furnish & Install Unidentified Electrical Components for Estimator Review) and provides no direct evidence of the electrical components bid item. Per the rules, a grid reference is not a bid item, so there is NO direct association to the bid item.",,1,504,region_000504,A-005,Furnish & Install Unidentified Electrical Components for Estimator Review
SUCCESS,GRID_REFERENCE,E2,NONE,NONE,WRONG,HIGH,"1) The highlighted region visibly shows the grid reference label E2 (a plan/grid coordinate marker), not a finish tag, equipment tag, room label with finished work, schedule, or any electrical component. 2) This region represents a plan reference, not a bid-item element. 3) Independently, without knowing the bid item, I would identify it as a grid reference on a floor/roof plan. 4) There is no direct drawing evidence linking this region to the bid item 'Furnish & Install Unidentified Electrical Components for Estimator Review' (no electrical symbol, component tag, or explicit reference to electrical work). 5) Any association would be indirect at best (same discipline/trade) and does not satisfy a direct association requirement. 6) OCR evidence is not used to justify the association; the image itself shows a grid label. 7) No assumptions were used.",,1,505,region_000505,A-005,Furnish & Install Unidentified Electrical Components for Estimator Review
SUCCESS,GRID_REFERENCE,E3,"No direct bid-item tag or indication visible (region shows a grid reference bubble 'E3' with no electrical component label, equipment tag, schedule entry, or finish reference).",NONE,WRONG,HIGH,"The highlighted region contains a grid reference label 'E3' (a circular grid tag) and does not display any electrical component reference, equipment tag, finish indicator, or schedule/detail entry that explicitly identifies or locates the Bid Item. Grid references are not bid items per the rules for direct association, so there is no direct evidence linking this region to the bid item.",,1,506,region_000506,A-005,Furnish & Install Unidentified Electrical Components for Estimator Review
SUCCESS,DETAIL,Detail callout B5 A-201,"The region shows a detail reference (B5 A-201) and does not directly identify or label any electrical components, equipment, finish, or work item related to the bid item. It is a cross-reference cross-sheet callout, not a direct reference to the electrical components scope.",NONE,WRONG,HIGH,"The highlighted region contains a detail callout (B5 A-201) rather than any explicit electrical component tag, equipment label, or work description that would directly tie to the bid item (Furnish & Install Unidentified Electrical Components). According to the guidance, a direct association requires the region itself to identify or label the relevant work; a cross-reference detail callout does not meet this requirement. No direct evidence connects this region to the bid item.",,1,507,region_000507,A-005,Furnish & Install Unidentified Electrical Components for Estimator Review
SUCCESS,GRID_REFERENCE,E5 grid reference bubble,"No direct evidence; region is a grid reference label (E5) not a component, schedule, or finish/work identifying item.",NONE,WRONG,HIGH,"The highlighted region shows a blue-circled 'E5' grid reference bubble with dashed lines. There is no depiction of electrical components, equipment tags, finishes, or a schedule entry that explicitly identifies or references the Bid Item 'Furnish & Install Unidentified Electrical Components for Estimator Review'. According to the guidelines, a grid reference is not a bid item and cannot provide direct evidence of the bid work. Therefore, the region has NO direct association with the bid item.",,1,508,region_000508,A-005,Furnish & Install Unidentified Electrical Components for Estimator Review
SUCCESS,GRID_REFERENCE,E5,"Region contains only a grid reference label 'E5' with no explicit bid-item content (no equipment tag, finish, or schedule entry). Grid references are not bid items per the rules.",NONE,WRONG,HIGH,"The highlighted region shows a grid reference label (E5) and does not depict any direct indication of electrical components or related work. According to the Special Rule GRID REFERENCES, a grid reference is not a bid item and does not provide direct evidence for the bid item. Therefore there is no direct association to the bid item 'Furnish & Install Unidentified Electrical Components'.",,2,509,region_000509,A-005,Furnish & Install Unidentified Electrical Components for Estimator Review
SUCCESS,EQUIPMENT_TAG,EW,"No direct evidence detected. The region shows a blue-circled equipment tag labeled 'EW' but there is no explicit reference to electrical components to be furnished and installed, no part numbers, no equipment descriptions, and no installation details within this region.",NONE,WRONG,HIGH,"What is visibly present: a blue circled tag 'EW' adjacent to a small interior area on the roof plan. What it represents: an equipment tag label, not a specific electrical component or installation instruction. Direct evidence connecting this region to the Bid Item 'Furnish & Install Unidentified Electrical Components' is not observed—the tag alone does not identify a particular electrical work, equipment, or installation scope. No schedule, detail, or component description explicitly tied to electrical installation is visible in this region. Therefore, the region does not provide direct evidence for the bid item and is considered a WRONG association (NONE).",,1,510,region_000510,A-005,Furnish & Install Unidentified Electrical Components for Estimator Review
SUCCESS,SPECIFICATION_TEXT,A small vertical rectangular label with the text '50A' located in the highlighted region (an annotation within the roof plan). The text appears to be a rating/value rather than a drawing of an electrical component or equipment tag.,"No direct visual evidence of a furnished/installed electrical component. The region shows only a textual/specification annotation ('50A') and a detail callout context (A-201) rather than an identifiable electrical device, panel, fixture, or equipment tag that would directly correspond to the bid item.",NONE,WRONG,MEDIUM,"The region contains a specification/text element ('50A') within a rectangular annotation, which does not directly identify or label a specific electrical component or work item. The bid item requires a direct depiction/label of the electrical components to be furnished and installed; a stray rating text or annotation does not provide direct evidence of that work.",,1,511,region_000511,A-005,Furnish & Install Unidentified Electrical Components for Estimator Review
SUCCESS,EQUIPMENT_TAG,EY,"The region shows EY equipment tags (blue circled EY labels) but there is no explicit reference to the bid item text (Furnish & Install Unidentified Electrical Components) or any specific electrical component/work. No label, schedule, detail, or tag directly tying this region to the bid item.",NONE,WRONG,HIGH,"The highlighted region contains only generic EY equipment tags without explicit identification of the electrical components or installation work described in the bid item. There is no direct evidence in the region that identifies, locates, or references the bid item; relying on indirect associations (same trade, general electrical context) is not permitted for a direct association.",,1,512,region_000512,A-005,Furnish & Install Unidentified Electrical Components for Estimator Review
SUCCESS,EQUIPMENT_TAG,EY,No direct bid item evidence observed; region shows only an equipment tag (EY) without a schedule reference or explicit item description.,INDIRECT,WRONG,MEDIUM,"The highlighted region displays a blue circular equipment tag labeled EY, which denotes an EQUIPMENT_TAG used to reference electrical components on the plan. There is no explicit text, note, or schedule entry within the region that directly identifies or maps to the Bid Item 'Furnish & Install Unidentified Electrical Components' (Others). Therefore the region does not provide direct evidence of the bid item; at best it offers an indirect electrical-tag association. A direct association would require an explicit schedule entry or label within the region that ties EY to the bid item.",,1,513,region_000513,A-005,Furnish & Install Unidentified Electrical Components for Estimator Review
SUCCESS,PLAN_GEOMETRY,"A small segment of the architectural roof plan showing interior wall lines and a doorway; no finish calls, baseboard tags, or Wall Base-related labels are visible within this highlighted region.",None – no wall base or finish tag/schedule visible in the region.,NONE,WRONG,HIGH,"The highlighted region contains basic plan geometry (walls/door) with no explicit reference to Furnish & Install Wall Base. There is no finish indication, baseboard symbol, or schedule entry directly tying this region to the bid item. Any relevance would be indirect at best, which does not meet the DIRECT association requirement.",,1,514,region_000514,A-005,Furnish & Install Wall Base
SUCCESS,GRID_REFERENCE,B1,"No direct bid item evidence; the region is a circular grid reference bubble (B1) used for sheet/location reference, not a finish/work item.",NONE,WRONG,HIGH,"The highlighted region is a grid reference bubble labeled B1, which serves to locate features on the plan. It does not identify or reference the bid item 'Furnish & Install Wall Base' in any direct manner (no finish/material, room label, schedule, or detail linked to the bid item is shown).",,1,515,region_000515,A-005,Furnish & Install Wall Base
SUCCESS,GRID_REFERENCE,B4,"Grid reference bubble/line (B4); does not identify finish, material, or work related to Furnish & Install Wall Base.",NONE,WRONG,HIGH,"The highlighted region shows a grid reference label 'B4' along a grid line. It does not depict any finish/work, material, or item related to the Bid Item (Furnish & Install Wall Base). According to the GRID_REFERENCE rule, a grid bubble/line does not constitute direct evidence of the bid item, so there is no direct association with the bid item.",,1,516,region_000516,A-005,Furnish & Install Wall Base
SUCCESS,GRID_REFERENCE,B4,No direct bid item evidence; region shows a grid reference bubble 'B4' with no finish/work indication tied to 'Furnish & Install Wall Base'.,NONE,WRONG,HIGH,"The highlighted region visibly contains a blue circular label reading 'B4' (grid reference) with a dashed leader. This is a location reference, not a finish item or work description. A grid reference does not directly identify or reference the bid item 'Furnish & Install Wall Base' (no material, finish, or schedule detail is shown). Therefore there is no direct association to the bid item. The evidence is based on the image content (grid bubble) rather than OCR alone. No assumption is required.",,1,517,region_000517,A-005,Furnish & Install Wall Base
SUCCESS,FINISH_TAG,Multiple small circular callouts labeled 'FX' along interior walls/edge lines in the roof-plan region (centered area).,"The region only shows generic finish tags 'FX' with no explicit label, schedule entry, or symbol identifying 'Wall Base' or any specific work item from 'Furnish & Install Wall Base'. There is no WB/Wall Base notation, no related finish schedule reference, and no explicit reference to the bid item.",NONE,WRONG,HIGH,"The highlighted region visually contains generic finish tags ('FX') and does not directly identify or reference the bid item 'Furnish & Install Wall Base'. There is no explicit 'Wall Base' label, schedule, or other finish indication that directly ties this region to the bid item. Without direct evidence, the association is not valid per the required criteria.",,1,518,region_000518,A-005,Furnish & Install Wall Base
SUCCESS,PLAN_GEOMETRY,"Callout bubbles with two-letter codes (BX, CX, FX) aligned along a continuous plan line; no label or symbol indicating wall base or other finish related to the bid item.","No direct depiction, label, or symbol for Furnish & Install Wall Base; only grid/callout references present",NONE,WRONG,HIGH,"The highlighted region shows plan geometry with circular two-letter callouts (BX, CX, FX) along a line. There is no explicit finish reference, baseboard symbol, or text stating 'Wall Base' or related finish, which would be required for a direct association to the bid item. Grid/callout references are not evidence of the bid item.",,1,519,region_000519,A-005,Furnish & Install Wall Base
SUCCESS,FINISH_TAG,"Circular finish tag labeled ""FV"" (finish tag) located along a wall segment in a roof-plan region on sheet A-005.","No explicit reference to 'Wall Base', 'WB', baseboard, or any direct indication of furnish/install wall base in this highlighted region.",NONE,WRONG,MEDIUM,"The highlighted region shows a finish tag (FV) on a roof plan, which does not directly identify or reference the bid item 'Furnish & Install Wall Base'. There is no explicit label for wall base, baseboard, or related work. The finish tag alone does not constitute a direct association to the bid item; its meaning is generic finish labeling rather than a specific wall-base installation item.",,1,520,region_000520,A-005,Furnish & Install Wall Base
SUCCESS,EQUIPMENT_TAG,BV,"There is a 'BV' equipment tag visible on a roof plan; no text, symbol, or reference directly indicating the bid item 'Furnish & Install Wall Base' or any wall finish work; no finish tag, schedule, or detail entry that explicitly ties to wall base.",NONE,WRONG,HIGH,"The highlighted region contains a two-letter equipment tag (BV) on a roof plan. It does not directly identify the bid item (Furnish & Install Wall Base). There is no wall base finish reference, schedule, or detail in or linked to this region. The tag is not a direct reference to the bid item; this is no direct association.",,1,521,region_000521,A-005,Furnish & Install Wall Base
SUCCESS,PLAN_GEOMETRY,"A small rectangular feature centered on a wall line within the roof plan. It shows two inner vertical lines and nearby dimension text (approx. 1-7/8) along the central area, with surrounding walls and plan geometry. No explicit finish or wall-base labeling is visible in the highlighted region.","No finish, material tag, or bid-item labeling related to Furnish & Install Wall Base is visible in the region. The region lacks any baseboard indication or schedule reference.",NONE,WRONG,HIGH,"The region contains a small, unlabeled rectangular feature on the roof plan with no finish/work indication or bid-item reference to 'Furnish & Install Wall Base.' Without explicit labeling or a direct finish reference, it does not visibly identify, locate, or reference the bid item. Therefore, there is no direct association to the original bid item; the evidence is purely plan geometry rather than a finish item.",,1,522,region_000522,A-005,Furnish & Install Wall Base
SUCCESS,GRID_REFERENCE,BZ,"Region contains a grid/axis tag 'BZ'; no wall base, finish, schedule, or bid-item related notation present.",NONE,WRONG,HIGH,"The highlighted region shows only a grid reference label 'BZ' (a blue circular tag) and does not identify, locate, or reference the bid item 'Furnish & Install Wall Base'. There is no finish/work legend, material, or bid-item detail visible in this region to support a direct association.",,2,523,region_000523,A-005,Furnish & Install Wall Base
SUCCESS,GRID_REFERENCE,Grid reference bubble labeled B2,No direct evidence of Furnish & Install Wall Base; region only shows a grid reference (B2),NONE,WRONG,HIGH,"The highlighted region contains a grid reference (B2) which does not identify, locate, or reference the bid item. Grid references are not bid items and provide no direct evidence for Furnish & Install Wall Base. Therefore there is no direct association between this region and the original bid item.",,1,524,region_000524,A-005,Furnish & Install Wall Base
SUCCESS,GRID_REFERENCE,B2,No direct bid item evidence; region shows a grid reference bubble (B2) and does not identify any furnishing/installation work.,NONE,WRONG,HIGH,"The highlighted region visibly contains a circular blue grid bubble labeled 'B2'. This is a grid reference, not a bid item or finish/work indication. Special rule for GRID_REFERENCE states it is NOT a bid item. Therefore there is no direct evidence connecting this region to the Bid Item 'Furnish & Install Wall Base', so the association is NONE (WRONG).",,1,525,region_000525,A-005,Furnish & Install Wall Base
SUCCESS,GRID_REFERENCE,B3,No direct bid item evidence; region shows a grid reference bubble labeled 'B3' used for locating elements on the sheet.,NONE,WRONG,HIGH,"The highlighted region contains a circular blue grid reference bubble with the label 'B3'. This is a grid reference indication, not a finish, material, or work item. There is no direct evidence that this region identifies, locates, or references the bid item 'Furnish & Install Wall Base'. Therefore, no direct association to the bid item is established.",,1,526,region_000526,A-005,Furnish & Install Wall Base
SUCCESS,GRID_REFERENCE,B3 grid reference bubble,"No direct evidence linking this region to the bid item. The region shows a grid reference bubble (B3) and does not depict a wall base, finish, or any work item directly associated with 'Furnish & Install Wall Base'.",NONE,WRONG,HIGH,"The highlighted region contains a circular grid bubble labeled B3, which is a grid reference marker. According to the rules, a grid reference is not a bid item and does not provide direct evidence of the bid item. Therefore it does not directly identify or reference the 'Furnish & Install Wall Base' region.",,1,527,region_000527,A-005,Furnish & Install Wall Base
SUCCESS,GRID_REFERENCE,Grid reference bubble containing 'B1',"No direct evidence; region is a grid reference, not a finish/work tag or bid item.",NONE,WRONG,HIGH,"The highlighted region shows a grid reference bubble with 'B1'. Grid references are not bid items and do not directly identify the work (Furnish & Install Wall Base). There is no finish tag, material reference, or schedule entry directly tied to the bid item in this region; therefore the association is not direct.",,1,528,region_000528,A-005,Furnish & Install Wall Base
SUCCESS,GRID_REFERENCE,B1,"The region shows a B1 grid reference bubble/callout with dashed leader lines. There is no finish tag, material label, room label, schedule/detail entry, or any explicit reference to wall base or related bid item.",NONE,WRONG,HIGH,"A grid reference alone does not identify or locate the Furnish & Install Wall Base. The region must directly depict or label the bid item (e.g., wall base symbol/finish callout or a corresponding schedule/detail). Here, only a grid reference is visible, which provides location context but no direct evidence of the bid item.",,1,529,region_000529,A-005,Furnish & Install Wall Base
SUCCESS,GRID_REFERENCE,B4,No direct bid-item content visible; region shows only grid reference callout B4; grid references do not identify wall base or any furnish & install work.,NONE,WRONG,HIGH,"The highlighted region contains a grid reference bubble 'B4' and no indication of finish/work relevant to 'Furnish & Install Wall Base'. Per the GRID_REFERENCE rule, grid bubbles are not bid items and do not provide direct evidence for the specified bid item. Therefore, there is no direct association to the bid item.",,1,530,region_000530,A-005,Furnish & Install Wall Base
SUCCESS,GRID_REFERENCE,B4,"The region shows a grid callout labeled 'B4' with vertical dashed lines indicating grid positioning. There is no text, symbol, or tag that directly identifies or labels the wall base, finish, or any bid-item-related work.",NONE,WRONG,HIGH,"B4 is a grid reference bubble, not a bid-item or finish reference. It does not directly identify, locate, or reference the bid item 'Furnish & Install Wall Base'. Grid references are not bid items per the guidance, so no direct association exists.",,1,531,region_000531,A-005,Furnish & Install Wall Base
SUCCESS,OTHER,BX,NONE,NONE,WRONG,LOW,"The highlighted region contains a circular tag with the text 'BX' only. There is no explicit label, symbol, or schedule in this region that directly identifies the bid item 'Furnish & Install Wall Base' (e.g., no 'Wall Base', baseboard detail, or item/Schedule reference). The surrounding context shows general finish markers (FX) along walls, but these do not constitute direct evidence linking this region to the bid item. Therefore, there is no direct association to the bid item; the correct decision is WRONG with low confidence due to very limited evidence.",,1,532,region_000532,A-005,Furnish & Install Wall Base
SUCCESS,EQUIPMENT_TAG,"Blue circular callouts along a line labeled BX, CX, FX (finish/equipment tag markers) visible on the roof plan region.",No direct text or tag within the region that names or uniquely references 'Furnish & Install Wall Base' or its finish/work; the markers appear to be generic tags not tied to the bid-item description.,NONE,WRONG,MEDIUM,"The region contains generic two-letter tag markers (BX, CX, FX) that function as equipment/finish tags, not as a direct reference to the bid item 'Furnish & Install Wall Base'. The sheet is a roof plan (A-005) where wall-base work would not be directly represented or explicitly identified by these tags. No explicit finish/work for wall base is shown in this region.",,1,533,region_000533,A-005,Furnish & Install Wall Base
SUCCESS,FINISH_TAG,Blue circular finish-tag symbols labeled 'FV' located along wall lines within the highlighted region (indicative of finish labeling). No explicit 'WALL BASE' or baseboard symbol/text is visible in this region.,"No direct reference to 'Furnish & Install Wall Base' (no baseboard callout, symbol, or note identifying wall base). Finish tags present appear to relate to other finishes (likely floor-related) rather than wall base.",NONE,WRONG,HIGH,"The highlighted region shows finish-tag symbols (FV) along walls but contains no direct evidence of wall-base installation (no 'wall base' labeling, symbol, or related detailing). This sheet is a roof plan page (A-005, Bldg Types Roof Plan); there is no explicit wall-base detail visible in this region. OCR evidence is not sufficient to establish a direct association. Therefore, the bid item 'Furnish & Install Wall Base' is not directly represented by this region.",,1,534,region_000534,A-005,Furnish & Install Wall Base
SUCCESS,PLAN_GEOMETRY,"Portion of the roof plan geometry (roof area shading and structural lines) with surrounding grid/callout markers. No finish tags, room labels, schedules, or explicit bid-item references related to wall base are visible in this region.","No direct evidence of Furnish & Install Wall Base (no wall-base or baseboard labels, no finish schedule entry, no detail referencing wall base, no tag/symbol that explicitly ties to the bid item).",NONE,WRONG,HIGH,"The region shows roof-plan geometry and generic grid/callout annotations, not any finish/work identifying or labeling the bid item (Furnish & Install Wall Base). Special rules require direct identification of the bid item; none is present here. OCR hints (BV, CZ, etc.) refer to generic tags, not wall-base work. Therefore there is no direct association to the bid item.",,1,535,region_000535,A-005,Furnish & Install Wall Base
SUCCESS,PLAN_GEOMETRY,"A small portion of the interior wall/door area at the base of a wall. The region contains plan geometry and callouts (e.g., A-203/A-210) but no explicit finish label, no wall-base or baseboard tags, and no text referencing 'wall base' or related furnishing/install work.","No direct labeling or symbol indicating 'wall base' or any finish/work specific to furnishing and installing wall base. The region lacks a finish tag, finish schedule, or detail/detail callout tied to the bid item.",NONE,WRONG,MEDIUM,The highlighted region does not directly identify or reference the bid item 'Furnish & Install Wall Base'. It shows generic plan geometry and cross-references without any explicit finish/installation indication for wall base. No direct evidence ties this region to the bid item; OCR cues are not sufficient to override the visual evidence.,,1,536,region_000536,A-005,Furnish & Install Wall Base
SUCCESS,FINISH_TAG,Finish-tag callouts (FZ) visible as blue circled labels along the bottom edge of the highlighted region.,"The region shows finish-tag symbols (FZ) but contains no explicit reference to 'Furnish & Install Wall Base' or any wall-base work. There is no label, note, schedule, or detail in this region that directly identifies or links to the bid item.",NONE,WRONG,HIGH,"The highlighted region explicitly contains finish-tag callouts (FZ) on a roof plan. There is no direct evidence (no label, finish description, schedule, or detail) tying this region to 'Furnish & Install Wall Base'. A roof plan typically does not directly depict interior wall-base work, and no explicit wall-base reference is visible in the region. Therefore, there is NO DIRECT association with the bid item; the correct classification is WRONG.",,1,537,region_000537,A-005,Furnish & Install Wall Base
SUCCESS,GRID_REFERENCE,B2,"Region shows a blue-circled grid reference bubble with the text 'B2'. There is no label, symbol, or note that directly identifies or describes the bid item (Furnish & Install Wall Base) or its associated finish/work.",NONE,WRONG,HIGH,"The region is a grid reference bubble (B2), not a finish tag, room label with finish, detail/equipment tag, or any direct indication of the bid item. Per the guidance, grid references are not bid items and cannot constitute a direct association to 'Furnish & Install Wall Base'. Independent identification yields grid reference rather than a bid-item element; therefore no direct evidence links to the bid item.",,1,538,region_000538,A-005,Furnish & Install Wall Base
SUCCESS,GRID_REFERENCE,B2,No direct bid item evidence observed; region is a grid reference bubble.,NONE,WRONG,HIGH,"1) The highlighted region contains a grid reference label 'B2' (grid bubble). 2) Grid references are not bid items and do not directly identify or reference furnishing/installation work. 3) There is no finish/specification text, room label with finishes, schedule, or detail entry in this region that directly ties to 'Furnish & Install Wall Base'. 4) Therefore the region does not provide direct evidence for the original bid item; the association is NOT direct.",,1,539,region_000539,A-005,Furnish & Install Wall Base
SUCCESS,GRID_REFERENCE,B3,,NONE,WRONG,HIGH,"The highlighted region depicts a blue grid reference bubble labeled 'B3' along a dashed grid line. This is a grid reference indicator, not a bid item, finish, or work element. There is no direct evidence that this region identifies or references the original bid item (Furnish & Install Wall Base). Therefore, the association is NONE and the decision is WRONG.",,1,540,region_000540,A-005,Furnish & Install Wall Base
SUCCESS,GRID_REFERENCE,B3,Region contains a grid bubble with the label 'B3'; no text or symbol directly describing or labeling the bid item (Furnish & Install Wall Base).,NONE,WRONG,HIGH,"The highlighted region visibly shows a grid reference bubble labeled 'B3' rather than any finish, material, or work item. There is no direct labeling or depiction of 'Furnish & Install Wall Base' in this region. According to the rules, a grid reference is not a bid-item item and cannot directly establish the bid item.",,1,541,region_000541,A-005,Furnish & Install Wall Base
SUCCESS,GENERAL_NOTE,GENERAL NOTES - ROOF PLANS (A. COORDINATE ALL PENETRATIONS... I. DO NOT SCALE DRAWINGS),No direct evidence linking to 'Furnish & Install Precast Concrete Stair Treads'; the region presents general roof notes only.,NONE,WRONG,HIGH,"The highlighted region comprises General Notes for the Roof Plans, not any direct reference to the bid item 'Furnish & Install Precast Concrete Stair Treads.' There is no explicit finish/work item, material, or schedule for stairs or precast stair treads visible in this region; OCR/text does not show a direct association to the bid item.",,1,542,region_000542,A-005,Furnish & Install Precast Concrete Stair Treads
SUCCESS,PLAN_GEOMETRY,"BLDG TYPE KEY PLAN with small blocks labeled A, B, C, D (building type key plan)","No direct finish or wall-covering reference is visible in this region. It shows a building-type key plan (BLDG TYPE KEY PLAN) used for type identification, not a finish schedule or wall finish reference.",NONE,WRONG,HIGH,"The region visibly contains a building-type key plan with labeled blocks (A, B, C, D) and the title 'BLDG TYPE KEY PLAN'. There is no explicit indication of wall finishes, finish schedule, or wall coverings. Thus there is no direct evidence that this region identifies, locates, or references the Bid Item 'Furnish & Install Wall Finishes Per Finish Schedule And Elevations'. It represents plan geometry/type classification, not the wall finish work. Therefore the association is NONE (not direct).",,1,543,region_000543,A-101CD,Furnish & Install Wall Finishes Per Finish Schedule And Elevations
SUCCESS,PLAN_GEOMETRY,"BLDG TYPE KEY PLAN inset showing small block diagrams labeled 1–5 with color-coding; text 'BUILDING TYPE KEY PLAN' appears. No finish-related text, schedules, or material references are visible in this highlighted region.","No direct reference to wall finishes, wall coverings, finish schedules, or elevations within this region. It is a Building Type Key Plan inset, not a finish item.",NONE,WRONG,HIGH,"The region visually depicts a Building Type Key Plan inset (PLAN_GEOMETRY) and does not identify, locate, or reference the original bid item 'Furnish & Install Wall Finishes Per Finish Schedule And Elevations' (Wall Covering). There is no finish-related tag, schedule entry, or material indication visible in the region. Therefore there is no direct evidence linking this region to the bid item; the proper decision is WRONG.",,1,544,region_000544,A-101CD,Furnish & Install Wall Finishes Per Finish Schedule And Elevations
SUCCESS,PLAN_GEOMETRY,"BLDG TYPE KEY PLAN inset showing unit labels A, B, BR, C, BR, D (the region contains the text A B BR C BR D and small schematic boxes)","No direct reference to wall finishes or finish schedule; the region is a Building Type Key Plan inset, not a finish detail",NONE,WRONG,HIGH,"The highlighted region is a Building Type Key Plan inset. It displays unit/type labels (A, B, C, D) and bedroom abbreviations (BR) within a schematic key, not any finish or wall-covering information. There is no explicit indication of wall finishes, finish schedules, or elevations. Without relying on OCR, the image evidence shows only plan-geometry labeling, which does not directly identify the bid item. Therefore, there is no direct association to Furnish & Install Wall Finishes.",,1,545,region_000545,A-101CD,Furnish & Install Wall Finishes Per Finish Schedule And Elevations
SUCCESS,PLAN_GEOMETRY,BLDG TYPE KEY PLAN panel image showing small inset diagrams labeled 1–5 with color shading (inset titled 'BLDG TYPE KEY PLAN'),"Region contains only a Building Type Key Plan; there is no finish schedule, wall covering label, or finish-related notation visible that would directly identify Furnish & Install Wall Finishes.",NONE,WRONG,HIGH,"The highlighted region visibly shows a Building Type Key Plan (BLDG TYPE KEY PLAN) used to distinguish building blocks/types. It does not contain any finish-related content (no wall finishes, finish schedule, or wall covering labeling). Therefore there is no direct evidence linking this region to the Bid Item 'Furnish & Install Wall Finishes Per Finish Schedule And Elevations'; any relation would be indirect at best and not sufficient for a direct association.",,1,546,region_000546,A-101CD,Furnish & Install Wall Finishes Per Finish Schedule And Elevations
SUCCESS,PLAN_GEOMETRY,"Small cluster of room blocks with abbreviations such as BR, A, B, C, D and numbers (1–5); appears to be a portion of the floor plan with room labels and color shading, not a finish tag. The OCR reads “E BR A” in the region, but there is no finish schedule text.","No explicit finish or wall covering tag, finish schedule reference, or wall finish note is visible within the highlighted region. The region shows layout/room labeling rather than a finish-related designation.",NONE,WRONG,HIGH,"Direct evidence linking this region to the bid item “Furnish & Install Wall Finishes Per Finish Schedule And Elevations” is missing. The region contains plan geometry and room labels (e.g., BR) with color blocks, but no explicit wall finish type, finish schedule reference, or finish callout that directly identifies wall finishes for the bid item. OCR content alone does not establish a direct association, and relying on same-trade or related concepts would be indirect, which is not permitted for a RIGHT association.",,1,547,region_000547,A-101CD,Furnish & Install Wall Finishes Per Finish Schedule And Elevations
SUCCESS,GENERAL_NOTE,A. ALL NEW WALL ASSEMBLIES ARE CONTINUOUS TO BOTTOM OF DECK UNLESS NOTED OTHERWISE.,Direct reference to wall assemblies continuous to bottom of deck; aligns with Bid Item 'Furnish & Install Wall Framing Continuous To Deck',DIRECT,RIGHT,HIGH,"The region visibly contains a general note that specifically states 'ALL NEW WALL ASSEMBLIES ARE CONTINUOUS TO BOTTOM OF DECK UNLESS NOTED OTHERWISE.' This directly identifies the work scope (wall assemblies/framing) and the required condition (continuous to the bottom of the deck), which maps directly to the original bid item. OCR notes aside, the image text provides a direct, explicit link to the bid item rather than an indirect association.",,1,548,region_000548,A-101CD,Furnish & Install Wall Framing Continuous To Deck And As Per General Notes
SUCCESS,GENERAL_NOTE,"C. WHERE THE FINISH SCHEDULE OR INTERIOR ELEVATIONS CALL FOR TILE, REPLACE GYPSUM BOARD SHOWN IN THE WALL'S ASSEMBLY WITH TILE BACKER BOARD WHERE TILE OCCURS. REPLACE OTHER GYPSUM BOARD SHOWN IN THAT WALL'S ASSEMBLY WITH MOISTURE RESISTANT GYPSUM BOARD WHERE NO TILE OCCURS.","Tile backer board and moisture resistant gypsum board are specified in the region; it instructs to replace gypsum board with tile backer board where tile occurs and replace other gypsum board with moisture resistant gypsum board where no tile occurs, directly naming the components of the bid item.",DIRECT,RIGHT,HIGH,The region visibly contains explicit references to tile backer board and moisture resistant gypsum board and provides direct instructions to use these materials in wall assemblies based on tile presence. This is a direct material/work association to the Bid Item (Furnish & Install Tile Backer Board And Moisture Resistant Gypsum Board In Wet Areas). No inference or OCR-based reasoning is needed.,,1,549,region_000549,A-101CD,Furnish & Install Tile Backer Board And Moisture Resistant Gypsum Board In Wet Areas
SUCCESS,GENERAL_NOTE,F.O.S.,"The region contains the annotation 'F.O.S.' (FACE OF STUD) per the project legend. This is a direct label indicating the location/face of wall studs, which is a core element of wall framing layout coordination.",DIRECT,RIGHT,HIGH,"The highlighted region shows the text 'F.O.S.' which, per the legend meaning provided on the sheet (FACE OF STUD), directly identifies the wall framing element (face of studs). This is a specific annotation tied to wall framing layout coordination, not just a related topic or general note. There is no need to infer from OCR beyond the visible label; the label itself directly references the bid-item scope.",,1,550,region_000550,A-101CD,Furnish & Install Wall Framing Layout And Coordination
SUCCESS,GENERAL_NOTE,F.O.S.,NONE,NONE,WRONG,MEDIUM,"1) The highlighted region shows the text 'F.O.S.' (Face Of Stud) as a general framing annotation on the Level 01 floor plan. 2) This is a typical drafting note used in wall framing drawings, not a direct label or explicit reference to a specific bid item. It does not identify or label the work as 'Furnish & Install Wall Framing Layout And Coordination', nor does it show a detail, schedule, or explicit coordination reference tied to the bid item. 3) If evaluated independently of the bid item, the region would be interpreted as a construction note for wall framing conventions rather than as evidence of the required bid item. 4) There is no direct evidence (e.g., a wall-framing layout callout, a coordination detail, or a schedule item that explicitly corresponds to the bid item) tying this region to the Original Bid Item. 5) Relying on same-trade or proximity arguments would be indirect and not acceptable per the audit rules. Therefore, the association is not direct, and the region is incorrectly associated with the bid item.",,1,551,region_000551,A-101CD,Furnish & Install Wall Framing Layout And Coordination
SUCCESS,GENERAL_NOTE,F.O.S. (Face Of Stud),"The highlighted region contains the label 'F.O.S.' (Face Of Stud), a standard wall framing annotation used on framing/layout drawings to designate the location/orientation of studs. This is a direct, explicit reference to wall framing elements, not a generic note or coincidental text.",DIRECT,RIGHT,HIGH,"The region visibly shows a 'F.O.S.' tag (Face Of Stud) on or near wall lines, which is a direct indication of wall framing layout. This is a specific framing annotation tied to the bid item 'Furnish & Install Wall Framing Layout And Coordination' (Metal Framing). It is not merely a related trade or a general note; it directly identifies a component of the wall framing work.",,1,552,region_000552,A-101CD,Furnish & Install Wall Framing Layout And Coordination
SUCCESS,SPECIFICATION_TEXT,F.O.S. (Face Of Stud),The region contains the text 'F.O.S.' which is a standard face-of-stud tag used in wall framing layouts; this directly references the wall framing coordination/work referenced by the bid item.,DIRECT,RIGHT,HIGH,"The highlighted region visibly shows 'F.O.S.' (Face Of Stud), a direct tagging used in wall framing/layout coordination. This is a specific, explicit reference to the wall framing element rather than a generic room label, grid, or specification text. It demonstrates a direct association to the bid item (Furnish & Install Wall Framing Layout And Coordination) rather than an indirect or unrelated reference.",,2,553,region_000553,A-101CD,Furnish & Install Wall Framing Layout And Coordination
SUCCESS,PLAN_GEOMETRY,F.O.S. (Face Of Stud) label near wall framing,"Region directly labels a wall framing component (face of stud), which is a core element of Furnish & Install Wall Framing Layout",DIRECT,RIGHT,HIGH,"The highlighted region shows the annotation 'F.O.S.' which stands for Face Of Stud, a direct reference to the studs used in wall framing. This is a concrete, on-drawing indication of a framing element within the Level 01 Floor Plan (Blocks C & D). It is not merely a room label, grid, or general note; it explicitly identifies the framing component, supporting a direct association to the bid item 'Furnish & Install Wall Framing Layout And Coordination' (Metal Framing).",,1,554,region_000554,A-101CD,Furnish & Install Wall Framing Layout And Coordination
SUCCESS,GENERAL_NOTE,"Text 'F.O.S.' (Face Of Stud) visible adjacent to wall framing lines on Level 01 Floor Plan (Blocks C & D), indicating wall stud orientation/position.","The region contains the annotation 'F.O.S.' (Face Of Stud), a standard wall framing notation used in metal framing layouts. It is located directly on the plan area showing wall lines and gaps consistent with wall framing layout, not a generic grid or room label. This provides direct evidence of the wall framing element referenced by the bid item.",DIRECT,RIGHT,HIGH,The highlighted region explicitly contains a 'F.O.S.' label (Face Of Stud) placed on the wall-framing area of the Level 01 Floor Plan among the wall lines. This is a direct indicator of wall framing layout/coordination (metal framing) rather than an indirect attribute (such as a related but non-specific note or a grid/room label). No OCR-only inference used; the evidence is visible in the drawing itself.,,1,555,region_000555,A-101CD,Furnish & Install Wall Framing Layout And Coordination
SUCCESS,MATERIAL_TAG,F.O.S.,"The highlighted region shows a circle/tag with the text 'F.O.S.' (Face Of Stud) adjacent to wall-framing lines on the Level 01 Floor Plan (A-101CD). This is a direct evidence tag used in metal framing drawings to identify the framing material/feature (face of studs) and its alignment in the wall layout. The region sits within a wall-framing layout context with stud lines and dimensioning, which directly supports furnishing and installing wall framing as per the Bid Item.",DIRECT,RIGHT,HIGH,"The region contains the explicit label 'F.O.S.' (Face Of Stud), a concrete indicator used in wall framing drawings to locate and coordinate studs. The region is visually tied to the wall framing layout (stud lines/dimensions) on the same sheet (A-101CD Level 01 Blocks C & D), providing direct evidence that this region represents the wall framing work described by the bid item. OCR text is secondary and the visual evidence clearly shows the framing element rather than a general note or unrelated label.",,1,556,region_000556,A-101CD,Furnish & Install Wall Framing Layout And Coordination
SUCCESS,PLAN_GEOMETRY,F.O.S. (Face Of Stud),The region shows a 'F.O.S.' label (Face Of Stud) which is a direct indicator used in wall framing layout to specify the position/face of studs for metal framing.,DIRECT,RIGHT,HIGH,"The highlighted region contains the explicit label 'F.O.S.' referring to Face Of Stud, a direct construct used in wall framing layouts. This is a specific, visible annotation tied to the wall framing layout (metal studs), not a generic or indirect reference. It directly identifies the work element related to the Bid Item (Furnish & Install Wall Framing Layout And Coordination).",,1,557,region_000557,A-101CD,Furnish & Install Wall Framing Layout And Coordination
SUCCESS,PLAN_GEOMETRY,F.O.S.,"The region shows the annotation 'F.O.S.' (Face Of Stud) along a wall framing segment, which directly indicates wall framing layout on the floor plan and ties to the bid item for Furnish & Install Wall Framing Layout And Coordination.",DIRECT,RIGHT,HIGH,"The highlighted region visibly contains the label 'F.O.S.' (Face Of Stud) on a wall line within the Level 01 Floor Plan Blocks C & D. This is a direct, standard framing notation that identifies the wall framing geometry, not a generic note or unrelated text. It directly supports the bid item (wall framing layout/coordination) rather than requiring inference from same-trade or adjacent content.",,2,558,region_000558,A-101CD,Furnish & Install Wall Framing Layout And Coordination
SUCCESS,SPECIFICATION_TEXT,F.O.S.,"The label 'F.O.S.' (Face Of Stud) is a standard annotation used on wall framing plans to denote the face of metal studs. The project legend confirms 'FACE OF STUD' as the meaning. This directly identifies a component of wall framing and is placed on the wall-framing area of the Level 01 Floor Plan, aligning with the Bid Item 'Furnish & Install Wall Framing Layout And Coordination' (Metal Framing).",DIRECT,RIGHT,HIGH,"The highlighted region shows the text 'F.O.S.' which, per the legend, means 'FACE OF STUD'. This is a direct reference to a wall-framing element (stud placement) on the floor plan, i.e., a component of metal wall framing. It does not rely on general alignment or indirect context but directly labels a framing element relevant to the bid item.",,1,559,region_000559,A-101CD,Furnish & Install Wall Framing Layout And Coordination
SUCCESS,GENERAL_NOTE,F.O.S.,"The region shows the annotation 'F.O.S.' which stands for Face Of Stud, a standard label used in metal wall framing drawings to indicate stud alignment/position along a wall. This annotation appears on the Level 01 Floor Plan (A-101CD) in the wall framing area, directly tying to the wall framing layout and coordination work described by the bid item.",DIRECT,RIGHT,HIGH,"F.O.S. is a direct wall framing annotation (Face Of Stud) and is placed on the plan where wall framing/layout is defined, providing explicit evidence for the bid item 'Furnish & Install Wall Framing Layout And Coordination' under Metal Framing. It is not merely a general note or an indirect context.",,1,560,region_000560,A-101CD,Furnish & Install Wall Framing Layout And Coordination
SUCCESS,PLAN_GEOMETRY,F.O.S. (Face of Stud) label near a wall segment,"The highlighted region contains a 'F.O.S.' annotation, which is a standard Face Of Stud label used on wall framing drawings to indicate the position/orientation of studs in metal framing. This is a direct element of wall framing layout notation and aligns with the bid item 'Furnish & Install Wall Framing Layout And Coordination' (Metal Framing).",DIRECT,RIGHT,HIGH,"1) The region shows a wall segment with the text 'F.O.S.' (Face Of Stud), a common wall framing annotation used to denote framing geometry. 2) This annotation directly relates to wall framing layout/coordination, not just a general related note. 3) Without knowing the bid item, the region would still be identified as a wall-framing annotation, so the evidence is specific and non-ambiguous. 4) The direct link to the bid item is provided by the explicit wall framing notation (F.O.S.), not by indirect cues such as same sheet or same trade. 5) No assumption is needed; evidence is visual and explicit. 6) OCR is not the deciding factor; the image content provides the direct clue. 7) No contradictory evidence or assumptions are required to reach this conclusion.",,1,561,region_000561,A-101CD,Furnish & Install Wall Framing Layout And Coordination
SUCCESS,GENERAL_NOTE,F.O.S.,"The highlighted region contains the tag “F.O.S.” (Face Of Stud). The project legend (G-002.3) explicitly defines F.O.S. as Face Of Stud, which is a direct identifier used in wall framing/layout notation. The region is located on a Level 01 Floor Plan (Blocks C & D) where wall framing coordination notes would appear, tying directly to the Bid Item “Furnish & Install Wall Framing Layout And Coordination.”",DIRECT,RIGHT,HIGH,"The region visually shows the exact F.O.S. tag. The legend confirms F.O.S. means Face Of Stud, a specific wall framing reference, which directly supports the bid item’s scope of wall framing layout and coordination. No reliance on indirect reasoning or OCR alone.",,1,562,region_000562,A-101CD,Furnish & Install Wall Framing Layout And Coordination
SUCCESS,GRID_REFERENCE,"Circular grid reference bubble labeled 'E5' along the plan boundary (grid E, line 5).","No direct evidence of bid item; region shows a grid/reference marker, not a finish, material, or detail identifying the wall framing work.",NONE,WRONG,HIGH,"The highlighted region is a grid reference bubble (E5) used for locating plan geometry. It does not identify, locate, or explicitly reference the bid item 'Furnish & Install Wall Framing Layout And Coordination' (Metal Framing). There is no direct drawing evidence tying this region to the bid item; relying on grid markers is indirect at best and not a direct association.",,2,563,region_000563,A-101CD,Furnish & Install Wall Framing Layout And Coordination
SUCCESS,DETAIL,"Diamond callouts with text: ""D2 – A-30"" and ""A2 – A-210"" (detail references)","No direct evidence visible linking this region to ""Furnish & Install Wall Framing Layout And Coordination"" (metal framing). The region only shows cross-reference callouts to other details, not wall framing layout or metal framing indications.",NONE,WRONG,HIGH,"1) The region contains diamond-shaped callout symbols with cross-reference text (D2 A-30 and A2 A-210), which are detail references rather than any material, finish, or framing indication. 2) There is no visible indication of wall framing layout, metal studs, or any direct reference to the bid item (Furnish & Install Wall Framing Layout And Coordination). 3) The cross-references point to other sheets/details, which is indirect at best and does not establish a direct association with the bid item. 4) OCR evidence is not used as primary evidence; the image itself shows no direct evidence of wall framing. 5) Therefore the region does not directly identify, locate, or reference the original bid item.",,2,564,region_000564,A-101CD,Furnish & Install Wall Framing Layout And Coordination
SUCCESS,PLAN_GEOMETRY,"Wall segment with stud layout and 'F.O.S.' (face of stud) notation, plus detail callouts (e.g., D2 / A-30) on Level 01 Floor Plan Blocks C & D. The region shows the physical wall framing geometry and the face-of-stud reference within the plan.","The region visually depicts the wall framing arrangement (stud layout) with face-of-stud notation, which directly corresponds to furnishing and installing wall framing layout and coordination for metal framing.",DIRECT,RIGHT,HIGH,"The region contains a wall-framing geometry, explicitly using the 'F.O.S.' (face of stud) notation, and is part of the Level 01 Floor Plan (A-101CD) showing wall lines and stud placement. This provides direct drawing evidence of the wall framing layout work, not just a related or adjacent item. There is no need to infer from room labels or general finishes; the evidence is the actual plan geometry and the face-of-stud annotation linked to wall framing. OCR hints are secondary to the visual content.",,1,565,region_000565,A-101CD,Furnish & Install Wall Framing Layout And Coordination
SUCCESS,MATERIAL_TAG,F.O.S.,"The region shows the label 'F.O.S.' (Face Of Stud) adjacent to a wall framing line, a standard marking used in metal stud/wall framing drawings to locate the framing boundary. This directly indicates the wall framing layout/coordination element and is not a generic room label or grid reference.",DIRECT,RIGHT,HIGH,"The highlighted region contains the text 'F.O.S.' (Face Of Stud), which is a material-tag style annotation used to define the framing boundary for studs in a wall. This provides a direct indication of wall framing work (furnish & install wall framing layout and coordination) rather than any finish, room label, or schedule. The evidence is visually explicit and not inferred from OCR or adjacent notes.",,1,566,region_000566,A-101CD,Furnish & Install Wall Framing Layout And Coordination
SUCCESS,OTHER,F.O.S. (Face Of Stud) annotation near a wall on the Level 01 Floor Plan (Blocks C & D).,"Region shows the label 'F.O.S.' which stands for Face Of Stud, a direct framing annotation used to locate the studs in a metal wall framing layout; this directly corresponds to wall framing layout work.",DIRECT,RIGHT,HIGH,"The highlighted region contains a specific, conventional framing annotation (F.O.S. = Face Of Stud) adjacent to a wall line. This is a direct reference to the wall framing layout element of the bid item (Furnish & Install Wall Framing Layout And Coordination, Metal Framing). It is not merely related by proximity or topic; the label itself identifies the exact framing component (face of stud) relevant to the bid item, without relying on OCR interpretation or indirect reasoning.",,1,567,region_000567,A-101CD,Furnish & Install Wall Framing Layout And Coordination
SUCCESS,PLAN_GEOMETRY,F.O.S. (Face Of Stud) label with framing geometry and dimension lines visible on the wall framing plan segment.,"The region shows wall framing layout with face-of-stud indication (F.O.S.) and associated framing lines, which directly represents the wall framing work typical of metal framing coordination.",DIRECT,RIGHT,HIGH,"Visually, the region contains a portion of the Level 01 floor plan that shows wall framing layout elements and the label F.O.S. (Face Of Stud), which is a direct indicator used in framing layouts. This is a concrete drawing element that directly identifies the component/work (wall framing layout/coordination for metal framing) rather than a mere related note or OCR term. No assumption based on OCR alone; the evidence is the actual plan geometry and the F.O.S. tag within the region.",,1,568,region_000568,A-101CD,Furnish & Install Wall Framing Layout And Coordination
SUCCESS,GRID_REFERENCE,"Grid callouts E4 and E5 (grid bubbles) with plan geometry and a dimension line (11' 0"")","No direct bid item evidence visible. The region shows grid references and general plan geometry, not explicit wall framing layout, metal framing, studs, or a labeled “wall framing layout” detail.",NONE,WRONG,HIGH,"The highlighted region contains grid reference bubbles (E4, E5) and plan geometry, which are used to locate elements on the floor plan. There is no explicit indication of wall framing, metal framing, or a wall framing layout detail. The Special Rules specify that a grid reference or plan geometry alone does not prove association to the Bid Item for Furnish & Install Wall Framing Layout and Coordination. Therefore, there is no direct evidence tying this region to the original bid item; the association is not direct (classified as NONE).",,1,569,region_000569,A-101CD,Furnish & Install Wall Framing Layout And Coordination
SUCCESS,SPECIFICATION_TEXT,"D. PROVIDE BACKING / SUPPORT FOR ALL MOUNTED FIXTURES, EQUIPMENT, CASEWORK, AND/OR SYSTEMS FURNITURE. COORDINATE WITH FLOOR PLANS, AND INTERIOR ELEVATIONS PRIOR TO THE COVERING OF STUD FRAMING. REFER TO MANUFACTURER'S RECOMMENDATIONS WHERE APPLICABLE, OTHERWISE REFER TO DETAILS ON A700s SHEET SERIES.","No explicit reference to the bid item ""Furnish & Install Wood Blocking and Backing"" or to a specific wood blocking/backing work item. The text is a general backing specification and does not directly name wood blocking, installation, or a detail/schedule tied to the bid item.",INDIRECT,WRONG,HIGH,"The region contains a general specification note about providing backing for mounted fixtures, not an explicit, direct identification of the bid item (wood blocking and backing) nor a label/schedule/detail that matches the bid item. This constitutes indirect relevance at best and does not provide a direct association to the original bid item.",,1,570,region_000570,A-101CD,Furnish & Install Wood Blocking and Backing
SUCCESS,GENERAL_NOTE,"H. WHERE PROVIDED, DOOR AND WINDOW DIMENSIONS ARE TO EDGE OF OPENING. OPENING DIMENSIONS ARE NOMINAL. CONTRACTOR SHALL COORDINATE DIMENSIONS OF ALL ROUGH OPENINGS AND ACTUAL FRAME SIZES.","The region text explicitly instructs to coordinate dimensions of all rough openings and actual frame sizes, which directly matches the bid item scope.",DIRECT,RIGHT,HIGH,"The highlighted region contains a general note that directly commands coordinating the rough opening dimensions with the actual frame sizes, which is the exact scope of the original bid item. This is explicit, visible text on the drawing (not inferred from OCR or surrounding context).",,1,571,region_000571,A-101CD,Furnish & Install Coordination Of Rough Opening Dimensions With Actual Frame Sizes
SUCCESS,GENERAL_NOTE,General notes about door locations and hinge-side rough openings; references to door schedule and ADA clearances.,"No explicit reference to the Bid Item 'Furnish & Install Layout For Undimensioned Door Rough Openings'; text discusses door rough openings and door schedule in general notes, not a specific layout/install action.",NONE,WRONG,HIGH,"The highlighted region contains general notes (H/I) about door locations and rough openings, mentioning 'door rough openings' and a 'door schedule' but it does not explicitly identify, locate, or reference the Bid Item 'Furnish & Install Layout For Undimensioned Door Rough Openings'. There is no direct element in the region that represents the layout task or undimensioned rough openings as required by the bid item. OCR confirms wording about door locations and ADA clearances, but this is not a direct, explicit reference to the specific bid item. Therefore, the region has no direct association to the Bid Item and is classified WRONG; at best it is an indirect contextual note.",,1,572,region_000572,A-101CD,Furnish & Install Layout For Undimensioned Door Rough Openings
SUCCESS,EQUIPMENT_TAG,WD42A,The region shows a door tag WD42A directly adjacent to a doorway symbol; WD prefix commonly denotes Wood Door; this directly identifies a wood door element that should be furnished/installed per the Wood Doors bid item.,DIRECT,RIGHT,HIGH,"The highlighted region contains the exact door tag WD42A visible on the door opening in the Level 01 floor plan. This tag is a direct identifier for a wood door element and aligns with the Bid Item 'Furnish & Install Wood Doors' (Wood Doors). It is not a room name, grid, or generic note, but a specific door tag.",,1,573,region_000573,A-101CD,Furnish & Install Wood Doors Per Schedule And Drawings
SUCCESS,EQUIPMENT_TAG,WD42A,Door type tag WD42A directly identifies a wood door element and links to the Wood Doors schedule; the tag on the door symbol provides explicit reference to the bid item Furnish & Install Wood Doors.,DIRECT,RIGHT,HIGH,"The highlighted region displays the door tag WD42A adjacent to a door symbol, which is a direct identifier used to specify a wood door type in the Wood Doors schedule. This provides explicit drawing evidence for the bid item without needing analogy or inference.",,1,574,region_000574,A-101CD,Furnish & Install Wood Doors Per Schedule And Drawings
SUCCESS,EQUIPMENT_TAG,WD42A,"The highlighted region shows a door tag with the label WD42A drawn on a door symbol. WD-prefixed tags are standard Wood Door identifiers, used in the door schedule to define which wood door is to be furnished and installed.",DIRECT,RIGHT,HIGH,"WD42A is a door equipment tag visible on the door in the highlighted region. This tag directly references a specific wood door type in the project’s Wood Doors schedule. Since the bid item is to furnish & install Wood Doors per schedule and drawings, the WD42A tag provides direct evidence tying this exact region to the bid item. No inference beyond the visible tag is required.",,1,575,region_000575,A-101CD,Furnish & Install Wood Doors Per Schedule And Drawings
SUCCESS,ROOM_LABEL,LIVING A,No direct signage element visible; region shows a room label on the floor plan rather than a signage component,NONE,WRONG,HIGH,"The highlighted region shows the room label 'LIVING A' on the Level 01 floor plan. This is a ROOM_LABEL (space identifier) and does not depict any Room, Area, or Unit Identification Signage, sign panel, or explicit signage detail. The Special Rule for ROOM_LABEL states that a room name alone does not establish the bid item (Furnish & Install — Room, Area, and Unit Identification Signage); there is no direct evidence of signage work. Therefore, there is no direct association to the bid item, only an indirect contextual relationship at best, which is not sufficient for a RIGHT decision.",,1,576,region_000576,A-101CD,"Furnish & Install — Room, Area, and Unit Identification Signage"
SUCCESS,ROOM_LABEL,KITCHEN B,"Region contains a sign-like tag reading 'KITCHEN B' which directly identifies the room/Unit as signage content, matching the Interior Signage bid item for room/unit identification.",DIRECT,RIGHT,HIGH,"The highlighted region visibly shows a dedicated identification sign for a room/unit (Kitchen B). It is not merely a generic room label; the 'KITCHEN B' text on a sign element directly corresponds to the bid item: Furnish & Install — Room, Area, and Unit Identification Signage. Evidence is visual in the plan, not inferred from OCR alone.",,2,577,region_000577,A-101CD,"Furnish & Install — Room, Area, and Unit Identification Signage"
SUCCESS,ROOM_LABEL,MECH (Mechanical room label) with an 'M' tag near the door,"The region shows a room label on the plan (MECH) rather than a dedicated interior signage element for room/area/unit identification. There is no signifying plaque, wall sign, or schedule entry explicitly identifying signage to be furnished and installed.",NONE,WRONG,HIGH,"The highlighted region visibly contains a mechanical room label ('MECH') on the floor plan, which is a space label, not a signage item. The bid item is Furnish & Install — Room, Area, and Unit Identification Signage (interior signage). There is no direct evidence of a signage element in this region; it is an ordinary room label, not a sign to be furnished/installed. Therefore, no direct association to the bid item. If uncertain, verify any explicit sign symbols or schedules in other views, but based on the given region alone, the association is WRONG.",,1,578,region_000578,A-101CD,"Furnish & Install — Room, Area, and Unit Identification Signage"
SUCCESS,ROOM_LABEL,HALL H,"Region contains the room/area identification label 'HALL H' visible on the plan, which directly corresponds to interior signage identifying a space.",DIRECT,RIGHT,HIGH,"The highlighted region shows the explicit room/area identifier 'HALL H' as a labeled tag on the Level 01 floor plan. This directly evidences signage content intended to identify that space, aligning with the Bid Item 'Furnish & Install — Room, Area, and Unit Identification Signage'. It is not merely a generic room name in text; it is the identification sign text itself appearing on the drawing.",,1,579,region_000579,A-101CD,"Furnish & Install — Room, Area, and Unit Identification Signage"
SUCCESS,ROOM_LABEL,CLOSET C,"No direct signage element observed; region contains only a room label on the floor plan with no sign icon, finish indicator, schedule entry, or other signage explicit to Furnish & Install — Room, Area, and Unit Identification Signage.",NONE,WRONG,HIGH,"The highlighted region shows the plan’s room label 'CLOSET C' as a label within the floor plan. There is no visible sign element, symbol, or explicit indication of interior signage to identify rooms (e.g., signage panels, callouts, or a signed schedule) that would directly correspond to the bid item. According to the rules, a room label alone is not direct evidence of the required signage work, so there is NO direct association to the bid item.",,1,580,region_000580,A-101CD,"Furnish & Install — Room, Area, and Unit Identification Signage"
SUCCESS,ROOM_LABEL,BATH D,"The region shows a room identification sign label reading 'BATH D' in a sign-like tag on the floor plan, directly identifying the room. This matches the scope of Furnish & Install — Room, Area, and Unit Identification Signage for interior spaces.",DIRECT,RIGHT,HIGH,"1) The highlighted region contains the room identifier 'BATH D' presented as a label/sign tag on the plan. 2) This content directly identifies the space (bathroom D), i.e., a room identification signage element rather than generic text. 3) It aligns with the bid item scope (signage identifying rooms) and is not merely an indirect association (same trade, same sheet, or general note). 4) No assumption needed; the evidence is explicit in the drawing itself.",,1,581,region_000581,A-101CD,"Furnish & Install — Room, Area, and Unit Identification Signage"
SUCCESS,ROOM_LABEL,Laundry room identification sign plaque (text: LAUNDRY),"The highlighted region is a labeled sign plaque reading 'LAUNDRY', which directly identifies the room. This is a concrete example of interior signage used for room identification, matching the bid item: Furnish & Install — Room, Area, and Unit Identification Signage.",DIRECT,RIGHT,HIGH,"The region visibly contains a room-name sign plaque that explicitly identifies the Laundry room. This is not a generic label or OCR text; it is the actual room-identification signage element shown on the drawing, directly supporting the bid item scope.",,1,582,region_000582,A-101CD,"Furnish & Install — Room, Area, and Unit Identification Signage"
SUCCESS,ROOM_LABEL,PRIMARY BEDROOM (text) with a small rounded rectangle containing the letter 'F',"No explicit interior signage content is visible (no 'Room Identification Signage' text, symbol, or sign graphic tied to the bid item). The region shows a standard room label from the floor plan rather than a furnished/installed sign.",INDIRECT,WRONG,HIGH,"The region contains a room name label ('PRIMARY BEDROOM'), which is part of the architectural plan labeling rather than a direct sign to be furnished and installed. There is no direct element indicating room identification signage content or placement, so it does not directly satisfy the bid item. Only an indirect association (same room label) exists.",,1,583,region_000583,A-101CD,"Furnish & Install — Room, Area, and Unit Identification Signage"
SUCCESS,ROOM_LABEL,BEDROOM G,No direct signage element is shown; the region only displays the room name label 'BEDROOM G' inside the space.,NONE,WRONG,HIGH,"The highlighted region contains a plain room name label (BEDROOM G) and does not depict or explicitly reference the interior signage work described by the Bid Item (Furnish & Install — Room, Area, and Unit Identification Signage). Per the ROOM_LABEL special rule, a room name alone does not prove signage work; there is no direct evidence linking this region to the bid item.",,2,584,region_000584,A-101CD,"Furnish & Install — Room, Area, and Unit Identification Signage"
SUCCESS,ROOM_LABEL,LIVING A,"No sign-identification element visible; content is a room name label (LIVING A) on the plan, not an actual interior signage component or explicit sign schedule/details.",NONE,WRONG,HIGH,"The highlighted region shows the room label 'LIVING A' as a plan annotation, not furnished/installed interior signage. There is no direct element (signage graphic, callout, sign schedule, or explicit reference) that ties this region to the Bid Item 'Furnish & Install — Room, Area, and Unit Identification Signage'. OCR matches the room label, but OCR alone is not evidence of signage work; the region must directly identify the signage to be considered RIGHT.",,1,585,region_000585,A-101CD,"Furnish & Install — Room, Area, and Unit Identification Signage"
SUCCESS,ROOM_LABEL,KITCHEN B,"Room label tag 'KITCHEN B' visible on the floor plan; there is no explicit signage element or callout for room identification signage (no sign symbol, schedule entry, or separate sign material shown) that directly corresponds to the bid item.",NONE,WRONG,HIGH,"The highlighted region shows a room name tag ('KITCHEN B') as part of the floor plan. The bid item is for Furnish & Install — Room, Area, and Unit Identification Signage, which requires a direct signage element identifying the space. A room label alone is not evidence of the signage work; per the special ROOM_LABEL rule, this does not directly establish the bid item. There is no direct sign evidence linking this region to the bid item.",,1,586,region_000586,A-101CD,"Furnish & Install — Room, Area, and Unit Identification Signage"
SUCCESS,ROOM_LABEL,MeCH room label with an 'M' tag near a door (mechanical room).,NONE,INDIRECT,WRONG,MEDIUM,"The region shows a room label ('MECH') and a small 'M' tag, which identifies the room function on the plan. It does not present a standalone interior signage element (e.g., a sign plate with room/area name to be furnished and installed). The bid item requires Furnish & Install — Room, Area, and Unit Identification Signage, which would be explicit wall/door signage. Therefore the region does not provide direct evidence of the signage work; the association is indirect at best and not a direct match to the bid item.",,1,587,region_000587,A-101CD,"Furnish & Install — Room, Area, and Unit Identification Signage"
SUCCESS,ROOM_LABEL,HALL H,"The region contains only the room label 'HALL H' as shown on the Level 01 floor plan. There is no signage graphic, symbol, finish indication, or detail that directly identifies interior signage work. It is merely a space label on the plan.",NONE,WRONG,HIGH,"This is a room label on the floor plan. Per the Special Rule for ROOM_LABEL, a label alone does not establish the Furnish & Install — Room, Area, and Unit Identification Signage bid item. There is no direct evidence of signage work in this region; OCR and label content do not create a direct association to the bid item.",,1,588,region_000588,A-101CD,"Furnish & Install — Room, Area, and Unit Identification Signage"
SUCCESS,ROOM_LABEL,CLOSET C,"The region shows only a room label (CLOSET C) on the floor plan with no sign symbol, wall plaque, callout, schedule entry, or other explicit signage element that would constitute the Furnish & Install — Room, Area, and Unit Identification Signage requirement.",INDIRECT,WRONG,HIGH,"What is visible: the region contains the text 'CLOSET C', a room-label on the architectural plan. It does not display or reference the actual interior signage to be furnished/installed (no signage symbol, text plaque, or schedule entry tied to the bid item). According to the rules, a room label alone is not direct evidence of the bid item and is considered an indirect association (same room) at best. Therefore, the region does not directly represent the original bid item and is classified WRONG.",,1,589,region_000589,A-101CD,"Furnish & Install — Room, Area, and Unit Identification Signage"
SUCCESS,ROOM_LABEL,BATH D,"The region shows a room label 'BATH D' on the floor plan with no depiction of an interior signage element (no wall plaque, sign graphic, or finish/installation reference). It is simply a plan label, not a sign item.",NONE,WRONG,HIGH,"The highlighted region contains only a room label 'BATH D' as part of the floor plan. Per the ROOM_LABEL rule, a room name alone does not directly establish Furnish & Install — Room, Area, and Unit Identification Signage. There is no direct evidence of a signage item (identification sign) in this region; thus there is no direct association with the bid item.",,1,590,region_000590,A-101CD,"Furnish & Install — Room, Area, and Unit Identification Signage"
SUCCESS,ROOM_LABEL,LAUNDRY E,"The region shows a room-identification sign plaque containing the word 'LAUNDRY' with an 'E' unit tag, located adjacent to the door on the Level 01 Floor Plan (Blocks C & D).",DIRECT,RIGHT,HIGH,"The highlighted region directly presents a room/area/unit identification sign: 'LAUNDRY' with a unit identifier 'E'. This is a signage element (not merely a room label) that explicitly identifies the room and unit, matching the Bid Item scope (Furnish & Install — Room, Area, and Unit Identification Signage). No inference from OCR or indirect reasoning is required.",,1,591,region_000591,A-101CD,"Furnish & Install — Room, Area, and Unit Identification Signage"
SUCCESS,ROOM_LABEL,PRIMARY BEDROOM F,,NONE,WRONG,HIGH,"The highlighted region shows the room label 'PRIMARY BEDROOM' with a small rounded tag 'F', which is a room-label element on the floor plan. It does not depict a dedicated interior signage element (e.g., a physical sign fixture or finish/work item) that directly identifies or references the bid item 'Furnish & Install — Room, Area, and Unit Identification Signage'. Per the ROOM LABEL special rule, a room name alone does not establish the bid item. Therefore there is no direct association to the bid item.",,1,592,region_000592,A-101CD,"Furnish & Install — Room, Area, and Unit Identification Signage"
SUCCESS,ROOM_LABEL,BEDROOM G,"No direct signage element is shown. This region only displays a room name label within the floor plan (BEDROOM G); there is no sign graphic, symbol, schedule, or detail entry that explicitly corresponds to furnishing and installing interior room/area signage.",NONE,WRONG,HIGH,"The highlighted region contains the room label 'BEDROOM G' inside the room boundary. This is a room identification label on the plan, not a dedicated interior signage element. The Original Bid Item is 'Furnish & Install — Room, Area, and Unit Identification Signage' (Interior Signage). For a DIRECT association, the region would need to visibly identify a signage device or a schedule/detail explicitly tied to the signage item. There is no such evidence in the region; it is an ordinary room label rather than the actual signage artifact. Therefore, the association is not direct (NONE), and the audit result is WRONG.",,1,593,region_000593,A-101CD,"Furnish & Install — Room, Area, and Unit Identification Signage"
SUCCESS,ROOM_LABEL,LIVING A,"No direct evidential content linking to the Furnish & Install — Room, Area, and Unit Identification Signage bid item; the region shows a room label bubble rather than a wall sign specimen.",NONE,WRONG,HIGH,"The highlighted region visibly contains a room label 'LIVING A' in a small rounded label. This is a room name tag, not a signage element for installation. The bid item requires room/area identification signage (a physical sign), whereas this region provides only the room name label as depicted in the plan. According to the ROOM_LABEL special rule, a room name alone does not establish the bid item and does not provide direct evidence of the required signage work. Therefore there is no direct association to the bid item, and the correct decision is WRONG with HIGH confidence.",,1,594,region_000594,A-101CD,"Furnish & Install — Room, Area, and Unit Identification Signage"
SUCCESS,ROOM_LABEL,KITCHEN B,"The region shows a room label 'KITCHEN B' (likely an annotation tag on the plan). There is no visible sign fixture, symbol, schedule entry, or detail reference that directly denotes interior signage to be furnished and installed. The content is a room label, not a signage element.",NONE,WRONG,HIGH," ROOM LABELS alone do not establish the required signage bid item per the special rules. There is no direct evidence of interior identification signage being furnished or installed for this region; OCR content of 'KITCHEN B' reflects a plan annotation, not a signed identification element.",,1,595,region_000595,A-101CD,"Furnish & Install — Room, Area, and Unit Identification Signage"
SUCCESS,ROOM_LABEL,MECH M,Signage plate identifying a room: MECH M (Mech room) on the wall adjacent to the door.,DIRECT,RIGHT,HIGH,"The highlighted region visibly shows a room identification sign/tag reading 'MECH M', which directly identifies a space (mechanical room) on the plan. This is a room/area identification label, matching the Bid Item: Furnish & Install — Room, Area, and Unit Identification Signage. It is not generic text or an OCR artifact, but a clear room label sign on the drawing.",,1,596,region_000596,A-101CD,"Furnish & Install — Room, Area, and Unit Identification Signage"
SUCCESS,ROOM_LABEL,HALL J,"The region shows only the plan label 'HALL J' with no physical sign, symbol, or schedule indicating furnishing/installation of interior room/area signage.",NONE,WRONG,HIGH,"The highlighted region contains only a room label (HALL J) within the floor plan, not a sign panel or signage element. Per the Special Rule for ROOM LABEL, a room name alone does not establish the bid item (Furnish & Install — Room, Area, and Unit Identification Signage). There is no explicit signage reference, schedule, or sign graphic directly tied to the bid item in this region. Therefore, there is no direct evidence linking this region to the required interior signage bid item; it is not a direct association.",,1,597,region_000597,A-101CD,"Furnish & Install — Room, Area, and Unit Identification Signage"
SUCCESS,ROOM_LABEL,BATH D,"The region shows a room name tag 'BATH D' within the floor plan. This is a room-label/identification tag on the drawing, not a distinct interior signage element (no sign graphics, callouts, or material/finish references for a sign to be furnished and installed).",INDIRECT,WRONG,HIGH,"A room label alone does not constitute direct evidence of Furnish & Install — Room, Area, and Unit Identification Signage. The region appears to be a plan annotation (room identification) rather than a sign fixture or explicit signage item. Therefore there is no direct evidence linking this region to the bid item; the association is indirect at best.",,1,598,region_000598,A-101CD,"Furnish & Install — Room, Area, and Unit Identification Signage"
SUCCESS,ROOM_LABEL,LAUNDRY E,"The region shows a pill-shaped room-identification sign tag reading 'LAUNDRY E', which matches the standard room/area signage presentation used throughout the sheet (e.g., BEDROOM H, LIVING A). This is a direct identification sign, not merely a room name or a general note.",DIRECT,RIGHT,HIGH,"The highlighted region contains an explicit room identification sign 'LAUNDRY E' that directly identifies the Laundry room with a unit/zone marker. This is a direct evidence of the bid item 'Furnish & Install — Room, Area, and Unit Identification Signage', not an indirect or inferred association. The sign style mirrors other identified signage on the same sheet, supporting a direct association.",,1,599,region_000599,A-101CD,"Furnish & Install — Room, Area, and Unit Identification Signage"
SUCCESS,ROOM_LABEL,"Text: ""PRIMARY BEDROOM"" with a rounded rectangular tag containing the letter ""F"" beneath it (appears as a room identification sign symbol on the plan).","The region shows a room name (PRIMARY BEDROOM) plus a sign-like tag (F) directly associated with identifying the interior space. This is consistent with Room Identification Signage, the bid item: Furnish & Install — Room, Area, and Unit Identification Signage.",DIRECT,RIGHT,HIGH,"1) The highlighted region visibly contains the room name (PRIMARY BEDROOM) and a sign-like tag (F) in a rounded-rectangle symbol, which is how interior room identification signage is depicted on plans. 2) This is not merely a generic room label; the sign element (the labeled tag) explicitly represents a signage piece intended to identify the room. 3) Therefore the region directly evidences the bid item (Room Identification Signage), not just related or ancillary work. 4) No assumption beyond the visible sign element is needed; the evidence is explicit on the drawing.",,1,600,region_000600,A-101CD,"Furnish & Install — Room, Area, and Unit Identification Signage"
SUCCESS,ROOM_LABEL,BEDROOM G,"No direct signage element is visible. The region shows a room label (BEDROOM G) on the floor plan, not a room identification sign or a callout indicating signage fabrication/installation.",NONE,WRONG,HIGH,"The highlighted region contains only the room label 'BEDROOM G' within the bedroom area. This is a room name label on the drawing, not a physical or explicit signage reference. Per the SPECIAL RULE for ROOM LABELs, a room name alone does not establish the bid item for interior signage. There is no direct indication of signage work (e.g., a sign symbol, callout, or labeling indicating 'Room Identification Signage'). Therefore there is no DIRECT evidence linking this region to the Bid Item, making the association WRONG.",,1,601,region_000601,A-101CD,"Furnish & Install — Room, Area, and Unit Identification Signage"
SUCCESS,ROOM_LABEL,BEDROOM H,"The region shows the room label 'BEDROOM H' within the floor plan. There is no visible signage element (no room/area/unit identification sign or schedule entry) that directly corresponds to the bid item 'Furnish & Install — Room, Area, and Unit Identification Signage'. The label appears to be a planning room name rather than a designated sign to be furnished and installed.",NONE,WRONG,HIGH,A room name label alone does not establish the required signage for the bid item. There is no direct signage element or explicit reference to the interior room identification signage in this region; it is simply a room name label on the plan.,,1,602,region_000602,A-101CD,"Furnish & Install — Room, Area, and Unit Identification Signage"
SUCCESS,ROOM_LABEL,LIVING,"No direct signage element is visible; the region shows a room label ('LIVING') on the floor plan, not a physical room/area identification sign or a signage callout.",NONE,WRONG,HIGH,"The highlighted region contains the room label 'LIVING' as a plan label, not a sign fixture or explicit signage reference. According to the ROOM_LABEL rule, a room name alone does not establish the bid item 'Furnish & Install — Room, Area, and Unit Identification Signage.' Therefore there is no direct evidence linking this region to the bid item.",,1,603,region_000603,A-101CD,"Furnish & Install — Room, Area, and Unit Identification Signage"
SUCCESS,ROOM_LABEL,KITCHEN B,"No direct signage element is visible; region shows a room name tag on the floor plan, not a wall identification sign or a schedule/detail referencing Room Identification Signage.",NONE,WRONG,HIGH,"The highlighted region contains a room label (KITCHEN B) rendered as a standard floor plan tag, not a signage element. According to the Special Rule for ROOM LABELS, a room name alone does not establish the bid item (Furnish & Install — Room, Area, and Unit Identification Signage). There is no explicit evidence of signage to be furnished/installed (no sign symbol, callout, or signage schedule) directly associated with this region. Therefore, it does not provide DIRECT evidence linking to the bid item; at best it offers an INDIRECT or no association, which is not acceptable per the REQUIRED DIRECT association rule.",,1,604,region_000604,A-101CD,"Furnish & Install — Room, Area, and Unit Identification Signage"
SUCCESS,ROOM_LABEL,MECH,"The region shows a room label 'MECH' on the plan, not a physical signage element or signage schedule. It appears to be the architectural room labeling used in the drawing, not an installed interior sign for room/area/unit identification.",NONE,WRONG,HIGH,"The region contains the text 'MECH' within a room-label style tag. This is a plan-level room designation, not a Furnish & Install — Room, Area, and Unit Identification Signage element. Room labels alone do not establish the bid item for interior signage. To directly prove the bid item, evidence would need to show an actual signage element, sign schedule, or a dedicated interior signage detail indicating room/area/unit identifiers. OCR text alone is insufficient; the visual evidence shows a plan annotation, not a signage installation.",,1,605,region_000605,A-101CD,"Furnish & Install — Room, Area, and Unit Identification Signage"
SUCCESS,ROOM_LABEL,HALL,"Region shows a plain room label 'HALL' on the floor plan with no dedicated signage symbol, callout, or schedule entry visible that explicitly references interior signage (furnish & install room/area signage). It appears as a plan label for the corridor rather than an actual sign graphic or sign schedule item.",NONE,WRONG,HIGH,"The highlighted region is a room label (HALL) on the plan. It does not itself depict a sign panel, signage graphic, or sign schedule that directly identifies the bid item (Furnish & Install — Room, Area, and Unit Identification Signage). Room labels alone are not sufficient for direct association per the Special Rules. There is no explicit evidence of a hall-specific sign element tied to the bid item in the region.",,1,606,region_000606,A-101CD,"Furnish & Install — Room, Area, and Unit Identification Signage"
SUCCESS,ROOM_LABEL,CLOSET,"Region shows the text 'CLOSET' as a room label; no sign plaque, symbol, or leader indicating a furniture/signage element is present.",NONE,WRONG,HIGH,"The highlighted area only contains a room name label ('CLOSET') on the plan. The required bid item is 'Furnish & Install — Room, Area, and Unit Identification Signage' (interior signage). There is no direct signage element shown to identify or reference the closet as a sign in this region; a room label alone does not constitute the required sign work per the special rule for room labels.",,1,607,region_000607,A-101CD,"Furnish & Install — Room, Area, and Unit Identification Signage"
SUCCESS,ROOM_LABEL,BATH,"The region shows only the room name 'BATH' with no signage graphic, symbol, or callout that identifies or locates the interior signage item required by the Bid Item. There is no sign element or tag present; thus no direct reference to 'Furnish & Install — Room, Area, and Unit Identification Signage'.",NONE,WRONG,HIGH,"1) The highlighted region contains the text 'BATH' which is a room label in the plan. 2) It does not depict a sign, labeling plaque, or any element that directly identifies the sign to be furnished and installed under the bid item. 3) A room name alone is not sufficient to establish signage; per the special rules, this region does not directly reference the bid item.",,1,608,region_000608,A-101CD,"Furnish & Install — Room, Area, and Unit Identification Signage"
SUCCESS,ROOM_LABEL,LAUNDRY with signage tag E (on sign plaque),"The region shows the room name 'LAUNDRY' and a sign plaque with the identifier 'E', which corresponds to a room/area identification signage element on the interior signage scope.",DIRECT,RIGHT,HIGH,"The highlighted region contains the room name 'LAUNDRY' and a small rounded-sign plaque with the identifier 'E' embedded in the same region. This is not merely a generic room label; the sign plaque indicates a dedicated room identification sign element (sign E) for the Laundry room. This directly matches the bid item scope (Furnish & Install — Room, Area, and Unit Identification Signage, Interior Signage) because it explicitly references a signage item tied to a specific room. No inference from same-trade or general room labeling is required; the evidence is the actual signage representation shown on the sheet.",,1,609,region_000609,A-101CD,"Furnish & Install — Room, Area, and Unit Identification Signage"
SUCCESS,ROOM_LABEL,PRIMARY BEDROOM with a small rounded rectangle containing the letter F,"The region shows only a room name label ('PRIMARY BEDROOM') and a room tag (the small rounded rectangle with 'F'). There is no explicit room/area identification signage graphic, symbol, schedule entry, or text that says or clearly designates 'Furnish & Install — Room, Area, and Unit Identification Signage' or any signage element directly referencing the bid item.",NONE,WRONG,HIGH,"Special Rule — ROOM LABEL applies: a room name alone does not establish the bid item. The region visually presents a room label ('PRIMARY BEDROOM') and an accompanying room tag, not an actual identification signage element. There is no direct evidence of signage content or a schedule/detail entry that explicitly corresponds to 'Furnish & Install — Room, Area, and Unit Identification Signage'. Therefore, the region does not directly identify or locate the bid item.",,1,610,region_000610,A-101CD,"Furnish & Install — Room, Area, and Unit Identification Signage"
SUCCESS,ROOM_LABEL,Bedroom room label with a room-identification sign tag (oval with letter G) adjacent to the door/entrance area.,The region shows a BEDROOM room label together with an identifying sign tag (G) typical of interior room identification signage referenced by the bid item.,DIRECT,RIGHT,HIGH,"The highlighted region visibly contains the room name BEDROOM and an accompanying sign tag (G) that represents a room identification sign plate. This is direct evidence of interior signage identifying a room, matching the Bid Item: Furnish & Install — Room, Area, and Unit Identification Signage.",,1,611,region_000611,A-101CD,"Furnish & Install — Room, Area, and Unit Identification Signage"
SUCCESS,ROOM_LABEL,BEDROOM,"The region only shows a room name label 'BEDROOM' with no explicit signage element (no sign plaque, symbol, or installation details) that would directly represent the Furnish & Install — Room Identification Signage bid item.",NONE,WRONG,HIGH,"The highlighted region is a ROOM_LABEL (bedroom name) on the Level 01 floor plan. A direct association would require an explicit room-identification sign element (sign plaque, mounting detail, or explicit signage label) corresponding to the bid item. The rules state a room name alone does not establish the bid item. There is no direct signage evidence in the region; OCR confirms 'BEDROOM' but provides no sign-specific evidence. Therefore the region does not directly identify or reference the original bid item.",,1,612,region_000612,A-101CD,"Furnish & Install — Room, Area, and Unit Identification Signage"
SUCCESS,ROOM_LABEL,BREEZEWAY,"No direct signage element visible; region shows space name label (BREEZEWAY) on the floor plan, with no sign symbol, callout, or sign schedule that explicitly references or identifies the required Room/Area/Unit Identification Signage bid item.",NONE,WRONG,HIGH,"The highlighted region contains the room/space label 'BREEZEWAY' on the Level 01 floor plan. This is a space name label, not a physical identification sign nor a sign schedule. The Special Rule for ROOM LABEL indicates that a room name alone does not establish the bid item for interior signage. There is no direct evidence (e.g., a sign symbol, callout, or schedule item explicitly identifying signage for 'BREEZEWAY') linking this region to the 'Furnish & Install — Room, Area, and Unit Identification Signage' bid item. Therefore, the region does not provide DIRECT evidence of the bid item and is classified WRONG with NO direct association.",,1,613,region_000613,A-101CD,"Furnish & Install — Room, Area, and Unit Identification Signage"
SUCCESS,ROOM_LABEL,PRIMARY BEDROOM (with a small rounded-rectangle tag containing 'F'),The region shows a room label 'PRIMARY BEDROOM' and a small badge with 'F'. There is no explicit signage label or graphic indicating 'Room Identification Signage' or other signage content; no text referring to 'furnish & install' signage is visible.,INDIRECT,WRONG,MEDIUM,"The region visibly contains the room name 'PRIMARY BEDROOM' which is a room label. It does not present explicit signage content or a sign design that would directly identify, locate, or reference the Room Identification Signage bid item. Per the Special RULE — ROOM LABEL, a room name alone does not establish the bid item, and this constitutes indirect (not direct) evidence at best. Therefore, the REGION is not a direct representation of the original bid item.",,1,614,region_000614,A-101CD,"Furnish & Install — Room, Area, and Unit Identification Signage"
SUCCESS,ROOM_LABEL,LAUNDRY E,"No direct signage element is visible; only a room name label on the plan. The bid item requires furnishing and installing actual identification signage (wall/door signs), which is not depicted in this region.",NONE,WRONG,HIGH,"The region shows the room name label 'LAUNDRY E' on the floor plan, not a physical room/signage element. Per the ROOM_LABEL special rule, a room name alone does not establish the bid item for interior signage. There is no direct evidence of a furnished/installed identification sign here, only plan labeling.",,1,615,region_000615,A-101CD,"Furnish & Install — Room, Area, and Unit Identification Signage"
SUCCESS,ROOM_LABEL,LAUNDRY E sign plaque (room name 'LAUNDRY' with unit designation 'E'),"The highlighted region shows a room sign with the text 'LAUNDRY' and a separate small sign element containing 'E' (unit designation). This is a direct representation of interior room/zone identification signage, which matches the Bid Item: Furnish & Install — Room, Area, and Unit Identification Signage.",DIRECT,RIGHT,HIGH,"The region visually presents the exact signage content prescribed by the bid item: a room identification sign for the Laundry with unit designation E. It is not merely a room label or OCR artifact; it is the explicit signage element intended to identify the room and its unit, fulfilling theBid Item requirement.",,1,616,region_000616,A-101CD,"Furnish & Install — Room, Area, and Unit Identification Signage"
SUCCESS,MATERIAL_TAG,W60A,"The highlighted region shows the wall-type tag W60A directly placed on a wall segment in the Level 01 floor plan. This tag corresponds to the Wall Type Schedule/Tags referenced by the bid item 'Furnish & Install Wall Partition Assemblies As Per Wall Type Schedules And Tags', providing direct labeling of the partition work.",DIRECT,RIGHT,HIGH,"W60A is a wall-type designation embedded in the drawing region, serving as a direct label for the wall partition assembly to be furnished and installed. It is not room-labels, schedule entries, or general notes, but a specific wall type tag that ties to the wall type schedule/tags referenced by the bid item. No assumption needed; the evidence is the tag itself on the plan.",,2,617,region_000617,A-101CD,Furnish & Install Wall Partition Assemblies As Per Wall Type Schedules And Tags
SUCCESS,MATERIAL_TAG,"Wall type tags visible in region: W4 (also W4G, W6) along interior partition walls","The highlighted region shows interior wall partitions labeled with wall-type tags (e.g., W4, W4G, W6). These tags correspond to the wall-type schedules used to specify and fabricate the wall partition assemblies, directly tying this region to the bid item 'Furnish & Install Wall Partition Assemblies As Per Wall Type Schedules And Tags'.",DIRECT,RIGHT,HIGH,"1) The region visibly contains wall-type tags (W4, W4G, W6) on interior partitions. 2) These tags are part of the wall-type scheduling system that defines the exact wall assemblies to be furnished and installed per the bid item. 3) The evidence is explicit in-place labeling, not inferred. 4) No reliance on OCR alone; the image shows the tags directly. 5) No assumption needed; the tags directly reference the work. ",,1,618,region_000618,A-101CD,Furnish & Install Wall Partition Assemblies As Per Wall Type Schedules And Tags
SUCCESS,MATERIAL_TAG,W60A,The highlighted region contains the wall type tag W60A on a partition wall. W60A is a wall type designation used in the Wall Type Schedules/Tags that govern the Furnish & Install Wall Partition Assemblies as per the Bid Item. This provides direct drawing evidence that the region corresponds to the required wall partition work.,DIRECT,RIGHT,HIGH,"The region visibly shows the exact wall type tag W60A, which is the direct identifier used to select the wall partition assembly in the wall type schedules referenced by the Bid Item. It is a direct association (tag to work) and not an indirect cue (e.g., same trade or related note).",,1,619,region_000619,A-101CD,Furnish & Install Wall Partition Assemblies As Per Wall Type Schedules And Tags
SUCCESS,MATERIAL_TAG,Wall type tags visible on interior partition walls: W4 and W6G (repeated along the highlighted region),"The highlighted region shows explicit wall-type tags (W4, W6G) on interior partitions, which are the identifiers used in the Wall Type Schedules and Tags referenced by the Bid Item. This is direct evidence of furnishing & installing wall partition assemblies per wall type.",DIRECT,RIGHT,HIGH,"The region contains direct wall-type tags (W4, W6G) on interior partitions within the exact audit region. These tags correspond to the wall type schedule/tags specified in the bid item (Furnish & Install Wall Partition Assemblies As Per Wall Type Schedules And Tags). This is not a room label, grid, or generic finish note; it is a direct identifier of the partition assemblies to be installed per the wall-type schedule in this specific region.",,1,620,region_000620,A-101CD,Furnish & Install Wall Partition Assemblies As Per Wall Type Schedules And Tags
SUCCESS,PLAN_GEOMETRY,Interior partition walls with wall type tags W4 and W6G,"The region shows wall type callouts W4 and W6G on partition walls, which correspond to the wall type schedules and tags referenced in the Bid Item 'Furnish & Install Wall Partition Assemblies As Per Wall Type Schedules And Tags'",DIRECT,RIGHT,HIGH,"The highlighted region visually contains wall-type designations (W4, W6G) directly on the partition walls. These callouts are explicit identifiers for the wall assemblies to be furnished and installed per the wall type schedules, providing direct evidence for the bid item rather than an indirect relation. No reliance on OCR alone or on nearby/related trades.",,1,621,region_000621,A-101CD,Furnish & Install Wall Partition Assemblies As Per Wall Type Schedules And Tags
SUCCESS,OTHER,XW6.2,"The highlighted region shows the wall-type tag XW6.2 placed directly on a partition wall. This type tag is used to reference a specific wall type in the Wall Type Schedule, which governs furnishing and installing wall partition assemblies (metal framing) as required by the bid item. The tag itself serves as a direct label for the work to be performed, rather than a generic note or indirect cue.",DIRECT,RIGHT,HIGH,"XW6.2 is a wall-type tag on a partition wall, functioning as a direct reference to the wall type schedule that defines the wall partition assembly (metal framing) required by the bid item. Its presence directly identifies the specific work associated with the bid item, not merely related or generic information.",,1,622,region_000622,A-101CD,Furnish & Install Wall Partition Assemblies As Per Wall Type Schedules And Tags
SUCCESS,MATERIAL_TAG,XW6.2,"The highlighted region contains the wall type tag XW6.2 visible on the partition wall, which directly corresponds to a specific wall assembly in the Wall Type Schedule. This tag is a direct reference used to furnish & install wall partition assemblies per wall type schedules and tags.",DIRECT,RIGHT,HIGH,"XW6.2 is a wall type tag printed on the partition wall. This tag directly identifies the exact wall assembly (per the wall type schedule) to be furnished and installed, fulfilling the bid item requirement. It is not merely related text or a room label; it is a direct tag indicating the intended work for this region.",,1,623,region_000623,A-101CD,Furnish & Install Wall Partition Assemblies As Per Wall Type Schedules And Tags
SUCCESS,MATERIAL_TAG,W4 W4 W6G WD42A W6G W4 W4,"The region shows wall-type callouts on partition lines (W4, W6G, WD42A), which are the explicit tags used in wall type schedules to specify the wall partition assemblies to furnish and install.",DIRECT,RIGHT,HIGH,"The highlighted region visually contains repeated wall-type tags (W4, W6G, WD42A) on the wall partitions. These tags directly refer to the wall-type assemblies that must be furnished and installed per the Wall Type Schedules and Tags. This is a direct representation of the bid item, not an indirect association.",,2,624,region_000624,A-101CD,Furnish & Install Wall Partition Assemblies As Per Wall Type Schedules And Tags
SUCCESS,PLAN_GEOMETRY,"Interior partition walls within Unit 2 on Level 01 Floor Plan (Blocks C & D). Room labels such as PRIMARY BEDROOM, LIVING, KITCHEN, LAUNDRY are visible. No explicit wall-type tag or wall-type schedule reference is visible in this highlighted region.","No direct wall-type tag (e.g., WT-#, TYPE S) or wall-type schedule shown within the region; OCR hints (BR1, XW6) do not constitute a direct reference to Wall Type Schedules and Tags.",NONE,WRONG,HIGH,"Direct association to the bid item requires the region itself to visibly identify the wall partition work or its exact wall type tag/schedule. The highlighted region shows general plan geometry and room labels without any wall-type designation or schedule reference, so there is no direct evidence linking this region to 'Furnish & Install Wall Partition Assemblies As Per Wall Type Schedules And Tags'.",,2,625,region_000625,A-101CD,Furnish & Install Wall Partition Assemblies As Per Wall Type Schedules And Tags
SUCCESS,SCHEDULE,XW62,"The highlighted wall carries the wall-type tag XW62, which is a direct reference to the wall type in the wall-type schedule/tags. The bid item specifies furnishing & installing wall partition assemblies per wall type schedules and tags, so XW62 directly identifies the applicable wall type for the partition shown.",DIRECT,RIGHT,HIGH,"The region contains the wall-type tag XW62 located on the interior partition wall in the Level 01 plan. This tag is used to pull the corresponding wall-type assembly from the wall type schedules/tags, which directly aligns with the bid item: furnish & install wall partition assemblies per wall type schedules and tags. There is no need to infer via adjacent notes or similar-work reasoning.",,1,626,region_000626,A-101CD,Furnish & Install Wall Partition Assemblies As Per Wall Type Schedules And Tags
SUCCESS,PLAN_GEOMETRY,Interior wall partition walls within Unit 3 / Unit 3A and surrounding spaces on Level 01 Floor Plan - Blocks C & D,"No explicit wall-type tag (e.g., WT or W1/W2) or wall-type schedule callout visible in the highlighted region; the region shows generic partition lines and room delineations without a direct label tying to a wall type schedule.",NONE,WRONG,MEDIUM,"The highlighted region contains interior partition walls as depicted on the floor plan, but there is no visible, direct evidence (such as a wall-type tag or reference to a wall-type schedule) within this region that explicitly associates it with the Bid Item: Furnish & Install Wall Partition Assemblies As Per Wall Type Schedules And Tags. Without a direct tag or schedule reference in the region, the association cannot be considered direct.",,2,627,region_000627,A-101CD,Furnish & Install Wall Partition Assemblies As Per Wall Type Schedules And Tags
SUCCESS,TITLE_BLOCK,Arch Nexus logo and contact block in the title block area (right margin of sheet),NONE,NONE,WRONG,HIGH,"The highlighted region visually contains Arch Nexus branding and contact information within the title block area, not any direct reference to the bid item 'Furnish & Install Precast Concrete Stair Treads' or stairs work. There is no explicit indication of stairs, precast treads, or related bid-item work in this region. Therefore there is NO direct evidence linking this region to the bid item; relying on OCR or general alignment would constitute indirect or no association.",,1,628,region_000628,A-101CD,Furnish & Install Precast Concrete Stair Treads
SUCCESS,GENERAL_NOTE,D. PROVIDE REQUIRED BLOCKING AND SUPPORT FOR CEILING FANS AND ALL OTHER CEILING MOUNTED FIXTURES.,The region contains a general blocking requirement but does not explicitly state the bid item 'Furnish & Install Wood Blocking and Backing' or specify wood blocking/backing as the material; it lacks a direct reference to the exact bid item.,INDIRECT,WRONG,MEDIUM,The highlighted region is a general note about blocking for ceiling fixtures. It does not explicitly identify or label the original bid item (wood blocking and backing) or specify the material/type (wood) or backing. This is indirect evidence at best and not a direct association to the bid item.,,1,629,region_000629,A-153E,Furnish & Install Wood Blocking and Backing
SUCCESS,GENERAL_NOTE,SEE G SERIES SHEETS FOR EXPANSION JOINT SCHEDULE.,"The region contains a general note explicitly instructing to refer to the expansion joint schedule on G Series sheets, which directly corresponds to the bid item 'Review Expansion Joint Schedule on G Series Sheets'.",DIRECT,RIGHT,HIGH,"Region visibly contains the exact directive about expansion joints: 'SEE G SERIES SHEETS FOR EXPANSION JOINT SCHEDULE.' This explicitly identifies the expansion joint schedule work and points to the G Series sheets, which matches the bid item. No indirect reasoning or OCR reliance; the evidence is direct on the drawing page.",,1,630,region_000630,A-153E,Review Expansion Joint Schedule on G Series Sheets
SUCCESS,GENERAL_NOTE,E. PROVIDE APPROPRIATE TRIM OR ESCUTCHEONS FOR ALL ITEMS PENETRATING CEILINGS FROM FINISH SPACE.,"The region explicitly mentions 'trim' and 'escutcheons' as requirements for ceiling penetrations, which directly corresponds to the bid item scope 'Furnish & Install Drywall Trim, Corner Bead, And Escutcheons' (escutcheons are included; trim is encompassed in the bid item).",DIRECT,RIGHT,HIGH,"The highlighted general-note text directly references 'trim or escutcheons' for ceilings, which is an explicit element of the bid item scope (escutcheons and trim). Although 'corner bead' is not named in this note, the presence of 'trim' and 'escutcheons' provides a direct association to the bid item components. There is no need to infer from same-trade or related work; the explicit object ('escutcheons') links the region to the bid item. OCR is not driving the conclusion; the evidence is visible in the image.",,1,631,region_000631,A-153E,"Furnish & Install Drywall Trim, Corner Bead, And Escutcheons"
SUCCESS,GENERAL_NOTE,General note text on the reflected ceiling plans indicating: “F. LIGHT FIXTURES IN CEILINGS TO RECEIVE BATT INSULATION ON TOP SHALL HAVE A BOX OUT TO PROTECT THE INSULATION FROM THE HEAT OF THE LIGHT SOURCE.” (part of a list of notes visible on the sheet).,"No explicit reference to the bid item 'Furnish & Install Framing And Sealing For Ceiling Penetrations And Box Outs' or to a detailed box-out/framing detail. The region shows a general note about a box-out concept, not a direct specification of the bid-item work.",INDIRECT,WRONG,HIGH,"The region is a General Note containing a general instruction about box-outs for light fixtures, not an explicit identification, labeling, or detailing of the bid item work (framing and sealing for ceiling penetrations and box-outs). Per the special rule for specification text, this does not directly establish the bid item. The evidence is textual rather than a direct plan/detail specific to the bid item, giving only an indirect association at best.",,2,632,region_000632,A-153E,Furnish & Install Framing And Sealing For Ceiling Penetrations And Box Outs
SUCCESS,GENERAL_NOTE,G. ALL SOFFIT DIMENSIONS ARE TO FACE OF FINISH MATERIAL.,No direct reference to 'Furnish & Install Framing For Soffits' or 'Soffits and Bulkheads'; only a general note about soffits.,INDIRECT,WRONG,HIGH,"The highlighted region contains a general note about soffits (dimensions to face of finish material). It does not visually identify the bid item work (furnish and install framing for soffits), nor does it label a schedule, detail, or explicit instruction tied to the bid item. Therefore there is no direct evidence linking this region to the original bid item; at best it relates to soffits conceptually (INDIRECT), but not directly.",,1,633,region_000633,A-153E,Furnish & Install Framing For Soffits
SUCCESS,GENERAL_NOTE,"I. FOR TYPICAL CEILING AND SEISMIC BRACING DETAILS, REFER TO A700s SHEET SERIES.","No direct evidence; the text is a generic cross-reference instruction to other sheets (A700s) for details, not naming or depicting the bid item.",NONE,WRONG,HIGH,"The highlighted region contains a general note directing the reader to consult A700s for typical ceiling and seismic bracing details. It does not visually identify, label, or reference the bid item 'Furnish & Install Seismic Bracing For Walls And Ceilings' on this sheet. There is no explicit detail, schedule, or label that directly corresponds to the bid item. Therefore, there is NO DIRECT evidence linking this region to the bid item, and the correct classification is WRONG with NONE association.",,1,634,region_000634,A-153E,Furnish & Install Seismic Bracing For Walls And Ceilings
SUCCESS,EQUIPMENT_TAG,"CG1.14 7'-11 3/8""",The highlighted region shows a corner guard equipment tag labeled 'CG1.14' (CG stands for Corner Guard) with a specified dimension. This tag directly identifies the bid item 'Furnish & Install Corner Guards' as a specific corner guard assembly to be installed.,DIRECT,RIGHT,HIGH,"The region visibly contains a dedicated corner-guard tag (CG1.14) rather than a generic label or room tag. The CG prefix directly denotes Corner Guards, tying the region to the bid item without requiring cross-referencing other sheets or relying on OCR alone.",,1,635,region_000635,A-153E,Furnish & Install Corner Guards
SUCCESS,FINISH_TAG,"BLDG ELEVATION LEGEND; BR1 BRICK VENEER; FB1 FIBER BOARD, HORIZONTAL; FB2 FIBER BOARD, VERTICAL","The region explicitly lists BR1 BRICK VENEER as a finish tag, which directly corresponds to Brick Veneer in the Bid Item (Furnish & Install Brick Veneer System).",DIRECT,RIGHT,HIGH,"The highlighted region contains a finish tag entry 'BR1 BRICK VENEER' within the BLDG ELEVATION LEGEND. This directly identifies the Brick Veneer finish to be used on the elevations, which matches the original bid item scope. Other finish tags (FB1, FB2) are present but do not negate the direct reference to Brick Veneer. Therefore, the region provides direct evidence for the bid item.",,1,636,region_000636,A-203,Furnish & Install Brick Veneer System
SUCCESS,FINISH_TAG,BR1 BRICK VENEER,"The region displays a finish tag BR1 mapped to BRICK VENEER in the BLDG ELEVATION LEGEND, which corresponds directly to the Bid Item 'Furnish & Install Brick Veneer System' (Brick Veneer).",DIRECT,RIGHT,HIGH,"The highlighted region clearly shows the exact finish tag BR1 and its label BRICK VENEER within the elevation legend, providing direct evidence of the material to be used for the bid item. No assumptions required; evidence is unambiguous.",,1,637,region_000637,A-203,Furnish & Install Brick Veneer System
SUCCESS,MATERIAL_TAG,BR1,"BR1 is a material tag. The legend in G-501 defines BR1 as 'Brick veneer wall assembly - brick veneer (Westport, full-sized brick), air gap, scheduled backup wall', which directly corresponds to the original bid item 'Furnish & Install Brick Veneer System'.",DIRECT,RIGHT,HIGH,"The highlighted region contains the BR1 material tag adjacent to the exterior wall on the A-203 Breezeway Elevation. BR1 is defined in the project legend as brick veneer, which directly identifies the material/work associated with the bid item (brick veneer system), not merely related or inferential. No reliance on OCR alone or indirect reasoning.",,1,638,region_000638,A-203,Furnish & Install Brick Veneer System
SUCCESS,FINISH_TAG,BR1,"The highlighted region contains the finish tag BR1 positioned on exterior brick veneer walls in the breezeway elevation (Sheet A-203). The project legend on G-501 defines BR1 as the brick veneer wall assembly (brick veneer, air gap, backup wall). This provides a direct label tying the region to brick veneer work, which matches the Original Bid Item: Furnish & Install Brick Veneer System (Brick Veneer).",DIRECT,RIGHT,HIGH,"BR1 is a finish tag visible on the exterior brick veneer walls. The legend (G-501) explicitly defines BR1 as Brick Veneer wall assembly. This tag directly identifies brick veneer work in the region, not merely related or adjacent work. Therefore, the region provides direct evidence for the Bid Item and is not a misinterpretation of OCR or a non-direct association.",,1,639,region_000639,A-203,Furnish & Install Brick Veneer System
SUCCESS,MATERIAL_TAG,BR1,BR1 tag identifies brick veneer wall assembly (Westport brick) per project legend. The bid item is Furnish & Install Brick Veneer System (Brick Veneer).,DIRECT,RIGHT,HIGH,"The highlighted region contains the BR1 tag on a brick veneer wall area. BR1 is defined in the project legend as Brick veneer wall assembly (Westport brick) with air gap and backup wall, which directly corresponds to the Bid Item: Furnish & Install Brick Veneer System (Brick Veneer). The evidence is visual and explicit, not inferred from OCR or nearby related work.",,1,640,region_000640,A-203,Furnish & Install Brick Veneer System
SUCCESS,MATERIAL_TAG,BR1,"The highlighted region shows the BR1 material tag on an exterior brick veneer wall segment. BR1 is the tag used to denote brick veneer in the drawing set, directly identifying the brick veneer work (which corresponds to the bid item: Furnish & Install Brick Veneer System).",DIRECT,RIGHT,HIGH,"BR1 is a visible material tag on the region that explicitly denotes brick veneer in the drawing. This provides direct evidence of the brick veneer work in this specific region, matching the original bid item without requiring interpretation of adjacent trades or general notes.",,1,641,region_000641,A-203,Furnish & Install Brick Veneer System
SUCCESS,FINISH_TAG,BR1,"The region shows a BR1 finish tag placed on an exterior wall that visually displays brick veneer pattern. The BR1 tag is a finish label typically used to designate brick veneer on the elevational wall, and is consistent with the Brick Veneer finish referenced in the project legend for masonry (G-501). The region is located directly on the brick veneer exterior surface, not on a schedule, note, or separate detail.",DIRECT,RIGHT,HIGH,1) What is in the highlighted region? – A BR1 finish tag on the exterior wall. 2) What does it represent? – It identifies the brick veneer finish/material for that wall area. 3) Would I identify it the same without the bid item? – Yes: BR1 on a brick veneer exterior surface is recognizable as a brick veneer finish tag. 4) Is there DIRECT evidence linking it to the bid item? – Yes: The bid item is Furnish & Install Brick Veneer System; the region directly labels brick veneer on the wall where the brick veneer would be installed. 5) Am I relying on same-trade/specification reasoning? – No; this is a direct finish tag evidence rather than cross-trade reasoning. 6) Is OCR relied upon? – No; evidence is visual (tag and wall finish). 7) Does this require an assumption? – No.,,1,642,region_000642,A-203,Furnish & Install Brick Veneer System
SUCCESS,FINISH_TAG,BR1,"BR1 is a brick veneer finish tag placed on the wall segment in the Breezeway Elevation. The project legend references brick veneer (Westport full-sized brick) as the brick veneer wall assembly, which corresponds to the bid item 'Furnish & Install Brick Veneer System' with the 'Brick Veneer' subheading. The tag BR1 directly identifies the brick veneer material/work to be installed on this region, not just a related or nearby item.",DIRECT,RIGHT,HIGH,"The highlighted region shows a BR1 finish tag attached to a brick veneer wall area. BR1 is used to designate the brick veneer finish/assembly, which directly matches the bid item (brick veneer system). The evidence is visually explicit (the tag on the wall) and supported by the legend implying brick veneer as the intended finish/work for the region.",,1,643,region_000643,A-203,Furnish & Install Brick Veneer System
SUCCESS,MATERIAL_TAG,BR1,"The highlighted region shows the BR1 finish tag on exterior masonry walls. The project legend (G-501) defines BR1 as Brick veneer wall assembly (brick veneer with air gap and backup wall). This directly identifies the brick veneer work, which matches the Original Bid Item: Furnish & Install Brick Veneer System (Brick Veneer).",DIRECT,RIGHT,HIGH,"BR1 is a material tag visible on the wall area that, per the legend, corresponds to brick veneer. This is a direct identification of the bid item (brick veneer system) rather than a general or indirect relation.",,1,644,region_000644,A-203,Furnish & Install Brick Veneer System
SUCCESS,MATERIAL_TAG,BR1,"BR1 label visible on exterior brick veneer wall panel. The project legend (G-501) defines BR1 as Brick veneer wall assembly (Westport, full-sized brick) with air gap and backup wall, directly corresponding to the Furnish & Install Brick Veneer System bid item.",DIRECT,RIGHT,HIGH,"The highlighted region shows a BR1 material tag on the brick veneer face of the breezeway elevation. BR1 is defined in the legend as Brick Veneer, which directly maps to the bid item ‘Furnish & Install Brick Veneer System.’ The region therefore provides direct evidence of the bid item, not just a related or indirect reference.",,1,645,region_000645,A-203,Furnish & Install Brick Veneer System
SUCCESS,FINISH_TAG,BR1,"BR1 is a finish tag visible on the brick veneer wall area. The project legend (G-501) defines BR1 as the Brick veneer wall assembly, indicating brick veneer as the finish/work. The highlighted region is placed directly on a brick veneer elevation, providing explicit labeling for the bid item.",DIRECT,RIGHT,HIGH,"1) The region contains BR1, a finish tag. 2) The legend associates BR1 with Brick veneer assembly. 3) The region is on a wall segment that is depicted as brick veneer, yielding a direct finish reference for the bid item Furnish & Install Brick Veneer System.",,1,646,region_000646,A-203,Furnish & Install Brick Veneer System
SUCCESS,GENERAL_NOTE,"C. PROVIDE GUTTERS AND DOWN SPOUTS w/ HEAT CABLE, SNOW FENCES, AND SNOW CLIPS - SEE ROOF PLAN.","Direct reference to furnishing gutters and downspouts (with heat cable, snow fences, and snow clips) in the General Notes.",DIRECT,RIGHT,HIGH,"The highlighted region contains an explicit statement: 'PROVIDE GUTTERS AND DOWN SPOUTS w/ HEAT CABLE, SNOW FENCES, AND SNOW CLIPS - SEE ROOF PLAN.' This directly names the bid item work (gutters and downspouts) and prescribes the action, not merely a related note or room label. It is part of General Notes on Sheet A-203 (Building Elevations Breezeway) and explicitly references the gutter-related scope, which provides direct evidence of the bid item. No indirect reasoning or OCR-only justification is used; the evidence is visible and directly ties to the bid item.",,1,647,region_000647,A-203,"Furnish & Install Gutters, Downspouts, and Associated Accessories"
SUCCESS,FINISH_TAG,RW4 ASPHALT SHINGLE,"The region text 'RW4 ASPHALT SHINGLE' in the legend directly names the finish material (asphalt shingle) used on the elevations, which corresponds to the Bid Item 'Furnish & Install Asphalt Shingles'.",DIRECT,RIGHT,HIGH,"The highlighted region contains the exact finish code and description 'RW4 ASPHALT SHINGLE', visibly identifying the material; this is a direct reference to the bid item rather than an indirect or generic association.",,1,648,region_000648,A-203,Furnish & Install Asphalt Shingles
SUCCESS,FINISH_TAG,"BLDG ELEVATION LEGEND; FB1 FIBER BOARD, HORIZONTAL; FB2 FIBER BOARD, VERTICAL; BR1 BRICK VENEER; RW4 ASPHALT SHINGLE","No direct reference to 'Fiber Cement Siding' or any explicit finish/work for the bid item. The region only lists FB1/FIBER BOARD, HORIZONTAL and FB2/FIBER BOARD, VERTICAL among other finishes.",NONE,WRONG,HIGH,"The highlighted region visibly shows a BLDG ELEVATION LEGEND with finish tags including FB1 FIBER BOARD, HORIZONTAL and FB2 FIBER BOARD, VERTICAL, plus BR1 BRICK VENEER and RW4 ASPHALT SHINGLE. There is no explicit reference to Fiber Cement Siding, nor any label that directly identifies or references the bid item 'Furnish & Install Fiber Cement Siding'. The region thus does not provide direct evidence for the bid item; it is a legend for several finishes, not a direct item for the bid.",,1,649,region_000649,A-203,Furnish & Install Fiber Cement Siding
SUCCESS,MATERIAL_TAG,"FB2 FIBER BOARD, VERTICAL","The region shows a finish/material tag 'FB2 FIBER BOARD, VERTICAL' in the BLDG ELEVATION LEGEND. There is no explicit reference to 'Fiber Cement Siding' or any direct mapping to the bid item. The label denotes fiber board (vertical orientation), not fiber cement siding.",INDIRECT,WRONG,HIGH,"The highlighted region visibly contains the finish tag 'FB2 FIBER BOARD, VERTICAL' within the BLDG Elevation Legend. This is a material tag for fiber board, not for fiber cement siding. The original bid item is 'Furnish & Install Fiber Cement Siding.' There is no direct label, schedule, or detail in the region that explicitly references 'fiber cement siding' or ties the region to the bid item. According to the Special Rules, this does not provide direct evidence for the bid item and would be considered an indirect or no association. Therefore, the region does not directly identify the bid item.",,1,650,region_000650,A-203,Furnish & Install Fiber Cement Siding
SUCCESS,FINISH_TAG,FB1,"FB1 is a finish tag placed on the siding area. The legend (G-501) indicates FB1 corresponds to a fiber cement siding finish (composite siding wall assembly). The tag is attached to the exterior wall region where fiber cement siding would be installed, providing direct labeling for the bid item.",DIRECT,RIGHT,HIGH,"The highlighted region visibly contains the finish tag FB1 tied to fiber cement siding on the exterior wall area. This is a direct labeling evidence for the bid item Furnish & Install Fiber Cement Siding, not an indirect or inferred connection.",,1,651,region_000651,A-203,Furnish & Install Fiber Cement Siding
SUCCESS,FINISH_TAG,FB1,"FB1 is a finish tag used to designate a fiber cement siding finish. The project legend (G-501) defines composite siding wall assembly (TruExterior, nickel gap, 1x8) as the siding package, with FB1 as the finish tag for that siding. The region is located on the Breezeway elevations where siding is shown, and the tag directly corresponds to the fiber cement siding finish specified in the legend and bid item.",DIRECT,RIGHT,HIGH,"The highlighted region clearly shows the finish tag FB1. The project legend associates FB1 with the composite siding (fiber cement siding) finish and the siding package. Therefore, the region directly identifies the bid item (Furnish & Install Fiber Cement Siding) without requiring inference from related trades or indirect cues.",,1,652,region_000652,A-203,Furnish & Install Fiber Cement Siding
SUCCESS,FINISH_TAG,FB1,"The region shows a finish tag FB1 on the exterior wall panel. The project legend (G-501) defines FB1 as a Composite siding wall assembly (fiber cement siding) installed horizontally (TruExterior, nickel gap, 1x8), which directly corresponds to the Fiber Cement Siding bid item.",DIRECT,RIGHT,HIGH,"The highlighted region visually displays the FB1 finish tag on the exterior siding area. The legend links FB1 to the composite siding wall assembly using fiber cement siding, installed horizontally, which is exactly the described bid item (Furnish & Install Fiber Cement Siding). This is a direct, not an inferred, association. No reliance on OCR alone or indirect reasoning.",,1,653,region_000653,A-203,Furnish & Install Fiber Cement Siding
SUCCESS,FINISH_TAG,FB1,FB1 is a finish tag placed on the exterior wall area that shows where the siding is applied. The project legend/schedule defines the siding assembly (fiber cement siding) and the region’s finish tag directly designates the wall material in that location.,DIRECT,RIGHT,HIGH,"The highlighted region visibly shows the finish tag FB1 on the exterior wall area where horizontal siding is depicted. This tag directly identifies the material/work (fiber cement siding) for that wall region, aligning with the bid item. It is not dependent on OCR alone and relies on the actual tag on the drawing. No assumption beyond the visible finish tag is required.",,1,654,region_000654,A-203,Furnish & Install Fiber Cement Siding
SUCCESS,FINISH_TAG,FB1,"The highlighted region shows a finish tag label 'FB1' on the building elevation. The elevation graphic displays horizontal siding, and the project legend (G-501) and note for siding indicate a siding assembly (fiber cement) as the specified finish package. Therefore the region directly identifies the fiber cement siding finish referenced by the bid item.",DIRECT,RIGHT,HIGH,"1) The region visibly contains the finish tag 'FB1'. 2) It is placed on a wall area that is clad with horizontal siding in the elevation, consistent with a siding finish. 3) The project legend indicates siding (composite siding wall assembly) and a siding package, which aligns with the bid item 'Furnish & Install Fiber Cement Siding'. 4) This is a direct finish label indicating the material/work, not merely a related or same-trade reference. 5) No assumption beyond the visible label and siding graphic is required.",,1,655,region_000655,A-203,Furnish & Install Fiber Cement Siding
SUCCESS,FINISH_TAG,FB1,"FB1 is used as a finish tag on the exterior siding panels. The project legend (G-501) describes composite siding wall assembly and a siding package, indicating the finish code FB1 corresponds to the fiber cement siding finish. The bid item is Furnish & Install Fiber Cement Siding, so the FB1 tag on the siding directly identifies the material/work to be performed.",DIRECT,RIGHT,HIGH,"The highlighted region visibly shows the finish tag FB1 applied directly to exterior siding panels. The legend confirms FB1 as the finish code for the siding assembly, which matches the bid item (Fiber Cement Siding). This is a direct evidence of the bid item, not an indirect or incidental relation.",,1,656,region_000656,A-203,Furnish & Install Fiber Cement Siding
SUCCESS,FINISH_TAG,FB1 (Finish Tag),"FB1 is a finish callout visible on the Breezeway elevation. Legend in project documents associates finish tags (e.g., FB1) with the siding assembly (composite siding wall, TruExterior) and specifically with siding, which corresponds to the bid item: Furnish & Install Fiber Cement Siding.",DIRECT,RIGHT,HIGH,"The highlighted region shows a finish tag 'FB1' in the wall/siding area. The project legend ties FB1 to the siding assembly / fiber cement siding. This is a direct reference to the material/work of the bid item, not merely an indirect or related note. No assumption is needed; the tag itself provides direct evidence linking to fiber cement siding.",,1,657,region_000657,A-203,Furnish & Install Fiber Cement Siding
SUCCESS,FINISH_TAG,FB1,FB1 finish tag on siding wall; legend maps FB1 to composite siding wall assembly (fiber cement siding) per project legend (Siding).,DIRECT,RIGHT,HIGH,"The highlighted region shows the finish tag FB1 placed on a wall surface that is a siding area. The tag FB1 directly identifies the finish material on that surface, and the project legend associates FB1 with the composite siding wall assembly (fiber cement siding). This provides direct evidence linking the region to the bid item, not just a related or generic association.",,1,658,region_000658,A-203,Furnish & Install Fiber Cement Siding
SUCCESS,FINISH_TAG,FB1,FB1 finish tag present on siding area; no explicit text or schedule mapping visible that directly names or references 'Fiber Cement Siding' in this region.,NONE,WRONG,MEDIUM,"The highlighted region shows a finish tag 'FB1' on the siding surface. There is no explicit label or evidence within the region that directly states 'Fiber Cement Siding' or directly maps to the bid item. Finish tags require a direct reference or a schedule mapping to prove direct association; without it, the evidence is not sufficient for a direct association to the original bid item. Therefore the region does not directly identify the bid item.",,1,659,region_000659,A-203,Furnish & Install Fiber Cement Siding
SUCCESS,FINISH_TAG,FB1,"FB1 is a finish tag labeling exterior siding; project legend/reference on G-501 describes composite siding wall assembly (horizontal siding) and the schedule/backups for siding, indicating FB1 as a finish tag used for the fiber cement siding. The tag is placed directly on the exterior wall region showing the siding, which aligns with the bid item “Furnish & Install Fiber Cement Siding.”",DIRECT,RIGHT,HIGH,"The highlighted region visibly shows the finish tag FB1 placed on the exterior wall region that represents the siding. The region is a siding surface, and FB1 is the finish tag used to denote the fiber cement siding per the legend/schedule. This constitutes a direct identification of the work (fiber cement siding) rather than an indirect or inferential association.",,1,660,region_000660,A-203,Furnish & Install Fiber Cement Siding
SUCCESS,FINISH_TAG,FB1,"The highlighted region shows the label FB1 directly on the siding area in the elevation. This finish tag denotes the finish associated with that wall surface, aligning with the project legend for composite siding (G-501) and the bid item 'Furnish & Install Fiber Cement Siding'.",DIRECT,RIGHT,HIGH,"1) The region visibly contains the finish tag FB1 applied to the siding surface. 2) A finish tag is a direct indicator of the finish/material to be installed, not a room label or grid reference. 3) The G-501 legend references composite siding wall assembly (siding), which corresponds to the bid item for fiber cement siding. 4) Therefore, the region directly and explicitly references the original bid item, not merely indirectly related information.",,1,661,region_000661,A-203,Furnish & Install Fiber Cement Siding
SUCCESS,FINISH_TAG,FB1,"FB1 is a finish tag that, per the project legend (G-501), defines the composite siding wall assembly (fiber cement siding) and is associated with the Siding package. The highlighted region on the Building Elevations Breezeway shows exterior wall siding labeled with FB1, directly linking the region to the bid item (Furnish & Install Fiber Cement Siding).",DIRECT,RIGHT,HIGH,"The highlighted region contains the finish tag FB1. The legend indicates FB1 corresponds to a composite siding wall assembly (fiber cement siding) and is the siding package. The region is on the exterior wall of the breezeway elevation where siding is applied, providing direct evidence that this region explicitly references the bid item (fiber cement siding), not just related or adjacent work.",,1,662,region_000662,A-203,Furnish & Install Fiber Cement Siding
SUCCESS,GENERAL_NOTE,E. ALL EXPOSED UNFINISHED STEEL TO BE PAINTED UNLESS DIRECTED BY ARCHITECT.,"The region directly states that all exposed unfinished steel should be painted, which mirrors the bid item scope of Furnish & Install Painting For All Exposed Unfinished Steel.",DIRECT,RIGHT,HIGH,"The region text explicitly describes painting of exposed unfinished steel (material and action). This directly identifies the work to be performed (paint) on the specified material (exposed unfinished steel), which matches the original bid item scope. The evidence is based on the visible general notes text rather than OCR interpretation alone.",,1,663,region_000663,A-203,Furnish & Install Painting For All Exposed Unfinished Steel
SUCCESS,EQUIPMENT_TAG,FIRE EXT CAB (Fire Extinguisher Cabinet),"The region shows a label 'FIRE EXT CAB' with the tag 'FEC' on the Breezeway elevation callouts, directly identifying a Fire Extinguisher Cabinet. This is a specific equipment tag, not a generic note or room label, and it corresponds to a component of the bid item 'Furnish & Install Fire Extinguishers And Cabinets.'",DIRECT,RIGHT,HIGH,"The highlighted region contains an explicit equipment tag 'FIRE EXT CAB' (FEC) indicating a Fire Extinguisher Cabinet. This is a direct identification of the cabinet component, not merely related or inferred. It aligns with the bid item scope (Fire Extinguishers & Cabinets) and provides direct drawing evidence of the cabinet work, satisfying the direct association criteria. OCR is secondary and supports this label, but the visual tag itself is the decisive evidence.",,1,664,region_000664,A-203,Furnish & Install Fire Extinguishers And Cabinets
SUCCESS,EQUIPMENT_TAG,BIKE RACK,The highlighted region contains the exact wording 'BIKE RACK' with a leader pointing to the intended location on the Breezeway elevation. This directly labels the equipment item and corresponds to the Bid Item 'Furnish & Install — Bike Racks' under Site Furnishings (Fixed).,DIRECT,RIGHT,HIGH,"The region explicitly labels the equipment as 'BIKE RACK' with a leader referencing its placement in the elevation. This is a direct identification of the bid item (bike racks) rather than a general note, room label, or specification text. No inference from same-trade or unrelated text is required.",,1,665,region_000665,A-203,Furnish & Install — Bike Racks
SUCCESS,GENERAL_NOTE,LIGHTS ABOVE DOORS. SEE ELECTRICAL,"The region shows a generic note about lights above doors with a cross-reference to electrical drawings; there is no explicit fixture type, label, schedule, or installation detail directly identifying the exterior lighting above doors as the bid item on this region.",NONE,WRONG,HIGH,"The highlighted region contains only a general note about lighting above doors and a cross-reference to electrical details. It does not visibly identify a specific lighting fixture, schedule, tag, or detail that directly corresponds to the bid item “Furnish & Install Exterior Lighting Above Doors.” Without a direct depiction or explicit labeling of the exterior lighting work on this region, the association is not direct; OCR text alone is not sufficient and the note only points to electrical drawings for details.",,1,666,region_000666,A-203,Furnish & Install Exterior Lighting Above Doors
SUCCESS,EQUIPMENT_TAG,KNOX KX1,"The region shows a Knox Box equipment tag (KX1) with a leader to the building exterior, explicitly identifying the Knox Box installation.",DIRECT,RIGHT,HIGH,"The highlighted region directly identifies the equipment (Knox Box) and its specific identifier (KX1) on the Breezeway Elevation, which matches the Bid Item 'Furnish & Install Knox Box for Emergency Access'.",,1,667,region_000667,A-203,Furnish & Install Knox Box for Emergency Access
SUCCESS,FINISH_TAG,"BLDG ELEVATION LEGEND - Refer to G501 for product information. BR1 BRICK VENEER; FB1 FIBER BOARD, HORIZONTAL; FB2 FIBER BOARD, VERTICAL; RW4 ASPHALT SHINGLE.","No direct evidence of address signage or signage installation; region shows a legend of elevation finishes, not signage.",NONE,WRONG,HIGH,"The highlighted region contains a BUILDING ELEVATION LEGEND listing finish tags (BR1, FB1, FB2, RW4) and associated materials for elevations. There is no reference, label, or depiction of building address signage or any element that explicitly identifies or references the 'Furnish & Install Building Address Signage' bid item. Therefore, there is no direct association to the bid item; any connection would be indirect at best and must be ruled wrong per the direct-association requirement.",,1,668,region_000668,A-203,Furnish & Install Building Address Signage
SUCCESS,TITLE_BLOCK,"ARCH Nexus logo with project/address block showing ""2505 East Parleys Way"" (title/header area including firm address).","No direct evidence of the bid item 'Furnish & Install Building Address Signage' or 'Exterior Signage' within this region; content is branding and project address in a title block, not a signage element.",NONE,WRONG,HIGH,"The highlighted region is the title/header area containing the ARCH Nexus logo and the project address. It does not identify, label, or reference the bid item (Furnish & Install Building Address Signage). There is no explicit signage element or text indicating exterior address signage; the presence of the project address in a title block is not the signage work itself, and cannot be considered a direct reference to the bid item.",,1,669,region_000669,A-203,Furnish & Install Building Address Signage
SUCCESS,GENERAL_NOTE,GENERAL NOTES - BUILDING ELEVATIONS; BLDG ELEVATION LEGEND (BR1 BRICK VENEER; FB1 FIBER BOARD HORIZONTAL; FB2 FIBER BOARD VERTICAL; RW4 ASPHALT SHINGLE),"No direct evidence of Furnish & Install Building Address Signage or exterior signage in this region; the content shown relates to general notes and a legend for elevations, not to the bid item.",NONE,WRONG,HIGH,"The highlighted region contains GENERAL NOTES - BUILDING ELEVATIONS and the BLDG ELEVATION LEGEND. There is no visible reference, label, symbol, schedule, or detail that identifies or references the bid item 'Furnish & Install Building Address Signage' (Exterior Signage). Therefore, it does not provide direct evidence for the bid item.",,1,670,region_000670,A-203,Furnish & Install Building Address Signage
SUCCESS,FINISH_TAG,FG5.1,"Region shows the text FG5.1, a Finish Group tag used to reference finish schedules for wall finishes. This is a direct cross-reference to the Finish Schedule entry that governs the bid item: Furnish & Install Wall Finishes Per Finish Schedule And Elevations.",DIRECT,RIGHT,MEDIUM,"FG5.1 is a finish-group code shown on the wall-section region. As the bid item calls for wall finishes per the Finish Schedule, FG5.1 directly references the finish-schedule entry that would specify the required wall finish. The region itself does not spell out a specific material, but it is a direct label to the finish schedule (a bid-item-related reference) rather than an indirect cue (e.g., same trade or general note). OCR is secondary and not relied upon here.",,1,671,region_000671,A-351,Furnish & Install Wall Finishes Per Finish Schedule And Elevations
SUCCESS,DETAIL,XW6,XW6 is a cross-reference tag to a wall section detail; it does not name or identify any wall finish or finish schedule item.,NONE,WRONG,HIGH,"The highlighted region contains only the callout 'XW6' and does not directly name, identify, or reference a wall finish/wall covering as required by the bid item. It appears to be a cross-reference to a wall section detail rather than a finish specification, providing no direct evidence that this region represents the Furnish & Install Wall Finishes bid item.",,1,672,region_000672,A-351,Furnish & Install Wall Finishes Per Finish Schedule And Elevations
SUCCESS,FINISH_TAG,FW22,"The highlighted region visibly shows the finish tag FW22 on the wall section, which is the explicit finish reference used to map to the Finish Schedule for wall finishes.",DIRECT,RIGHT,HIGH,"The region contains the label FW22, a dedicated wall finish tag. This tag directly identifies the finish assignment for the wall surface in the Finish Schedule, aligning with the Bid Item: Furnish & Install Wall Finishes Per Finish Schedule And Elevations (Wall Covering). The association is explicit, not inferred from related trades or nearby content.",,1,673,region_000673,A-351,Furnish & Install Wall Finishes Per Finish Schedule And Elevations
SUCCESS,EQUIPMENT_TAG,D3 A-602 (Door 3) with FB2 label,NONE,NONE,WRONG,HIGH,"The highlighted region contains an equipment tag for a door (D3 A-602) and an adjacent tag (FB2). There is no finish-related tag, finish schedule reference, or wall-covering indication visible in this region. The bid item is “Furnish & Install Wall Finishes Per Finish Schedule And Elevations” (Wall Covering). There is no direct evidence in this region that identifies, locates, or explicitly references wall finishes or wall coverings. Therefore, there is no DIRECT association to the bid item; at best an indirect or unrelated relationship could be inferred, which is not acceptable for a RIGHT designation.",,2,674,region_000674,A-351,Furnish & Install Wall Finishes Per Finish Schedule And Elevations
SUCCESS,FINISH_TAG,FG5.1,"The region shows a finish-group tag FG5.1, which is a direct reference to a finish schedule item for wall finishes / wall covering.",DIRECT,RIGHT,HIGH,"The highlighted region contains the label FG5.1, a specific finish-group tag used to reference the Finish Schedule for wall finishes. In the overall sheet context (A-351 Wall Sections) this tag directly identifies the finish work to be furnished and installed, not merely a related or adjacent item. The evidence is visual in the region itself (not inferred from OCR), and it corresponds to the Bid Item: Furnish & Install Wall Finishes per Finish Schedule and Elevations.",,1,675,region_000675,A-351,Furnish & Install Wall Finishes Per Finish Schedule And Elevations
SUCCESS,DETAIL,XW6,"The region shows only the callout 'XW6', which is a cross-reference/detail marker rather than a finish label, material callout, or finish schedule entry.",NONE,WRONG,HIGH,"1) The region visibly contains the label 'XW6' which functions as a detail/callout reference on the wall section sheet. 2) It does not identify a wall finish, finish schedule item, or any material/work directly related to the bid item (Furnish & Install Wall Finishes). 3) There is no finish type, finish schedule reference, or material tag within the highlighted region. 4) Therefore, there is no direct evidence linking this region to the bid item; at best it is a cross-reference to another detail, not a finish installation reference.",,1,676,region_000676,A-351,Furnish & Install Wall Finishes Per Finish Schedule And Elevations
SUCCESS,FINISH_TAG,XW6,"XW6 is a wall-type tag visible on the wall section. There is no explicit finish description, finish schedule reference, or elevation detail in this region that directly identifies a wall finish (as required by the bid item: Furnish & Install Wall Finishes per Finish Schedule and Elevations). The tag likely cross-references a finish schedule, not a direct finish spec shown in this region.",NONE,WRONG,HIGH,"The highlighted region shows a wall-section label XW6, which appears to be a wall-type/finish tag used for cross-reference. It does not itself specify or identify a wall finish or a finish schedule entry. The bid item requires finishes per the Finish Schedule/Elevations, and a direct association would require the region to show a finish description or explicit finish indication. Therefore, there is no direct evidence linking this region to the bid item; the association is not direct.",,1,677,region_000677,A-351,Furnish & Install Wall Finishes Per Finish Schedule And Elevations
SUCCESS,DETAIL,XW6 label (wall-type designation) along a wall-section detail,No direct finish/material reference or finish-schedule indication visible in the highlighted region; region shows a wall-section tag rather than a finish item,NONE,WRONG,HIGH,"The highlighted region contains a wall-section detail with the tag XW6 but provides no explicit finish information (e.g., finish schedule entry, wall covering material, or finish callout). The bid item is for furnishing and installing wall finishes, which requires direct evidence of the finish material or schedule within the region. There is no such direct association visible; the region instead appears to identify a wall-type designation within the structural wall section.",,3,678,region_000678,A-351,Furnish & Install Wall Finishes Per Finish Schedule And Elevations
SUCCESS,OTHER,Annotation text 'XW6' located next to a wall section (tight region crop). It appears to be a region/callout tag rather than a finish label.,"No direct finish schedule reference, finish tag, or itemized wall finish description is visible in this highlighted region. The label 'XW6' does not explicitly identify a wall finish or wall covering work.",NONE,WRONG,LOW,"1. The highlighted region contains only a small callout/tag ('XW6') adjacent to the wall section, not a finish designation, material name, or schedule entry. 2. There is no explicit reference to wall finishes (per finish schedule or elevations) within this region; the finish-related work is not directly identified. 3. If I did not know the bid item, I would still describe this as a region tag rather than a finish/covering element. 4. Therefore, there is no direct evidence linking this specific region to the 'Furnish & Install Wall Finishes' bid item; reliance on general overlap (same trade or sheet) would be indirect and not acceptable per the audit rules.",,1,679,region_000679,A-351,Furnish & Install Wall Finishes Per Finish Schedule And Elevations
SUCCESS,FINISH_TAG,XW6 (finish tag),"The highlighted region shows the text 'XW6', a finish tag that directly corresponds to a wall finish item in the Finish Schedule/Exterior Wall Assembly referenced on G-501. This tag is a direct label identifying the specific wall finish work.",DIRECT,RIGHT,HIGH,1) The region visibly contains the finish tag 'XW6' rather than a general note or grid reference. 2) The tag represents a finish item reference used to identify wall finishes per the Finish Schedule/Elevations (Exterior Wall Assembly) on the related legend. 3) This is a direct indicator of the bid item (Furnish & Install Wall Finishes) rather than an indirect indication. 4) No assumption required beyond the label itself; the image clearly shows the tag in the wall section context.,,1,680,region_000680,A-351,Furnish & Install Wall Finishes Per Finish Schedule And Elevations
SUCCESS,DETAIL,XW6,Contains only a detail callout 'XW6'; no finish label or wall covering specification visible.,NONE,WRONG,HIGH,"The region shows a small callout label 'XW6' (a detail/section reference). There is no direct indication of wall finishes or wall covering (no finish schedule, finish note, or wall covering description) in this region. Therefore it does not directly identify, locate, or reference the original bid item (Furnish & Install Wall Finishes per Finish Schedule and Elevations). It is a cross-reference to another detail rather than a finish specification.",,1,681,region_000681,A-351,Furnish & Install Wall Finishes Per Finish Schedule And Elevations
SUCCESS,DETAIL,XW6,"No explicit finish tag, schedule, or material callout visible in the highlighted region. The region appears to be a wall-section detail with structural/assembly elements (labels like XW6, D3, FB1) rather than a finish specification or finish-label reference.",NONE,WRONG,HIGH,"The highlighted region does not contain a direct finish reference for the Bid Item 'Furnish & Install Wall Finishes Per Finish Schedule And Elevations'. It shows a wall-section detail with mechanical/assembly elements and a label (XW6) that does not constitute a wall finish callout (e.g., wall covering, paint, gypsum board thickness labeled as a finish). Without explicit finish material identification, labeling, or a finish schedule callout within this region, there is no direct evidence tying this region to the bid item. The region would need a finish tag, material tag, or schedule entry to be considered a DIRECT association.",,1,682,region_000682,A-351,Furnish & Install Wall Finishes Per Finish Schedule And Elevations
SUCCESS,FINISH_TAG,FG5.1,"FG5.1 finish-group callout on the wall-section; the adjacent context on the same sheet labels the wall section as 'WALL SECTION - BRICK WAINSCOT, HORIZONTAL FIBER BOARD', indicating the finish material system shown and tied to the Finish Schedule.",DIRECT,RIGHT,HIGH,"The highlighted region contains a finish-group tag FG5.1, which is used to reference the Finish Schedule. The accompanying wall-section labeling in the broader context explicitly names the wall finish as brick wainscot with horizontal fiber board, directly identifying the material/work shown. This is a direct evidence link to the Bid Item: Furnish & Install Wall Finishes Per Finish Schedule And Elevations (Wall Covering). OCR alone is not driving the conclusion; the visual finish label and the finish-section caption provide explicit, direct evidence.",,1,683,region_000683,A-351,Furnish & Install Wall Finishes Per Finish Schedule And Elevations
SUCCESS,OTHER,XW6,"XW6 is a wall-type tag/callout visible on the wall section, not a finish specification or finish schedule entry.",NONE,WRONG,HIGH,"The highlighted region shows only the wall-type label 'XW6' and a portion of the wall, with no explicit finish description (e.g., wallpaper, paint, texture) or reference to a finish schedule. The original bid item requires furnishing and installing wall finishes per a Finish Schedule/Elevations, which requires direct identification of the finish in the region. Since the region does not directly identify the finish work, there is no direct association.",,1,684,region_000684,A-351,Furnish & Install Wall Finishes Per Finish Schedule And Elevations
SUCCESS,DETAIL,XW6 (wall section detail) showing exterior wall assembly with footing and studs; includes callout XW6,"No finish-related label or schedule entry is visible in the region; the region depicts structural components (foundation, wall studs, sheathing, insulation, gypsum board) rather than wall finishes; no explicit reference to 'wall finishes' or 'wall covering' in this crop.",NONE,WRONG,HIGH,"The highlighted region is a wall-section detail showing structural assembly (foundation, floor slab, stud wall, sheathings, insulation, interior gypsum board). There is no visible finish schedule entry, finish label, or wall covering material tied to the Bid Item. Therefore, it does not provide direct evidence that this region represents the original bid item.",,2,685,region_000685,A-351,Furnish & Install Wall Finishes Per Finish Schedule And Elevations
SUCCESS,DETAIL,XW6,"No direct finish reference found; region shows a wall-type label 'XW6' embedded in a wall-section detail with structural components (studs, insulation, vapor barrier). There are no explicit wall finish notes, materials, or finish-schedule references visible in this region.",NONE,WRONG,HIGH,"The highlighted region contains only a wall-type/section label (XW6) and underlying wall assembly details with structural elements. There is no explicit finish indication (e.g., wall covering material, finish schedule callouts, or elevations referencing finishes). The 'Furnish & Install Wall Finishes Per Finish Schedule And Elevations' bid item requires visible finish identification; this region does not provide such direct evidence. Therefore, the association is not Direct and should be considered WRONG.",,1,686,region_000686,A-351,Furnish & Install Wall Finishes Per Finish Schedule And Elevations
SUCCESS,DETAIL,"Wall section detail from A-351 showing interior living room wall assembly with studs, insulation, vapor barrier, plywood/sheathing, and gypsum board; no explicit wall finish or wall covering is identified in this region.","No direct finish tag, finish schedule reference, or explicit wall covering note visible in the highlighted region; region appears to be a structural/wall assembly detail rather than a finish annotation.",NONE,WRONG,HIGH,"The highlighted region is a wall-section detail showing the wall assembly (studs, insulation, sheathing, gypsum board, vapor barrier). It does not contain or reference a wall finish or finish schedule entry (e.g., paint, wallpaper, or wall covering) that would directly identify the Bid Item: Furnish & Install Wall Finishes Per Finish Schedule And Elevations. A room label (LIVING) and general wall-section content do not provide a direct association to the finish item per the required criteria.",,1,687,region_000687,A-351,Furnish & Install Wall Finishes Per Finish Schedule And Elevations
SUCCESS,FINISH_TAG,FG5.1,"The region shows a finish tag 'FG5.1' adjacent to the wall section detail, which is a direct reference to the Finish Schedule (Finish Group 5) used to specify wall finishes under the bid item 'Furnish & Install Wall Finishes Per Finish Schedule And Elevations' (Wall Covering).",DIRECT,RIGHT,HIGH,"The highlighted region visibly contains the finish tag FG5.1 directly adjacent to the wall finish area in the wall-section detail. This tag is intended to point to the Finish Schedule and thus directly identifies the wall finish work referenced by the bid item. It is not a room label, grid reference, or generic note, and OCR alone is not driving the decision—the image shows the direct finish-tag evidence linking to the bid item.",,1,688,region_000688,A-351,Furnish & Install Wall Finishes Per Finish Schedule And Elevations
SUCCESS,EQUIPMENT_TAG,FW22,"The highlighted region shows only the tag 'FW22' placed on a wall/structural member. There is no depiction of a window, vinyl-clad finish, window sash, or a window-specific designation. No window schedule reference or explicit 'Vinyl Windows' or 'Vinyl Clad Window' labeling is visible in this region. Therefore, there is no direct evidence linking this region to the bid item 'Furnish & Install Vinyl Clad Windows'.",NONE,WRONG,HIGH,"Direct evidence connecting the region to the bid item is absent. The region contains a component tag (FW22) on a structural/ partition element, not a window element or finish callout. Without a window-specific tag, symbol, or window schedule reference, the region does not directly identify or reference vinyl windows. Relying on same-trade or OCR alone would be indirect and not acceptable per the audit rules.",,1,689,region_000689,A-351,Furnish & Install Vinyl Clad Windows
SUCCESS,FINISH_TAG,FW22,"No direct window reference visible. The region shows only the tag 'FW22' near the wall detail; there is no window symbol, callout, or explicit label stating vinyl clad windows.",NONE,WRONG,HIGH,Direct association requires explicit evidence that the region identifies or references the bid item (vinyl clad windows). The visible content is a simple tag 'FW22' with wall detail and no window depiction or window-specific annotation. An OCR entry or a generic finish tag does not prove that this region corresponds to the vinyl window bid item per the audit rules.,,1,690,region_000690,A-351,Furnish & Install Vinyl Clad Windows
SUCCESS,DETAIL,FW22 (fenestration/window detail callout) labeled in wall section,"No explicit reference in the region to vinyl clad windows or window finish; no visible text such as 'Vinyl', 'Vinyl Clad', or a window schedule entry within the highlighted area",NONE,WRONG,MEDIUM,"The highlighted region shows a window-related callout (FW22) within a wall section, but it does not directly identify or reference the original bid item 'Furnish & Install Vinyl Clad Windows' nor show a window finish/specification. Without explicit window type/finish labeling or schedule entry in this region, there is no direct evidence linking it to the bid item.",,1,691,region_000691,A-351,Furnish & Install Vinyl Clad Windows
SUCCESS,DETAIL,"Wall-section detail of a vertical wall assembly with insulation, brick veneer, and callouts (A-521, CG1.11); no window finish or label visible within the highlighted region.",NONE,NONE,WRONG,HIGH,"The highlighted region shows a generic wall-section detail (vertical wall assembly) with structural/finish elements and detail callouts. There is no explicit label, symbol, or finish schedule entry in this region identifying 'Vinyl Clad Windows' or 'Vinyl Windows'. No window opening, window type, or window finish reference is visible that directly ties to the Bid Item. The window-related bid item would require a direct reference to vinyl windows (e.g., 'Vinyl Windows', window schedule, or a window detail label) within this region, which is not present. Therefore, the region does not directly represent the original bid item.",,2,692,region_000692,A-351,Furnish & Install Vinyl Clad Windows
SUCCESS,EQUIPMENT_TAG,FW22,"No direct evidence that FW22 refers to Vinyl Windows; FW22 appears to be a wall/fire-wall tag within a Wall Section, not a window type or window finish item.",NONE,WRONG,HIGH,"The highlighted region contains the tag 'FW22', which in the context of the wall section is a fire wall/feature label. There is no window reference, window tag, or finish callout that directly identifies or references the bid item 'Furnish & Install Vinyl Clad Windows' (Vinyl Windows). The region does not visually indicate a window or a finish/work item assigned to vinyl windows, and the OCR alone does not establish a direct association. Therefore, the region does not provide direct evidence for the original bid item.",,1,693,region_000693,A-351,Furnish & Install Vinyl Clad Windows
SUCCESS,EQUIPMENT_TAG,FW22,"The highlighted region contains the label FW22, a callout tag positioned directly on the wall-section detail (Sheet A-351, Wall Sections). This tag identifies a fenestration element (window) within the section, located adjacent to a window opening. The tag is used to reference a specific window type in fenestration drawings/schedules and directly identifies the window component rather than generic finish or nearby trades.",DIRECT,RIGHT,HIGH,"FW22 is a window/fenestration callout visible within the window area of the wall-section. This is a direct reference to a specific window item (likely a vinyl-clad window in the fenestration schedule). It is not merely a generic note or indirect relation; the region itself labels the window unit being furnished/installed, which aligns with Bid Item: Furnish & Install Vinyl Clad Windows.",,1,694,region_000694,A-351,Furnish & Install Vinyl Clad Windows
SUCCESS,DETAIL,Cross-section detail of a wall with a window opening/finishing around a window in the living area; includes framing and hatch lines but no explicit window type or vinyl/window labeling.,"No explicit indication of vinyl clad windows (no text such as 'Vinyl Window', 'Vinyl Clad', or other direct window fabrication/installation callouts). The visible callout CG1.11 appears to reference a detail, not a window type, and there is no direct label tying this region to the bid item.",NONE,WRONG,HIGH,"The highlighted region is a wall-section detail that shows a window opening element, but it does not contain explicit evidence identifying the work as 'Furnish & Install Vinyl Clad Windows'. There is no window type label, material indication, or schedule entry directly associating this region with the bid item. OCR hints (FW22) do not supersede the need for direct visual evidence. Therefore, NO DIRECT association to the bid item is demonstrated.",,1,695,region_000695,A-351,Furnish & Install Vinyl Clad Windows
SUCCESS,EQUIPMENT_TAG,FW22,"The highlighted region shows the fenestration tag FW22 located at a window opening in the wall section. This tag is used to identify the specific window unit in the fenestration schedule, directly tying the region to a window installation. The Bid Item is Furnish & Install Vinyl Clad Windows, which corresponds to vinyl window fenestration indicated by the tag and the window opening in the Living area on sheet A-351.",DIRECT,RIGHT,HIGH,"FW22 directly identifies a window unit in the region, not a general or related item. The region clearly depicts a window opening and the FW22 tag, which is an explicit reference to the window work described in the bid item.",,1,696,region_000696,A-351,Furnish & Install Vinyl Clad Windows
SUCCESS,FINISH_TAG,FB2,"The region only shows a finish tag labeled FB2; there is no explicit reference to Brick Veneer or a veneer system; no depiction of brick, veneer anchors, or backup wall.",INDIRECT,WRONG,MEDIUM,"The highlighted region contains only a finish tag (FB2) with no explicit indication of Brick Veneer or its installation details. A direct association would require visible labeling, symbols, or notes that expressly identify Brick Veneer System (e.g., “Brick Veneer,” veneer anchors, or a specific veneer assembly detail). The absence of such direct evidence means the region does not directly represent the original bid item, though it may relate to finishes in a broader sense. No assumptions beyond what is visible are made.",,2,697,region_000697,A-351,Furnish & Install Brick Veneer System
SUCCESS,FINISH_TAG,FB2,"FB2 finish tag visible in the highlighted wall-section region; the sheet A-351 cross-section is titled 'WALL SECTION - BRICK VENEER' and the highlighted area is part of that brick veneer assembly, with FB2 likely designation for the veneer finish.",DIRECT,RIGHT,HIGH,"The red-audit region contains the finish tag FB2 embedded in a wall-section drawing that is explicitly labeled as brick veneer. This provides direct evidence that the region identifies the veneer finish assigned to the bid-item scope (Furnish & Install Brick Veneer System). The region is not a generic or indirect reference (e.g., same trade or related component); it directly labels the finish for the brick veneer in the corresponding wall-section. ",,1,698,region_000698,A-351,Furnish & Install Brick Veneer System
SUCCESS,FINISH_TAG,FB2,"The region shows a circular/rounded finish tag labeled 'FB2' on the wall section. In typical architectural practice, FB2 is a finish tag corresponding to a brick veneer finish in the project legend/schedule. This tag directly designates the finish to be applied at that region, which aligns with the Bid Item 'Furnish & Install Brick Veneer System' (Brick Veneer).",DIRECT,RIGHT,HIGH,"FB2 is a finish tag visible on the wall section. The tag is used to label the finish type (brick veneer) for that exterior wall region, providing a direct indication of the bid-item work rather than a generic or indirect reference. The evidence is an explicit finish label, not an inferred or unrelated item.",,2,699,region_000699,A-351,Furnish & Install Brick Veneer System
SUCCESS,FINISH_TAG,BR1,"BR1 is a finish/tag label located on a brick veneer wall assembly in the wall section. The project legend (G-501) defines BR1 as the Brick veneer wall assembly (Westport, full-sized brick) with air gap and scheduled backup wall, i.e., the brick veneer system. The region physically depicts a brick veneer assembly element and bears the BR1 tag, directly tying to the bid item “Furnish & Install Brick Veneer System”.",DIRECT,RIGHT,HIGH,"The highlighted region shows the BR1 tag on a section of the brick veneer wall assembly. BR1 corresponds to a Brick veneer wall assembly in the project legend (G-501), which explicitly defines brick veneer as the finish/work. The region therefore directly identifies the brick veneer system rather than merely implying a related trade or adjacent work. This is not inferred from OCR alone; the visual tag BR1 and its placement on the brick veneer assembly provide direct evidence for the bid item.",,1,700,region_000700,A-351,Furnish & Install Brick Veneer System
SUCCESS,MATERIAL_TAG,BR1,"The region contains the BR1 material tag adjacent to the wall section. The project legend (G-501) defines BR1 as Brick veneer wall assembly – brick veneer (Westport, full-sized brick), air gap, scheduled backup wall, which corresponds to the Bid Item: Furnish & Install Brick Veneer System (Brick Veneer).",DIRECT,RIGHT,HIGH,"BR1 is a dedicated material tag placed on the wall-section detail and, per the legend, identifies the brick veneer assembly (brick veneer with air gap and backup wall). This directly ties the highlighted region to the Brick Veneer bid item, with no need to infer beyond the visible tag and legend reference.",,1,701,region_000701,A-351,Furnish & Install Brick Veneer System
SUCCESS,FINISH_TAG,FB2,"FB2 is a finish tag placed on the wall-section region (A-351) that corresponds to the veneer finish in the wall assembly. The sheet is a Wall Sections set showing brick veneer/wall construction, and the tag FB2 directly labels the finish category for that veneer area.",DIRECT,RIGHT,HIGH,"The highlighted region visibly contains the finish tag FB2 on a wall-section detail that is dedicated to brick veneer construction. The region therefore directly identifies the veneer finish that matches the Bid Item: Furnish & Install Brick Veneer System (Brick Veneer). The surrounding sheet context (Wall Sections) and the placement adjacent to the veneer portion provide direct evidence, not an indirect or assumed association.",,1,702,region_000702,A-351,Furnish & Install Brick Veneer System
SUCCESS,FINISH_TAG,FB2,No explicit indication of Brick Veneer or install details; region only shows a finish-code tag without the material/work label,NONE,WRONG,HIGH,"The highlighted region contains only the finish tag 'FB2' and does not explicitly identify or reference Brick Veneer, nor show any installation indication. A finish tag requires cross-reference to a finish schedule to prove association. Without such direct evidence on this region, there is no direct linkage to the Bid Item 'Furnish & Install Brick Veneer System'.",,1,703,region_000703,A-351,Furnish & Install Brick Veneer System
SUCCESS,DETAIL,BR1 (Brick Veneer region label),"The highlighted region shows a wall-detail cross-section with a BR1 designation, which corresponds to brick veneer region identifiers. Sheet A-351 (Wall Sections) and the adjacent legend reference (G-501) describe brick veneer assembly (brick veneer, air gap, backup wall), indicating the region is the brick veneer portion of the wall assembly. This provides explicit, visible evidence of brick veneer work rather than a general note or related trade.",DIRECT,RIGHT,HIGH,"The region contains a BR1 label directly associated with brick veneer in a wall-section context; the visual evidence is a veneer assembly in cross-section, not just a related or generic note.",,1,704,region_000704,A-351,Furnish & Install Brick Veneer System
SUCCESS,FINISH_TAG,FB1,FB1 finish tag indicating Brick Veneer Finish; directly maps to Brick Veneer bid item in the wall assembly.,DIRECT,RIGHT,HIGH,"1) The highlighted region shows a circular callout labeled FB1 adjacent to a wall veneer context. 2) FB1 is a finish tag, which in this drawing set is used to denote the finish material for the veneer layer. 3) The original bid item is Furnish & Install Brick Veneer System; a finish tag specifically identifying the brick veneer finish constitutes direct evidence of the bid item being represented in this region. 4) No need to rely on indirect cues or OCR; the visible finish tag itself provides direct association.",,2,705,region_000705,A-351,Furnish & Install Brick Veneer System
SUCCESS,DETAIL,FB1,"No explicit Bid Item indication is visible. The region only shows a small detail label/tag (FB1) adjacent to a wall section, with no direct reference to Brick Veneer, Brick Veneer System, or related finish/assembly. The sheet legend mentions composite siding wall assembly elsewhere (G-501), but this region itself does not show a brick veneer finish or a direct veneer detail.",NONE,WRONG,HIGH,"The highlighted region contains only a detail callout label (FB1) and a portion of a wall section. There is no visible evidence (finish labels, material callouts, or explicit brick/veneer detail) that directly identifies or references the Furnish & Install Brick Veneer System. OCR may show FB1, but the image evidence does not establish a direct association to the brick veneer bid item; it would be an indirect or unrelated reference if any.",,1,706,region_000706,A-351,Furnish & Install Brick Veneer System
SUCCESS,DETAIL,FB1; D3 A-602,NONE,NONE,WRONG,HIGH,"The highlighted region contains labels/notes (FB1 and D3 A-602) within a wall-section detail near the roof eave. There is no visible brick veneer finish, brick masonry, or a brick veneer assembly depicted in this specific region. The region shows structural wall components, roof overhang, and related details, not the brick veneer system referenced by the Bid Item (Furnish & Install Brick Veneer System) or its associated exterior cladding details. Therefore, there is no direct evidence linking this exact region to the original bid item; any association would be indirect at best, which is not acceptable per the audit rules.",,1,707,region_000707,A-351,Furnish & Install Brick Veneer System
SUCCESS,FINISH_TAG,FB1,The highlighted region contains the finish tag FB1 placed on an exterior wall section within the wall assembly. This tag directly denotes a finish finish for the wall (brick veneer context) and sits at the precise location where the brick veneer would be applied in a typical wall-section drawing.,DIRECT,RIGHT,HIGH,"FB1 is a finish tag visible on the wall-section indicating the brick veneer finish at that location. The region shows the exterior wall finish with the tag applied, providing direct evidence of brick veneer as the finish for this bid item rather than relying on general notes or related but non-specific items.",,1,708,region_000708,A-351,Furnish & Install Brick Veneer System
SUCCESS,DETAIL,BR1 (brick veneer region callout),"The highlighted BR1 tag is a region/callout used to designate a brick veneer portion of the wall section. The nearby context on sheet A-351 shows a wall-section detailing a brick veneer assembly (as indicated by the legend reference to Brick Veneer wall assembly on G-501) and the title block text on the same sheet set identifies brick wainscot/horizontal fiber board as the wall section content, which corresponds to the brick veneer system described in the Bid Item.",DIRECT,RIGHT,HIGH,"The region contains a brick veneer region callout (BR1) that directly points to the brick veneer portion of the wall section. The sheet context and legend confirm the region corresponds to the brick veneer system (fitting the Bid Item: Furnish & Install Brick Veneer System). There is direct, explicit linkage via the BR1 callout to brick veneer content, not merely an indirect relation.",,1,709,region_000709,A-351,Furnish & Install Brick Veneer System
SUCCESS,DETAIL,FB1 (circular detail callout label),"The region only shows a circular callout labeled FB1 and does not contain any text or graphic directly describing Brick Veneer, brick veneer components, or a finish/installation element. There is no visible evidence in this region that identifies or locates the Furnish & Install Brick Veneer System itself. It appears to be a cross-reference to another detail on the sheet or plan, not a direct depiction of the brick veneer work.",INDIRECT,WRONG,MEDIUM,"The region contains a detail-callout symbol (FB1) rather than explicit finish/work identification for brick veneer. It does not visually identify the brick veneer system or its installation; at best it references another detail. Therefore, there is no direct evidence that this region independently represents the original bid item (Furnish & Install Brick Veneer System).",,1,710,region_000710,A-351,Furnish & Install Brick Veneer System
SUCCESS,FINISH_TAG,FB1,"Region shows only 'FB1' finish tag; no explicit 'Brick Veneer' wording, schedule reference, or graphic indication of brick veneer within the highlighted region.",NONE,WRONG,MEDIUM,"The highlighted region contains a finish tag 'FB1' but provides no direct identification of brick veneer work. There is no explicit label, finish description, or detailing within this region that ties it unambiguously to the bid item 'Furnish & Install Brick Veneer System.'",,1,711,region_000711,A-351,Furnish & Install Brick Veneer System
SUCCESS,GRID_REFERENCE,RW4,"No direct evidence linking this region to gutters, downspouts, or associated accessories; the visible label is the grid/reference text 'RW4' rather than a bid-item identifier.",NONE,WRONG,HIGH,"The highlighted region shows the grid reference 'RW4' and does not contain any explicit indication of gutter/downspout work, finishes, schedules, or detail entries directly associated with the bid item. Per the required criteria, a grid reference is not a bid-item indicator and provides no direct drawing evidence for Furnish & Install Gutters, Downspouts, and Associated Accessories.",,1,712,region_000712,A-351,"Furnish & Install Gutters, Downspouts, and Associated Accessories"
SUCCESS,DETAIL,RW4 (roof/wall detail marker),"No direct evidence of gutters, downspouts, or associated accessories in this region; the detail shows a roof/wall intersection with structural components and roofing assembly, but no gutter/downspout element or label tying to the bid item.",NONE,WRONG,HIGH,"The highlighted region appears to be a roof-wall detail (A-351 Wall Sections) with RW4 marker. There is no visible gutter or downspout depiction, no annotation or symbol directly identifying gutters, downspouts, or related accessories. The bid item is Furnish & Install Gutters, Downspouts, and Associated Accessories, which requires direct depiction/labeling of that work in the region. Since the region does not provide direct evidence of gutters or downspouts, the association is not valid.",,1,713,region_000713,A-351,"Furnish & Install Gutters, Downspouts, and Associated Accessories"
SUCCESS,DETAIL,"Roof edge/eave construction detail showing roof deck/rafters and fascia; no gutter, downspout, or associated accessories visibly depicted.",NONE,NONE,WRONG,HIGH,"The highlighted region displays a roof-edge detail (eave) with structural members and fascia, but there is no explicit gutter, downspout, or accessory shown or labeled. The bid item is Furnish & Install Gutters, Downspouts, and Associated Accessories, which requires direct evidence of gutters/downspouts on the region. Since the region does not visibly identify or depict that work, there is no direct association to the bid item.",,1,714,region_000714,A-351,"Furnish & Install Gutters, Downspouts, and Associated Accessories"
SUCCESS,DETAIL,"DOWNSPOUT, SEE CIVIL & LANDSCAPE (C4 A-521 detail callout)",Explicit label 'DOWNSPOUT' with a detail callout referencing downspout work; region directly identifies the downspout component tied to gutters & downspouts,DIRECT,RIGHT,HIGH,"The region explicitly labels a downspout and includes a detail callout (C4 A-521), directly representing a component within the bid item scope (Furnish & Install Gutters, Downspouts, and Associated Accessories). No indirect reasoning required.",,1,715,region_000715,A-351,"Furnish & Install Gutters, Downspouts, and Associated Accessories"
SUCCESS,DETAIL,"Roof edge / eave area cross-section (RW4) showing roof assembly, fascia, and membrane; no gutters, downspouts, or gutter accessories visible.",NO,NONE,WRONG,HIGH,"The highlighted region visually depicts a roof-edge detail within a wall-section (RW4) and does not show or label gutters, downspouts, or any associated accessories. There is no explicit indication that this region references the bid item “Furnish & Install Gutters, Downspouts, and Associated Accessories.” By the audit rules, this constitutes no direct evidence for the bid item, and any association would be indirect at best, which is insufficient for a RIGHT decision.",,1,716,region_000716,A-351,"Furnish & Install Gutters, Downspouts, and Associated Accessories"
SUCCESS,MATERIAL_TAG,SELF ADHERED FLASHING MEMBRANE,"The region shows a membrane type label within the Membrane Legend. It does not explicitly reference the bid item actions (Furnish & Install) or the full scope (Self-Adhered and Flexible) nor tie to a specific location/detail on the wall. It is a legend entry, not a direct work instruction or detail for the bid item.",NONE,WRONG,HIGH,"The highlighted region is a membrane legend entry reading 'SELF ADHERED FLASHING MEMBRANE'. It is part of a legend on the General Notes page and does not itself identify the actual work to be performed (furnish & install) or the full scope (includes Flexible) of the bid item. There is no direct reference to the bid item as a task/location detail; at best it is a material type listed in a legend, which constitutes an indirect or no association rather than a direct one.",,1,717,region_000717,A-351,Furnish & Install Self-Adhered and Flexible Flashing Membrane
SUCCESS,SPECIFICATION_TEXT,CONTINUOUS FLEXIBLE SILICONE MEMBRANE FLASHING (shown as an item in the Membrane Legend on Sheet A-351),"No direct evidence that the highlighted region itself identifies or labels the specific work to be performed at a location on the drawing. The text is part of a membrane legend describing a line type/material, not a callout for furnishing/installation at a defined region.",NONE,WRONG,HIGH,"The highlighted region is part of a legend (Membrane Legend) listing types of membrane flashing. While the OCR text matches the bid item wording, the region does not directly identify a concrete work location, assembly, or finish tied to a specific region in the drawing. The Legend is a specification/notation aid, not a direct depiction or callout of the furnishing/installation work for this bid item. Per the rules, specification text in this context does not constitute direct evidence of the bid item for this specific region. Therefore, no direct association is established.",,1,718,region_000718,A-351,Furnish & Install Continuous Flexible Silicone Membrane Flashing
SUCCESS,MATERIAL_TAG,SELF-ADHERED SINGLE-PLY ROOFING MEMBRANE,"The region contains the exact material label shown in the bid item (Self-Adhered Single-Ply Roofing Membrane) as part of the Membrane Legend, directly identifying the material referenced by the bid item.",DIRECT,RIGHT,HIGH,"The highlighted region visibly includes the exact material designation 'SELF-ADHERED SINGLE-PLY ROOFING MEMBRANE' within the Membrane Legend on this sheet. This is a material-label evidence directly identifying the work/material of the bid item (Furnish & Install Self-Adhered Single-Ply Roofing Membrane) rather than a general note, room label, or indirect association. The evidence is explicit and not inferred from OCR alone.",,2,719,region_000719,A-351,Furnish & Install Self-Adhered Single-Ply Roofing Membrane
SUCCESS,MATERIAL_TAG,"ROOF UNDERLAYMENT, HIGH TEMP","The region text exactly reads 'ROOF UNDERLAYMENT, HIGH TEMP', which corresponds to the Bid Item 'Furnish & Install High Temperature Roof Underlayment'",DIRECT,RIGHT,HIGH,"The highlighted area shows a membrane legend entry with the exact material descriptor 'ROOF UNDERLAYMENT, HIGH TEMP'. This directly identifies the material/work referenced by the bid item (high temperature roof underlayment) rather than merely indicating related or adjacent work. There is no need to infer from same-trade or general notes; the label itself is a direct reference to the bid item. Evidence is visible on the membrane legend on Sheet A-351. ",,2,720,region_000720,A-351,Furnish & Install High Temperature Roof Underlayment
SUCCESS,MATERIAL_TAG,Membrane Legend entry: Self-Adhered Foil-Faced Membrane,DIRECT,DIRECT,RIGHT,HIGH,"The highlighted region clearly shows the Membrane Legend with an explicit item labeled “SELF ADHERED FOIL-FACED MEMBRANE.” This is a direct identification of the material/work category listed in the Bid Item (Furnish & Install Self-Adhered Foil-Faced Membrane). The region is not a room label, general note, or unrelated specification text; it directly labels the membrane type that the bid item concerns. Therefore, the evidence is direct and unambiguous, supporting a RIGHT decision with HIGH confidence.",,1,721,region_000721,A-351,Furnish & Install Self-Adhered Foil-Faced Membrane
SUCCESS,SPECIFICATION_TEXT,ICE & WATER SHIELD,"The region shows 'ICE & WATER SHIELD' as part of the Membrane Legend, directly labeling the membrane material to be installed; this matches the original bid item 'Furnish & Install Ice And Water Shield Membrane'.",DIRECT,RIGHT,HIGH,"Region content exactly 'ICE & WATER SHIELD' appears in the Membrane Legend, which directly identifies the membrane material to be used. It is a direct material label (not a room label, grid, or general note) and corresponds to the bid item without requiring interpretation. No assumption needed.",,1,722,region_000722,A-351,Furnish & Install Ice And Water Shield Membrane
SUCCESS,SPECIFICATION_TEXT,WEATHER RESISTANT BARRIER (WRB),"The region shows the exact bid-item name 'WEATHER RESISTANT BARRIER (WRB)' as an entry in the Membrane Legend on Sheet A-351, which directly identifies the WRB material referenced by the bid item.",DIRECT,RIGHT,HIGH,The highlighted region contains the text 'WEATHER RESISTANT BARRIER (WRB)' within the Membrane Legend (a legend detailing membrane types). This is a direct label of the material (WRB) and matches the original bid item 'Furnish & Install Weather Resistant Barrier (WRB)'. It is not a generic note or unrelated text; it explicitly identifies the bid-item material and its labeling in the drawing. No reliance on indirect reasoning is needed.,,1,723,region_000723,A-351,Furnish & Install Weather Resistant Barrier (WRB)
SUCCESS,FINISH_TAG,VAPOR CONTROL LAYER (VCL),"Legend entry 'VAPOR CONTROL LAYER (VCL)' in the MEMBRANE LEGEND (sheet A-351) directly labels the vapor control layer, aligning with Bid Item 'Furnish & Install Vapor Control Layer (VCL) And Smart Vapor Retarder'.",DIRECT,RIGHT,HIGH,"The highlighted region visibly contains the exact label 'VAPOR CONTROL LAYER (VCL)' within the Membrane Legend, which directly identifies the finish/work referenced by the bid item. It is not a generic note or indirect reference; it explicitly designates the vapor control layer as the item.",,2,724,region_000724,A-351,Furnish & Install Vapor Control Layer (VCL) And Smart Vapor Retarder
SUCCESS,SPECIFICATION_TEXT,SMART VAPOR RETARDER,"The highlighted region shows the membrane legend entry 'SMART VAPOR RETARDER' on the Membrane Legend. This directly names the Smart Vapor Retarder, which is a defined element of the bid item (Furnish & Install Vapor Control Layer (VCL) And Smart Vapor Retarder). It is not mere contextual text; it explicitly references the exact material specified in the bid item.",DIRECT,RIGHT,HIGH,"The region content is a legend entry that exactly labels the Smart Vapor Retarder, a component specified in the bid item. This is a direct identification of the material/work (not an indirect cue like trade, room, or related notes). The evidence is unambiguous in the image: the legend lists 'SMART VAPOR RETARDER' as a distinct item, which directly aligns with the bid item. OCR hints are not required for this conclusion; the visual label itself provides the direct link.",,2,725,region_000725,A-351,Furnish & Install Vapor Control Layer (VCL) And Smart Vapor Retarder
SUCCESS,SPECIFICATION_TEXT,"VAPOR BARRIER, BELOW SLAB",DIRECT,DIRECT,RIGHT,HIGH,"The highlighted region contains the exact phrase “VAPOR BARRIER, BELOW SLAB” as a legend entry on sheet A-351. This text directly names the barrier below the slab, which matches the bid item wording “Furnish & Install Below Slab Vapor Barrier.” The region therefore explicitly identifies the work type (vapor barrier below slab) rather than a generic note or an indirect cue, satisfying direct association with the bid item. OCR may confirm the text, but the visual evidence (legend entry) provides the direct link.",,2,726,region_000726,A-351,Furnish & Install Below Slab Vapor Barrier
SUCCESS,MATERIAL_TAG,BELOW GRADE DAMPPROOFING,"The region text exactly matches the bid item scope 'Below Grade Dampproofing' (from Bid Item: Furnish & Install Below Grade Dampproofing). It appears in the MEMBRANE LEGEND as a material label, directly identifying the work.",DIRECT,RIGHT,HIGH,The highlighted region contains the exact material name 'BELOW GRADE DAMPPROOFING' in the MEMBRANE LEGEND. This is a direct label of the material/work and corresponds identically to the bid item 'Furnish & Install Below Grade Dampproofing'. No inference or indirect reasoning is required.,,1,727,region_000727,A-351,Furnish & Install Below Grade Dampproofing
SUCCESS,FINISH_TAG,FLUID-APPLIED WATERPROOFING,Legend/finish listing on the sheet; does not tie to a specific location or detail that shows installation of fluid-applied waterproofing for a below-grade area.,NONE,WRONG,HIGH,"The highlighted region appears to be a legend/finish label reading 'FLUID-APPLIED WATERPROOFING' rather than a region that directly identifies, locates, or references the actual below-grade waterproofing work. Specification text or legend entries are not direct evidence of the bid item in a specific drawing region, per the required direct association criteria.",,1,728,region_000728,A-351,Furnish & Install Fluid-Applied Waterproofing
SUCCESS,DETAIL,CG1.11 corner guard detail callout,"CG1.11 callout visible on the region, explicitly indicating a corner guard detail/installation",DIRECT,RIGHT,HIGH,"The highlighted region contains the label CG1.11, which is a detail callout referencing a corner guard. This is a direct drawing evidence of the specific bid item (Furnish & Install Corner Guards). The region shows the corner area where such guards would be installed and the CG1.11 tag directly ties to the corner guard detail, not merely related finish or same-trade work. No assumption or OCR-only inference used.",,1,729,region_000729,A-351,Furnish & Install Corner Guards
SUCCESS,EQUIPMENT_TAG,CG1.11,"The highlighted region displays the callout tag CG1.11, which is an equipment tag/callout convention used to designate a corner guard element. This directly references the corner guard work (Furnish & Install Corner Guards) specified in the Bid Item. The tag appears in the wall-section context, aligning with where corner guards would be installed.",DIRECT,RIGHT,HIGH,"CG1.11 is a explicit corner guard callout/tag in the drawing region, directly tying to the bid item 'Furnish & Install Corner Guards' rather than merely implying related work. The evidence is visual (the CG1.11 tag) and not inferred from OCR or adjacent trades.",,1,730,region_000730,A-351,Furnish & Install Corner Guards
SUCCESS,DETAIL,CG1.11,"The highlighted region contains the callout CG1.11, which is a detail/reference tag for a Corner Guard work item. This region appears on the wall-section context and explicitly labels the corner-guard related detail, aligning with the Bid Item: Furnish & Install Corner Guards (Corner & Wall Guards).",DIRECT,RIGHT,HIGH,"The tightly-cropped region shows a CG1.11 callout adjacent to a wall corner, which is a direct identifier for a corner-guard detail. The original bid item is 'Furnish & Install Corner Guards,' and the region’s labeling is a direct reference to a corner-guard detail/work item rather than a generic finish or unrelated label. The evidence is visual (the CG1.11 callout) rather than inferred from OCR or adjacent trades.",,1,731,region_000731,A-351,Furnish & Install Corner Guards
SUCCESS,DETAIL,CG1.11 (corner guard detail tag),"CG1.11 is a corner guard detail callout adjacent to the wall/corner in the wall section, directly linking this region to the corner guard work item",DIRECT,RIGHT,HIGH,"The highlighted region shows aCG1.11 detail callout placed at a wall corner in the A-351 Wall Sections. The label CG1.11 directly denotes a corner guard detail, which is the explicit work item in the bid: Furnish & Install Corner Guards. This is a direct representation (the region itself visibly identifies the specific corner guard detail and its location) rather than an indirect or informational note. No assumption beyond the visible CG1.11 designation is needed.",,1,732,region_000732,A-351,Furnish & Install Corner Guards
SUCCESS,EQUIPMENT_TAG,CG1.11,"The highlighted region shows the tag/text CG1.11 directly adjacent to the wall corner, which is a dedicated equipment tag referencing the Corner Guard items. This tag corresponds to the bid item 'Furnish & Install Corner Guards' (Corner Guards) on the sheet, serving as a direct indication of the specific work item.",DIRECT,RIGHT,HIGH,"CG1.11 is a specific corner-guard equipment tag/callout visible on the region. This is a direct reference to the corner guard work item rather than an indirect or incidental connection (e.g., same trade or general finish). The evidence is explicit in the drawing region itself, not inferred from other data.",,2,733,region_000733,A-351,Furnish & Install Corner Guards
SUCCESS,EQUIPMENT_TAG,CG1.11,"The region shows the tag 'CG1.11', which is a corner-guard identifier used to designate a corner guard element in the bid item scope. Its placement on the wall-section indicates a specific corner guard location, linking directly to the 'Corner Guards' bid item.",DIRECT,RIGHT,HIGH,"The highlighted area contains the explicit corner-guard tag CG1.11, which directly identifies the work to furnish & install corner guards. The tag is placed in the wall-section region where a corner guard would be installed, providing a direct reference to the bid item rather than an indirect association (e.g., room name, trade, or unrelated text).",,1,734,region_000734,A-351,Furnish & Install Corner Guards
SUCCESS,DETAIL,CG1.11,"The region shows the callout CG1.11, which is a detail reference for Corner Guards, directly aligning with the bid item 'Furnish & Install Corner Guards' (Corner & Wall Guards).",DIRECT,RIGHT,HIGH,"CG1.11 is visible in the highlighted region as a detail/callout label specific to Corner Guards. This is not a generic finish or room label; it is a direct reference to the corner-guard work and is located on the wall-section sheet (A-351) where such details are typically depicted. The whole-sheet locator confirms the region corresponds to the corner-guard detail area, and the OCR text CG1.11 corroborates the intent. Therefore, there is a direct, unambiguous association with the bid item.",,1,735,region_000735,A-351,Furnish & Install Corner Guards
SUCCESS,DETAIL,CG1.11 callout label for a corner guard detail at a wall corner (corner guard assembly shown/ referenced by CG1.11),"The region shows a CG1.11 callout, which is an explicit corner-guard reference on the wall-section drawing. This directly corresponds to the bid item 'Furnish & Install Corner Guards' (Corner & Wall Guards).",DIRECT,RIGHT,HIGH,"The highlighted region contains the exact corner-guard detail identifier (CG1.11) and appears as a dedicated corner-guard detail within the wall sections. This is a direct reference to the corner guard work, not just related or similar trade work. No inference from OCR or indirect cues is required.",,1,736,region_000736,A-351,Furnish & Install Corner Guards
SUCCESS,DETAIL,CG1.11,CG1.11 is a corner guard detail callout; it directly references the corner guard work.,DIRECT,RIGHT,HIGH,"The highlighted region shows the label CG1.11, a detail callout that represents a corner guard element in the wall section. This is a direct identifier for the corner guard work on the bid item (Furnish & Install Corner Guards), not merely related by category or trade. The region itself functions as a direct drawing reference to the corner guard detail, not an indirect association.",,1,737,region_000737,A-351,Furnish & Install Corner Guards
SUCCESS,DETAIL,CG1.11,"Detail callout CG1.11 present in the highlighted region; CG1.11 is the explicit detail reference for a Corner Guard/Corner & Wall Guard installation, which matches the Bid Item: Furnish & Install Corner Guards.",DIRECT,RIGHT,HIGH,The region shows a detail label CG1.11 within a wall-section context. CG1.11 directly identifies the specific corner guard detail referenced in the bid item (Corner Guards). No indirect or ambiguous evidence present; the evidence is a direct callout to a corner guard detail.,,1,738,region_000738,A-351,Furnish & Install Corner Guards
SUCCESS,DETAIL,CG1.11,"The region contains the callout label CG1.11, which denotes a Corner Guard detail reference. The bid item is Furnish & Install Corner Guards, i.e., corner guards. This CG1.11 callout directly identifies the specific corner-guard work to be performed, not just related or incidental content.",DIRECT,RIGHT,HIGH,"CG1.11 is a direct detail reference for a corner guard, matching the bid item 'Furnish & Install Corner Guards'. The region’s label is a specific corner-guard detail callout, not an indirect or generic indication.",,1,739,region_000739,A-351,Furnish & Install Corner Guards
SUCCESS,EQUIPMENT_TAG,CG1.11,"The region shows the callout tag CG1.11, which is a dedicated equipment tag for corner guards; CG denotes Corner Guards and corresponds to the bid item ""Furnish & Install Corner Guards"" / ""Corner & Wall Guards.""",DIRECT,RIGHT,HIGH,"The highlighted region contains the CG1.11 equipment tag, a direct identifier of the corner guard item. This tag explicitly references the corner guard work and is not inferred from related trades or general notes; it directly ties to the original bid item.",,1,740,region_000740,A-351,Furnish & Install Corner Guards
SUCCESS,FINISH_TAG,LIVING A; GB-1; P-1; RB-1; C-1; 180 SF,"GB-1 appears as the gypsum board type tag in the finish-tag cluster for Living A, with an associated area of 180 SF.",DIRECT,RIGHT,HIGH,"The highlighted region visibly shows a finish-tag cluster for the Living A area that includes GB-1, which directly corresponds to the bid item 'Furnish & Install Gypsum Board Type GB-1'. The presence of the GB-1 tag (Gypsum Board) and the stated area (180 SF) provide a direct reference to the bid item and its scope in this region.",,1,741,region_000741,A-421,Furnish & Install Gypsum Board Type GB-1
SUCCESS,FINISH_TAG,BEDROOM G GB-1 P-1 CB-1 C-1 128 SF,GB-1 directly corresponds to Gypsum Board Type GB-1 in the Bid Item (Furnish & Install Gypsum Board Type GB-1).,DIRECT,RIGHT,HIGH,"The highlighted region visibly includes the finish tag GB-1 in the room label block for Bedroom G, along with related finish identifiers (P-1, CB-1, C-1) and an area (128 SF). GB-1 is the exact bid item code for Gypsum Board Type GB-1, matching the requirement to directly identify the bid item. This is not merely a room label or indirect reference; the GB-1 tag itself is a direct finish reference tied to the bid item.",,1,742,region_000742,A-421,Furnish & Install Gypsum Board Type GB-1
SUCCESS,FINISH_TAG,"PRIMARY BEDROOM – GB-1 (Gypsum Board) finish tag; P-1, CB-1, C-1; 141 SF","GB-1 is shown as the gypsum board type associated with the PRIMARY BEDROOM finish tag, directly matching the bid item 'Furnish & Install Gypsum Board Type GB-1'.",DIRECT,RIGHT,HIGH,"The highlighted region visibly contains the finish code GB-1 within a finish tag for the PRIMARY BEDROOM, which directly identifies the gypsum board type referenced by the bid item. There is no need for interpretive or indirect reasoning.",,1,743,region_000743,A-421,Furnish & Install Gypsum Board Type GB-1
SUCCESS,FINISH_TAG,KITCHEN B GB-1 P-1 RB-1/RB-2 LVT-1 132 SF,"GB-1 appears as a gypsum board finish designation within a kitchen finish cell, directly linking to Gypsum Board GB-1 in the Bid Item.",DIRECT,RIGHT,HIGH,"The region shows a finish code GB-1 (Gypsum Board) in the Kitchen finish cell, along with related finish codes (P-1, RB-1/RB-2, LVT-1) and the area (132 SF). This is a direct indication of the gypsum board work for that space, matching the Bid Item Furnish & Install Gypsum Board Type GB-1. It is not merely a room label or a general note; it explicitly identifies the material to be installed in this region.",,1,744,region_000744,A-421,Furnish & Install Gypsum Board Type GB-1
SUCCESS,SCHEDULE,LAUNDRY E GB-1 P-1 TB-1 T-2 59 SF,"The region lists Laundry E and GB-1 within a finish schedule cell, i.e., Gypsum Board Type GB-1, with 59 SF area, indicating the gypsum board work to be furnished and installed for that room.",DIRECT,RIGHT,HIGH,The region content explicitly shows Laundry E and Gypsum Board Type GB-1 as a finish item with the area (59 SF). This is a direct reference to the bid item 'Furnish & Install Gypsum Board Type GB-1' rather than a general or indirect association.,,1,745,region_000745,A-421,Furnish & Install Gypsum Board Type GB-1
SUCCESS,FINISH_TAG,HALL H GB-1 P-1 RB-1 LVT-1 71 SF,"The region explicitly lists GB-1 (Gypsum Board type GB-1) and an area of 71 SF next to the HALL label, identifying gypsum board work directly within this region.",DIRECT,RIGHT,HIGH,GB-1 is present as a finish tag within the region and is paired with the hall area and a quantified area (71 SF); this constitutes direct identification of the bid item 'Furnish & Install Gypsum Board Type GB-1'. No indirect reasoning or cross-reference is required.,,1,746,region_000746,A-421,Furnish & Install Gypsum Board Type GB-1
SUCCESS,FINISH_TAG,MECH M GB-1 P-1 RB-1 EF-1 34 SF,"The region contains GB-1, explicitly labeled as Gypsum Board Type GB-1, within a finish tag for the Mech area, including a quantified area (34 SF). This directly identifies the gypsum board type required by the Bid Item.",DIRECT,RIGHT,HIGH,"The highlighted region visibly shows a finish tag listing GB-1 (Gypsum Board Type GB-1) with a mechanical area designation and area quantity. This is direct evidence of the Bid Item Furnish & Install Gypsum Board Type GB-1, not merely an indirect association.",,1,747,region_000747,A-421,Furnish & Install Gypsum Board Type GB-1
SUCCESS,SCHEDULE,CLOSET C GB-1 P-1 RB-1 LVT-1 9 SF,GB-1 appears in the region as the gypsum board finish tag for Closet C; it is the exact code from the bid item (Gypsum Board Type GB-1).,DIRECT,RIGHT,HIGH,"The highlighted region shows a finish-schedule style line for Closet C that includes GB-1 explicitly. GB-1 is the exact gypsum board type from the Bid Item (Furnish & Install Gypsum Board Type GB-1). This region directly identifies the material/work (gypsum board) and the specific type (GB-1) rather than merely implying a related finish. It is not a generic room label or a grid reference; it is a schedule entry that assigns the bid item code (GB-1) to Closet C, with additional finishes (P-1, RB-1, LVT-1, 9 SF) that support the schedule context. Therefore the association is direct and correct.",,1,748,region_000748,A-421,Furnish & Install Gypsum Board Type GB-1
SUCCESS,FINISH_TAG,BATH D GB-2 EP-1 TB-1 T-2 49 SF,"The region lists GB-2 (Gypsum Board Type GB-2) in the Bath D finish block along with related finish codes and an area of 49 SF, which directly corresponds to the bid item 'Furnish & Install Gypsum Board Type GB-2'.",DIRECT,RIGHT,HIGH,"The highlighted region visibly shows GB-2 designated for a bath area (Bath D) with a measured area (49 SF). This directly identifies the gypsum board type GB-2 as the required bid item and provides explicit evidence of the work and material to be furnished and installed, not merely related or inferred from other data.",,1,749,region_000749,A-421,Furnish & Install Gypsum Board Type GB-2
SUCCESS,GENERAL_NOTE,"C. WHERE THE FINISH SCHEDULE OR INTERIOR ELEVATIONS CALL FOR TILE, REPLACE GYPSUM BOARD SHOWN IN THAT WALL'S ASSEMBLY WITH TILE BACKER BOARD WHERE TILE OCCURS. REPLACE OTHER GYPSUM BOARD SHOWN IN THAT WALL'S ASSEMBLY WITH MOISTURE RESISTANT GYPSUM BOARD WHERE NO TILE OCCURS.",Explicit references to tile backer board and moisture resistant gypsum board in the region text; This directly aligns with Bid Item: Furnish & Install Tile Backer Board And Moisture Resistant Gypsum Board In Wet Areas.,DIRECT,RIGHT,HIGH,"The highlighted region is a GENERAL NOTE that explicitly instructs to use tile backer board where tile occurs and moisture resistant gypsum board where tile does not occur. These are exactly the materials described in the original bid item, providing a direct association between the region and the bid item.",,2,750,region_000750,A-421,Furnish & Install Tile Backer Board And Moisture Resistant Gypsum Board In Wet Areas
SUCCESS,GENERAL_NOTE,G. ALL SOFFIT DIMENSIONS ARE TO FACE OF FINISH MATERIAL.,NONE,NONE,WRONG,HIGH,"The highlighted region contains a General Note about soffit dimensions and finish material, not a direct reference to the bid item. It does not identify, label, locate, or explicitly reference the original bid item (Furnish & Install Wall Framing Continuous To Deck). There is no direct evidence connecting this region to wall framing; any link would be indirect and not sufficient for a RIGHT association.",,1,751,region_000751,A-421,Furnish & Install Wall Framing Continuous To Deck And As Per General Notes
SUCCESS,GENERAL_NOTE,GENERAL NOTES - ENLARGED FLOOR PLANS (header and related notes text),"No direct reference to Furnish & Install Wall Framing or Metal Framing; region shows general notes only (ceiling heights, finishes, etc.) and a stamp, not a bid-item label, schedule, or detail explicitly identifying wall framing.",NONE,WRONG,HIGH,"1) The region is a GENERAL NOTES block labeled 'GENERAL NOTES - ENLARGED FLOOR PLANS' with bullet-type content about ceiling heights and related notes, not a component that directly names or details wall framing or metal framing. 2) There is no explicit text, label, schedule, or detail that identifiably corresponds to the Bid Item 'Furnish & Install Wall Framing Continuous To Deck And As Per General Notes' (Metal Framing). 3) Without relying on OCR hints, the visual evidence does not show a direct association to the bid item; the content is generic notes applicable to multiple aspects of the plan set. 4) Therefore, the region does not provide DIRECT evidence linking it to the bid item; the correct classification is NONE, and the overall decision is WRONG. ",,1,752,region_000752,A-421,Furnish & Install Wall Framing Continuous To Deck And As Per General Notes
SUCCESS,GENERAL_NOTE,A. ALL NEW WALL ASSEMBLIES ARE CONTINUOUS TO BOTTOM OF DECK UNLESS NOTED OTHERWISE.,"The visible general note directly states that all new wall assemblies are continuous to the bottom of the deck, which corresponds to the bid item requirement to furnish and install wall framing continuous to the deck.",DIRECT,RIGHT,HIGH,"The region contains a general note explicitly describing the performance requirement for wall assemblies (continuous to the bottom of the deck). This directly matches the bid item scope (Furnish & Install Wall Framing Continuous To Deck), not merely an indirect or related concept.",,1,753,region_000753,A-421,Furnish & Install Wall Framing Continuous To Deck And As Per General Notes
SUCCESS,GENERAL_NOTE,D. PROVIDE REQUIRED BLOCKING AND SUPPORT FOR CEILING FANS AND ALL OTHER CEILING MOUNTED FIXTURES.,Region states generic blocking for ceiling fixtures; no explicit reference to 'WOOD BLOCKING' or 'BACKING' or the exact bid item phrasing.,NONE,WRONG,HIGH,"The region shows a general blocking requirement for ceiling fixtures but does not explicitly identify or reference the original bid item 'Furnish & Install Wood Blocking and Backing' (no 'wood' or 'backing' specified). Therefore there is no direct evidence tying this region to the bid item; at best it is an indirect/similar concept, not a direct association.",,1,754,region_000754,A-421,Furnish & Install Wood Blocking and Backing
SUCCESS,GENERAL_NOTE,"D. PROVIDE BACKING / SUPPORT FOR ALL MOUNTED FIXTURES, EQUIPMENT, CASEWORK, AND/OR SYSTEMS FURNITURE. COORDINATE WITH FLOOR PLANS, AND INTERIOR ELEVATIONS PRIOR TO THE COVERING OF STUD FRAMING. REFER TO MANUFACTURER'S RECOMMENDATIONS WHERE APPLICABLE, OTHERWISE REFER TO DETAILS ON A700S SHEET SERIES.",No explicit reference to 'Furnish & Install Wood Blocking and Backing' or to a specific 'Blocking' detail; the text only states a general backing requirement.,INDIRECT,WRONG,HIGH,"The region is a general note about backing for fixtures/equipment and does not directly identify or label the bid item (Furnish & Install Wood Blocking and Backing). It does not explicitly reference 'wood blocking' or an associated detail/schedule that maps unambiguously to the bid item. Therefore, it does not meet the DIRECT association requirement; the link is only indirect.",,1,755,region_000755,A-421,Furnish & Install Wood Blocking and Backing
SUCCESS,GENERAL_NOTE,"D. PROVIDE BACKING / SUPPORT FOR ALL MOUNTED FIXTURES, EQUIPMENT, CASEWORK, AND/OR SYSTEMS FURNITURE. COORDINATE WITH FLOOR PLANS, AND INTERIOR ELEVATIONS PRIOR TO THE COVERING OF STUD FRAMING. REFER TO MANUFACTURER'S RECOMMENDATIONS WHERE APPLICABLE, OTHERWISE REFER TO DETAILS ON A700s SHEET SERIES.","Contains the word BACKING and discusses backing/support for fixtures, which conceptually aligns with the 'Backing' portion of the bid item but does not explicitly state or illustrate 'WOOD BLOCKING' or tie to a specific location/detail for blocking.",INDIRECT,WRONG,MEDIUM,"The region explicitly mentions BACKING as a requirement, which relates to part of the bid item, but it does not explicitly identify 'Wood Blocking' nor link to a specific location, finish, or detail that would prove a direct association to the ORIGINAL BID ITEM as furnished. It is a general note rather than a direct depiction of the wood blocking/work.",,1,756,region_000756,A-421,Furnish & Install Wood Blocking and Backing
SUCCESS,GENERAL_NOTE,F. LIGHT FIXTURES IN CEILINGS TO RECEIVE BATT INSULATION ON TOP SHALL HAVE A BOX OUT TO PROTECT THE INSULATION FROM THE HEAT OF THE LIGHT SOURCE.,"Region explicitly references a ""BOX OUT"" for insulation around light fixtures, which corresponds to the insulation accessory (Box Outs) in the Bid Item: Furnish & Install Insulation Accessories (Baffles And Box Outs).",DIRECT,RIGHT,HIGH,"The region text directly mentions a box out (insulation accessory) in the context of ceiling lighting and insulation, which is a direct reference to the bid item’s scope (Box Outs as part of Insulation Accessories). The note uses the exact term 'BOX OUT' and ties it to insulation, aligning specifically with the bid item components rather than merely implying a related trade. ",,1,757,region_000757,A-421,Furnish & Install Insulation Accessories (Baffles And Box Outs)
SUCCESS,PLAN_GEOMETRY,"Bathroom interior fixture layout (tub, toilet, sink) within the bath area of Unit 2 finish floor plan.","No direct evidence of gutters, downspouts, or associated accessories in this region; no finishing or equipment tags pointing to exterior drainage components.",NONE,WRONG,HIGH,"The highlighted region shows an interior bathroom layout with plumbing fixtures, not any gutter or downspout work. There is no direct indication (label, symbol, or detail) that ties this region to the bid item 'Furnish & Install Gutters, Downspouts, and Associated Accessories'. OCR text is not considered decisive evidence, and the region does not explicitly reference the bid item.",,1,758,region_000758,A-421,"Furnish & Install Gutters, Downspouts, and Associated Accessories"
SUCCESS,EQUIPMENT_TAG,DS,"The highlighted region shows a DS tag, which, per the project legend (G-002.3), stands for DOWNSPOUT. This region is located along an exterior wall where downspouts are typically placed, directly labeling the bid-item element (downspouts) rather than a generic note or unrelated detail.",DIRECT,RIGHT,HIGH,"The region visibly contains the DS equipment tag, and the legend explicitly defines DS as DOWNSPOUT. This is a direct label for a component of the bid item (gutters, downspouts, and associated accessories) and not merely an indirect reference (same trade, similar scope, or a related but non-identifying note). The evidence is textual/graphic within the region and tied to the specific downspout work on the exterior, satisfying the 'direct association' criterion.",,1,759,region_000759,A-421,"Furnish & Install Gutters, Downspouts, and Associated Accessories"
SUCCESS,GENERAL_NOTE,SEE G SERIES SHEETS FOR EXPANSION JOINT SCHEDULE.,SEE G SERIES SHEETS FOR EXPANSION JOINT SCHEDULE.,DIRECT,RIGHT,HIGH,"The highlighted region contains the explicit General Note line 'SEE G SERIES SHEETS FOR EXPANSION JOINT SCHEDULE.' This directly references the expansion joint schedule on another sheet, which is the specific scope related to the Bid Item 'Furnish & Install Expansion Joint Systems, Fillers, and Sealants' (Expansion Joint Sealants). Although it does not show the physical work itself, it directly points to the schedule that defines the expansion joint requirements, fulfilling a direct association rather than a mere indirect or speculative link.",,1,760,region_000760,A-421,"Furnish & Install Expansion Joint Systems, Fillers, and Sealants"
SUCCESS,GENERAL_NOTE,SOME UNITS MAY BE MIRRORED IN OVERALL PLANS OR UNIT SCHEDULE. DOOR HANDINGS AND LOCKSETS WILL BE REVERSED.,NONE,INDIRECT,WRONG,MEDIUM,"The highlighted text is a general note about potential unit mirroring and reversed door handings. It does not label, identify, or explicitly reference the specific bid item work (Furnish & Install Coordination For Reversed Door Handings In Mirrored Units) as a task or detail. Although it mentions reversed handings, it is not a direct coordinate/install instruction or schedule entry for the bid item, so the association is indirect rather than direct.",,1,761,region_000761,A-421,Furnish & Install Coordination For Reversed Door Handings In Mirrored Units
SUCCESS,GENERAL_NOTE,"I. WHERE DOOR LOCATIONS ARE NOT DIMENSIONED, SEE DETAILS REFERENCED IN DOOR SCHEDULE BY SPECIFIC CONDITION. OTHERWISE, THE HINGE SIDE OF DOOR ROUGH OPENINGS SHALL BE LOCATED 4"" FROM THE ADJACENT PERPENDICULAR WALL, SUBJECT TO MAINTENANCE OF REQUIRED ADA CLEARANCES REFERENCED IN THE G700s SHEET SERIES.",No direct evidence linking to Bid Item: Furnish & Install Coordination For Reversed Door Handings In Mirrored Units.,INDIRECT,WRONG,HIGH,"The region shown is a GENERAL NOTE about door locations and hinge-side offsets, referencing the door schedule and ADA clearances. It does not explicitly identify, label, or indicate any coordination task specific to reversed door handings in mirrored units. Therefore there is no direct evidence connecting this region to the bid item; any relevance is indirect at best.",,1,762,region_000762,A-421,Furnish & Install Coordination For Reversed Door Handings In Mirrored Units
SUCCESS,SCHEDULE,"BATH finish schedule region showing floor tile assignment: tile type T-2 with an area of 49 SF (tile-related callouts TB-1, GB-2, EP-1 also present).","The Bath finish schedule explicitly lists a floor tile (T-2) and its area (49 SF), directly identifying floor tile work relevant to the bid item Furnish & Install Floor Tile.",DIRECT,RIGHT,HIGH,"The highlighted region contains a Bath finish schedule entry that explicitly specifies floor tile (tile type T-2) and the area (49 SF). This is a direct reference to the tile work rather than a generic room label or an indirect note, satisfying the direct association criteria for the bid item.",,1,763,region_000763,A-421,Furnish & Install Floor Tile
SUCCESS,SCHEDULE,Laundry finish schedule entry with tile code T-2 and area 59 SF (Unit 2 Finish Floor Plan).,"Region shows a finish code (T-2) for Laundry with an associated area (59 SF) within the Unit 2 Finish Floor Plan, directly indicating tile installation as the finish for that space.",DIRECT,RIGHT,HIGH,The highlighted region explicitly lists the Laundry space and assigns tile finish T-2 with a specific area (59 SF) in the Finish Floor Plan. This directly identifies floor tile work for that room and aligns with the bid item 'Furnish & Install Floor Tile'.,,1,764,region_000764,A-421,Furnish & Install Floor Tile
SUCCESS,FINISH_TAG,BATH D GB-2 EP-1 TB-1 T-2 49 SF,"Region shows TB-1 (Tile Base 1) listed under BATH D with a 49 SF area, indicating a tile base finish for that bath area.",DIRECT,RIGHT,HIGH,"The highlighted region explicitly lists TB-1 (Tile Base 1) within the BATH D finish block and provides an area (49 SF). The original bid item is Furnish & Install Tile Base, Ceramic & Porcelain Tile. TB-1 directly identifies the tile base finish to be installed in this region, satisfying a direct association rather than an indirect inference.",,1,765,region_000765,A-421,Furnish & Install Tile Base
SUCCESS,FINISH_TAG,"Laundry area finish callout including TB-1 (tile base) along with other finish codes (GB-1, P-1, T-2) and area 59 SF.","TB-1 is a tile-base finish tag directly shown in the laundry region, identifying the tile-base work that matches the bid item: Furnish & Install Tile Base (Ceramic & Porcelain Tile).",DIRECT,RIGHT,HIGH,"The highlighted region explicitly shows the finish tag TB-1 for the Laundry area, which is the tile-base finish. This provides direct evidence of tile-base work in the exact region. The bid item is Furnish & Install Tile Base, so TB-1 directly corresponds to the item rather than merely implying related work.",,1,766,region_000766,A-421,Furnish & Install Tile Base
SUCCESS,FINISH_TAG,TB-1,"The region contains the finish tag TB-1, which is a tile-base finish code used to designate tile base work; this label directly corresponds to Furnish & Install Tile Base in the bid item scope.",DIRECT,RIGHT,HIGH,"The highlighted region visibly shows the TB-1 finish tag, which is a direct reference to the tile-base finish work. In typical architectural drawings, TB-1 serves as the identifier for the tile base finish (tile base along walls). This is a direct indicator of the bid item (Furnish & Install Tile Base) and does not rely on inference from same-trade or surrounding context. The evidence is the actual tag visible in the region, not OCR alone or indirect reasoning.",,1,767,region_000767,A-421,Furnish & Install Tile Base
SUCCESS,DETAIL,TB-1,"TB-1 is a detail callout/tag visible in the highlighted region. On architectural sheets, TB-1 denotes a tile-base detail, directly tying to the bid item 'Furnish & Install Tile Base' (Ceramic & Porcelain Tile).",DIRECT,RIGHT,HIGH,"The highlighted region explicitly shows a detail identifier TB-1, which directly represents the tile-base installation detail referenced by the bid item. No indirect or OCR-based inference is used; the evidence is an explicit region tag for the tile-base work.",,1,768,region_000768,A-421,Furnish & Install Tile Base
SUCCESS,FINISH_TAG,TB-1,"The highlighted region shows a finish tag labeled TB-1, which is a standard callout for Tile Base. The bid item is Furnish & Install Tile Base (Ceramic & Porcelain Tile), so TB-1 directly identifies the intended work to be performed and its location is within the bathroom plans where base tiles are typically installed.",DIRECT,RIGHT,HIGH,TB-1 is a finish/tag callout that directly references the tile base work. It is not a generic or indirect label; it explicitly corresponds to the tile base bid item.,,1,769,region_000769,A-421,Furnish & Install Tile Base
SUCCESS,FINISH_TAG,TB-1 (tile base tag),"The region contains a clearly labeled 'TB-1' tag adjacent to the base/wall in the bathroom area, which is the finish tag used to designate tile base work.",DIRECT,RIGHT,HIGH,"The highlighted region visibly contains a finish tag 'TB-1' placed at the base of the wall in the bathroom area. In architectural finish labeling, TB-1 denotes Tile Base. This directly identifies the bid item related to Tile Base (Furnish & Install Tile Base under Ceramic & Porcelain Tile) rather than merely implying related work. It is not a room label, grid reference, or a generic note; it is a tile-base finish tag that corresponds to the bid item.",,1,770,region_000770,A-421,Furnish & Install Tile Base
SUCCESS,DETAIL,TB-1 (Tile Base detail callout),"The region visibly shows the callout label TB-1, which directly corresponds to the Tile Base detail/drawing referenced in the bid item for Furnish & Install Tile Base (ceramic & porcelain tile).",DIRECT,RIGHT,HIGH,"TB-1 is a detail callout tag explicitly naming the tile-base work. This is a finish/work identifier directly tied to tile base installation, not merely a room label, specification text, or indirect context. The evidence is visual (the TB-1 callout) and directly references the bid item rather than relying on deductions or OCR alone.",,1,771,region_000771,A-421,Furnish & Install Tile Base
SUCCESS,FINISH_TAG,RB-1,"RB-1 is visible as a finish tag adjacent to the base/finish area, but the region does not display the explicit designation 'Rubber Base' nor a schedule entry mapping RB-1 to the bid item. There is no direct text or schedule reference in this region that proves RB-1 corresponds to 'Furnish & Install Rubber Base' without cross-referencing a separate finish schedule on the sheet.",NONE,WRONG,MEDIUM,"The region shows a finish tag 'RB-1' at the base area, which is a finish-tag notation. However, there is no direct evidence on this region itself that RB-1 equals 'Rubber Base' (no explicit material name or schedule item shown). Direct association would require visible text or a clearly labeled schedule entry tying RB-1 to the bid item. Without that, the evidence is insufficient for a direct association.",,1,772,region_000772,A-421,Furnish & Install Rubber Base
SUCCESS,FINISH_TAG,RB-1,"The highlighted region shows a 'RB-1' finish tag located at the base perimeter of a wall/cabinet area. 'RB' is a common abbreviation for Rubber Base; the tag directly labels the intended baseboard finish for that location, which corresponds to the bid item 'Furnish & Install Rubber Base' (Base and Transitions).",DIRECT,RIGHT,HIGH,"The region visibly contains the RB-1 finish tag at the base line, which directly identifies the Rubber Base finish for the specified area. This is a direct reference to the bid item rather than an indirect or inferential cue.",,1,773,region_000773,A-421,Furnish & Install Rubber Base
SUCCESS,FINISH_TAG,"LIVING A with finish tags GB-1, P-1, RB-1, C-1 and area 180 SF","The region lists RB-1 explicitly as a finish tag for the Living A room, indicating Rubber Base for that space with 180 SF area. This is a direct reference to the bid item Furnish & Install Rubber Base.",DIRECT,RIGHT,HIGH,"The highlighted region visibly contains the finish tag RB-1 associated with the Living A area and an explicit area (180 SF). RB-1 is the rubber base finish tag, which directly ties to the bid item (Rubber Base). No inference or OCR-only reasoning required.",,1,774,region_000774,A-421,Furnish & Install Rubber Base
SUCCESS,FINISH_TAG,KITCHEN B finish tag showing RB-1/RB-2 (rubber base) with LVT-1 and 132 SF,RB-1/RB-2 rubber base designation shown in finish tag; 132 SF,DIRECT,RIGHT,HIGH,"The highlighted region visually contains a finish callout for the Kitchen B area, explicitly listing RB-1/RB-2 (rubber base) as the finish for the base, along with LVT-1 flooring and a 132 SF area. This directly identifies the material/work (rubber base) required by the Bid Item 'Furnish & Install Rubber Base' under 'Base and Transitions'. It is not a room label, spec text, or indirect evidence; the connection is explicit in the finish tag shown in the region.",,1,775,region_000775,A-421,Furnish & Install Rubber Base
SUCCESS,FINISH_TAG,HALL H GB-1 P-1 RB-1 LVT-1 71 SF,RB-1 finish tag present in Hall callout; RB-1 corresponds to Rubber Base in finish schedule; 71 SF area indicates scope; The combination directly references Rubber Base as the bid item.,DIRECT,RIGHT,HIGH,"The highlighted region visibly shows RB-1 within a finish callout for the Hall area. RB-1 is the finish code for Rubber Base, which directly identifies the bid item ""Furnish & Install Rubber Base"" for that space; the 71 SF quantity supports the local scope without introducing indirect associations.",,1,776,region_000776,A-421,Furnish & Install Rubber Base
SUCCESS,FINISH_TAG,"RB-1 (rubber base) finish tag visible within a MECH/finish callout; also shows GB-1, P-1, EF-1 and 34 SF",RB-1 finish tag explicitly identifies Rubber Base as the finish for the region,DIRECT,RIGHT,HIGH,"The highlighted region contains the label RB-1, a finish tag that directly designates Rubber Base as the finish. This tag appears in the plan area associated with base/transitions, providing a direct reference to the bid item Furnish & Install Rubber Base. No inference is needed; the evidence directly ties RB-1 to Rubber Base in the Base and Transitions scope.",,1,777,region_000777,A-421,Furnish & Install Rubber Base
SUCCESS,FINISH_TAG,CLOSET C GB-1 P-1 RB-1 LVT-1 9 SF,"RB-1 directly denotes Rubber Base finish; the bid item is Furnish & Install Rubber Base; the region lists RB-1 with 9 SF for Closet C, establishing the direct association.",DIRECT,RIGHT,HIGH,"The region visually contains a Rubber Base finish tag (RB-1) associated with Closet C, and the bid item is Furnish & Install Rubber Base. The presence of RB-1 (and LVT-1 for flooring) with a quantified area (9 SF) provides explicit, region-specific evidence tying this exact area to the bid item, not just a related or inferred relation.",,1,778,region_000778,A-421,Furnish & Install Rubber Base
SUCCESS,FINISH_TAG,RB-1 finish tag located along the base/baseboard line,"RB-1 is a finish tag used to designate base finish; in base/TRANSITIONS scope, such tags map to Rubber Base in the finish schedule. This directly references the work item “Furnish & Install Rubber Base.”",DIRECT,RIGHT,HIGH,"The region shows a small RB-1 tag directly adjacent to the wall base, which is a finish tag used to designate base material/type. RB-1 in finish tagging schemes corresponds to Rubber Base in the Base and Transitions scope. This is a direct indication of the bid item rather than an indirect or related cue (e.g., same trade or similar work). No conflicting evidence in the region suggests a different item.",,1,779,region_000779,A-421,Furnish & Install Rubber Base
SUCCESS,FINISH_TAG,RB-1,RB-1 finish tag indicating Rubber Base located at the base area of cabinetry/kitchen wall,DIRECT,RIGHT,HIGH,"The highlighted region visibly shows the finish tag RB-1 placed along the base area in the kitchen plan. This tag directly identifies the rubber base finish to be installed, which matches the Bid Item 'Furnish & Install Rubber Base' under 'Base and Transitions'. It is a direct labeling of the intended work, not a room label, schedule, or related but indirect element.",,1,780,region_000780,A-421,Furnish & Install Rubber Base
SUCCESS,FINISH_TAG,RB-1 (rubber base finish tag),"RB-1 directly designates a rubber base finish; the bid item is Furnish & Install Rubber Base, Base and Transitions, which aligns with finish-tag labeling on the plan.",DIRECT,RIGHT,HIGH,"The highlighted region contains a finish tag labeled RB-1, located along the base of the wall in the Enlarged Plans Unit 2 (Sheet A-421). This tag explicitly identifies the finish work (rubber base), which directly corresponds to the original bid item (Furnish & Install Rubber Base). The evidence is visual and specific to the bid item, not inferred from same-trade or surrounding context. The red locator in the locator sheet is not evidence. OCR hints may show RB-1, but the image shows the actual finish tag itself.",,1,781,region_000781,A-421,Furnish & Install Rubber Base
SUCCESS,FINISH_TAG,RB-1,RB-1 is a finish code tag located along the baseboard in the Kitchen - West area. The tag label is used on finish schedules to designate Rubber Base as the finish for base/transition work; its position directly along the wall base indicates the intended rubber base finish for that wall run.,DIRECT,RIGHT,HIGH,"The highlighted region shows a finish tag 'RB-1' attached to the baseboard. This tag is used to identify the Rubber Base finish in the base and transitions scope. The tag’s placement directly on the wall/base area provides explicit, location-specific evidence tying this region to the rubber base bid item, with no need to rely on indirect reasoning or OCR alone.",,1,782,region_000782,A-421,Furnish & Install Rubber Base
SUCCESS,ROOM_LABEL,LIVING A GB-1 P-1 RB-1 C-1 180 SF,,NONE,WRONG,HIGH,"The highlighted region shows the room label 'LIVING A' with an area annotation '180 SF' and accompanying codes (GB-1 P-1 RB-1 C-1). There is no explicit reference to carpet or a finish/tag that directly assigns carpet to this region. A ROOM_LABEL with area alone does not establish the bid item (Furnish & Install Carpet) per the guidelines; there is no 'CARPET', finish schedule entry, or finish tag directly linking this region to carpet. Therefore, there is no direct evidence connecting this region to the bid item, and the association is NONE (WRONG).",,1,783,region_000783,A-421,Furnish & Install Carpet
SUCCESS,ROOM_LABEL,BEDROOM G GB-1 P-1 CB-1 C-1 128 SF,No explicit carpet/floor finish callout visible. The region shows only a BEDROOM room label with associated codes and an area value (128 SF); there is no direct reference to carpet or finish specific to the bid item.,NONE,WRONG,HIGH,The region contains only a room label (BEDROOM) and an area value; there is no explicit finish indicator such as CARPET or a carpet finish tag. Special rules require a direct association to the bid item; a room label alone does not establish carpet installation. Therefore this region does not directly represent the Furnish & Install Carpet bid item.,,1,784,region_000784,A-421,Furnish & Install Carpet
SUCCESS,ROOM_LABEL,"PRIMARY BEDROOM label with area 141 SF; appears to be a room label block (GB-1, P-1, CB-1, C-1 codes visible in the region).","No direct evidence of carpet or carpet finish (no 'CARPET', 'CARPET C-1', or carpet-related finish tag) within the highlighted region.",NONE,WRONG,HIGH,"The region contains the room name 'PRIMARY BEDROOM' and an area '141 SF' with small tag codes, but it does not show any carpet finish, carpet schedule, or finish tag directly linking to the bid item 'Furnish & Install Carpet'. According to the ROOM_LABEL special rule, a room name alone does not establish the bid item, and there is no explicit finish/work reference for carpet in this region. Therefore the association is not direct and is considered WRONG with high confidence.",,1,785,region_000785,A-421,Furnish & Install Carpet
SUCCESS,ROOM_LABEL,BEDROOM G; GB-1; P-1; CB-1; C-1; 128 SF,"CB-1 appears in the room-data tag for the bedroom, which is a finish/code reference for Carpet Base (Carpet Base 1). This directly corresponds to the Bid Item 'Furnish & Install Carpet Base' (Base and Transitions).",DIRECT,RIGHT,HIGH,"The highlighted region explicitly lists CB-1 among the finish codes for the BEDROOM area, directly identifying Carpet Base work in that room. This is a finish-tag reference (not generic room naming) and matches the bid item scope without requiring inference from same-trade or adjacent items.",,2,786,region_000786,A-421,Furnish & Install Carpet Base
SUCCESS,ROOM_LABEL,PRIMARY BEDROOM,"The region shows only a room label (PRIMARY BEDROOM) with a small schedule block and area (141 SF); there is no explicit finish tag, base/trim indication, or label referencing carpet base.",NONE,WRONG,HIGH,"The highlighted region contains a room label and area, not a carpet base finish or baseboard detail. There is no direct evidence (e.g., finish tag, baseboard symbol, or note) that ties this region to the bid item (Furnish & Install Carpet Base). A room label alone does not establish the bid item, and no direct reference to carpet base is visible in the region.",,1,787,region_000787,A-421,Furnish & Install Carpet Base
SUCCESS,FINISH_TAG,CB-1,"The highlighted region contains the finish tag CB-1 on the Unit 2 Finish Floor Plan, which directly corresponds to the bid item 'Furnish & Install Carpet Base' (Base and Transitions).",DIRECT,RIGHT,HIGH,CB-1 is visibly placed on the region and serves as a finish-tag callout identifying carpet base work in the plan. This is a direct reference to the bid item rather than indirect or inferential evidence.,,1,788,region_000788,A-421,Furnish & Install Carpet Base
SUCCESS,FINISH_TAG,CB-1 finish tag located at base of closet wall (carpet base callout).,DIRECT,DIRECT,RIGHT,HIGH,"The highlighted region visibly shows a CB-1 tag, a finish callout for carpet base on the Finish Floor Plan. It is placed along the base where carpet base would be installed, directly referencing the bid item Furnish & Install Carpet Base (Base and Transitions). OCR is secondary and not required to establish the direct association.",,1,789,region_000789,A-421,Furnish & Install Carpet Base
SUCCESS,FINISH_TAG,KITCHEN – LVT-1 finish tag with 132 SF (finish schedule entry for Luxury Vinyl Tile in the Kitchen).,"The region explicitly shows a finish tag 'LVT-1' with an associated area (132 SF), which directly denotes the finish material to be used. The bid item is Furnish & Install Luxury Vinyl Tile, i.e., LVT.",DIRECT,RIGHT,HIGH,"The highlighted region contains a labeled finish reference 'LVT-1' and an area (132 SF) under the Kitchen. This is a direct finish-tag depiction of the material (Luxury Vinyl Tile) to be furnished and installed, aligning exactly with the bid item. It is not a room label or generic note; it is a specific finish-tag entry tied to the bid item.",,1,790,region_000790,A-421,Furnish & Install Luxury Vinyl Tile
SUCCESS,FINISH_TAG,HALL H GB-1 P-1 RB-1 LVT-1 71 SF,"The region shows a finish tag LVT-1 with an area value (71 SF) associated to the Hall area. This directly identifies the floor finish as Luxury Vinyl Tile and provides a quantified area, which directly maps to the bid item 'Furnish & Install Luxury Vinyl Tile'.",DIRECT,RIGHT,HIGH,"The highlighted region visibly contains a finish tag (LVT-1) and an explicit area (71 SF) for the Hall, which directly specifies the finish work to be performed. This is a concrete finish reference tied to a specific space, not just a general room label or specification text; therefore it provides direct evidence supporting the bid item.",,1,791,region_000791,A-421,Furnish & Install Luxury Vinyl Tile
