region_id,sheet_number,scope_key,bid_item,region_text,region_type,association_strength,identified_content,direct_bid_item_evidence,reason
region_000205,A-005,Membrane Roofing,Furnish & Install Self-Adhered Single-Ply Roofing Membrane,G. ROOF MEMBRANE TO BE 80 MIL MINIMUM THICKNESS UNLESS NOTED OTHERWISE.,SPECIFICATION_TEXT,INDIRECT,G. ROOF MEMBRANE TO BE 80 MIL MINIMUM THICKNESS UNLESS NOTED OTHERWISE.,No direct evidence; region is a general specification note about roof membrane thickness and does not explicitly identify the bid item (Furnish & Install Self-Adhered Single-Ply Roofing Membrane).,"The region contains a general specification note about roof membranes and thickness. It does not explicitly identify or label the bid item (self-adhered single-ply membrane) or its installation work. This is a SPECIFICATION_TEXT/GENERAL_NOTE, which by rule does not directly establish the bid item, even though it mentions membranes. Therefore, the association is INDIRECT at best, and the correct decision is WRONG."
region_000206,A-005,Thermal Protection,Furnish & Install Tapered Rigid Insulation,"D. PROVIDE BUILT-UP TAPERED INSULATION ROOF CRICKETS AT ALL LOCATIONS OF CURBS, ROOFTOP EQUIPMENT, ETC. TO ALLOW POSITIVE DRAINAGE AND PREVENT PONDING.",GENERAL_NOTE,NONE,"D. PROVIDE BUILT-UP TAPERED INSULATION ROOF CRICKETS AT ALL LOCATIONS OF CURBS, ROOFTOP EQUIPMENT, ETC. TO ALLOW POSITIVE DRAINAGE AND PREVENT PONDING.","No direct reference to the bid item ""Furnish & Install Tapered Rigid Insulation"". The region mentions ""BUILT-UP TAPERED INSULATION"" (not explicitly rigid) and discusses roof crickets as a general note, not a direct specification of the bid item.","The highlighted general-note text discusses built-up tapered insulation crickets for drainage but does not directly identify or reference the bid item. The exact bid item specifies tapered rigid insulation; the region uses ""BUILT-UP"" insulation and does not explicitly reference rigid insulation or a specific installation action for the bid item. Therefore, there is no direct evidence linking this region to the original bid item."
region_000207,A-005,Thermal Protection,Furnish & Install Tapered Rigid Insulation,"E. TAPERED INSULATION SLOPE TO BE 1/4"" PER FOOT MINIMUM. SLOPE AS INDICATED ON PLANS.",GENERAL_NOTE,NONE,"GENERAL NOTES - ROOF PLANS. E. TAPERED INSULATION SLOPE TO BE 1/4"" PER FOOT MINIMUM. SLOPE AS INDICATED ON PLANS.","No direct evidence linking to 'Furnish & Install Tapered Rigid Insulation'; region is a general note about tapered insulation slope, not a specific bid item.","The region visibly contains a general roof-note about tapered insulation slope, not an explicit reference to the bid item 'Furnish & Install Tapered Rigid Insulation'. There is no direct identification of the bid item (no text like 'Furnish & Install', 'Rigid Insulation', or a detail/schedule explicitly tied to the bid item). Per the guidelines, a general note or specification text does not constitute a DIRECT association to the bid item. Therefore, the association is NONE/INDIRECT at best, and the correct decision is WRONG."
region_000208,A-005,Thermal Protection,Furnish & Install Tapered Rigid Insulation,"H. SLOPE ALL CRICKETS AS SHOWN AT A MINIMUM OF 1/4"" PER FOOT, UNLESS NOTED OTHERWISE.",GENERAL_NOTE,NONE,"General Notes - Roof Plans text block (A–I). Includes E. TAPERED INSULATION SLOPE TO BE 1/4"" PER FOOT MINIMUM; H. SLOPE ALL CRICKETS AS SHOWN AT A MINIMUM OF 1/4"" PER FOOT, UNLESS NOTED OTHERWISE.","No direct reference to 'Furnish & Install Tapered Rigid Insulation' or 'Rigid Insulation' is visible. The region contains general notes about tapered insulation and slope, not a specific bid item.","The highlighted region is a general notes block on the roof plans. It does not directly identify or label the bid item 'Furnish & Install Tapered Rigid Insulation' (no explicit reference to 'Rigid Insulation' or installation of that material). It only provides general guidance about tapered insulation in notes, which is indirect at best and does not constitute direct evidence of the bid item per the required criteria."
region_000209,A-005,Thermal Protection,Furnish & Install Wall Partition Assemblies As Per Wall Type Schedules And Tags,A1,GRID_REFERENCE,NONE,A1 grid reference bubble,No direct evidence linking to wall partition assemblies; region only shows a grid reference label (A1).,"The highlighted region visibly contains a grid reference bubble labeled 'A1' along the grid line. This is a grid reference indicator, not a bid item or a direct indication of wall partition assemblies (metal framing). Special rule for grid references states this is not a bid item and should not be considered direct evidence for the bid item. Therefore, the region does not directly reference the original bid item."
region_000210,A-005,Thermal Protection,Furnish & Install Wall Partition Assemblies As Per Wall Type Schedules And Tags,A1,GRID_REFERENCE,NONE,A1,Region contains a circular blue tag labeled 'A1' which is a grid reference marker. Grid references are not bid items and do not directly identify wall partition assemblies or metal framing.,The highlighted region is a grid reference bubble ('A1'). Grid references do not constitute a bid item or directly reference wall partition assemblies; there is no direct evidence linking this region to the original bid item.
region_000211,A-005,Thermal Protection,Furnish & Install Wall Partition Assemblies As Per Wall Type Schedules And Tags,A4,GRID_REFERENCE,NONE,"Grid reference bubbles labeled A2, A3, A4 with dashed connecting lines visible along the region.",NONE,"The highlighted region shows grid reference callouts (A2, A3, A4) rather than any finishes, materials, or components. There is no direct evidence identifying or referencing the bid item 'Furnish & Install Wall Partition Assemblies As Per Wall Type Schedules And Tags' (Metal Framing). Grid references are not bid items themselves, so this region does not directly associate to the bid item. No indirect justification is present that would convert this into a direct association."
region_000212,A-005,Thermal Protection,Furnish & Install Wall Partition Assemblies As Per Wall Type Schedules And Tags,A4,GRID_REFERENCE,NONE,A4,No direct bid-item evidence; region shows grid reference A4,"The highlighted region contains a grid bubble/label 'A4' with dashed grid lines, indicating plan geometry location on the roof plan sheet. This is a grid reference, not a wall partition assembly reference. There is no label, tag, schedule, or detail in this region that directly identifies or locates the original bid item (Furnish & Install Wall Partition Assemblies As Per Wall Type Schedules And Tags). Therefore, there is NO DIRECT association to the bid item."
region_000213,A-005,Thermal Protection,Furnish & Install Wall Partition Assemblies As Per Wall Type Schedules And Tags,AX,PLAN_GEOMETRY,NONE,"Plan fragment showing a corridor/partition wall arrangement with door openings. The view includes walls with grey fill, a central vertical core, and multiple blue circular tags (e.g., FX, CX) along lines, but no explicit wall-type label or wall-type schedule reference visible within this cropped region.",No direct evidence of Wall Type S or an explicit wall-partition assembly tag/schedule within this region. Finish tags (FX/CX) alone do not constitute a direct reference to the bid item.,"The region is a plan geometry fragment of walls and openings and shows finish tags, but it does not visibly identify a specific wall partition assembly or map to Wall Type S schedules/tags. There is no explicit bid item reference within the region itself, so no direct association with 'Furnish & Install Wall Partition Assemblies As Per Wall Type Schedules And Tags' can be established. Relying on nearby features or OCR is not allowed for a direct association."
region_000214,A-005,Thermal Protection,Furnish & Install Wall Partition Assemblies As Per Wall Type Schedules And Tags,AX,GRID_REFERENCE,NONE,AX,"No direct bid item evidence. The region shows a blue circle with AX connected by a leader, which corresponds to a grid/axis reference used for location on the plan, not to the wall partition work.","The highlighted region contains a grid/reference label (AX) rather than a finish, wall type tag, or explicit partition-related annotation. Grid references do not directly identify or reference the Bid Item (Furnish & Install Wall Partition Assemblies As Per Wall Type Schedules And Tags). Therefore, there is no direct evidence linking this region to the bid item."
region_000215,A-005,Thermal Protection,Furnish & Install Wall Partition Assemblies As Per Wall Type Schedules And Tags,AV,PLAN_GEOMETRY,NONE,"Small enclosed core/shaft feature within the roof plan vicinity (central area). No visible wall partition tag, wall type label, finish tag, or partition-related schedule explicit to a bid item.","No direct evidence of a wall partition assembly tag or wall type schedule in this region. No labeling such as a partition wall type (e.g., W-xx) or associated schedule visible in the highlighted area.","Direct association requires the region itself to identify the wall partition work (material/work, finish, or a schedule/detail entry explicitly tied to the bid item). The highlighted region on the roof plan shows geometry of a core/shaft with no partition tags or wall-type references. OCR hints (e.g., 'AV') do not establish a direct connection to 'Furnish & Install Wall Partition Assemblies As Per Wall Type Schedules And Tags'. Therefore, there is NO direct evidence linking this region to the bid item, and the association is WRONG."
region_000216,A-005,Thermal Protection,Furnish & Install Wall Partition Assemblies As Per Wall Type Schedules And Tags,AV,EQUIPMENT_TAG,NONE,AV,"The highlighted region shows a circular equipment tag labeled 'AV' connected by a leader line to a location on the Roof Plan. There is no visible tag, note, or schedule explicitly referencing wall partitions, metal framing, or a Wall Type Schedule/Tags in this region. No depiction of partition assemblies or related finish/work is shown directly in this region.","Direct evidence tying the region to the bid item (Furnish & Install Wall Partition Assemblies As Per Wall Type Schedules And Tags, Metal Framing) is not present. The region is an equipment tag on a Roof Plan, not a wall partition detail, tag, or schedule that explicitly identifies or references the bid item."
region_000217,A-005,Thermal Protection,Furnish & Install Wall Partition Assemblies As Per Wall Type Schedules And Tags,AZ,PLAN_GEOMETRY,NONE,"Roof plan region showing central architectural/structural feature; no wall partitions, wall type tags, or finish/tag schedules visible within the highlighted area.",NONE,"The highlighted region resides on a roof plan (Plan Geometry) and does not display any direct reference to wall partition assemblies, metal framing, or wall-type schedules/tags. There is no finish/tag indication, room label, schedule entry, or detail that explicitly identifies a wall partition work. The bid item specifies Furnish & Install Wall Partition Assemblies per wall type schedules and tags, which would require direct labeling or tagging in this region. OCR hints are unreliable here, and the image evidence shows only general plan geometry, not the specific bid-item evidence, so the association is not direct."
region_000218,A-005,Thermal Protection,Furnish & Install Wall Partition Assemblies As Per Wall Type Schedules And Tags,AZ,GRID_REFERENCE,NONE,AZ,"No direct evidence; region shows a grid reference bubble 'AZ' with dashed lines, not a finish/work or bid item.","The highlighted region is a grid reference (AZ) used to locate drawing content. It does not directly identify any wall partition assembly, finish, material, or any bid-item work. GRID_REFERENCE references are not bid items and do not provide direct drawing evidence for Furnish & Install Wall Partition Assemblies (Metal Framing)."
region_000219,A-005,Thermal Protection,Furnish & Install Wall Partition Assemblies As Per Wall Type Schedules And Tags,A2,GRID_REFERENCE,NONE,"Blue circular grid callouts with labels (e.g., A1, A2, A3, A4, C1, F2) arranged along the plan; these appear to be grid reference bubbles rather than wall/fabrication labels.","No direct evidence of Furnish & Install Wall Partition Assemblies or Metal Framing (no wall-type tag, schedule, or partition-related annotation visible in the region).","The highlighted region shows grid reference callouts on the roof plan and does not contain any direct reference to wall partition assemblies, wall type schedules, or metal framing. There is no visual element that explicitly identifies or references the bid item; therefore there is no direct association."
region_000220,A-005,Thermal Protection,Furnish & Install Wall Partition Assemblies As Per Wall Type Schedules And Tags,A2,GRID_REFERENCE,NONE,A2,NONE,"The highlighted region visibly contains the grid reference label 'A2' (grid bubble) and not any material/finish tag, room label, or schedule entry that directly identifies the bid item. Grid references are not bid-item evidence and do not explicitly reference 'Furnish & Install Wall Partition Assemblies As Per Wall Type Schedules And Tags' or 'Metal Framing'. Therefore there is no direct evidence linking this region to the bid item; the association is NONE (not DIRECT)."
region_000221,A-005,Thermal Protection,Furnish & Install Wall Partition Assemblies As Per Wall Type Schedules And Tags,A3,GRID_REFERENCE,NONE,A3,"The region shows a grid reference label (A3). There are no wall-type tags, partition symbols, or explicit references to 'Wall Type' schedules within this region.","The region visually contains a grid reference (A3) and does not directly identify or reference the bid item (Furnish & Install Wall Partition Assemblies). For a direct association, the region would need to show a wall tag/type label or a schedule entry tied to wall partitions."
region_000222,A-005,Thermal Protection,Furnish & Install Wall Partition Assemblies As Per Wall Type Schedules And Tags,A3,PLAN_GEOMETRY,NONE,"Portion of Building Types Roof Plan (Sheet A-005) showing roof-plan geometry, wall outlines, grid references (no explicit partition/tag labeling visible in the highlighted region).","No direct label, tag, schedule, detail, or symbol within the highlighted region that identifies wall partition assemblies or metal framing as per the Bid Item. The region appears to be part of the roof plan, not a partition/wall-type reference.","The highlighted region is a roof-plan plan-geometry area with grid and wall outlines and does not contain any explicit reference to Furnish & Install Wall Partition Assemblies, Wall Type Schedules, or Metal Framing. There is no direct evidence tying this specific region to the bid item; relying on indirect cues (same trade, same sheet) would be incorrect per the required audit rules."
region_000223,A-005,Thermal Protection,Furnish & Install Wall Partition Assemblies As Per Wall Type Schedules And Tags,A1,GRID_REFERENCE,NONE,A1,"No direct indication of wall partition assemblies, wall type tags, or related finish/work; region shows a grid bubble labeled 'A1' only.","The highlighted region is a grid reference bubble ('A1'), which is a plan/grid reference literal. It does not directly identify, locate, or reference the original bid item (Furnish & Install Wall Partition Assemblies ..., Metal Framing). There is no direct evidence linking this region to the bid item; it is not a finish/work tag, a wall type tag, or a schedule entry."
region_000224,A-005,Thermal Protection,Furnish & Install Wall Partition Assemblies As Per Wall Type Schedules And Tags,A1,GRID_REFERENCE,NONE,A1,"No direct evidence of wall partition assemblies or metal framing; region shows a circular grid reference tag labeled 'A1', which is a grid reference, not a bid item.","The highlighted region visibly contains a circular grid reference tag 'A1' with adjacent grid-line markers. This is a grid reference, not a bid item. There is no direct indication of wall partition assemblies or metal framing, no wall-type tag, finish, schedule, or detail explicitly referencing the bid item. Per the special rule, grid references are not bid items, so there is no direct association to the original bid item."
region_000225,A-005,Thermal Protection,Furnish & Install Wall Partition Assemblies As Per Wall Type Schedules And Tags,A4,GRID_REFERENCE,NONE,"Grid callouts labeled A2, A3, A4 with dashed guide lines visible within the region.","No direct wall partition tag, finish tag, schedule, detail, or other explicit bid-item related identifier is visibly attached to this region.","The region primarily shows grid reference callouts (A2, A3, A4) and associated grid lines. There is no explicit indication of a wall partition assembly, wall type tag, finish schedule, or detail that directly identifies or references the Bid Item 'Furnish & Install Wall Partition Assemblies As Per Wall Type Schedules And Tags'. A grid reference by itself does not constitute direct evidence for the bid item; no explicit wall-type/partition information is shown in this region."
region_000226,A-005,Thermal Protection,Furnish & Install Wall Partition Assemblies As Per Wall Type Schedules And Tags,A4,GRID_REFERENCE,NONE,"Grid reference markers A2, A3, A4 (blue circled grid bubbles) along dashed grid lines visible in the region.",No direct bid item evidence present; region shows grid references only.,"The highlighted region contains grid reference markers (A2, A3, A4) and grid lines. There is no visible bid item identification (no wall partition material, finish tag, schedule, or detail) within this region. Grid references are location coordinates and do not directly identify or reference the Bid Item 'Furnish & Install Wall Partition Assemblies As Per Wall Type Schedules And Tags' (Metal Framing). Therefore, no direct association is evidenced."
region_000227,A-005,Thermal Protection,Furnish & Install Wall Partition Assemblies As Per Wall Type Schedules And Tags,AX,FINISH_TAG,INDIRECT,Two circular finish-tag callouts labeled 'FX' located along the central corridor of the roof-plan region.,"No tag, label, schedule, or symbol directly identifying a wall partition assembly or metal framing (the bid item). Only finish-tag markers are present.","The highlighted region shows FX finish-tag callouts, which indicate finishes, not a direct reference to furnishing/installation of wall partition assemblies per the 'Wall Type Schedules And Tags' requirement. There is no explicit partition assembly label, schedule entry, or component that directly identifies the bid item in this region; finish tags alone are insufficient for direct association."
region_000228,A-005,Thermal Protection,Furnish & Install Wall Partition Assemblies As Per Wall Type Schedules And Tags,AX,GRID_REFERENCE,NONE,AX,NONE,"The highlighted region contains a blue circled tag 'AX' with a leader line, which is consistent with a grid/axis reference tag rather than a wall partition/work item. There is no explicit indication of a wall type, metal framing, or a finish/work entry directly referencing the bid item (Furnish & Install Wall Partition Assemblies As Per Wall Type Schedules And Tags). According to the GRID REFERENCES special rule, a grid bubble/reference is NOT a bid item and does not provide direct evidence for the bid item. Therefore there is NO direct association to the bid item (association_strength = NONE), and the correct decision is WRONG."
region_000229,A-005,Thermal Protection,Furnish & Install Wall Partition Assemblies As Per Wall Type Schedules And Tags,AV,EQUIPMENT_TAG,NONE,Blue circular tag with 'EV' (Elevator equipment tag) visible in the region.,"No wall partition assembly tag, wall type schedule, or finish/work indication visible in this region. The region shows elevator equipment tagging and core plan geometry, not partition-related notation.","The highlighted area contains elevator equipment tags ('EV') and core plan elements, not any direct indication of wall partition assemblies or wall type schedules. There is no explicit detail, tag, or schedule in this region that references the bid item; thus the association is not direct."
region_000230,A-005,Thermal Protection,Furnish & Install Wall Partition Assemblies As Per Wall Type Schedules And Tags,AV,EQUIPMENT_TAG,NONE,Blue circular tag labeled 'AV' connected to a leader on a roof plan portion (Sheet A-005).,No direct evidence of wall partition work or metal framing; region shows a roof-plan equipment tag (AV) rather than a wall-type finish/partition annotation.,"The highlighted region contains an equipment tag 'AV' on a roof plan (Architectural sheet A-005 Roof Plan), not a wall partition or metal framing element. There is no wall type, finish tag, partition symbol, or wall-type schedule reference in this region. The sheet itself is a roof plan, not a wall-type scheduling page. Therefore there is no direct evidence that this region identifies or locates the bid item 'Furnish & Install Wall Partition Assemblies As Per Wall Type Schedules And Tags'."
region_000231,A-005,Thermal Protection,Furnish & Install Wall Partition Assemblies As Per Wall Type Schedules And Tags,AZ,PLAN_GEOMETRY,NONE,"Small interior wall/partition segment on a roof-plan view, with no visible wall type tag, finish note, or explicit partition reference.",NONE,"The highlighted region shows only plan geometry of a wall/partition area without a wall type tag, schedule entry, or explicit reference to a wall partition assembly (no W-type tag, no finish/assembly note). It is located on a roof plan sheet (A-005) where interior partitions are not directly identified by a bid-item tag. There is no direct evidence linking this region to the Bid Item “Furnish & Install Wall Partition Assemblies As Per Wall Type Schedules And Tags.” Therefore, the association is NOT DIRECT and the correct decision is WRONG."
region_000232,A-005,Thermal Protection,Furnish & Install Wall Partition Assemblies As Per Wall Type Schedules And Tags,AZ,GRID_REFERENCE,NONE,AZ,"No direct evidence. The region shows a circular grid label 'AZ' with a leader line to a grid line, which is a grid reference marker used for locating the drawing elements, not an identification of wall partitions or metal framing.","The region visibly contains a circular marker with 'AZ' (grid reference) and a leader line to a grid line. This is a grid-reference element, not a bid-item identifier. The original bid item is 'Furnish & Install Wall Partition Assemblies As Per Wall Type Schedules And Tags' (Metal Framing). There is no direct visual evidence within this region that identifies, locates, or explicitly references that bid item (no material, finish, room label, or schedule entry linking to wall partitions). Therefore, this region does not directly associate with the bid item."
region_000233,A-005,Thermal Protection,Furnish & Install Wall Partition Assemblies As Per Wall Type Schedules And Tags,A2,PLAN_GEOMETRY,NONE,"A small portion of a roof plan with plan geometry and grid/callout markers (A1, A2, F2) along leaders; no wall/type tag, finish tag, or partition detail visible in the highlighted region.","No direct evidence of wall partition assemblies, wall type tags (e.g., Wall Type S), or metal framing details within the highlighted region. The sheet is a roof plan (A-005) and the visible content consists of generic plan geometry and callouts, not a wall partition detail.","The highlighted region does not contain any direct reference to wall partition assemblies or metal framing (no Wall Type S tag, schedule, or detail). It shows roof-plan geometry and generic callouts, which do not directly identify or locate the bid item."
region_000234,A-005,Thermal Protection,Furnish & Install Wall Partition Assemblies As Per Wall Type Schedules And Tags,A2,GRID_REFERENCE,NONE,A2 grid reference bubble (grid line indicator),"The region displays a circular blue balloon with the text 'A2', which is a grid reference tag used for locating grid lines on the plan. There is no text or symbol directly identifying a wall partition, wall type, finish, or schedule related to the bid item.","The highlighted region contains a grid reference bubble (A2). Grid references are not bid items and do not directly identify, locate, or reference the Furnish & Install Wall Partition Assemblies (Wall Type Schedules and Tags) bid item. No direct evidence (finish, material, partition label, or schedule entry) linking this region to the bid item is visible. Therefore, this region does not have a DIRECT association to the bid item; its relevance would be indirect at best (and is considered WRONG per the rules)."
region_000235,A-005,Thermal Protection,Furnish & Install Wall Partition Assemblies As Per Wall Type Schedules And Tags,A3,GRID_REFERENCE,NONE,A3,"No direct evidence; region is a grid reference bubble labeled A3 and does not identify wall partitions, metal framing, finishes, or a bid-item specific tag.","The highlighted region shows a blue circular tag with the text 'A3', which is a grid reference bubble used for location, not for identifying work. According to the GRID_REFERENCE rule, a grid bubble is not a bid-item indicator. There is no visible wall-type tag, finish schedule reference, or any explicit indication of 'Furnish & Install Wall Partition Assemblies' or 'Metal Framing' in this region. Therefore, there is no direct evidence linking this region to the original bid item; the association is not direct, and the correct decision is WRONG."
region_000236,A-005,Thermal Protection,Furnish & Install Wall Partition Assemblies As Per Wall Type Schedules And Tags,A3,PLAN_GEOMETRY,NONE,"Segment of roof plan showing plan geometry with vertical grid callouts (A1, A2, A3, A4); no wall partition tags, schedules, or tags indicating partition work are visible in this region.","No direct evidence of wall partition assemblies, wall-type schedules, or partition-related tags in this region.","The highlighted region displays general plan geometry and grid references, but there is no explicit indication of wall partition assemblies or wall-type schedules/tags that would directly identify the bid item. Therefore, there is no direct association to the original bid item in this region."
region_000238,A-005,Thermal Protection,Furnish & Install Wall Partition Assemblies As Per Wall Type Schedules And Tags,A1,GRID_REFERENCE,NONE,"Grid reference bubbles labeled A1, A2, A3 (plan grid references) along the roof-plan region.","No direct evidence of wall partitions, wall type tags, or finish/work items. The region shows grid references only, not any wall-type/partition indication.","The highlighted region visually contains grid reference bubbles (A1, A2, A3, etc.) which are used for locating elements on the plan. There is no visible wall partition tag, wall type schedule, or partition-related symbol that directly identifies or references the original bid item (Furnish & Install Wall Partition Assemblies As Per Wall Type Schedules And Tags). Therefore, there is no direct association with the bid item; at best it is contextual plan geometry, not a direct bid-item evidence."
region_000239,A-005,Thermal Protection,Furnish & Install Wall Partition Assemblies As Per Wall Type Schedules And Tags,A4,GRID_REFERENCE,NONE,A4 grid reference bubble,"No direct bid item indicator present; region shows only a grid reference along a dashed grid line with no wall type, finish, or partition assembly reference.","The highlighted region contains a grid bubble labeled 'A4' along a dashed grid line. A grid reference is not a bid item and does not directly identify, locate, or reference the Furnish & Install Wall Partition Assemblies (Wall Type Schedules and Tags) for Metal Framing. There is no explicit finish, material, or partition assembly information in the region. Therefore there is no direct association with the bid item; the correct decision is WRONG."
region_000240,A-005,Thermal Protection,Furnish & Install Wall Partition Assemblies As Per Wall Type Schedules And Tags,A4,GRID_REFERENCE,NONE,Circular grid reference bubble containing A4 with a dashed leader line (grid reference) visible on the roof-plan region.,"None. The region shows a grid reference bubble and does not contain any wall type tag, finish indication, schedule entry, or explicit reference to wall partition assemblies.","The region visually contains a grid bubble (A4) with a leader line, which is a grid reference, not a bid item. Grid references are explicitly excluded as direct evidence for a bid item. There is no visible element in this region that directly identifies, labels, or references the original bid item (Furnish & Install Wall Partition Assemblies As Per Wall Type Schedules And Tags / Metal Framing)."
region_000241,A-005,Thermal Protection,Furnish & Install Wall Partition Assemblies As Per Wall Type Schedules And Tags,AX,FINISH_TAG,INDIRECT,FX finish tag labels located along the partition/wall region in the roof plan area,"No explicit label or tag directly naming a wall partition assembly, wall type, or wall-type schedule in the highlighted region. The tags shown are generic finish codes (FX) and do not single out the bid item.","The region contains finish tags (FX) which indicate finishes rather than directly identifying or labeling the specific bid item (Furnish & Install Wall Partition Assemblies). There is no visible wall-type schedule, wall tag, or explicit reference to a wall partition assembly in this region; the evidence is thus indirect at best and not a direct match to the bid item."
region_000242,A-005,Thermal Protection,Furnish & Install Wall Partition Assemblies As Per Wall Type Schedules And Tags,AX,GRID_REFERENCE,NONE,AX,"No direct evidence of the bid item; region shows a grid/axis tag (AX) rather than a wall type, finish, or schedule entry specific to wall partition assemblies.","The highlighted region visually contains a grid reference tag 'AX' with a leader, not a label, schedule, detail, or finish indication that directly identifies or references the bid item 'Furnish & Install Wall Partition Assemblies As Per Wall Type Schedules And Tags'. Grid references are not bid-item evidence and do not establish direct association to wall partition work."
region_000243,A-005,Thermal Protection,Furnish & Install Wall Partition Assemblies As Per Wall Type Schedules And Tags,AV,FINISH_TAG,NONE,"Two circular finish-tag indicators labeled ""FZ"" located at the ends of a small central feature on the roof-plan region.","No direct evidence of a wall partition assembly or metal framing; region shows finish-tag indicators (FZ) with no wall-type, partition detail, or schedule reference.","The region visually contains finish-tag indicators (FZ) rather than a wall-type/partition label or detailed wall-assembly reference. There is no explicit reference to Wall Type S or a partition assembly in this region. It is on a roof plan sheet and lacks evidence directly identifying the bid-item work (furnish & install wall partition assemblies with metal framing). Therefore, no direct association to the bid item is shown; OCR alone is not sufficient to change this."
region_000244,A-005,Thermal Protection,Furnish & Install Wall Partition Assemblies As Per Wall Type Schedules And Tags,AV,EQUIPMENT_TAG,NONE,Circular blue callout with the text 'AV' (annotation bubble) connected by a dashed leader line to the roof plan area.,"No direct label or schedule entry identifying a wall partition assembly, wall type, or wall type schedule/tag; region shows a generic annotation tag rather than a wall-related item.",The highlighted region is a generic annotation tag ('AV') without a direct reference to a wall partition assembly or the Wall Type Schedule/Tags required by the bid item. The bid item requires explicit identification of wall partition assemblies via wall type schedules and tags; this region does not provide that direct linkage.
region_000245,A-005,Thermal Protection,Furnish & Install Wall Partition Assemblies As Per Wall Type Schedules And Tags,AZ,PLAN_GEOMETRY,NONE,Door opening within partition wall on the roof plan area (central core/shaft with surrounding walls).,"No direct evidence of wall-type schedules, wall tags, partition assemblies, finishes, or schedule entries in the highlighted region.","The highlighted region shows generic plan geometry (walls and a doorway/shaft) on the roof plan and does not contain any wall-type tag, partition assembly reference, finish tag, or schedule entry that explicitly identifies or references the original bid item (Furnish & Install Wall Partition Assemblies As Per Wall Type Schedules And Tags). There is no direct indication that this region represents or details a wall partition assembly per the bid item; OCR/text present is not sufficient to establish a direct association."
region_000246,A-005,Thermal Protection,Furnish & Install Wall Partition Assemblies As Per Wall Type Schedules And Tags,AZ,GRID_REFERENCE,NONE,AZ,GRID_REFERENCE bubble with label AZ; no direct finish/material/work reference.,"The highlighted region shows a blue circular tag labeled 'AZ' connected by a dashed leader. This is a grid reference bubble, not a bid-item identifier. Grid references do not directly identify or locate the original bid item (Furnish & Install Wall Partition Assemblies As Per Wall Type Schedules And Tags, Metal Framing) and provide no explicit evidence of wall partitions, finishes, or associated work. Therefore the region has no direct association with the bid item. The evidence is visually unambiguous and not dependent on OCR."
region_000247,A-005,Thermal Protection,Furnish & Install Wall Partition Assemblies As Per Wall Type Schedules And Tags,A2,GRID_REFERENCE,NONE,Blue circular grid bubble containing 'A2' (grid reference) visible in the cropped region.,"None visible. No wall type label, finish tag, wall partition label, schedule entry, or detail/reference that directly identifies the bid item.","The highlighted region shows a grid reference bubble (A2) used for locating grid lines on the plan. Grid references are explicitly NOT bid items and do not directly identify the wall partition work described in the original bid item. There is no other direct evidence (e.g., wall type tag or schedule) in this region that ties to 'Furnish & Install Wall Partition Assemblies As Per Wall Type Schedules And Tags'."
region_000248,A-005,Thermal Protection,Furnish & Install Wall Partition Assemblies As Per Wall Type Schedules And Tags,A2,PLAN_GEOMETRY,NONE,"Partial roof plan region with surrounding walls and grid callouts; no explicit wall partition tags, wall type labels, or partition assembly references visible.",NONE,"The highlighted region shows roof-plan geometry with grid references (e.g., A1, A2, AZ) and wall outlines, but there is no direct evidence of wall partition assemblies, wall type schedules, or tags that explicitly identify or reference the bid item 'Furnish & Install Wall Partition Assemblies As Per Wall Type Schedules And Tags (Metal Framing)'. A direct association would require visible wall-type tags, partition assembly labels, or a corresponding wall type schedule/detail within this region, none of which are present. Therefore the region does not directly represent the bid item, and the association is WRONG."
region_000249,A-005,Thermal Protection,Furnish & Install Wall Partition Assemblies As Per Wall Type Schedules And Tags,A3,PLAN_GEOMETRY,NONE,Fragment of the roof plan showing interior wall partitions and grid references (AX/AV etc). No wall type tag or partition-assembly label visible.,"No direct labeling or tag identifying wall partition assemblies, wall type S, or metal framing. The region lacks any reference to 'wall type schedules and tags' or specific partition assembly data.","The region visually contains plan geometry of walls on a roof plan sheet (A-005) with grid callouts, but there is no explicit reference to 'Furnish & Install Wall Partition Assemblies As Per Wall Type Schedules And Tags' or any 'Wall Type' tag. Without a direct tag/schedule to the bid item, there is no direct association. The Special Rule indicates that generic references or OCR/text are not sufficient without explicit labeling; there is no schedule or tag here. Therefore the association is not direct."
region_000250,A-005,Thermal Protection,Furnish & Install Wall Partition Assemblies As Per Wall Type Schedules And Tags,A3,PLAN_GEOMETRY,NONE,"Dark grey rectangular mass on roof plan with grid callouts (A1–A4) and dashed alignment lines; no wall type tag, partition schedule, or finish/work reference visible.","No direct label or tag referencing Wall Type S, wall partitions, or partition assemblies; no partition detail or schedule visible in the region.","The highlighted region shows general plan geometry on a roof plan with grid references and no explicit wall partition tag or schedule. There is no direct evidence identifying or linking this region to the bid item 'Furnish & Install Wall Partition Assemblies As Per Wall Type Schedules And Tags'. The association would be INDIRECT at best if any, but there is no explicit labeling to support a direct association."
region_000251,A-005,Thermal Protection,Furnish & Install Wall Partition Assemblies As Per Wall Type Schedules And Tags,A1,GRID_REFERENCE,NONE,"Grid bubbles labeled A1, A2, A3, F2, B1, B2 along the top (grid callouts)","No direct evidence of wall partitions, metal framing, or wall-type schedules in this region; region shows grid references only","The highlighted region contains grid reference callouts (A1, A2, A3, F2, B1, B2) which are used to locate elements on the plan. This does not directly identify, locate, or reference the bid item 'Furnish & Install Wall Partition Assemblies As Per Wall Type Schedules And Tags' (Metal Framing). There is no explicit wall partition, finish, schedule, or tag directly tied to the bid item in this region, so there is no direct association."
region_000252,A-005,Thermal Protection,Furnish & Install Wall Partition Assemblies As Per Wall Type Schedules And Tags,A1,GRID_REFERENCE,NONE,A1 grid reference bubble (blue circle),"NONE – no wall partition assembly tag, finish, schedule, or detail visible","The highlighted region contains a blue circular grid reference bubble with the label 'A1'. Grid references are not bid items and do not directly identify or reference wall partition assemblies. The original bid item requires wall partition assemblies per wall type schedules/tags, which would be evidenced by wall-type tags, partition details, or finish schedules, not by a grid reference bubble on a roof plan sheet."
region_000253,A-005,Thermal Protection,Furnish & Install Wall Partition Assemblies As Per Wall Type Schedules And Tags,A4,GRID_REFERENCE,NONE,"Grid reference bubble labels: A4, A3, A2 (circular markers along plan grid)",NONE,"The highlighted region contains grid reference bubbles (A4, A3, A2) used to locate grid lines on the roof plan. There is no visible wall type tag, partition tag, schedule entry, or any other direct indication of wall partition assemblies. Therefore, the region does not directly identify, locate, or reference the Original Bid Item (Furnish & Install Wall Partition Assemblies As Per Wall Type Schedules And Tags). Grid references are indirect locational markers and do not constitute direct evidence for the bid item per the audit rules."
region_000254,A-005,Thermal Protection,Furnish & Install Wall Partition Assemblies As Per Wall Type Schedules And Tags,A4,GRID_REFERENCE,NONE,Grid reference bubble labeled A4 (part of roof plan grid).,"No direct bid item element present (no wall type tag, wall partition symbol, finish tag, or schedule entry visible).","The highlighted region shows grid reference bubbles (e.g., A4) and plan geometry only, with no wall partition assembly identifier, wall type tag, or schedule/detail entry that directly corresponds to the bid item “Furnish & Install Wall Partition Assemblies As Per Wall Type Schedules And Tags.” Therefore there is no direct association to the bid item."
region_000255,A-005,Thermal Protection,Furnish & Install Wall Partition Assemblies As Per Wall Type Schedules And Tags,AX,FINISH_TAG,INDIRECT,Blue circles labeled FX (finish tag) along partition wall lines on the roof-plan area,"The region only shows FX finish tags; there is no wall-type tag, schedule entry, detail reference, or depiction of a wall partition assembly (per the Bid Item). No explicit reference to metal framing partitions or wall-type schedules is visible in this region.","The region contains finish-tag markers (FX) along a partition line, which indicate surface finishes rather than the actual wall partition assembly. The Bid Item requires furnishing and installing wall partition assemblies per wall type schedules/tags. The region does not directly identify, locate, or reference a specific wall partition assembly or its type (no wall-type tag or schedule visible). Therefore, while finishes are implied, there is no direct evidence linking this region to the Bid Item."
region_000256,A-005,Thermal Protection,Furnish & Install Wall Partition Assemblies As Per Wall Type Schedules And Tags,AX,GRID_REFERENCE,NONE,AX,"The region shows a circular grid reference tag 'AX' with a dashed leader. There is no label, tag, schedule, or symbol that explicitly identifies a wall partition, metal framing, or related bid-item work.",A grid reference bubble/label is not a bid-item indication. It does not directly identify or reference the wall partition assemblies or metal framing required by the bid item. Therefore there is no direct association to the original bid item.
region_000257,A-005,Thermal Protection,Furnish & Install Wall Partition Assemblies As Per Wall Type Schedules And Tags,AV,PLAN_GEOMETRY,NONE,"Plan geometry of interior partitions in a corridor area, featuring wall lines, door openings, and surrounding grid/section callouts. Blue circled tags (e.g., FZ) and a detail callout (A5 A-203) are present, but there is no explicit wall-type tag, finish schedule reference, or bid-item-specific annotation visible in this region.","No direct evidence of the Bid Item 'Furnish & Install Wall Partition Assemblies As Per Wall Type Schedules And Tags' appears in this region. There are no wall-type schedule labels (e.g., W1, W2, metal framing notes, or partition assembly references) or explicit finish/work references that tie directly to the bid item.","The region shows general plan geometry of interior partitions and a doorway with grid references and miscellaneous callouts, but it does not display any direct tag, schedule reference, or detail that explicitly identifies or references the wall partition assemblies (as per wall type schedules and tags) required by the bid item. There is no visible linkage to a wall-type schedule or metal-framing specification in this region; OCR hints do not substitute for direct drawing evidence. Therefore, no direct association to the bid item is present."
region_000258,A-005,Thermal Protection,Furnish & Install Wall Partition Assemblies As Per Wall Type Schedules And Tags,AV,PLAN_GEOMETRY,NONE,"Roof plan fragment with grid callouts (A, AV, AX, etc.) and wall outlines; no wall type tags, partition schedules, or references to wall partitions evident.",No direct indication of Furnish & Install Wall Partition Assemblies (metal framing) or wall type schedules/tags in this region.,"The highlighted region is a roof-plan geometry area showing grid lines and generic walls, not a wall-type partition assembly or metal-framing tag/reference. There is no explicit evidence tying this region directly to the bid item."
region_000259,A-005,Thermal Protection,Furnish & Install Wall Partition Assemblies As Per Wall Type Schedules And Tags,AZ,PLAN_GEOMETRY,NONE,"Central portion of a partition wall with a doorway/ opening in the roof-plan region. The region shows wall outlines and a door but no explicit wall-type tag, finish tag, or partition-assembly label/schedule.","NONE – There is no text, tag, or schedule visible in the region that directly identifies a wall partition assembly or metal framing per Wall Type S; no wall-type schedule callout is shown in this cropped region.","There is no direct evidence in the highlighted region that identifies or references the original bid item (Furnish & Install Wall Partition Assemblies As Per Wall Type Schedules And Tags). The region shows generic wall geometry and a door opening without wall-type tags, schedules, or finish associations that would directly tie it to wall partition assemblies with metal framing. OCR alone is not considered evidence; the image must show a direct label or schedule item, which is absent here."
region_000260,A-005,Thermal Protection,Furnish & Install Wall Partition Assemblies As Per Wall Type Schedules And Tags,AZ,GRID_REFERENCE,NONE,Grid reference bubble labeled AZ with a leader to the grid line on the plan.,NONE,"The highlighted region is a circular grid reference bubble containing the text 'AZ' with a dashed leader. This is a grid/zone reference annotation, not a wall partition, finish, or bid-item identifier. Per the Special Rule for GRID REFERENCES, grid bubbles/labels do not establish direct bid-item association. Therefore there is no direct evidence linking this region to the Bid Item 'Furnish & Install Wall Partition Assemblies As Per Wall Type Schedules And Tags' (Metal Framing)."
region_000261,A-005,Thermal Protection,Furnish & Install Wall Partition Assemblies As Per Wall Type Schedules And Tags,A2,GRID_REFERENCE,NONE,A2,"No direct evidence of partition work. The region shows grid reference labels (A2) along plan grid lines and does not contain any finish, wall assembly, schedule, or tag explicitly related to the bid item.","The highlighted region contains grid reference markings (A2) on the roof plan. There is no text or symbol that directly identifies a wall partition assembly, wall type, or metal framing as required by the bid item. According to the GRID REFERENCES rule, grid references are not bid-item evidence and cannot directly satisfy the bid item association. Therefore, there is no direct association to the bid item."
region_000262,A-005,Thermal Protection,Furnish & Install Wall Partition Assemblies As Per Wall Type Schedules And Tags,A2,GRID_REFERENCE,NONE,"Grid reference callouts along plan: A4, A3, A2, A1, F2, B1 (grid bubbles/lines)",NONE,"The highlighted region shows grid reference bubbles/lines (A4, A3, A2, A1, F2, B1). There is no tag, label, finish, schedule entry, or detail that directly identifies or references the bid item “Furnish & Install Wall Partition Assemblies As Per Wall Type Schedules And Tags” (Metal Framing). The region does not contain any wall-type tag or partition assembly reference; OCR evidence is ancillary and does not establish a direct association. Therefore the region does not directly prove the original bid item and the association is WRONG. The red locator box is not itself evidence."
region_000263,A-005,Thermal Protection,Furnish & Install Wall Partition Assemblies As Per Wall Type Schedules And Tags,A3,GRID_REFERENCE,NONE,A3,"The region shows a grid reference bubble 'A3' with adjacent grid markers; there is no indication of a wall partition, wall type tag, finish, or schedule entry.","1) The region visibly contains a grid reference bubble 'A3' (a standard locating marker) rather than any bid-item specific label. 2) It does not depict or reference wall partition assemblies, wall type schedules, or metal framing as a direct element. 3) Therefore there is no direct evidence linking this region to the Bid Item; the relationship would be indirect at best (location context), which is not sufficient for a direct association. 4) No reliance on OCR alone; the visual evidence supports GRID_REFERENCE, not bid-item content."
region_000264,A-005,Thermal Protection,Furnish & Install Wall Partition Assemblies As Per Wall Type Schedules And Tags,A3,PLAN_GEOMETRY,NONE,"Partial roof-plan area with building walls, grid lines and region markers. No visible wall-type tags, partition schedules, or finish/work identifiers that directly reference wall partition assemblies.",NONE,"The highlighted region shows generic plan geometry (roof plan/wall outlines with grid references) and does not contain any direct evidence of 'Furnish & Install Wall Partition Assemblies As Per Wall Type Schedules And Tags' or any wall-type tag/schedule. There is no explicit reference to metal framing or a wall partition assembly within this specific region, nor any tag/designation that directly identifies the bid item. OCR hints are not considered as primary evidence; the visual content provides no direct association."
region_000265,A-005,Thermal Protection,Furnish & Install Wall Partition Assemblies As Per Wall Type Schedules And Tags,A1,GRID_REFERENCE,NONE,A1 grid reference bubble,"No direct evidence found. The region shows a circular grid tag labeled 'A1', which indicates location on the plan. It does not identify or label any wall partition assembly, finish, or related bid-item work.","The highlighted region visibly contains a grid reference bubble with 'A1'. This is a location reference, not a finish, material, or partition entry. Special Rule for GRID REFERENCES states that grid bubbles are NOT bid items. Therefore there is NO direct association with the Bid Item 'Furnish & Install Wall Partition Assemblies As Per Wall Type Schedules And Tags' (Metal Framing). The evidence is unambiguous and does not rely on OCR alone."
region_000266,A-005,Thermal Protection,Furnish & Install Wall Partition Assemblies As Per Wall Type Schedules And Tags,A1,GRID_REFERENCE,NONE,A1,No direct evidence; region is a grid reference bubble showing 'A1' and does not identify any bid-item work.,"The highlighted region shows a grid reference label 'A1' (blue circled tag) used for location referencing on the Roof Plan. It does not depict or label any wall partition assembly, metal framing, finish, schedule entry, or any element that directly corresponds to the bid item 'Furnish & Install Wall Partition Assemblies As Per Wall Type Schedules And Tags'. Grid references are not bid-item evidence, and there is no explicit drawing evidence tying this region to the bid item. Therefore, no direct association exists."
region_000267,A-005,Thermal Protection,Furnish & Install Wall Partition Assemblies As Per Wall Type Schedules And Tags,A4,DETAIL,NONE,Detail callout marker: A4 referencing detail A-210 on sheet A-005 (ROOF - BLDG TYPES),"No direct reference to wall partition assemblies, metal framing, or related wall-type schedules/tags. The region shows a detail callout (A4/A-210) on a roof plan page, not a partition finish/work tag.","The highlighted region visually presents a detail callout marker (A4) with reference to detail A-210 on sheet A-005 (ROOF - BLDG TYPES). It does not identify, locate, or explicitly reference any wall partition assembly work or metal framing per the original bid item. There is no finish, material, or partition-specific tag present in the region itself. Therefore, there is no direct association to the bid item; reliance on same-trade or indirect connections would be insufficient per the guidelines."
region_000268,A-005,Thermal Protection,Furnish & Install Wall Partition Assemblies As Per Wall Type Schedules And Tags,A4,GRID_REFERENCE,NONE,Grid reference bubble labeled A4 with associated dashed grid lines (plan view).,"No direct evidence of wall partition assembly, metal framing, or wall type tag in this region. The content is a grid reference indicator, not a specification or schedule entry.","The highlighted region visually shows a grid reference bubble (A4) and grid lines, which is a grid reference element. Grid references are explicitly NOT bid items and do not directly identify or reference wall partition assemblies, wall types, or schedules. Therefore there is no direct evidence connecting this region to the original bid item; the association is NONE, not INDIRECT."
region_000269,A-005,Thermal Protection,Furnish & Install Wall Partition Assemblies As Per Wall Type Schedules And Tags,AX,GRID_REFERENCE,NONE,AX,No direct bid-item evidence visible; region shows a grid reference (AX) rather than a wall partition/metal framing item.,"The highlighted region contains a grid reference AX, which is a plan/navigation aid, not a bid item. The bid item specifies Furnish & Install Wall Partition Assemblies (Metal Framing) and would require direct evidence of a partition/metal framing element or a corresponding wall-type tag/schedule in the region. The grid reference does not provide that direct association."
region_000271,A-005,Thermal Protection,Furnish & Install Wall Partition Assemblies As Per Wall Type Schedules And Tags,AV,PLAN_GEOMETRY,NONE,"Roof plan fragment with blue circled 'FZ' callouts along a corridor; plan geometry lines, doors, and grid references. No wall partition assemblies, wall type tags, or partition-related notation visible in this region.",NONE,"The region is a portion of Sheet A-005 (Roof Plan / Bldg Types) showing generic roof-plan geometry and FZ callouts, not any wall partition assembly, wall type schedule, or partition tagging. There is no explicit label, symbol, or detail identifying wall partitions or metal framing as required by the Bid Item 'Furnish & Install Wall Partition Assemblies As Per Wall Type Schedules And Tags'. Therefore there is no direct evidence linking this region to the bid item; it is not a direct representation of the bid item."
region_000272,A-005,Thermal Protection,Furnish & Install Wall Partition Assemblies As Per Wall Type Schedules And Tags,AV,EQUIPMENT_TAG,NONE,AV,NONE,"The highlighted region contains a circular blue-tag with the letters 'AV' on Sheet A-005 (Roof Plan). This is an equipment/feature tag, not a wall partition element. There is no direct evidence of a wall partition assembly, metal framing, or any wall-type schedule/detail within this region. The bid item is Furnish & Install Wall Partition Assemblies As Per Wall Type Schedules And Tags (Metal Framing), which would require a tag, schedule, or detail explicitly referencing a wall partition or its metal framing. Instead, the region appears to label a roof/mechanical feature (e.g., an air vent/equipment tag), not a partition. Therefore, there is no direct association with the bid item; the association is WRONG."
region_000273,A-005,Thermal Protection,Furnish & Install Wall Partition Assemblies As Per Wall Type Schedules And Tags,AZ,PLAN_GEOMETRY,NONE,"A small enclosed core area in the roof plan view, containing a door and thick surrounding walls. The region shows labeling such as A-201 and A-203 nearby, and multiple dashed grid lines, but there is no visible wall-type tag, partition schedule, finish tag, or any reference to wall partition assemblies (metal framing) within the highlighted region.","No direct evidence of wall partition assemblies or metal framing in this region. There is no wall type schedule tag, finish tag, or explicit reference to the bid item within the highlighted area; the region appears to be a roof-plan core/shaft rather than a partition assembly depiction.","The highlighted region is a roof-plan core/shaft area with a door, not a labeled wall partition assembly or a finish/work tag. There is no direct indication of wall partitions or metal framing in this region, nor any wall-type schedule or tag visible that explicitly references the bid item. OCR hints do not establish a direct association, and the evidence is visually incongruent with the bid item."
region_000274,A-005,Thermal Protection,Furnish & Install Wall Partition Assemblies As Per Wall Type Schedules And Tags,AZ,ROOM_LABEL,NONE,AZ,"No direct identification of wall partitions, wall type schedules, or tags; AZ is a room/area label, not a wall-type tag or part of a wall partition schedule.","The highlighted region contains a circled 'AZ' room/area label with a dashed leader. This is a room label, not a wall partition assembly reference or wall-type tag. The Original Bid Item requires furnishing and installing wall partition assemblies per wall type schedules and tags, which would require a wall-type tag or schedule reference visible in the region. There is no direct evidence within the region that identifies, locates, or explicitly references the bid item; therefore no direct association."
region_000275,A-005,Thermal Protection,Furnish & Install Wall Partition Assemblies As Per Wall Type Schedules And Tags,A2,GRID_REFERENCE,NONE,A2,No direct bid item evidence; region is a blue circular grid reference bubble displaying 'A2'.,"The highlighted region visually contains a blue circular badge with the grid reference 'A2'. Grid references are used for location on the plan and do not represent or identify the wall partition assemblies or metal framing bid item. There is no direct evidence within this region that labels, denotes, or references the assigned bid item; thus the association is not direct."
region_000276,A-005,Thermal Protection,Furnish & Install Wall Partition Assemblies As Per Wall Type Schedules And Tags,A2,PLAN_GEOMETRY,NONE,"Fragment of interior partition wall lines with a doorway/opening on a roof plan area. The region shows wall outlines, an opening, and grid/line references (e.g., A4, A3, A2, A1, F2, C1) but no explicit wall-type tag, partition schedule, detail callout, or finish/work indication.","No direct evidence visible that ties this region to the Bid Item 'Furnish & Install Wall Partition Assemblies As Per Wall Type Schedules And Tags' (no wall type tag, wall schedule, or detail reference identifying a wall partition assembly or metal framing within this specific region).","The highlighted region is a generic plan geometry fragment from a roof plan showing interior wall lines and an opening with grid references. There is no explicit tag, schedule, or detail in the region that directly identifies or references a wall partition assembly or metal framing as required by the Bid Item. OCR hints are secondary and do not establish direct evidence. Therefore, the region does not directly associate with the original bid item."
region_000277,A-005,Thermal Protection,Furnish & Install Wall Partition Assemblies As Per Wall Type Schedules And Tags,A3,PLAN_GEOMETRY,NONE,"Roof plan fragment from Sheet A-005 showing grid lines and circle callouts (A1, A2, A3, A4, etc.) with the title text 'ROOF - BLDG TYPES' and the sheet label 'A-005'",,"The highlighted region depicts roof plan geometry and plan labeling, not wall partition assemblies or metal framing. There is no direct indication of wall type schedules, tags, or any finish/work item that would directly identify Furnish & Install Wall Partition Assemblies as per the bid item. Therefore it does not provide direct evidence for the original bid item."
region_000278,A-005,Thermal Protection,Furnish & Install Wall Partition Assemblies As Per Wall Type Schedules And Tags,A3,GRID_REFERENCE,NONE,A3,"No direct evidence; region shows a grid reference marker (A3) and does not contain any wall-type tag, finish tag, schedule or detail entry.","The highlighted region visibly contains a grid reference bubble labeled 'A3'. Grid references are not bid items and do not directly identify wall partitions or metal framing. There is no wall-type tag, finish tag, wall partition schedule, or detail entry that explicitly references the Bid Item 'Furnish & Install Wall Partition Assemblies As Per Wall Type Schedules And Tags' on this roof plan sheet. Per the SPECIAL RULES for GRID_REFERENCE and the need for a direct association, this region provides no direct evidence for the bid item."
region_000279,A-005,Thermal Protection,Furnish & Install Wall Partition Assemblies As Per Wall Type Schedules And Tags,A1,DETAIL,NONE,Detail callout/marker containing 'A-202' (triangular symbol) indicating a detail on another sheet.,"No direct indication of wall partition work (e.g., wall type, finish, or partition schedule) is visible; only a cross-reference to another sheet/detail.","The region shows a detail callout marker with a sheet/detail reference (A-202) rather than any explicit labeling, tag, or schedule for a wall partition assembly. It does not directly identify or reference the specified bid item (Furnish & Install Wall Partition Assemblies) or its metal framing components. As such, there is no direct evidence tying this region to the bid item; any relationship would be indirect at best and not sufficient for a RIGHT association."
region_000281,A-005,Thermal Protection,Furnish & Install Wall Partition Assemblies As Per Wall Type Schedules And Tags,A4,GRID_REFERENCE,NONE,"Blue circular grid callouts labeled A2, A3, A4 along grid lines (grid reference markers).","No direct evidence identifying wall partition work, finishes, schedules, or components; region shows grid references only.","The highlighted region visually shows grid reference markers (A2, A3, A4) and not any wall partition component, finish, or schedule. Grid references are not bid items and do not directly identify Furnish & Install Wall Partition Assemblies. Therefore there is no direct association with the bid item."
region_000282,A-005,Thermal Protection,Furnish & Install Wall Partition Assemblies As Per Wall Type Schedules And Tags,A4,GRID_REFERENCE,NONE,"Grid reference bubbles: A2, A3, A4 shown along a vertical dashed line",NONE,"The highlighted region visually shows grid reference bubbles (A2, A3, A4) used to locate elements on the sheet. There is no direct evidence of bid-item content (wall partition assemblies, wall type schedules, or metal framing) within this region. Grid references are not bid items and do not explicitly identify or locate the bid item. Therefore, there is no direct association to the original bid item."
region_000283,A-005,Thermal Protection,Furnish & Install Wall Partition Assemblies As Per Wall Type Schedules And Tags,AX,FINISH_TAG,INDIRECT,Blue circular callouts labeled 'FX' placed along interior partition walls.,"The region shows finish tags (FX) on walls, but there is no wall type schedule, wall partition assembly reference, or metal framing tag visible that directly identifies a specific wall partition assembly per the Bid Item. No explicit reference to 'Furnish & Install Wall Partition Assemblies' or 'Wall Type Schedules And Tags' is evident in this region.","A direct association would require the region itself to visibly identify the wall partition assembly (e.g., a wall type tag, partition assembly callout, or metal framing reference). The region only contains generic finish tags ('FX') on walls, which do not constitute direct evidence of the required wall partition assembly work. Therefore, the region does not directly represent the original bid item and is categorized as INDIRECT/NO direct association."
region_000284,A-005,Thermal Protection,Furnish & Install Wall Partition Assemblies As Per Wall Type Schedules And Tags,AX,GRID_REFERENCE,NONE,AX,Grid reference bubble 'AX' not tied to any wall partition element or finish; no reference to wall type schedules or tags.,"The region shows a circular grid reference tag 'AX' with a leader, which is used for locating grid lines on the sheet. It does not identify, locate, or explicitly reference the original bid item (Furnish & Install Wall Partition Assemblies As Per Wall Type Schedules And Tags). No direct evidence connects this region to wall partitions or the wall-type tagging schedule."
region_000285,A-005,Thermal Protection,Furnish & Install Wall Partition Assemblies As Per Wall Type Schedules And Tags,AV,EQUIPMENT_TAG,NONE,EV (Elevator) equipment tag balloon visible near the central core,NONE,"The highlighted region contains elevator equipment tag balloons (EV) on a roof plan. There is no explicit wall partition information (wall types, schedules, or wall tags) that directly identifies or references the bid item 'Furnish & Install Wall Partition Assemblies As Per Wall Type Schedules And Tags'. The region does not visually establish wall partitions, finishes, or any material/work associated with the bid item; it only shows service/equipment elements."
region_000286,A-005,Thermal Protection,Furnish & Install Wall Partition Assemblies As Per Wall Type Schedules And Tags,AV,EQUIPMENT_TAG,NONE,AV,"No direct evidence linking this region to wall partition work; it shows an AV equipment tag on roof plan, unrelated to wall type schedules or wall partitions.","The region contains a circular blue-tag with the label 'AV' connected to a roof-plan element. This is indicative of an equipment tag (likely an air vent or AV item) rather than a wall partition assembly or wall type reference. The original bid item is for furnishing & installing wall partition assemblies per wall type schedules and tags (metal framing). There is no explicit finish/work indication, label, schedule, or detail in this region that directly identifies or references a wall partition assembly or its wall type. Therefore the region does not have a direct association with the bid item."
region_000287,A-005,Thermal Protection,Furnish & Install Wall Partition Assemblies As Per Wall Type Schedules And Tags,AZ,DETAIL,NONE,Detail callout A-403 near a doorway (detail reference),No direct wall type tag or wall partition schedule visible; region shows a cross-reference detail (A-403),"The highlighted region contains a circular callout labeled A-403, which is a cross-reference to a detail drawing. It does not display a wall type tag, finish schedule, or any explicit indication of a wall partition assembly or metal framing as required to directly satisfy the Bid Item (Furnish & Install Wall Partition Assemblies As Per Wall Type Schedules And Tags). Therefore, there is no direct evidence connecting this region to the bid item; it is a non-direct (none) association."
region_000288,A-005,Thermal Protection,Furnish & Install Wall Partition Assemblies As Per Wall Type Schedules And Tags,AZ,PLAN_GEOMETRY,NONE,"Roof plan region showing plan geometry and grid references; no wall partitions, finishes, wall type tags, or partition details visible.","There is no evidence of wall partition assemblies, wall type schedules, tags, or related finishes in this region. The content shown corresponds to roof plan geometry (bracing/grid indications) rather than partition assembly data.","The highlighted area depicts roof plan geometry and does not contain any direct indication of wall partitions, metal framing, or wall type schedules/tags that would explicitly correspond to the bid item “Furnish & Install Wall Partition Assemblies As Per Wall Type Schedules And Tags.” There is no labeling, tag, schedule, or detail in this region that directly identifies the bid item."
region_000289,A-005,Thermal Protection,Furnish & Install Wall Partition Assemblies As Per Wall Type Schedules And Tags,A2,DETAIL,NONE,"Detail callout bubble labeled B1 A-202 on the roof plan sheet (A-005), indicating a cross-reference to another sheet (A-202).",No direct evidence of a wall partition assembly; region only shows a detail cross-reference tag.,"The highlighted region is a detail callout bubble (B1 A-202) on the Roof Plan (Sheet A-005). It only references a detail on another sheet and does not itself identify, locate, or reference a wall partition assembly with metal framing. The original bid item is Furnish & Install Wall Partition Assemblies (Metal Framing) and would require direct evidence such as a wall type tag, finish/partition notation, or a schedule entry on the current region. There is no such direct association visible in this region; the evidence is a cross-reference detail tag, not a direct depiction or labeling of the bid item."
region_000290,A-005,Thermal Protection,Furnish & Install Wall Partition Assemblies As Per Wall Type Schedules And Tags,A2,GRID_REFERENCE,NONE,A2 grid reference bubble,"No direct evidence of wall partition work or metal framing; region shows only a grid reference bubble (A2), not a finish/work tag, schedule, or material tag.","The highlighted region contains a grid reference bubble 'A2' used for locating positions on the sheet. It does not identify or reference the original bid item (Furnish & Install Wall Partition Assemblies...). The Bid Item would require a direct indicator such as a wall type tag, partition symbol, or a corresponding wall schedule; a grid reference alone is not a bid-item-specific indication."
region_000291,A-005,Thermal Protection,Furnish & Install Wall Partition Assemblies As Per Wall Type Schedules And Tags,A3,GRID_REFERENCE,NONE,A3,"The region shows a grid reference bubble labeled 'A3' and surrounding plan geometry. There is no visible finish, material tag, wall partition symbol, detail callout, or wall-type schedule entry that identifies wall partition assemblies or metal framing directly.",DIRECT evidence linking the region to the Bid Item is absent. The region is a grid reference on a roof plan (Sheet A-005) and does not contain any direct indication of Furnish & Install Wall Partition Assemblies or Metal Framing. No finish/work identifiers or schedules are visible in this region; OCR hints do not override the visual evidence.
region_000292,A-005,Thermal Protection,Furnish & Install Wall Partition Assemblies As Per Wall Type Schedules And Tags,A3,PLAN_GEOMETRY,NONE,"Fragment of roof plan showing walls/partitions and grid references; no wall-type schedule tag, partition-assembly label, or metal-framing indication visible.",No direct bid item reference or partition-assembly tag visible; region does not display wall-type schedules or partition-assembly details.,"The highlighted region is from Sheet A-005 (Roof Plan) and shows generic plan geometry with grid references (e.g., A1, A2, A3) and wall lines. There is no explicit reference to Furnish & Install Wall Partition Assemblies, Wall Type Schedules, Tags, or Metal Framing. Without a direct marker or schedule entry tying this region to the bid item, it cannot be considered a direct association."
region_000293,A-005,Thermal Protection,Furnish & Install Wall Partition Assemblies As Per Wall Type Schedules And Tags,A1,GRID_REFERENCE,NONE,A1,No direct bid-item evidence; region shows grid reference,"The highlighted region shows a grid coordinate label 'A1' (blue circle grid markers). This functions as plan geometry/grid reference, not as a direct indicator of the bid item. There is no tag, schedule, or symbol identifying wall partitions or metal framing per the bid item; therefore there is no direct association with 'Furnish & Install Wall Partition Assemblies As Per Wall Type Schedules And Tags'."
region_000294,A-005,Thermal Protection,Furnish & Install Wall Partition Assemblies As Per Wall Type Schedules And Tags,A1,GRID_REFERENCE,NONE,A1,No direct bid item evidence; region shows a grid reference bubble (A1),The highlighted region shows a grid reference bubble with the label 'A1'. Grid references are explicitly NOT bid items and do not directly identify or reference work such as wall partitions or metal framing. There is no finish/tag/schedule evidence within the region that directly ties to the bid item.
region_000296,A-005,Thermal Protection,Furnish & Install Wall Partition Assemblies As Per Wall Type Schedules And Tags,A4,GRID_REFERENCE,NONE,"Grid reference annotations with circular callouts labeled A2, A3, A4 connected by dashed grid lines on the plan","No direct evidence of a wall partition, metal framing, or any bid-item related label; region shows grid references only","The highlighted region contains grid reference markers (A2, A3, A4) and dashed grid lines, which are used for locating elements on the plan. There is no visible label, tag, schedule entry, or detail reference that directly identifies or maps to the Bid Item: 'Furnish & Install Wall Partition Assemblies As Per Wall Type Schedules And Tags' (Metal Framing). Per the SPECIAL RULES, a GRID_REFERENCE is not a bid item and cannot provide direct evidence for the bid item. Therefore, the association is NONE and the decision is WRONG."
region_000297,A-005,Thermal Protection,Furnish & Install Wall Partition Assemblies As Per Wall Type Schedules And Tags,AX,PLAN_GEOMETRY,NONE,"Central vertical white core/shadowed area on roof plan with door-like features; no wall partitions, wall types, or metal-framing tags visible in this region. Surrounding features show grid/axis markers (AX, BX, etc.) and typical roof-plan hatchings.",NONE,"The highlighted region shows a building core/shaft area on a roof plan, not a wall partition assembly. There are no wall type tags (e.g., W- tags), partition lines, or finishes indicators that would directly identify or reference a wall partition assembly with metal framing. The region does not visually represent or label the bid item; there is no direct evidence linking this region to Furnish & Install Wall Partition Assemblies per Wall Type Schedules and Tags."
region_000298,A-005,Thermal Protection,Furnish & Install Wall Partition Assemblies As Per Wall Type Schedules And Tags,AX,GRID_REFERENCE,NONE,AX,"No direct evidence present. The region shows a grid reference bubble labeled AX with a leader line, which is a grid annotation and not a wall partition tag, schedule, or label that would directly identify the Bid Item (Furnish & Install Wall Partition Assemblies).","The highlighted region contains a grid reference annotation (AX) and does not visibly identify or reference a wall partition assembly, its wall type, or any wall type schedule/tags. No direct indication of the Bid Item is present in the region; grid references are considered indirect/unsupported evidence for this Bid Item."
region_000299,A-005,Thermal Protection,Furnish & Install Wall Partition Assemblies As Per Wall Type Schedules And Tags,AV,PLAN_GEOMETRY,NONE,Vertical core opening (elevator/stair shaft) within roof plan; not a wall partition,"No direct evidence of wall partition assemblies (no wall type tags, schedules, or finish indications visible in the region)","The highlighted region appears to be a vertical building core (elevator/stair shaft) shown on the roof plan. There are no direct references to wall partition assemblies, metal framing, or wall-type schedules/tags in this region. Therefore, it does not directly identify or reference the original bid item (Furnish & Install Wall Partition Assemblies As Per Wall Type Schedules And Tags)."
region_000300,A-005,Thermal Protection,Furnish & Install Wall Partition Assemblies As Per Wall Type Schedules And Tags,AV,EQUIPMENT_TAG,NONE,AV,"No direct evidence linking the 'AV' equipment tag to wall partition assemblies, wall type schedules, or metal framing.","The highlighted region shows a circular tag labeled 'AV' on a roof plan (Sheet A-005). This is an equipment tag, not a label identifying or referencing a wall partition assembly or metal framing. There is no direct indication that this 'AV' tag corresponds to the Bid Item 'Furnish & Install Wall Partition Assemblies As Per Wall Type Schedules And Tags'; any link would be indirect and not sufficient for a direct association."
region_000301,A-005,Thermal Protection,Furnish & Install Wall Partition Assemblies As Per Wall Type Schedules And Tags,AZ,GRID_REFERENCE,NONE,Grid bubble labeled AZ among the plan grid references.,No direct bid item reference found; grid reference is not part of the wall partition scope.,"The highlighted region shows a grid reference bubble 'AZ' (plan grid label). Grid references are not bid items and do not identify, locate, or reference wall partition assemblies. There is no direct evidence tying this region to 'Furnish & Install Wall Partition Assemblies As Per Wall Type Schedules And Tags (Metal Framing)'."
region_000302,A-005,Thermal Protection,Furnish & Install Wall Partition Assemblies As Per Wall Type Schedules And Tags,AZ,PLAN_GEOMETRY,NONE,"A fragment of Sheet A-005 Roof Plan showing roof boundary and interior plan lines with an AZ callout; no wall partition tags, wall type labels, or schedules are visible within this region.","No direct identification of wall partition assemblies, wall type tags, or wall-type schedules within the region.","The region visually shows roof-plan geometry with callouts but contains no explicit references to wall partitions or wall-type schedules/tags. There is no direct evidence that this specific region identifies, locates, or references the original bid item (Furnish & Install Wall Partition Assemblies As Per Wall Type Schedules And Tags). OCR hints do not provide a direct association, and the image evidence does not show any partition-related labeling in this region."
region_000303,A-005,Thermal Protection,Furnish & Install Wall Partition Assemblies As Per Wall Type Schedules And Tags,A2,GRID_REFERENCE,NONE,A2,NONE,"The highlighted region visually shows a grid reference bubble labeled A2 on a roof-plan sheet. There is no direct indication of wall partitions, metal framing, or any finish/work that would correspond to the Bid Item “Furnish & Install Wall Partition Assemblies As Per Wall Type Schedules And Tags.” Grid references are not bid items, and the region does not display any schedule, detail, label, or conductor that explicitly references the wall partition work. Therefore there is no direct association with the bid item for this specific region."
region_000304,A-005,Thermal Protection,Furnish & Install Wall Partition Assemblies As Per Wall Type Schedules And Tags,A2,GRID_REFERENCE,NONE,A2,The region shows a grid reference label 'A2' along a dashed grid line; there is no finish/tag/schedule/partition reference visible.,"The highlighted region contains only a grid reference (A2). It does not identify or reference any wall partition work, finish, or related bid item. Per the rules, a grid reference is not a direct bid item indicator and cannot satisfy the bid item association."
region_000305,A-005,Thermal Protection,Furnish & Install Wall Partition Assemblies As Per Wall Type Schedules And Tags,A3,PLAN_GEOMETRY,NONE,"Portion of a roof plan showing roof deck/plan geometry with grid markers and related plan elements. No visible wall types, partition tags, finishes, or metal framing references are present in the highlighted area.",NONE,"The highlighted region contains roof-plan geometry and grid callouts, not any wall partition assembly details. There are no labels, tags, schedules, or symbols explicitly referencing wall partitions, metal framing, or a wall type schedule as required to directly identify Furnish & Install Wall Partition Assemblies. Therefore there is no direct evidence that this region represents the Original Bid Item; OCR hints do not change the visual evidence on the drawing."
region_000306,A-005,Thermal Protection,Furnish & Install Wall Partition Assemblies As Per Wall Type Schedules And Tags,A3,PLAN_GEOMETRY,NONE,"Roof-plan fragment showing walls and an opening; grid lines and room/station marks are visible, but no wall-type tag, partition schedule, or reference to a wall partition assembly.","NONE — there is no explicit wall partition assembly tag, wall type callout, or wall schedule visible in the region.","The region contains only generic plan geometry (walls/ openings on a roof plan) with grid references; it does not display any direct evidence of a wall partition assembly, wall type tag, or schedule that ties to the bid item. Without a direct label or schedule entry referencing wall partitions, the region cannot be considered a direct representation of the bid item."
region_000307,A-005,Thermal Protection,Furnish & Install Wall Partition Assemblies As Per Wall Type Schedules And Tags,A1,GRID_REFERENCE,NONE,A1 grid reference,"The region shows a grid reference label (A1) with no wall/type tag, partition symbol, schedule reference, or finish/work indication visible.","The highlighted region is a grid reference bubble/label on Roof Plan (Sheet A-005). It does not contain any direct indication of the bid item 'Furnish & Install Wall Partition Assemblies As Per Wall Type Schedules And Tags' (no wall type tag, partition symbol, or explicit reference to wall assemblies). Per the GRID REFERENCES special rule, a grid reference is not a bid item and cannot directly establish the bid item."
region_000308,A-005,Thermal Protection,Furnish & Install Wall Partition Assemblies As Per Wall Type Schedules And Tags,A1,GRID_REFERENCE,NONE,A1,"The region only contains a grid reference label; there is no label or tag indicating a wall type, partition assembly, or schedule entry. The region does not visibly identify any element of the bid item (wall partition assemblies or metal framing).",The highlighted area shows a grid reference tag 'A1' (blue circled). A grid reference is not a bid item and provides no direct evidence of wall partitions or metal framing. Therefore it does not directly associate with the original bid item.
region_000309,A-005,Thermal Protection,Furnish & Install Wall Partition Assemblies As Per Wall Type Schedules And Tags,A4,GRID_REFERENCE,NONE,"Portion of Roof Plan showing grid references A2, A3, A4 with dashed gridlines and dark roof/structure area; no wall type tag, finish tag, or wall partition schedule visible.",NONE,"The highlighted region visually contains grid reference callouts (A2, A3, A4) and general plan geometry. There is no direct indication of a wall partition assembly, metal framing, wall type schedule, or finish reference. A wall partition bid item would require direct identification of the wall assembly or tag within the region (e.g., a wall type label or schedule entry). The region is part of a Roof Plan and does not contain explicit evidence linking to 'Furnish & Install Wall Partition Assemblies As Per Wall Type Schedules And Tags'."
region_000310,A-005,Thermal Protection,Furnish & Install Wall Partition Assemblies As Per Wall Type Schedules And Tags,A4,PLAN_GEOMETRY,NONE,"Roof-plan region showing interior wall layout/partitions within the plan area; no wall type tag, partition schedule, or wall-assembly reference visible.","NONE – no direct reference to wall partition assemblies, wall type schedules/tags, or metal framing visible in the region","The highlighted region on the roof plan (A-005) displays plan geometry with walls/partitions but there is no direct evidence of Furnish & Install Wall Partition Assemblies or any Wall Type Schedule/Tag that would identify a specific partition assembly or metal framing. A DIRECT association would require a visible wall-type tag, schedule entry, or detail explicitly mapping to the bid item. Since such evidence is absent, the association is NONE, resulting in a WRONG decision."
region_000311,A-005,Thermal Protection,Furnish & Install Wall Partition Assemblies As Per Wall Type Schedules And Tags,AX,PLAN_GEOMETRY,NONE,"Central corridor wall segment on a roof plan with blue circled tags labeled 'FX' along the partition line; no wall type schedules, wall type tags, or partition assembly references visible.",No direct reference to 'Furnish & Install Wall Partition Assemblies' or 'Wall Type Schedules and Tags'; no explicit partition detail or metal framing tag visible in the region.,"The region is taken from a roof plan sheet (A-005 Roof Plan) and does not contain any explicit wall partition assembly label, wall type schedule, or tag that directly identifies the wall partition work. The 'FX' tags seen are not verifiable as direct references to the bid item, and there is no visible evidence of metal framing or partition details specific to the bid item in this region."
region_000313,A-005,Thermal Protection,Furnish & Install Wall Partition Assemblies As Per Wall Type Schedules And Tags,AV,PLAN_GEOMETRY,NONE,"Interior wall segment with a door opening (partition geometry) shown on the roof-plan sheet; no wall-type tag, finish label, schedule, or explicit partition assembly reference visible in the highlighted region.",NONE,"The region contains plan geometry (wall lines and a door) without any direct label or schedule entry referencing a wall partition assembly, wall type S, or metal framing as required by the Bid Item. No wall-type tag, schedule line, or explicit reference to the partition assembly is visible in this region. Therefore it does not provide direct evidence for the bid item; any relation would be indirect at best and not acceptable for a direct association."
region_000314,A-005,Thermal Protection,Furnish & Install Wall Partition Assemblies As Per Wall Type Schedules And Tags,AV,EQUIPMENT_TAG,NONE,AV,No direct evidence linking to the bid item; the AV tag appears unrelated to wall partitions or metal framing.,"The highlighted region shows a circular label 'AV' (equipment tag) with leader lines on a roof plan. This is a non-partition equipment reference, not a finish, wall partition, or metal framing detail. It does not directly identify or reference the original bid item (Furnish & Install Wall Partition Assemblies As Per Wall Type Schedules And Tags / Metal Framing). Therefore there is no direct association."
region_000315,A-005,Thermal Protection,Furnish & Install Wall Partition Assemblies As Per Wall Type Schedules And Tags,AZ,PLAN_GEOMETRY,NONE,"Roof-plan geometry around a central shaft/ opening with wall lines and door-like features; no explicit wall-type label, wall-type schedule, or bid-item tag referencing wall partitions or metal framing visible in the region.","No direct evidence of Wall Type S, wall partition assembly tag, or any partition schedule in the highlighted region.","The region is a plan-view of roof-level geometry showing walls and an opening (likely shaft/door area) but contains no explicit wall-type designation, partition assembly tag, or schedule that directly identifies a wall partition assembly as specified by the bid item. The bid item requires a direct association to wall type schedules/tags (e.g., Wall Type S) or similar explicit labeling, which is not visible in this region. OCR hints do not override missing visual evidence. Therefore, no direct association is established."
region_000316,A-005,Thermal Protection,Furnish & Install Wall Partition Assemblies As Per Wall Type Schedules And Tags,AZ,GRID_REFERENCE,NONE,Grid reference bubble 'AZ' near the region (grid label),NONE,"The highlighted region shows a grid reference bubble with the label 'AZ' connected by a dashed line. This is a GRID_REFERENCE and does not directly identify or label the bid item (Furnish & Install Wall Partition Assemblies As Per Wall Type Schedules And Tags — Metal Framing). There is no finish/material tag, wall type tag, schedule, or detail entry visible in this region that explicitly references the bid item. Therefore, there is NO direct evidence linking this region to the bid item; the association is WRONG."
region_000317,A-005,Thermal Protection,Furnish & Install Wall Partition Assemblies As Per Wall Type Schedules And Tags,A2,GRID_REFERENCE,NONE,A2 grid reference bubble,"No direct evidence of the bid item; region shows only a grid reference bubble (A2) with no labeling or detail that identifies a wall partition assembly, finish, or wall type schedule.","The highlighted region contains a circular blue callout reading 'A2', which is a grid reference marker. This is part of plan geometry and not a bid item. There is no visible indication of a wall partition assembly, metal framing, or wall-type schedule/tag within this region. Per the special rule for grid references, this does not directly establish the bid item and should be considered no direct association."
region_000318,A-005,Thermal Protection,Furnish & Install Wall Partition Assemblies As Per Wall Type Schedules And Tags,A2,GRID_REFERENCE,NONE,A2,"The highlighted region contains a grid reference bubble labeled 'A2' and surrounding plan geometry. There is no visible wall-type tag, partition detail, finish tag, schedule, or other bid-item identifying label within the region.","Grid references are not bid items and do not directly identify or reference the wall partition assemblies bid item. The region shows only a grid marker (A2) on the Roof Plan, providing no direct evidence of the bid item."
region_000319,A-005,Thermal Protection,Furnish & Install Wall Partition Assemblies As Per Wall Type Schedules And Tags,A3,GRID_REFERENCE,NONE,Grid reference callouts (A3) with associated dashed grid lines; a circular blue tag labeled A3 within the highlighted region.,No direct evidence of wall partition assemblies or metal framing; region shows grid references only.,"The highlighted region contains grid reference marks (A3) and grid lines, not a wall type, partition assembly tag, schedule, or detail that would directly identify the bid item. There is no visible evidence of wall partitions, wall type tagging, or a wall schedule within this region."
region_000320,A-005,Thermal Protection,Furnish & Install Wall Partition Assemblies As Per Wall Type Schedules And Tags,A3,PLAN_GEOMETRY,NONE,"Portion of Roof Plan with a dark roof area, grid callouts (A1–A4), and a central opening; no wall partitions, wall type tags, or metal framing references visible.",NONE,"The region shows a roof plan fragment with grid references and a central feature, not any direct indication of wall partition assemblies, wall type schedules, or metal framing tags. The bid item requires a direct identification of wall partitions or related assemblies; there is no such direct evidence in this region. OCR hints are secondary and do not alter the visual evidence. Therefore, the association is not direct and the decision is WRONG."
region_000323,A-005,Flooring,Furnish & Install Unspecified Floor Finish From Schedule,F1,FINISH_TAG,INDIRECT,F1,"The region shows a finish tag label 'F1' with a leader line, but there is no explicit finish material name (e.g., carpet, tile, etc.) or a direct reference to a specific item in a finished schedule within the region. There is no visible text such as 'CARPET', 'FLOOR FINISH', or a schedule entry that directly links this region to the bid item. The sheet is a roof plan (A-005) rather than an interior floor finish plan, and the finish item would require a schedule cross-reference outside this region to be considered a direct identification.","The region contains a finish tag 'F1', which is a tag that would normally reference a finish in a separate schedule. However, the region itself does not identify a specific floor finish material or a direct finish entry from the schedule. No explicit finish material or bid-item-specific labeling is visible within the region. As a result, there is no direct evidence that this exact highlighted region furnishes & installs the specified floor finish; at best it would require cross-reference to the finish schedule. This constitutes an indirect association, not a direct one, and given the bid item refers to an unspecified floor finish from a schedule, the region does not directly satisfy the bid item.”} } } } } } } } } } } } } } } } } } } } } } } } } } } } } } } } } } } } } } } } } } } } } } } } } } } } } } } } } } } } } } } } } } } } } } } } } } } } } } } } } } } } } } } } } } } } } } } } } } } } } } } } } } } } } } } } } } } } } } } } } } } } } } } } } } } } } } } } } } } } } } } } } } } } } } } } } } } } } } } } } } } } } } } } } } } } } } } } } } } } } } } } } } } } } } } } } } } } } } } } } } } } } } } } } } } } } } } } } } } } } } } } } } } } } } } } } } } } } } } } } } } } } } } } } } } } } } } } } } } } } } } } } } } } } } } } } } } } } } } } } } } } } } } } } } } } } } } } } } } } } } } } } } } } } } } } } } } } } } } } } }}}"
region_000325,A-005,Flooring,Furnish & Install Unspecified Floor Finish From Schedule,F3,GRID_REFERENCE,NONE,F3,"No direct finish item or schedule entry visible; region shows a grid reference (F3) on a roof plan, not a finish specification or flooring installation detail.","The highlighted region contains only a grid reference 'F3' used for location on the sheet, not a finish item or flooring installation detail. According to the GRID_REFERENCE rule, this is not direct evidence of the bid item (Furnish & Install Unspecified Floor Finish From Schedule). Therefore there is no direct association to the bid item."
region_000326,A-005,Flooring,Furnish & Install Unspecified Floor Finish From Schedule,FZ,FINISH_TAG,NONE,FZ,"No direct reference to a specific floor finish or to the finish schedule entry. The region only shows a generic Finish Zone tag (FZ) without naming a material (e.g., carpet, tile) or linking to the floor finish schedule.","The highlighted region contains a blue circled 'FZ' finish-zone tag. This does not itself identify a finish type or a schedule item. The original bid item requires furnishing/installing a floor finish from the schedule, which would need explicit finish material or a schedule reference visible in the region. With only a general finish tag and no direct finish description, there is no direct evidence linking this region to the bid item."
region_000327,A-005,Flooring,Furnish & Install Unspecified Floor Finish From Schedule,FZ,FINISH_TAG,NONE,FZ,"The region only shows a two-letter finish tag (FZ); there is no explicit finish designation, schedule reference, or material/work label that directly ties to 'Furnish & Install Unspecified Floor Finish From Schedule'. No carpet, floor finish type, or schedule entry is visible in this region.","1) The region visibly contains a generic finish tag 'FZ' with no material or finish type shown. 2) The sheet is a roof plan (A-005) per the locator, not a floor finish schedule, so there is no direct reference to a specific floor finish. 3) There is no explicit finish item, room finish, or schedule entry that directly corresponds to the bid item 'Furnish & Install Unspecified Floor Finish From Schedule'. 4) OCR is limited to 'FZ' and must be corroborated by visible evidence; the image does not provide direct evidence of the bid item."
region_000329,A-005,Flooring,Furnish & Install Unspecified Floor Finish From Schedule,FX,FINISH_TAG,NONE,Circular blue tags containing the label 'FX' scattered along the floor/finish area in the highlighted region.,"The region shows only generic 'FX' finish tags with no explicit finish name (e.g., carpet, vinyl) or finish schedule reference visible within the region.","Step 1: The region visibly contains 'FX' finish tags indicating a finish assignment, but Step 2: there is no explicit finish material or schedule entry shown in the region that would directly identify the bid item (Furnish & Install Unspecified Floor Finish). Step 3: Without an explicit finish designation, the region does not directly reference the bid item. Step 4: No indirect reasoning (same trade/same sheet) should count as direct evidence per rules."
region_000330,A-005,Flooring,Furnish & Install Unspecified Floor Finish From Schedule,FV,GENERAL_NOTE,NONE,FV (Field Verify) circular tag,"The region contains an FV (Field Verify) callout, not a finish label or finish schedule reference. No explicit floor finish type, material, or schedule reference is visible in this region.","The highlighted region shows a small circular tag 'FV' indicating 'Field Verify' rather than a finish/specification item. A direct association to the bid item 'Furnish & Install Unspecified Floor Finish From Schedule' would require explicit finish labeling (e.g., a finish name like carpet/vinyl) or a finish schedule reference. Since this is on a roof plan and there is no direct finish reference, it does not directly identify or locate the bid item."
region_000331,A-005,Flooring,Furnish & Install Unspecified Floor Finish From Schedule,FV,EQUIPMENT_TAG,NONE,FV,"The region shows a blue circular tag with the letters 'FV' (an equipment/field tag) on a roof plan. There is no finish-related label, material name, finish schedule entry, or other explicit reference to a floor finish.","1) The region visibly contains an equipment tag (FV), not a finish tag or finish schedule entry. 2) It does not display any floor finish material name (e.g., carpet, tile) or a finish specification that ties to the bid item. 3) The location is on a roof plan context, not a floor finish area, and there is no direct annotation linking this region to the 'Furnish & Install Unspecified Floor Finish' bid item. OCR content ('FV') is not sufficient to establish a direct association."
region_000332,A-005,Flooring,Furnish & Install Unspecified Floor Finish From Schedule,F2,GRID_REFERENCE,NONE,F2,"The region contains a grid reference label 'F2' (blue circled tag along the bottom grid line). It does not contain any material, finish, schedule, or bid-item label.",The highlighted region is a grid reference callout (F2). It does not identify or reference any floor finish or finish schedule. Grid references are not direct bid-item evidence. Therefore there is no direct association to the bid item 'Furnish & Install Unspecified Floor Finish'.
region_000333,A-005,Flooring,Furnish & Install Unspecified Floor Finish From Schedule,F2,GRID_REFERENCE,NONE,F2,"The region shows a circular grid reference label 'F2' with grid lines; there is no finish, material, schedule, or detail indication that would directly identify the bid item.","The highlighted region is a grid bubble/reference (F2). Grid references are not bid items and do not directly identify a finish/work. There is no explicit finish, material, schedule, or item detail in this region that ties to 'Furnish & Install Unspecified Floor Finish From Schedule'."
region_000334,A-005,Flooring,Furnish & Install Unspecified Floor Finish From Schedule,F1,GRID_REFERENCE,NONE,"Cluster of circular grid callouts with alphanumeric designations (e.g., A1, A2, F2, E1, E2) and axis labels (AX, AZ, AV) aligned with dashed grid lines on Sheet A-005 Roof Plan. Not a finish tag or room label.",No text or symbol that directly identifies the bid item 'Furnish & Install Unspecified Floor Finish From Schedule'. No carpet/vinyl/finish indication or schedule entry visible in this region.,"The region shows grid reference callouts (A1, A2, F2, etc.) and axis labels, which are grid/location indicators on the plan. There is no explicit finish item, finish tag, or schedule entry tying this region to the bid item. Therefore there is no direct association to 'Furnish & Install Unspecified Floor Finish From Schedule'; the correct ruling is WRONG with no association."
region_000335,A-005,Flooring,Furnish & Install Unspecified Floor Finish From Schedule,F1,FINISH_TAG,NONE,F1,"The region shows a small label 'F1' which appears to be a finish tag. There is no explicit finish material name (e.g., Carpet, Vinyl) or direct schedule reference visible in this region that ties it to a specific floor finish item.","The highlighted region contains a generic finish tag (F1) but does not directly identify the specific floor finish material or a finish schedule entry. A direct association would require explicit material labeling (e.g., Carpet, Floor Finish) or a visible link to a schedule/detail within the region. Without that, the region cannot be considered a direct reference to the Bid Item (Furnish & Install Unspecified Floor Finish From Schedule)."
region_000336,A-005,Flooring,Furnish & Install Unspecified Floor Finish From Schedule,F3,FINISH_TAG,NONE,F3,"Region shows a 'F3' finish tag; no finish name, material, area assignment, or schedule entry visible within this region; cannot confirm direct association to the bid item.","The highlighted region contains only a finish tag 'F3' and does not explicitly identify a floor finish material or a schedule entry within this region. The bid item requires a specified finish from the schedule; without the schedule detail visible here, there is no direct evidence linking this region to the bid item."
region_000338,A-005,Flooring,Furnish & Install Unspecified Floor Finish From Schedule,FZ,FINISH_TAG,NONE,FZ,"The region shows only a circular label with the text 'FZ' (Finish Zone). There is no explicit finish material name, finish type, or a schedule reference shown in this region that directly names or identifies a floor finish installation.","1) The highlighted region visibly contains a Finish Zone tag ('FZ'), not a material/work item. 2) There is no direct label indicating a specific floor finish (e.g., carpet, tile) or a schedule entry tied to 'Furnish & Install Unspecified Floor Finish'. 3) Without a direct finish label or schedule reference, the region cannot be said to directly identify the bid item. 4) OCR notes are secondary; the image evidence itself does not establish a direct association. 5) No assumption about the bid item is required; the evidence simply does not provide a direct link."
region_000339,A-005,Flooring,Furnish & Install Unspecified Floor Finish From Schedule,FZ,FINISH_TAG,INDIRECT,FZ,The region shows a finish tag marker (FZ) but does not specify the actual floor finish type or installation. It appears to reference a schedule rather than directly identifying the bid item work.,"The highlighted region contains a Finish Zone tag (FZ), which only signals a finish-related area to be defined in a schedule. It does not directly identify the specific floor finish work (carpet/vinyl/etc.) or installation required by the bid item. Therefore, there is no direct association with the Bid Item from this region."
region_000341,A-005,Flooring,Furnish & Install Unspecified Floor Finish From Schedule,FX,FINISH_TAG,NONE,"Two circular callouts labeled FX on a roof-plan region, likely indicating finish tags, with no explicit finish material name or schedule visible in the region.","No direct evidence of a floor finish material, installation, or schedule entry within this region. Only generic finish symbols are visible on a roof plan.","The region shows generic finish tags (FX) but does not contain explicit flooring material, a floor-finish schedule reference, or any other direct indication of ‘Furnish & Install Unspecified Floor Finish From Schedule.’ The item requires a specific floor finish referenced by a schedule, which is not visibly identified by the highlighted region on this sheet (Roof Plan A-005)."
region_000342,A-005,Flooring,Furnish & Install Unspecified Floor Finish From Schedule,FV,GENERAL_NOTE,NONE,FV (Field Verify) circular callout bubbles,"FV field-verify callouts; no explicit finish, material, or schedule item referenced; no direct indication of flooring work","The highlighted region contains circular 'FV' callouts indicating 'Field Verify' as a general note. There is no direct evidence in the region that identifies, labels, or references the Bid Item 'Furnish & Install Unspecified Floor Finish From Schedule' (no finish, material, room label, or schedule entry directly tied to flooring). Therefore, it does not provide a direct association to the bid item."
region_000343,A-005,Flooring,Furnish & Install Unspecified Floor Finish From Schedule,FV,GENERAL_NOTE,NONE,FV (Field Verify) balloon/tag,"No direct evidence linking to the bid item; the region is a Field Verify callout, not a finish/specification reference.","The highlighted region contains a circular tag 'FV', which, per the legend meaning provided (FIELD VERIFY), denotes a field verification note. It does not identify a floor finish, finish type, or schedule item. There is no explicit reference to a floor finish in this region, and the location is on a roof plan sheet rather than a finish schedule. Therefore, it does not directly represent the original bid item (Furnish & Install Unspecified Floor Finish)."
region_000345,A-005,Flooring,Furnish & Install Unspecified Floor Finish From Schedule,F2,FINISH_TAG,NONE,F2,The region only shows a finish tag (F2) with no explicit description of a floor finish or link to a floor finish schedule. The sheet is a roof plan (A-005 Bldg Types Roof Plan) and there is no direct evidence in this region identifying a floor finish work or tying F2 to the Bid Item 'Furnish & Install Unspecified Floor Finish From Schedule'.,"The highlighted region visibly contains a circular tag labeled 'F2' which is a finish tag. However, there is no direct indication this tag corresponds to the 'Unspecified Floor Finish From Schedule' bid item. The sheet is a roof plan, not a floor plan, and there is no explicit schedule reference or flooring context within this region to establish a direct association. Therefore, this region does not directly identify or reference the bid item."
region_000346,A-005,Flooring,Furnish & Install Unspecified Floor Finish From Schedule,F1,GRID_REFERENCE,NONE,"Blue circular grid reference bubbles labeled C1, C2, C3 aligned with vertical dashed gridlines along the roof plan; no finish tag or floor finish label visible within the highlighted region","No direct indication of floor finishing work, finish tag (e.g., F1), or a finish schedule reference present in the region","The region visually shows grid references/callouts (C1, C2, C3) and gridlines, which are plan geometry references. There is no explicit finish tag, material/work label, or schedule entry that directly identifies the bid item 'Furnish & Install Unspecified Floor Finish From Schedule'. Therefore, there is no direct evidence linking this region to the bid item; any relation would be indirect at best."
region_000347,A-005,Flooring,Furnish & Install Unspecified Floor Finish From Schedule,F1,GRID_REFERENCE,NONE,"Grid reference bubbles along vertical dashed grid lines with labels such as C3, C2, C1, F2, A1, A2 (grid references) visible on a roof-plan sheet. No finish/material/work items are directly shown in the region.",No direct evidence of the bid item (Furnish & Install Unspecified Floor Finish) is visible in this region; it shows grid references only.,"The region visibly contains grid reference bubbles/labels (C3, C2, C1, F2, A1, A2) and vertical grid lines. It does not depict any finish, material, room label, schedule entry, or detail that directly identifies or references the bid item 'Furnish & Install Unspecified Floor Finish From Schedule'. As per the rules, a grid reference alone is not a bid-item indication and does not constitute direct association."
region_000348,A-005,Flooring,Furnish & Install Unspecified Floor Finish From Schedule,F3,GRID_REFERENCE,NONE,F3,,"The highlighted region contains the grid reference 'F3' (blue circular bubble). Grid references are for location on the plan and do not represent a bid item or finish/work. There is no direct evidence in this region (no finish tag, schedule entry, or material/designation visible) that identifies or references the Original Bid Item 'Furnish & Install Unspecified Floor Finish From Schedule'. Therefore, the region does not directly associate with the bid item."
region_000349,A-005,Flooring,Furnish & Install Unspecified Floor Finish From Schedule,F3,GRID_REFERENCE,INDIRECT,F3,"The region shows a grid reference bubble 'F3' and contains no finish, specification, or schedule text that directly identifies the bid item (Furnish & Install Unspecified Floor Finish From Schedule).","This region contains only a grid reference (F3). Grid references are not bid items and do not directly identify any finish/work from the bid item. There is no direct indication of flooring finish or related work in this region. Therefore, there is no direct drawing evidence linking this region to the bid item; the association is indirect at best and does not satisfy the DIRECT ASSOCIATION REQUIREMENT."
region_000351,A-005,Flooring,Furnish & Install Unspecified Floor Finish From Schedule,FZ,FINISH_TAG,NONE,"Blue circular finish tag labeled ""FZ"" located on the roof plan portion (A-005) near the central corridor area.",No explicit finish disclosure or schedule reference is visible in the highlighted region. The tag appears on a Roof Plan page (Bldg Types Roof Plan) and does not identify a specific floor finish or tie to the floor finish schedule.,"The region contains a finish tag (FZ) but is on a Roof Plan sheet and does not directly identify or reference the Unspecified Floor Finish From Schedule. There is no explicit connection to a floor finish item or to the schedule within this region. Therefore, it does not provide direct evidence that this region is the correct representation for the bid item."
region_000352,A-005,Flooring,Furnish & Install Unspecified Floor Finish From Schedule,FX,FINISH_TAG,INDIRECT,Finish tag bubble labeled FX located along the plan line (appears as a circular bubble with FX).,"The region shows a generic finish tag (FX) but there is no explicit finish code, room/area designation, or schedule entry that directly references the Bid Item 'Furnish & Install Unspecified Floor Finish From Schedule.' No explicit floor finish type or schedule line is visible in the highlighted region.","The highlighted region contains a finish-tag annotation (FX) but does not itself identify a specific floor finish or a direct reference to the finish schedule used by the bid item. There is no explicit indication of ‘unspecified floor finish’ being furnished/installed in this exact region, only a generic finish tag. Without a visible finish schedule entry or a concrete finish type tied to this region, the evidence does not provide a direct association to the bid item. Therefore, this region is not a direct representation of the bid item and is classified as WRONG with INDIRECT evidence."
region_000354,A-005,Flooring,Furnish & Install Unspecified Floor Finish From Schedule,FV,EQUIPMENT_TAG,NONE,Circular tag with 'FV' (Field Verify) used as a legend symbol,"FV symbol is a legend-driven field-verify indicator, not a finish item or schedule entry for flooring","The highlighted region shows a circular tag reading 'FV', which corresponds to the Field Verify legend entry (G-002.3). This is a legend/verification symbol, not a direct identification of a floor finish, finish schedule, or any flooring work. There is no explicit reference to the bid item 'Furnish & Install Unspecified Floor Finish From Schedule' in this region. Therefore, no direct association to the bid item exists; the evidence is only a legend symbol, not a finish item."
region_000355,A-005,Flooring,Furnish & Install Unspecified Floor Finish From Schedule,FV,GENERAL_NOTE,NONE,FV,"The region contains a Field Verify (FV) tag, not a finish or flooring reference. There is no finish label, schedule entry, or material/work item visible that directly corresponds to the Bid Item (Furnish & Install Unspecified Floor Finish).","The highlighted FV tag is a FIELD VERIFY note from the legend (G-002.3) and does not identify or reference the specified floor finish. It does not directly label or locate any floor finish work, and is not a finish tag, finish schedule, or material/work item tied to the Bid Item on this roof plan sheet."
region_000356,A-005,Flooring,Furnish & Install Unspecified Floor Finish From Schedule,F2,GRID_REFERENCE,NONE,"Blue circled grid references along dashed lines (e.g., C2, C1, F2, A1, A2) visible in the region.","No direct reference to the bid item is visible in this region; it shows grid/plan geometry rather than a finish label, schedule entry, or finish tag.","The highlighted region consists of circular grid reference markers along grid lines. This is a plan/grid reference element, not a finish/product reference. There is no explicit finish work, material, room label, schedule entry, or detail in this region that directly identifies or references the bid item 'Furnish & Install Unspecified Floor Finish From Schedule'. OCR hints (F2) pertain to grid location, not bid-item content."
region_000357,A-005,Flooring,Furnish & Install Unspecified Floor Finish From Schedule,F2,GRID_REFERENCE,NONE,F2,"Grid reference bubble 'F2' with connecting dashed grid line. No finish tag, material, schedule entry, or other direct indication of the bid item visible in this region.","The highlighted region contains a grid reference bubble labeled 'F2' and a grid line, which is a plan/navigation reference. It does not identify any floor finish, finish type, or schedule entry. The original bid item is 'Furnish & Install Unspecified Floor Finish From Schedule' (a finish/work item), but there is no direct evidence in this region linking to that bid item. According to the grid reference special rule, grid references are not bid items. Therefore no direct association exists, making the association WRONG."
region_000358,A-005,Flooring,Furnish & Install Unspecified Floor Finish From Schedule,F1,GRID_REFERENCE,NONE,"Grid reference region: multiple circular grid callouts along vertical grid lines with alphanumeric labels (e.g., C1, C2, C3, F2, A1, A2, etc.). No finish/material label or schedule entry is visible within this highlighted area.","No direct evidence linking to the bid item. The region consists of grid bubbles used for locating features on the plan, not a finish/work label or schedule entry identifying a floor finish.","The highlighted region clearly shows grid reference callouts (grid bubbles) rather than any finish, material, or work item. The Bid Item is Furnish & Install Unspecified Floor Finish From Schedule, which would require a direct reference to a specific finish/type or a finish schedule entry. There is no such direct reference in the region. Therefore, no direct association exists."
region_000359,A-005,Flooring,Furnish & Install Unspecified Floor Finish From Schedule,F1,DIMENSION,NONE,"Region contains a small inline annotation reading '1.7%', typical of a slope/dimension marker on a roof plan.",,"The highlighted area shows a roof-dimension/slope annotation (1.7%), not a finish label or item that directly identifies a floor finish. There is no direct reference to the bid item 'Furnish & Install Unspecified Floor Finish From Schedule' in this region; only a geometric/planence context on a roof plan. Therefore, there is no direct association to the bid item."
region_000360,A-005,Flooring,Furnish & Install Unspecified Floor Finish From Schedule,F3,GRID_REFERENCE,NONE,F3,No direct evidence of finish work; region shows grid reference F3 (grid bubble/line reference).,"The highlighted region visibly contains the grid reference 'F3' and does not identify, locate, or reference the original bid item (Furnish & Install Unspecified Floor Finish From Schedule). A grid reference is not a bid item and provides no direct evidence of flooring work for this drawing region."
region_000361,A-005,Flooring,Furnish & Install Unspecified Floor Finish From Schedule,F3,GRID_REFERENCE,NONE,F3,"No direct bid item evidence; region shows a grid reference bubble (F3) used for locating grid lines, not for identifying or specifying flooring work.","The highlighted region contains the grid reference F3, a typical grid bubble on the plan. This region does not identify, locate, or reference the bid item (Furnish & Install Unspecified Floor Finish From Schedule) in any direct manner. The bid item requires a finish tag, finish schedule, or specification text tied to a floor finish, which is not evidenced by a grid label. Therefore, there is no direct association to the bid item; the evidence is GRID_REFERENCE, not a finish/work item."
region_000362,A-005,Flooring,Furnish & Install Unspecified Floor Finish From Schedule,FZ,FINISH_TAG,NONE,FZ (Finish Zone) label visible in region,No explicit floor finish callout or schedule reference is visible in this region; it shows a generic Finish Zone tag rather than a direct finish item,"The highlighted region contains an FZ (Finish Zone) tag, but there is no direct indication of a specific floor finish or a schedule entry tying this area to the bid item 'Furnish & Install Unspecified Floor Finish From Schedule'. The region is on a Roof Plan (Sheet A-005) and does not present a direct finish label (e.g., carpet/tloor finish name) or explicit schedule reference. Therefore there is no direct evidence that this region represents the bid item; any link would be indirect at best and not sufficient for the correct association."
region_000363,A-005,Flooring,Furnish & Install Unspecified Floor Finish From Schedule,FZ,FINISH_TAG,NONE,Two blue circled 'FZ' finish-zone tags visible in the highlighted region on the roof plan (corridor area).,"No explicit flooring finish name, material, or schedule entry is shown within the region. The evidence is only generic 'FZ' finish-zone annotation.",The region contains generic finish-zone markers (FZ) but does not directly identify a specific floor finish or a corresponding schedule entry. Therefore it does not provide direct evidence for the bid item 'Furnish & Install Unspecified Floor Finish From Schedule.'
region_000364,A-005,Flooring,Furnish & Install Unspecified Floor Finish From Schedule,FX,FINISH_TAG,NONE,Finish tag markers (FX) distributed along the roof-plan region (circles with FX labels),NONE,"The highlighted region contains finish-tag markers (FX) on a Roof Plan (Sheet A-005). There is no direct evidence within this region that identifies a specific floor finish or a schedule entry for furnishing and installing an unspecified floor finish. The plan shown is a roof plan, not an interior floor plan, so finish tags here would pertain to roof finishes, not the floor finish bid item. No explicit reference to a floor finish schedule or item is visible in the highlighted region. Therefore, there is no direct association to the Bid Item (Furnish & Install Unspecified Floor Finish From Schedule); the association is not demonstrated by the region itself."
region_000366,A-005,Flooring,Furnish & Install Unspecified Floor Finish From Schedule,FV,EQUIPMENT_TAG,NONE,FV equipment tag (blue circled label) on roof plan,NONE,"The highlighted region shows a blue circled 'FV' equipment tag, not a finish label or floor finish reference. It does not identify flooring material, finish schedule, or any floor finish work. Therefore there is no direct evidence linking this region to the Bid Item 'Furnish & Install Unspecified Floor Finish From Schedule'. The tag is unrelated to floor finishes and requires inference, which is not allowed."
region_000367,A-005,Flooring,Furnish & Install Unspecified Floor Finish From Schedule,FV,PLAN_GEOMETRY,NONE,"Roof plan region with roof geometry and slope callouts; includes field-verify markers (FV) and grid/notation around the area. No finish tag, finish schedule, or explicit flooring reference visible within the region.",NONE,"The highlighted region is on the Building Types Roof Plan (A-005) and shows roof-plan elements (slope percentages, structural delineations) rather than any floor finish. There is no explicit finish identification (e.g., carpet, tile, or floor finish schedule) or finish tag that directly ties to the Bid Item 'Furnish & Install Unspecified Floor Finish From Schedule.' The 'FV' markers present are Field Verify indicators, not finish references. Therefore, there is no direct evidence linking this specific region to the bid item; the association is WRONG."
region_000368,A-005,Flooring,Furnish & Install Unspecified Floor Finish From Schedule,F2,GRID_REFERENCE,NONE,F2,No direct evidence of floor finish or bid-item related content; region shows a grid reference (F2) with circular tag along a grid line.,"The highlighted region visibly contains the grid reference F2 (blue circular tag) along a vertical dashed grid line. This is a grid reference marker, not a finish spec, room label, or any bid-item identifier. The bid item requires furnishing and installing a floor finish, but there is no explicit finish reference or schedule entry in this region. Special rule: grid references do not directly establish the bid item."
region_000369,A-005,Flooring,Furnish & Install Unspecified Floor Finish From Schedule,F2,GRID_REFERENCE,NONE,F2 grid reference bubble,GRID_REFERENCE (grid bubble showing F2),"1) The highlighted region contains a circular blue bubble with the text 'F2', which is a grid reference label (grid bubble) on the plan. 2) A grid reference is evidence of location referencing, not a finish, material, or bid-item description. 3) The Special Rule for GRID REFERENCES states that a grid bubble is NOT a bid item and should not be taken as evidence of furnishing/installing a specific finish. 4) The Bid Item is 'Furnish & Install Unspecified Floor Finish From Schedule' (Interior floor finishes), which would require a finish/location indicator, not a grid label on a roof plan. 5) Therefore, there is no direct evidence connecting this region to the bid item; the association is NONE (not INDIRECT), so the region does not directly identify the bid item."
region_000371,A-005,Flooring,Furnish & Install Unspecified Floor Finish From Schedule,F1,GRID_REFERENCE,NONE,"Blue circular grid callouts (e.g., C3, C2, C1, F2, A1, A2) and vertical/horizontal grid lines along the floor/roof plan.",No direct finish/material/finish tag/room label/schedule/detail that identifies or references the bid item.,"The highlighted region shows grid reference bubbles and grid lines, which are standard plan geometry markers. There is no explicit or direct indication of the bid item (Furnish & Install Unspecified Floor Finish From Schedule) within this region. A grid reference is not a bid item, and per the provided rules OCR/text or same-trade context cannot establish a direct association. Therefore the association is WRONG."
region_000373,A-005,Flooring,Furnish & Install Unspecified Floor Finish From Schedule,F3,GRID_REFERENCE,NONE,F3,"No direct finish, room, schedule, or specification text present; region shows only a grid reference bubble 'F3'.","The highlighted region contains the grid reference label 'F3' in a blue circle. Grid references are not bid items and do not directly identify, locate, or reference the original bid item (Furnish & Install Unspecified Floor Finish From Schedule). There is no finish tag, finish schedule, or room/area indication in this region to establish a direct association with the bid item."
region_000374,A-005,Flooring,Furnish & Install Unspecified Floor Finish From Schedule,FZ,FINISH_TAG,NONE,FZ,"The highlighted region shows circular finish-tag markers labeled 'FZ' along the plan. There is no explicit flooring finish material (e.g., carpet, vinyl, tile) nor a cross-reference to a Floor Finish Schedule visible within the region. Therefore the region does not directly identify or reference the bid item.",A finish tag like 'FZ' alone does not directly establish Furnish & Install Unspecified Floor Finish From Schedule. The bid item requires a direct finish reference (material type or a schedule cross-reference). The region only provides finish-tag notation without material identification or schedule linkage.
region_000375,A-005,Flooring,Furnish & Install Unspecified Floor Finish From Schedule,FZ,FINISH_TAG,NONE,FZ,"The region shows a blue circled tag with the label 'FZ' only. There is no explicit finish material (e.g., carpet, tile, vinyl) nor a direct reference to a Floor Finish Schedule or finish type. No visible link to a specific bid item (Furnish & Install Unspecified Floor Finish) is shown in this region.","The highlighted region contains a finish tag ('FZ'), but it does not directly identify a floor finish material or explicitly reference the Floor Finish Schedule. There is no material specification, schedule entry, or room/area finish description visible in this region. Without such direct evidence linking this tag to a specific finish per the bid item, the association is not direct."
region_000376,A-005,Flooring,Furnish & Install Unspecified Floor Finish From Schedule,FX,FINISH_TAG,NONE,FX finish tag balloons/callouts along the plan (blue circled FX labels).,"No explicit finish description, flooring schedule reference, or material name visible in the region. No direct flooring finish item identified (e.g., specific carpet/vinyl/etc. or a schedule entry).","The region contains FX finish-tag indicators, which suggest a finish annotation, but there is no direct, explicit reference to the Bid Item 'Furnish & Install Unspecified Floor Finish From Schedule' (no flooring finish material name or schedule entry visible). The region is on a roof plan and constitutes finish tags rather than a specific floor finish installation reference. Therefore, there is no direct evidence tying this exact region to the bid item; any relation would be indirect at best."
region_000378,A-005,Flooring,Furnish & Install Unspecified Floor Finish From Schedule,FV,GENERAL_NOTE,NONE,"A blue circled annotation 'FV' (Field Verify) appears at multiple locations within the roof plan region, with occasional 'EW' circles near fixtures. These are labeling/verification callouts rather than a direct finish tag or finish schedule entry. The highlighted region shows no explicit finish item, material, or schedule reference that directly identifies the bid item (Furnish & Install Unspecified Floor Finish). The region is located on Sheet A-005 (Bldg Types Roof Plan) and does not contain a finish reference tied to a floor finish installation.
",NONE,"The region visually contains field-verify (FV) callouts and related tags (e.g., EW) that do not directly name or locate a floor finish, finish schedule, or any flooring work. There is no explicit evidence (finish type, finish schedule reference, or material tag) that directly ties this region to the bid item 'Furnish & Install Unspecified Floor Finish.' The evidence is limited to general notes/verification markers and does not establish a direct association to the bid item."
region_000379,A-005,Flooring,Furnish & Install Unspecified Floor Finish From Schedule,FV,EQUIPMENT_TAG,NONE,FV (Field Verify) tag in blue circle on roof plan region,No direct reference to a floor finish or finish schedule in this region; the tag indicates a field verification note rather than a finish/work item.,"The highlighted region contains an FV (Field Verify) tag, which per the legend stands for a field verification note, not a finish tag or schedule entry. There is no explicit finish type, finish schedule reference, or other direct indication of the bid item “Furnish & Install Unspecified Floor Finish From Schedule” in this region. The sheet appears to be a roof plan (A-005), where interior floor finishes are not specified, so there is no direct evidence connecting this region to the bid item."
region_000380,A-005,Flooring,Furnish & Install Unspecified Floor Finish From Schedule,F2,GRID_REFERENCE,NONE,F2,"No direct evidence linking the region to the bid item; region is a grid reference bubble (F2) rather than a finish label, room label, schedule entry, or material/work designation.","The highlighted region contains a grid reference 'F2' which serves for location/layout reference. It does not identify a finish/work item or a specific flooring material. Per the special grid reference rule, grid bubbles are not bid items, so there is no direct evidence that this region represents the bid item 'Furnish & Install Unspecified Floor Finish From Schedule'. Therefore the association is NOT direct, i.e., WRONG."
region_000381,A-005,Flooring,Furnish & Install Unspecified Floor Finish From Schedule,F2,GRID_REFERENCE,NONE,Grid bubble labeled F2,No direct evidence tying this region to the bid item; appears to be a grid reference bubble only.,"The highlighted region shows a circular grid reference bubble with the label F2. This is a grid location marker used for coordination on the plan and does not directly identify any finish, material, schedule entry, or work item. The Bid Item is 'Furnish & Install Unspecified Floor Finish From Schedule,' which would require explicit finish-related evidence (e.g., finish label, finish schedule reference, or material tag) within the region. There is no such finish-related content visible in this region; therefore the region does not provide direct evidence for the bid item and the association is WRONG (NONE)."
region_000382,A-005,Flooring,Furnish & Install Unspecified Floor Finish From Schedule,F1,FINISH_TAG,NONE,Circular finish tag labeled F1,No direct evidence linking to the bid item; region shows a generic finish tag on a roof plan without a corresponding floor finish schedule or explicit finish reference,"The highlighted region contains a finish tag “F1” on Sheet A-005 (Bldg Types Roof Plan). A finish tag on a roof plan does not directly identify or reference a specific floor finish (carpet, flooring) or the specified bid item. The bid item is for furnish & install an unspecified floor finish from a schedule, which would require a direct reference (e.g., floor finish schedule entry, carpet label, or a finish note tied to interior floors). There is no direct drawing evidence linking this F1 tag to the floor finish bid item; the region is not showing the actual finish material or a schedule entry, only a generic finish tag in a roof-plan context."
region_000383,A-005,Flooring,Furnish & Install Unspecified Floor Finish From Schedule,F1,PLAN_GEOMETRY,NONE,"Small region of roof plan showing a structural/plan feature with grid markers (A/B columns and dashed lines); no finish, material, room label, schedule, or finish reference visible.",NONE,"The highlighted region appears to be a generic roof-plan geometry fragment with grid references and does not contain any explicit finish symbol, flooring reference, schedule entry, or material/tag that directly identifies the bid item 'Furnish & Install Unspecified Floor Finish From Schedule'. There is no direct evidence linking this region to the specified floor finish bid item; the association would be indirect or nonexistent."
region_000384,A-005,Flooring,Furnish & Install Unspecified Floor Finish From Schedule,F3,GRID_REFERENCE,NONE,F3,,"The highlighted region contains only the grid reference 'F3' (a grid bubble/coordinate) and does not visually identify any bid item, finish, or schedule entry. There is no explicit finish tag, room label, or schedule/detail evidence present in this region that would directly correspond to the bid item 'Furnish & Install Unspecified Floor Finish From Schedule'. Therefore, there is NO direct association with the bid item."
region_000385,A-005,Flooring,Furnish & Install Unspecified Floor Finish From Schedule,F3,GRID_REFERENCE,NONE,F3,"The region shows a grid coordinate label (F3) and contains no finish, schedule, room name, or other bid-item-specific indication. A grid reference is not a bid item and does not directly identify any flooring finish work.","The highlighted region contains the text 'F3' inside a blue circle along a grid line, which is a grid reference marker. There is no direct indication of flooring finish work, finish schedule, room label, or any other element that explicitly references the Bid Item 'Furnish & Install Unspecified Floor Finish From Schedule'. Therefore, it provides no direct evidence linking to the bid item; at best it is an indirect/location marker, which is NOT a direct association."
region_000387,A-005,Flooring,Furnish & Install Unspecified Floor Finish From Schedule,FZ,FINISH_TAG,NONE,FZ finish tag (blue circled),"Region shows a generic 'FZ' finish tag; no explicit floor finish type, finish schedule reference, or label identifying the bid item (unidentified floor finish)","1) The highlighted region contains a blue-circled 'FZ' label, which appears to be a finish-tag indicator rather than a specific finish item. 2) There is no explicit finish type (e.g., carpet, tile, epoxy) or schedule mapping shown in the region that directly references the Bid Item 'Furnish & Install Unspecified Floor Finish From Schedule'. 3) The rule requires a direct identification of the work; a generic finish tag alone does not directly establish the bid item. 4) No evidence in the region ties to the schedule item or confirms the exact finish to be installed."
region_000388,A-005,Flooring,Furnish & Install Unspecified Floor Finish From Schedule,FX,FINISH_TAG,NONE,FX finish tag symbols (two occurrences) along plan lines,"No explicit floor finish material (carpet, tile, etc.), finish schedule entry, or room-level finish reference visible in the region. FX tags alone do not prove the bid item.","The highlighted region contains finish-tag symbols 'FX' but provides no direct identification of a specific floor finish or a schedule entry mapping to 'Furnish & Install Unspecified Floor Finish From Schedule'. A finish tag on a roof plan does not, by itself, prove the bid item. There is no explicit material reference (e.g., carpet, vinyl, or floor spec) or linkage to a finish schedule in the region. Therefore, there is no direct evidence connecting this region to the bid item; the association is not direct (WRONG)."
region_000389,A-005,Flooring,Furnish & Install Unspecified Floor Finish From Schedule,FX,FINISH_TAG,NONE,FX (finish tag),"None — no explicit floor finish name, schedule entry, or material identification tied to the bid item is visible in this region","The highlighted region contains a small label 'FX' (a finish tag) on a roof plan (Sheet A-005, Roof Plan). There is no explicit reference to a specific floor finish (e.g., carpet, tile, or other floor material) or a schedule entry that directly corresponds to the bid item: 'Furnish & Install Unspecified Floor Finish From Schedule'. The region is on a roof plan and does not present a direct finish callout tied to interior flooring, so it cannot be considered a direct association with the bid item. This is not evidence of the specified floor finish item, only a generic finish tag with no direct link to the bid item."
region_000390,A-005,Flooring,Furnish & Install Unspecified Floor Finish From Schedule,FV,EQUIPMENT_TAG,NONE,Circular equipment tag labeled FV,"No direct evidence of floor finish in this region. The highlighted area shows an equipment tag (FV) on a roof plan, with no finish label, schedule reference, or material tag that would directly identify the bid item for flooring.","The region contains a circular equipment tag labeled FV, typical of an equipment/MEP symbol rather than a floor finish reference. There is no finish designation, finish schedule reference, or material tag visible in this region to directly identify the bid item 'Furnish & Install Unspecified Floor Finish From Schedule'. The region is on a roof plan (Sheet A-005) and lacks any direct association to floor finishes. No indirect association (same trade/same sheet) qualifies as a direct bid-item association. Therefore, the association is WRONG with a high level of confidence."
region_000391,A-005,Flooring,Furnish & Install Unspecified Floor Finish From Schedule,FV,EQUIPMENT_TAG,NONE,Blue circular tag with the letters 'FV' anchored to a plan feature on the roof plan.,"No direct finish or flooring indication is visible in the highlighted region. The only label seen is an equipment tag ('FV') which points to a mechanical/equipment item, not to a floor finish ingredient or schedule entry.","The highlighted region visually shows an equipment tag 'FV' (not a floor finish reference). There is no text, symbol, or callout directly tying this region to a finish item (e.g., carpet, tile, concrete finish) or to a floor finish schedule. A direct association would require a finish tag, carpet/tlooring designation, or a schedule entry explicitly matching the bid item; none are present in this region. The evidence is image-based and unambiguous in showing an equipment tag rather than a finish reference."
region_000392,A-005,Flooring,Furnish & Install Unspecified Floor Finish From Schedule,F2,GRID_REFERENCE,NONE,F2,NONE,"The highlighted region shows a blue circled grid reference label 'F2' (intersection of grid line F and 2). This is a location/coordination marker, not a finish tag, room label, or finish specification. The bid item is 'Furnish & Install Unspecified Floor Finish From Schedule' and would require a finish designation (e.g., a finish code and related schedule entry) directly identifying the floor finish work. There is no direct evidence in the region that identifies or references the floor finish work or its schedule. On a roof plan sheet (A-005) such finish information would not normally appear as a grid reference. Therefore this region does not directly associate with the bid item; the association is NONE/WRONG."
region_000393,A-005,Flooring,Furnish & Install Unspecified Floor Finish From Schedule,F2,GRID_REFERENCE,NONE,F2,The region shows a grid reference label 'F2' and does not itself identify any finish or bid item; there is no explicit finish schedule reference in this region.,"The highlighted region contains the grid reference F2. It represents a location grid on the plan, not a material/work item or finish reference. There is no direct evidence tying this region to the Bid Item 'Furnish & Install Unspecified Floor Finish From Schedule'. Without a finish label or schedule reference in this region, the association is not direct."
region_000395,A-005,Flooring,Furnish & Install Unspecified Floor Finish From Schedule,F1,GRID_REFERENCE,NONE,"Grid reference bubbles along plan with labels such as A3, A2, A1, F2, B1, B2 and connected grid lines/dashed references.",NONE,"The highlighted region shows grid reference bubbles (A3, A2, A1, F2, B1, B2) and grid lines. There is no finish tag, schedule entry, or material/finish label visible that directly identifies a bid item. According to the rules, grid references are not a bid item and do not constitute a direct association to 'Furnish & Install Unspecified Floor Finish From Schedule' (Others). Therefore, no direct evidence links this region to the bid item, and the association is NONE (WRONG)."
region_000396,A-005,Flooring,Furnish & Install Unspecified Floor Finish From Schedule,F3,GRID_REFERENCE,NONE,F3,"The region shows a grid reference 'F3' with grid lines/bubbles; there is no finish, room label, schedule, detail, or other bid-item identifiers present.","The highlighted region contains only a grid reference (F3) and does not directly identify, locate, or reference the bid item 'Furnish & Install Unspecified Floor Finish From Schedule'. Grid references are not bid items and provide no direct evidence of the specified flooring work on this sheet (Roof Plan, A-005). Therefore there is no direct association to the bid item."
region_000399,A-005,Flooring,Furnish & Install Unspecified Floor Finish From Schedule,FZ,FINISH_TAG,NONE,FZ,"The highlighted region shows a small blue circular tag containing the letters 'FZ'. This appears to be a finish-tag used to label a finish zone on the plan. It does not itself specify a floor finish material (e.g., carpet, vinyl, tile) or reference a finish schedule entry. There is no explicit mention of a floor finish to be furnished and installed, nor a direct link to the bid item 'Furnish & Install Unspecified Floor Finish From Schedule'. Therefore, the region does not directly identify or reference the bid item.","The region contains only a finish tag (FZ) with no direct indication of the floor finish to be installed or a concrete finish schedule entry. To satisfy the bid item, the region would need explicit material/finish identification or a clear schedule reference tying it to 'Furnish & Install Unspecified Floor Finish From Schedule'. This is not present in the highlighted region."
region_000402,A-005,Flooring,Furnish & Install Unspecified Floor Finish From Schedule,FV,EQUIPMENT_TAG,NONE,FV,"The 'FV' tag is a Field Verify symbol (per project legend G-002.3). It does not contain or reference a floor finish, finish schedule, material, or any direct indication of the bid item. It is a field-verify annotation, not a finish identifier.","The highlighted region shows a blue circular tag 'FV' which corresponds to a Field Verify annotation in the legend. There is no explicit finish type, material, or schedule reference visible in the region. Because the bid item is 'Furnish & Install Unspecified Floor Finish From Schedule' and this region does not directly identify or reference any floor finish, it cannot be considered a direct association. This is an annotation for field verification, not a direct finish reference."
region_000403,A-005,Flooring,Furnish & Install Unspecified Floor Finish From Schedule,FV,OTHER,NONE,FV (Field Verify) markers/callouts in blue circles scattered along the roof plan region.,"No direct finish item identified. The region shows FIELD VERIFY (FV) callouts, not a carpet/vinyl/tloor finish label or schedule entry.","The highlighted region contains FV (Field Verify) markers from the legend, not a finish tag or finish-related note that directly identifies a bid item. There is no explicit reference to a floor finish (carpet, vinyl, etc.) or a schedule entry tying this exact region to 'Furnish & Install Unspecified Floor Finish' as required for a DIRECT association. Therefore, no direct evidence links this region to the bid item; any relevance would be indirect and insufficient for a correct association."
region_000404,A-005,Flooring,Furnish & Install Unspecified Floor Finish From Schedule,F2,GRID_REFERENCE,NONE,F2,"No direct evidence of the bid item; region shows a grid/reference label 'F2' (grid coordinate) rather than a finish tag, room finish label, or schedule entry.","The highlighted region contains the grid reference 'F2', which is a spatial coordinate on the roof plan. It does not identify or reference any floor finish, material, or work item. Per the SPECIAL RULES, a grid reference is NOT a bid item and carries no direct association to the Bid Item 'Furnish & Install Unspecified Floor Finish From Schedule'. There is no direct evidence linking this region to the bid item; any relation would be indirect at best and not sufficient for a RIGHT association."
region_000405,A-005,Flooring,Furnish & Install Unspecified Floor Finish From Schedule,F2,GRID_REFERENCE,NONE,F2,The region shows a grid reference (F2) rather than any finish label or schedule entry that would directly identify the bid item (floor finish). Grid references are not bid items themselves.,"The highlighted region visually represents a grid tag (F2). There is no direct indication of a floor finish, finish type, or schedule entry that ties to 'Furnish & Install Unspecified Floor Finish From Schedule'. Therefore there is no direct association with the bid item."
region_000406,A-005,Flooring,Furnish & Install Unspecified Floor Finish From Schedule,F1,PLAN_GEOMETRY,NONE,"Roof plan region with grid callouts (A1, A2, A3, etc.) and plan geometry; no explicit finish tag, schedule, or room label visible in the crop.","There is no direct finish-related text, symbol, or schedule; the region lacks any reference to flooring, carpet, tile, or finish schedule.","The region shows plan geometry and callouts only. It does not contain a finish tag, finish schedule, room label with a finish reference, or any explicit reference to the original bid item (Furnish & Install Unspecified Floor Finish From Schedule). Grid/callout content alone does not constitute direct evidence for the bid item per the required criteria."
region_000407,A-005,Flooring,Furnish & Install Unspecified Floor Finish From Schedule,F1,GRID_REFERENCE,NONE,"Circular grid callouts with labels (A1, A2, A3, F2, C1, C2) and dashed grid lines indicating grid references on the roof plan.","No direct evidence linking the region to the bid item; region shows grid/reference markers, not any finish tag, schedule, or flooring material/finish identification.","1) The highlighted region contains grid-reference callouts (A1, A2, A3, F2, C1, C2) and grid lines typical of plan geometry, not a finish tag or flooring specification. 2) It does not identify or reference any floor finish, finish schedule, or material/work explicitly tied to the bid item. 3) Without knowledge of the bid item, this region would be interpreted as grid geometry, not as finish work. 4) There is no direct evidence connecting this region to the Bid Item (Furnish & Install Unspecified Floor Finish). 5) Relying on same-trade or nearby related work would be indirect, which is not acceptable for a direct association. 6) OCR alone is not used as evidence; the image content shows grid references, not a finish reference. 7) No assumption is required to classify as WRONG."
region_000408,A-005,Flooring,Furnish & Install Unspecified Floor Finish From Schedule,F3,GRID_REFERENCE,NONE,F3,,"The highlighted region contains a grid reference marker (F3) typical of sheet location labeling, not a finish/work indication. It does not identify, locate, or explicitly reference the bid item (Furnish & Install Unspecified Floor Finish) and provides no finish/material data, schedule, or detail directly tied to the bid item. Therefore there is no direct evidence linking this region to the bid item."
region_000409,A-005,Flooring,Furnish & Install Unspecified Floor Finish From Schedule,F3,GRID_REFERENCE,NONE,F3,"No explicit finish, material, or schedule item in the region; it is a grid reference label (F3) not tied to a bid item.","The region visibly contains a grid reference labeled 'F3' (grid line F and column 3). This is a grid reference symbol, not a finish/material reference, schedule entry, or any direct indication of flooring work. The original bid item is 'Furnish & Install Unspecified Floor Finish From Schedule,' which would require direct evidence of a finish in the region (e.g., finish tag, room finish schedule, or material symbol). Since the region provides no such direct evidence, the association is not direct and must be classified WRONG."
region_000410,A-005,Flooring,Furnish & Install Unspecified Floor Finish From Schedule,FZ,FINISH_TAG,NONE,FZ,"No explicit reference to the bid item (carpet/floor finish) or a finish schedule is visible in this region. It only shows a generic finish-zone tag 'FZ' on the roof plan, not a specific finish material or schedule entry.","The highlighted region contains a generic 'FZ' finish zone tag with no direct labeling of the required bid item (Furnish & Install Unspecified Floor Finish From Schedule) or a schedule entry. It does not visibly identify the material/work or link to the finish schedule, and thus provides no direct evidence for the bid item. This is not a direct association; at best it suggests a finish-related annotation, not the specified flooring work."
region_000411,A-005,Flooring,Furnish & Install Unspecified Floor Finish From Schedule,FZ,FINISH_TAG,NONE,"Blue-circled finish tags labeled ""FZ"" (Finish Zone) and ""FX"" along the roof-plan area.","No direct reference to a specific floor finish, finish schedule, or carpet/vinyl/tlooring work. The region shows generic finish tags, not a named finish type or explicit schedule entry linking to the Bid Item.","The highlighted region contains generic finish tags (FZ/FX) on a Roof Plan sheet. The Bid Item requires furnishing & installing an unspecified floor finish from a schedule. There is no direct label, finish type, or explicit schedule entry in the region that identifies a floor finish tied to the Bid Item. Therefore, the region does not provide a direct association to the Bid Item."
region_000412,A-005,Flooring,Furnish & Install Unspecified Floor Finish From Schedule,FX,FINISH_TAG,NONE,FX finish-tag symbols (blue circled 'FX') within the highlighted region,"No explicit finish material (e.g., carpet, tile) or Finish Schedule reference is visible in the region. The sheet is a roof plan; the finish-tag symbols are generic and do not directly identify a specific floor finish from the schedule.","The highlighted region contains generic finish-tag markers (FX) but does not directly identify a specific floor finish or link to a Floor Finish Schedule. There is no explicit indication of furnishing/installing a particular floor finish in this region on this roof plan sheet, so it cannot be taken as a direct representation of the Bid Item 'Furnish & Install Unspecified Floor Finish From Schedule'."
region_000414,A-005,Flooring,Furnish & Install Unspecified Floor Finish From Schedule,FV,GENERAL_NOTE,NONE,FV (Field Verify) bubble symbol,"No direct reference to a floor finish, schedule, or bid-item work; the FV symbol denotes a field-verify note per the legend rather than a finish installation item","The highlighted region shows an FV bubble, which the legend defines as FIELD VERIFY. This does not directly identify or reference the bid item 'Furnish & Install Unspecified Floor Finish From Schedule' (Other). There is no explicit finish, material, or schedule entry shown in this region that ties it to the bid item; it is a general note rather than a finish work indication. Therefore, no direct association to the bid item is present."
region_000415,A-005,Flooring,Furnish & Install Unspecified Floor Finish From Schedule,FV,PLAN_GEOMETRY,NONE,"Plan geometry of a small interior room/alcove within a corridor, containing a door opening and wall lines. A detail reference bubble (A-201/A-203) is visible nearby, along with FV (field verify) markers. There is no explicit floor finish, finish tag, or flooring schedule reference visible in this highlighted region.","No flooring finish designation, carpet/vinyl/tile callout, or schedule entry is visible in the highlighted area. The evidence present is plan geometry and detail-reference labeling, not a finish specification.","The highlighted region shows general plan geometry and a detail/reference tag, not a direct finish identification or flooring specification. For a direct association to the bid item (Furnish & Install Unspecified Floor Finish From Schedule), the region would need to visibly reference a floor finish type, schedule, or finish tag. OCR hints are secondary and do not change the visual lack of a direct finish reference in this region."
region_000417,A-005,Flooring,Furnish & Install Unspecified Floor Finish From Schedule,F2,GRID_REFERENCE,NONE,F2,"No direct evidence; region shows a grid reference bubble (F2), not a finish tag or schedule entry.","The highlighted region contains a blue circular label with the text 'F2', which is a grid reference bubble used to locate grid lines on the plan. Per the evidence rules, a grid reference is NOT a bid item and does not directly identify, locate, or reference the work specified in the Bid Item (Furnish & Install Unspecified Floor Finish From Schedule). There is no finish schedule label, finish material, or finish-related annotation visible in this region. Therefore there is no direct association to the bid item; any relation would be indirect at best, which is not sufficient for a correct direct association. (OCR note: region OCR reads 'F2', which aligns with grid reference interpretation; the red locator box in the full sheet is not considered evidence.)"
region_000418,A-005,Flooring,Furnish & Install Carpet,C1,GRID_REFERENCE,NONE,C1 grid reference bubble (grid coordinate marker) visible on the roof plan,"No direct indication of carpet or finish work; region is a grid reference marker, not a finish/work label or schedule","The highlighted region shows a grid reference bubble labeled 'C1' used for locating points on the plan. It does not identify, label, or reference the bid item (Furnish & Install Carpet) and provides no direct evidence of carpet work. Therefore there is no direct association to the bid item; the correct decision is WRONG."
region_000419,A-005,Flooring,Furnish & Install Carpet,C1,FINISH_TAG,NONE,"Circular finish callouts with labels such as C1, C2, C3, F2, A1, A2 (finish-tag icons) aligned along grid lines on a roof plan",,"The highlighted region contains finish-callout tags (C1, C2, C3, F2, A1, A2) typical of a finish schedule. There is no explicit reference to carpet installation (no labeling like 'Carpet', 'Carpet C1', or floor finish directly identifying carpet) within this region. The evidence is on a roof plan sheet, where carpet work would not be depicted, and the region does not directly identify or locate the bid item Furnish & Install Carpet. Therefore, the association to the bid item is not direct (NONE)."
region_000420,A-005,Flooring,Furnish & Install Carpet,C4,GRID_REFERENCE,NONE,C4,NO direct evidence of carpet,"Region shows a grid reference 'C4' on the Roof Plan (Sheet A-005). There is no finish tag, room label, schedule, or other direct indicator of carpet (Furnish & Install Carpet) in this region. Grid references are not bid items, and this is a roof plan, not an interior floor finish plan. Therefore there is no direct association to the bid item."
region_000421,A-005,Flooring,Furnish & Install Carpet,C4,GRID_REFERENCE,NONE,C4,NONE,"The highlighted region visibly shows the grid reference 'C4' on the roof plan sheet (A-005). This is grid annotation, not a finish, material, or bid-item identifier. There is no carpet finish tag, room finish schedule, or any other direct evidence linking this region to the bid item 'Furnish & Install Carpet'. Therefore there is NO DIRECT association to the carpet bid item (association = NONE)."
region_000422,A-005,Flooring,Furnish & Install Carpet,CX,GRID_REFERENCE,NONE,CX,none (no direct bid-item evidence),"The highlighted region contains a blue circular label CX, which is a grid reference marker on the roof plan. It does not identify or reference carpet work, finish, or any carpet-related item. There is no explicit carpet finish tag, label, or finish schedule evidence within the region. Therefore, it does not provide direct evidence for the bid item 'Furnish & Install Carpet'."
region_000423,A-005,Flooring,Furnish & Install Carpet,CX,FINISH_TAG,NONE,CX,"No explicit carpet or flooring finish is identified in the highlighted region. The region shows two-letter finish callouts (CX) along a roof-plan area, not a carpet installation callout or carpet finish schedule.","The highlighted region contains CX finish callouts on a roof plan (Sheet A-005). There is no direct reference to carpet (no label such as 'Carpet', no carpet finish schedule, and no interior floor finish indication). The region is on a roof plan, not an interior floor finish drawing, so it does not directly identify Furnish & Install Carpet."
region_000424,A-005,Flooring,Furnish & Install Carpet,CV,PLAN_GEOMETRY,NONE,"Central small core feature within the roof-plan region, showing a pair of narrow rectangular shapes and associated lines, consistent with plan geometry (likely a core/stair/elevator-like element) rather than a finished floor area.",,"There is no direct indication of carpet finish or carpet-related labeling in the highlighted roof-plan region. A bid item for carpet requires explicit finish labeling (e.g., CARPET) or a finish symbol tied to a floor area. The region shown is a roof-plan core element with slope and structural indicators, not a carpet finish reference. Therefore the region does not directly identify, locate, or reference the original bid item."
region_000425,A-005,Flooring,Furnish & Install Carpet,CV,FINISH_TAG,NONE,CV,"No direct evidence of Carpet; region shows a CV finish tag (no 'Carpet', 'Carpet Finish', or 'Furnish & Install Carpet' wording) present in the highlighted region.","The highlighted region visually contains a small blue circular tag with 'CV' inside. This does not directly identify the bid item 'Furnish & Install Carpet'. The region is on a roof plan page (A-005 Bldg Types Roof Plan) where interior carpet would not typically be specified; there is no carpet finish labeling, schedule entry, or explicit carpet-level tag in this region. Therefore no direct association; any link would be indirect and not acceptable per the rules."
region_000426,A-005,Flooring,Furnish & Install Carpet,CZ,PLAN_GEOMETRY,NONE,Central roof-plan core/shaft geometry (small rectangular feature with surrounding walls).,NONE,"The highlighted region shows a geometric core feature on the roof plan (likely a stair/elevator/shaft area) with no explicit finish or equipment tag that references carpet. There is no finish label, room label, schedule entry, or detail that directly identifies carpet or a floor finish for this region. The bid item is Furnish & Install Carpet (carpet finish for interior floors), but the region provides no direct evidence of carpet installation or finish assignment. The red locator box in the locator sheet is not evidence itself. Therefore, there is no direct association to the bid item."
region_000427,A-005,Flooring,Furnish & Install Carpet,CZ,PLAN_GEOMETRY,NONE,"Roof plan geometry area from a Bldg Types Roof Plan (dark shaded roof planes with grid/labels). No finish tags, room labels, or carpet-related references visible in the region.",NONE,"The highlighted region sits on a roof plan (Sheet A-005) and shows roof geometry, grid lines, and zone boundaries. There is no finish/type reference (e.g., carpet, floor finish) or element that directly identifies Furnish & Install Carpet. Specification text or room labels in this region do not equate to carpet installation. Therefore, there is no direct evidence connecting this region to the bid item; the association is not direct."
region_000428,A-005,Flooring,Furnish & Install Carpet,C2,GRID_REFERENCE,NONE,C2,No direct evidence linking to carpet; region is a grid reference bubble (C2) with leader lines.,"The highlighted region shows a circular grid label 'C2' with a leader line in the roof plan. This is a grid reference, not a finish tag, room label, or carpet-related element. Per the special rule for grid references, it does NOT directly establish or identify the bid item (Furnish & Install Carpet). Therefore there is no direct association to the bid item; the region should not be considered evidence of carpet work."
region_000429,A-005,Flooring,Furnish & Install Carpet,C2,GRID_REFERENCE,NONE,C2,NONE,"The highlighted region visually shows a grid reference bubble containing 'C2' with vertical dashed lines. This is a grid/location indicator, not a bid-item finish or work description. Special Rule for GRID REFERENCES states they are not bid items, and a grid reference alone does not directly identify finish/work (carpet) for Furnish & Install Carpet. Therefore there is no direct evidence connecting this region to the bid item, and the correct decision is WRONG with NONE association."
region_000430,A-005,Flooring,Furnish & Install Carpet,C3,GRID_REFERENCE,NONE,C3 (grid reference label),"No direct bid item evidence; region is a grid reference, not a finish or carpet-related item.","The highlighted region visually contains a circular 'C3' grid reference label with leader/via dashed lines, which is a grid reference and not a finish (carpet) or any bid-item indication. A grid reference does not directly identify, locate, or reference the bid item 'Furnish & Install Carpet'. Per the rules, this is not direct evidence for the carpet work, and no indirect association (same trade/same sheet) is sufficient. Therefore, the region does not directly support the carpet bid item and the audit decision is WRONG."
region_000431,A-005,Flooring,Furnish & Install Carpet,C3,GRID_REFERENCE,NONE,C3,No direct evidence of carpet or finish; region shows a grid reference bubble labeled 'C3' along a grid line (typical grid annotation).,"The highlighted region visually contains a grid reference bubble ('C3') with a dashed grid line. It does not contain a finish tag, material tag, room label, or any indication of carpet installation. Grid references are not bid items and cannot serve as direct evidence for Furnish & Install Carpet. Therefore there is no direct association to the bid item; the region is not a direct representation of carpet work."
region_000432,A-005,Flooring,Furnish & Install Carpet,C1,GRID_REFERENCE,NONE,C1 (grid reference bubble),"No direct evidence linking to carpet finish; region is a grid reference marker, not a finish tag or work description.","The highlighted region shows a grid reference bubble with the text 'C1' and leader lines. This is part of the plan’s grid system and does not identify or reference carpet installation or any finish/work. There is no direct indication of the Bid Item 'Furnish & Install Carpet' in this region; at best it provides locational context (grid), which is an indirect/no association for the bid item."
region_000433,A-005,Flooring,Furnish & Install Carpet,C1,GRID_REFERENCE,NONE,C1 grid reference bubble,,"The highlighted region shows a blue circular grid reference bubble labeled 'C1' used to locate grid lines on the plan. There is no finish tag, carpet label, or other direct evidence identifying carpet work. Therefore it does not directly reference the bid item 'Furnish & Install Carpet'; it is an unrelated grid reference element."
region_000434,A-005,Flooring,Furnish & Install Carpet,C4,GRID_REFERENCE,NONE,Grid reference label: C4,"No direct evidence of Carpet or finish-tag identifying carpet within this region (no finish label, carpet symbol, or note linking to bid item). The region shows a grid reference callout which serves for location, not for identifying work.",The highlighted region visually contains a grid reference label (C4) rather than a finish/work entry. Grid references are not bid-item evidence and do not directly identify carpet installation. There is no explicit carpet finish or related bid-item indicator in this region; thus there is no direct association to the Bid Item 'Furnish & Install Carpet'. The Special Rule for GRID REFERENCES confirms this is not evidence of carpet work.
region_000435,A-005,Flooring,Furnish & Install Carpet,C4,GRID_REFERENCE,NONE,C4,No finish/material tag or carpet-related annotation visible. The region shows a grid coordinate (C4) used for locating elements on the sheet; it does not directly identify or reference carpet or any bid-item work.,"The highlighted region contains a grid reference label (C4) rather than a carpet-related finish or work item. Step 1 identifies it as GRID_REFERENCE. Step 2 confirms it represents a location marker, not a bid-item element. Independently, it would be read as a grid coordinate without knowledge of the bid item. There is no direct evidence linking this region to Furnish & Install Carpet (carpet finish) such as a carpet finish tag, material tag, or explicit carpet reference. Therefore the association is NONE, and the bid item is not correctly associated with this region."
region_000436,A-005,Flooring,Furnish & Install Carpet,CX,PLAN_GEOMETRY,NONE,"Interior corridor region with walls, door openings and a small vertical shaft/return area; no explicit carpet or floor finish labeling visible in this highlighted area.",NONE,"The highlighted region shows generic floor plan geometry (corridor/door openings) without any direct reference to carpet. There is no finish tag, label, or schedule within this region that directly identifies carpet installation. Therefore, it does not provide direct evidence linking to the original bid item (Furnish & Install Carpet)."
region_000437,A-005,Flooring,Furnish & Install Carpet,CX,PLAN_GEOMETRY,NONE,"Roof plan region with grey roof area, dashed grid lines, and circular callouts (CX) along a horizontal band. No finish or carpet labeling is visible in the highlighted area.","No explicit carpet/floor finish annotation or schedule reference present within the highlighted region (no text like 'CARPET', 'FLOOR FINISH', or finish schedule entry).","The region is a portion of the roof plan (plan geometry) with grid/callout markers and no carpet-related labeling or finish reference. There is no direct evidence linking this specific region to the bid item 'Furnish & Install Carpet'; relying on indirect associations (e.g., same trade or sheet) would be incorrect per the audit rules."
region_000438,A-005,Flooring,Furnish & Install Carpet,CV,PLAN_GEOMETRY,NONE,Small rectangular core feature with inner vertical elements located at the central area of the roof plan (hub/shaft-like element).,"NONE visible; no carpet finish tag, schedule, or label directly referencing carpet.","The highlighted region lies on a roof plan (Sheet A-005, Bldg Types Roof Plan) and shows a structural/mechanical core feature rather than any finished floor condition. There is no direct finish indication (no CARPET label, finish symbol, or finish schedule entry) tying this specific region to the bid item 'Furnish & Install Carpet'. Therefore, it does not directly identify or reference the carpet bid item."
region_000439,A-005,Flooring,Furnish & Install Carpet,CV,FINISH_TAG,NONE,Finish zone tags (FZ) and CZ markers in blue circled labels along the plan edge; no explicit carpet label or carpet-related symbol.,"No direct evidence of carpet (e.g., 'CARPET', 'FURNISH & INSTALL CARPET', or explicit carpet finish). The region shows generic finish-zone tags rather than a finish assignment for carpet.","The region visually contains generic finish-tag indicators (FZ/CZ) and plan/grid features but does not directly identify or reference carpet installation. The bid item requires a direct finish reference to carpet; since none is visible, the association is not direct."
region_000440,A-005,Flooring,Furnish & Install Carpet,CZ,PLAN_GEOMETRY,NONE,Central vertical core/shaft element (likely elevator/stair area) within the roof plan portion,"No carpet finish reference, carpet tag, or flooring schedule visible; region shows a core/shaft element rather than a finish. No explicit carpet association present.","The highlighted region contains a structural/core feature (vertical shaft/elevator area) in the roof plan. There is no explicit finish reference (e.g., CARPET, floor finish tag, or finish schedule) that directly identifies carpet. A direct association to the Bid Item 'Furnish & Install Carpet' would require a visible finish tag or labeling tying this region to carpet, which is not present. Relying on indirect reasoning (same trade, same sheet, or general flooring context) would be incorrect per the DIRECT ASSOCIATION requirement."
region_000441,A-005,Flooring,Furnish & Install Carpet,CZ,PLAN_GEOMETRY,NONE,Dark grey shaded area within the roof plan (Sheet A-005) with dashed grid lines and no visible finish or material label; no explicit text indicating carpet or floor finish.,"No direct indicator of carpet/floor finish in the highlighted region (no finish tag, no 'CARPET' label, no finish schedule entry, and no room finish reference visible within the region).","The highlighted region is a geometric portion of the roof plan with no explicit finish or material reference. Carpet (furnish & install carpet) would require direct evidence of a floor finish/tag within the region (e.g., a carpet label, finish tag, or finish schedule entry). Since this is on a roof plan and lacks any such direct marking, there is no direct association to the bid item. OCR hints are not relied upon here; the visual evidence does not show carpet-related content."
region_000442,A-005,Flooring,Furnish & Install Carpet,C2,GRID_REFERENCE,NONE,C2,Grid reference bubble 'C2' visible; no carpet/flooring finish reference in region.,"The highlighted region is a GRID_REFERENCE (C2) used for location. It does not identify carpet or any finish/work, and thus provides no direct evidence for the bid item 'Furnish & Install Carpet'."
region_000443,A-005,Flooring,Furnish & Install Carpet,C2,GRID_REFERENCE,NONE,C2,No direct finish/work label or carpet-related annotation visible in this region; it appears solely as a grid reference bubble (C2) used for sheet/location reference.,The highlighted region is a grid reference bubble (C2). Grid references are not bid items and do not explicitly identify carpet installation or any carpet-related finish. There is no direct evidence in the region tying it to the bid item 'Furnish & Install Carpet.'
region_000444,A-005,Flooring,Furnish & Install Carpet,C3,GRID_REFERENCE,NONE,C3 grid reference bubble,"NONE - region shows a grid reference, not a finish or work item","The highlighted region visually conveys a grid reference bubble 'C3' (grid line marker) and contains no finish/work indication, label, or schedule that directly identifies or references the bid item. The original bid item is ‘Furnish & Install Carpet’ (carpet finish), which requires evidence of carpet finish or related finish notes. A grid reference by itself is not a bid item and does not provide direct evidence of carpet installation. Therefore, there is no direct association between this region and the bid item; classification is WRONG with NONE evidence."
region_000445,A-005,Flooring,Furnish & Install Carpet,C3,GRID_REFERENCE,NONE,C3 (grid reference bubble),No direct bid item evidence; region is a grid reference rather than a carpet finish.,"The highlighted region shows a circle label with 'C3', which is a grid reference bubble on the plan. This does not identify, locate, or reference carpet installation, finish, or any bid-item work. The Special Rule for GRID REFERENCES states this is not a bid item. There is no finish tag, material tag, room label, or explicit schedule/detail entry in this region that ties directly to the Bid Item 'Furnish & Install Carpet'. Therefore, there is NO DIRECT evidence connecting this region to the bid item; the association is WRONG."
region_000446,A-005,Flooring,Furnish & Install Carpet,C1,GRID_REFERENCE,NONE,C1,"Grid reference bubble labeled 'C1'; no finish tag, room finish, or carpet-related notation present.","The highlighted region shows a grid reference bubble 'C1' and does not contain any finish/work indication for carpet. A grid reference is not a bid item and provides no direct evidence of Furnish & Install Carpet. Therefore, there is no direct association to the bid item."
region_000447,A-005,Flooring,Furnish & Install Carpet,C1,GRID_REFERENCE,NONE,C1,"C1 is a grid reference callout (grid line intersection) and not a finish/work tag for carpet. There is no carpet-related label, finish tag, or schedule entry visible in this region.","The highlighted region shows a grid reference (C1) along grid lines, which is a plan-reference element, not a finish or bid-item indication for carpet. Special Rule — GRID REFERENCES states this does not directly establish the bid item. There is therefore no direct evidence linking this region to 'Furnish & Install Carpet'."
region_000448,A-005,Flooring,Furnish & Install Carpet,C4,GRID_REFERENCE,NONE,C4,"No direct evidence linking to the bid item. The region shows a grid reference (C4) typical for locating positions on the plan, not a finish/work item related to carpet.","The highlighted region visually displays a grid bubble/reference labeled 'C4'. This is a plan locator and does not directly identify or reference the carpet bid item. Special rule for GRID_REFERENCES states these are not bid items; without a direct finish/work indication (e.g., 'Carpet', finish schedule, or related annotation), there is no direct association to Furnish & Install Carpet."
region_000449,A-005,Flooring,Furnish & Install Carpet,C4,GRID_REFERENCE,NONE,C4 grid reference bubble,"No direct evidence; grid reference bubble, not carpet","The highlighted region shows a blue circular tag labeled 'C4' (a grid reference bubble) with dashed grid lines. This is a plan annotation used for locating elements on the sheet, not a finish/work item. The original bid item is Furnish & Install Carpet (Carpet). There is no finish, carpet tag, or related symbol in this region. According to the special rule for grid references, it does not directly establish the bid item. Therefore, the region does not directly reference the carpet bid item, and the association is WRONG."
region_000450,A-005,Flooring,Furnish & Install Carpet,CX,FINISH_TAG,NONE,Finish callouts FX and CX along the corridor on the roof plan,No explicit reference linking the region to carpet (no label such as 'Carpet' or a carpet schedule entry visible in the region). The sheet is a Roof Plan (A-005) and finish tags shown do not directly identify carpet installation.,"The highlighted region shows circular finish-callout tags (FX, CX) typical of finish labeling, but there is no direct evidence that these tags correspond to carpet (the bid item). The sheet is a roof plan, not an interior floor finish drawing, and there is no explicit carpet designation or schedule visible in the region. Therefore, it does not directly identify, locate, or reference the original bid item (Furnish & Install Carpet)."
region_000452,A-005,Flooring,Furnish & Install Carpet,CV,PLAN_GEOMETRY,NONE,Small enclosed area (likely shaft/mechanical room) with doorway; no carpet finish label or flooring reference visible in the region.,No direct evidence of carpet or flooring finish in this region; no label such as 'CARPET' or finish tag.,"The highlighted plan region shows a small interior enclosure on a roof plan (Sheet A-005) with no finish indication for carpet. A direct association to the bid item 'Furnish & Install Carpet' would require an explicit carpet finish reference (e.g., 'CARPET', carpet finish hatch, or a related finish note) within this region or a directly linked finish schedule. There is no such direct evidence; there is only plan geometry and possibly mechanical/shaft content, which does not directly identify the bid item. OCR hints do not substitute for visible evidence."
region_000453,A-005,Flooring,Furnish & Install Carpet,CV,FINISH_TAG,INDIRECT,Blue-circled finish-tag symbols (FZ) visible within the region; no explicit carpet label or carpet-related symbol present.,No direct evidence of carpet; only finish-tag references (FZ) shown.,"The highlighted region contains finish-tag symbols (FZ) on a Roof Plan sheet, but there is no explicit labeling or symbol that directly identifies carpet (the bid item). Finishes tags may relate to flooring generally, but they do not directly specify carpet installation. Therefore the region does not provide direct evidence for the 'Furnish & Install Carpet' bid item; at best it offers an indirect finish context."
region_000454,A-005,Flooring,Furnish & Install Carpet,CZ,GRID_REFERENCE,NONE,CZ (grid reference bubble),"No direct bid-item evidence; region shows a grid reference label, not a carpet finish or related work.",The highlighted region contains a grid reference label 'CZ' used for location on the sheet. Grid references are not bid items and do not directly identify carpet installation. There is no visible element that directly references or identifies the original bid item (Furnish & Install Carpet).
region_000455,A-005,Flooring,Furnish & Install Carpet,CZ,FINISH_TAG,NONE,CZ,"No explicit carpet finish label, carpet schedule, or installation note visible in the region. The sheet is a Roof Plan (A-005) and the markings appear to be generic finish/zone tags or grid-related annotations rather than a direct reference to carpet installation.","The highlighted region shows a small CZ tag on a Roof Plan with no direct reference to carpet (no label like CARPET, or finish symbols for floor finishes). The region does not identify the bid item (Furnish & Install Carpet) nor a finish assigned to an area for flooring. Therefore it provides no direct evidence linking to the bid item; the association is not valid."
region_000456,A-005,Flooring,Furnish & Install Carpet,C2,GRID_REFERENCE,NONE,C2,"No direct finish/work label or carpet-related annotation present; the visible 'C2' corresponds to a grid reference bubble used for location, not to carpet installation.","The highlighted region shows a grid reference (C2). Grid references are not bid items or finish/work indicators. There is no direct drawing evidence that this region identifies, locates, or references the original bid item (Furnish & Install Carpet)."
region_000457,A-005,Flooring,Furnish & Install Carpet,C2,GRID_REFERENCE,NONE,C2,"No direct evidence of carpet; region shows a grid reference marker (C2) used for location, not a material/work.","The highlighted region contains a grid label 'C2' (grid reference). It serves to locate positions on the roof plan and has no direct indication of carpet installation or finish. There is no finish-tag, material tag, room label tied to carpet, or schedule entry in this region."
region_000458,A-005,Flooring,Furnish & Install Carpet,C3,GRID_REFERENCE,NONE,C3 grid reference bubble (grid label),No explicit carpet or flooring finish/work reference visible in the region; only a grid reference marker (C3) is present.,"The highlighted region contains a grid reference bubble with the label C3. Grid references are location indicators, not bid items. There is no direct indication of carpet, flooring finish, or related finish/work in this region to tie it to the Bid Item 'Furnish & Install Carpet'. Therefore, there is NO direct association to the bid item."
region_000459,A-005,Flooring,Furnish & Install Carpet,C3,GRID_REFERENCE,NONE,C3,"No finishing or carpet indication; region is a grid reference bubble used to locate plan; lacks any carpet-related tag, schedule, or finish label.","The highlighted region shows a grid reference bubble 'C3' on the Roof Plan sheet. A grid reference is used solely for location, not to identify or reference a bid item. There is no carpet finish indication or any carpet-related labeling in this region. Therefore there is no direct evidence linking this region to the 'Furnish & Install Carpet' bid item."
region_000460,A-005,Flooring,Furnish & Install Carpet,C1,GRID_REFERENCE,NONE,C1,None (grid reference bubble; not a carpet finish or work),"The highlighted region shows a blue circular grid reference label 'C1' connected to grid lines. This is a grid reference symbol, not a bid item finish or work indication. There is no direct evidence identifying or referencing the carpet bid item in this region; grid references are explicitly not bid items and do not establish a direct association to Furnish & Install Carpet."
region_000461,A-005,Flooring,Furnish & Install Carpet,C1,GRID_REFERENCE,NONE,C1 (grid reference bubble),"Region shows a grid label 'C1'; no carpet finish tag, room label, or schedule entry; no explicit reference to carpet installation","The highlighted region is a grid reference bubble labeled 'C1' as shown in the local drawing context and the whole-sheet locator. It does not depict, identify, or reference any carpet finish work. The Bid Item is 'Furnish & Install Carpet' and requires a finish/installation indication directly tied to carpet. Since the region contains only a grid reference and lacks direct evidence linking to carpet installation, there is NO DIRECT ASSOCIATION to the bid item. Therefore, the decision is WRONG with HIGH confidence."
region_000462,A-005,Flooring,Furnish & Install Carpet,C4,DETAIL,NONE,"Detail callout marker with text ""A5"" and sheet reference ""A-201"" (detail callout symbol)",No finish or carpet identification is visible in this region; there is no label or hatch indicating carpet/install; the marker points to a detail on another sheet.,"The highlighted region contains a detail-callout symbol (A5/A-201) rather than any carpet finish indication. There is no direct evidence that this region represents or references the bid item 'Furnish & Install Carpet'. It instead functions as a cross-reference to another detail, which is not the carpet work."
region_000463,A-005,Flooring,Furnish & Install Carpet,C4,GRID_REFERENCE,NONE,C4,NONE,"The highlighted region visually shows a grid reference bubble with the label 'C4' on the roof plan. It functions as a grid/locator, not as a finish, material, or work item indication. There is no direct evidence within the region that identifies or references the bid item 'Furnish & Install Carpet' (Carpet). Therefore the association is NONE (no direct association)."
region_000464,A-005,Flooring,Furnish & Install Carpet,CX,FINISH_TAG,NONE,FX (finish tag markers) visible around a central corridor/elevator area on a roof-plan context,No explicit reference to CARPET or a floor finish within this region. The markings present are generic finish tags (FX) and plan geometry; there is no label or schedule item that directly states or depicts carpet installation.,"The highlighted region shows finish-tag symbols (FX) but does not contain a direct, carpet-specific indication (e.g., 'CARPET', a carpet finish callout, or a floor finish schedule entry). The sheet is a roof plan (A-005) with plan geometry and core elements; carpet as a bid item would require an explicit, direct reference within this region. Without such direct evidence, the association to 'Furnish & Install Carpet' is not established."
region_000465,A-005,Flooring,Furnish & Install Carpet,CX,GRID_REFERENCE,NONE,CX,"No direct carpet finish label, carpet schedule, or carpet-related detail is visible within the highlighted region. The region shows a blue circled tag 'CX' along a roof-plan context, which aligns with a grid/plan-geometry reference rather than a finish item.","The highlighted region contains a blue circled grid/label tag (CX), not a finish reference for carpet. The sheet is a Roof Plan (A-005) and does not show carpet installation evidence. Grid bubbles are explicitly not bid items and do not directly identify carpet."
region_000466,A-005,Flooring,Furnish & Install Carpet,CV,OTHER,NONE,"A small enclosed space/shaft with door within the roof-plan area. No carpet finish tag, no finish symbol, and no label referencing carpet or floor finish.","No direct evidence linking this region to carpet installation (no carpet/finishing label, no finish reference, no schedule entry for carpet in this region).","The highlighted region shows an interior feature (likely a small room/shaft) with architectural elements but contains no label, symbol, or detail that directly identifies carpet or carpet installation. OCR hints (e.g., CV) do not constitute direct evidence of carpet. Special rules require direct identification of the bid item; without a direct finish/work indicator for carpet in this region, the association is not valid. Therefore the original bid item is not directly represented by this region."
region_000467,A-005,Flooring,Furnish & Install Carpet,CV,PLAN_GEOMETRY,NONE,Roof plan region (Bldg Types Roof Plan) showing grey roof areas with structural lines; blue circular tags labeled FX/CX/BX along a corridor; no explicit finish label or note referencing carpet or interior flooring visible in this highlighted region.,"There is no explicit label, note, or symbol within the highlighted region that directly states or identifies carpet, carpet installation, or a finish schedule entry for carpet. The region appears to be exterior roof plan geometry, not an interior floor finish reference.","The highlighted region contains roof plan geometry and miscellaneous finish tags typical of a roof plan. There is no direct indication of carpet or a finish assignment for interior flooring in this region. Without a direct reference to carpet (e.g., a finish tag, carpet schedule note, or a labeled carpet area), the bid item “Furnish & Install Carpet” cannot be directly associated with this specific drawing region. Relying on indirect cues (same trade, same sheet, general flooring context) would be incorrect per the audit rules."
region_000468,A-005,Flooring,Furnish & Install Carpet,CZ,PLAN_GEOMETRY,NONE,"Small enclosed architectural element (a tiny room/shaft area with doorway) on the roof plan region; no finish tag, carpet label, schedule entry, or explicit carpet reference visible within the region.",NONE,"The highlighted region shows basic plan geometry (enclosure/door) on a Roof Plan sheet and contains no direct indication of carpet or any finish work. There is no finish tag, room finish reference, or schedule entry tying this exact region to the bid item 'Furnish & Install Carpet'. Therefore, there is no direct association to the bid item; the association would be indirect or nonexistent, which is insufficient for a RIGHT decision."
region_000469,A-005,Flooring,Furnish & Install Carpet,CZ,FINISH_TAG,NONE,Blue circular finish-tag label (likely 'FZ') visible on the roof-plan region.,No explicit carpet/flooring finish text or schedule entry; region shows only a finish-tag marker without a direct reference to carpet.,"The highlighted region contains a finish-tag marker but does not directly identify or reference carpet/furnish & install carpet. It is on a roof plan (A-005 Roof Plan) and provides no explicit finish assignment for the bid item. Therefore, there is no direct evidence linking this region to the bid item."
region_000470,A-005,Flooring,Furnish & Install Carpet,C2,GRID_REFERENCE,NONE,C2,No direct evidence linking to carpet or any bid item; region shows a grid reference bubble (C2) and gridlines only.,"The highlighted region visually contains a grid reference bubble 'C2' and associated gridlines. There is no finish/work indication or label that identifies or references the bid item 'Furnish & Install Carpet'. Grid references are explicitly not bid items, so there is no direct association to the carpet bid item."
region_000471,A-005,Flooring,Furnish & Install Carpet,C2,GRID_REFERENCE,NONE,C2,"The region shows a blue circled 'C2' aligned with grid lines, a classic grid-reference bubble. There is no finish tag, room label, schedule, or any explicit carpet-related designation visible in this region.","The highlighted region contains only a grid reference label ('C2') and does not identify, label, or reference the bid item (Furnish & Install Carpet). It is not a finish, material, room label, or schedule entry that directly ties to carpet work. Therefore there is no direct evidence linking this region to the bid item; classification is WRONG."
region_000472,A-005,Flooring,Furnish & Install Carpet,C3,GRID_REFERENCE,NONE,"Circular blue grid callouts labeled C1, C2, C3, C4 connected by grid lines across the roof plan portion.",NONE,"The region shows grid reference callouts (e.g., C3, C4, C2, C1) as part of the plan’s grid system. There is no label, tag, schedule, or finish indication that directly identifies the bid item 'Furnish & Install Carpet' (carpet) or any carpet-related finish. A grid reference is evidence of location geometry, not of the carpet work. Therefore, no direct association to the original bid item is present."
region_000473,A-005,Flooring,Furnish & Install Carpet,C3,DETAIL,NONE,Detail callout with A5 / A-201 (diamond symbol),"The region shows a detail/callout marker (diamond) labeled A5 and A-201 on the roof plan; there is no finish label, carpet symbol, room finish tag, or carpet-related schedule visible in this region.","The highlighted region is a detail/section callout reference, not a finish indication for carpet. There is no explicit carpet designation, finish tag, or finish-related schedule visible in this region to directly identify or associate carpet installation. Therefore it does not provide direct evidence for the bid item Furnish & Install Carpet; at best it is an indirect or unrelated drawing element."
region_000474,A-005,Electrical,Furnish & Install Unidentified Electrical Components for Estimator Review,E1,GRID_REFERENCE,NONE,E1,NONE,"The highlighted region shows a blue circular tag with the label E1, which corresponds to a grid reference bubble used to locate positions on the sheet. There is no visible indication of an electrical component, equipment tag, finish, schedule, or any bid-item-specific item. GRID_REFERENCE regions are explicitly not direct evidence of a bid item, per the defined rules. Therefore there is NO direct evidence linking this region to the Bid Item (Furnish & Install Unidentified Electrical Components) and the association is incorrect."
region_000475,A-005,Electrical,Furnish & Install Unidentified Electrical Components for Estimator Review,E1,GRID_REFERENCE,NONE,Blue circled label 'E1' placed at a grid intersection along the sheet bottom (grid reference marker).,"No direct bid item evidence present; region contains only a grid reference Bubble (E1), not an electrical component, finish, room label, or equipment tag directly tied to the bid item.","The highlighted region visually shows a grid reference bubble 'E1' used to locate grid lines on the roof plan. This is a grid reference symbol, not a bid item, finish, equipment, or electrical component reference. The original bid item is 'Furnish & Install Unidentified Electrical Components for Estimator Review' (Others). There is no direct representation of electrical work or components in this region; grid references are explicitly NOT bid items. Therefore the region does not directly identify or reference the bid item."
region_000476,A-005,Electrical,Furnish & Install Unidentified Electrical Components for Estimator Review,E4,GRID_REFERENCE,NONE,Blue circular callout containing 'E4' (grid reference bubble),No direct evidence of bid item; region only shows a grid reference bubble (E4) and does not identify electrical components or associated work,"The highlighted region visibly contains a grid reference bubble with the label 'E4'. Grid references are not bid items and do not directly identify, locate, or reference the original bid item (Furnish & Install Unidentified Electrical Components). There is no direct indication of electrical components, equipment, finishes, or related work in this region. Therefore there is NO direct association to the bid item; the correct decision is WRONG."
region_000477,A-005,Electrical,Furnish & Install Unidentified Electrical Components for Estimator Review,E4,GRID_REFERENCE,NONE,Grid reference bubble labeled E4,NONE,"The highlighted region shows a blue circular grid reference bubble with the label E4 and a leader line, which is a grid reference marker. Grid references do not constitute or directly identify work items, finishes, or components of the bid item “Furnish & Install Unidentified Electrical Components for Estimator Review.” There is no direct indication in the region that ties to the electrical bid item; OCR may show E4, but visually the element represents a grid coordinate, not the bid item. Therefore, no direct association exists (NO ASSOCIATION)."
region_000479,A-005,Electrical,Furnish & Install Unidentified Electrical Components for Estimator Review,EX,EQUIPMENT_TAG,NONE,Two blue-circled tags labeled 'EX' located on the roof-plan region (exhaust/equipment annotations),"No direct evidence of electrical components, furnishings, or installation work tied to the bid item; the region shows equipment tags (EX) and roof plan elements, not an electrical item","The highlighted region contains two 'EX' equipment tags on a roof plan, with no explicit electrical component, panel, outlet, wiring, or schedule that directly identifies the bid item 'Furnish & Install Unidentified Electrical Components'. The 'EX' marks are likely mechanical/exhaust annotations, not electrical work. There is no direct drawing evidence linking this region to the bid item; OCR hints do not override the visual evidence."
region_000480,A-005,Electrical,Furnish & Install Unidentified Electrical Components for Estimator Review,EV,OTHER,NONE,"A small interior opening/door area (enclosed space) with walls and door swing visible. There are no electrical component symbols, equipment tags, or direct annotations within the highlighted region. Outside text (e.g., A-203) appears adjacent but not inside the region.",,"1) The region does not contain any equipment tag, symbol, or explicit reference to electrical components or installations. 2) It appears to be a general architectural plan element (a doorway/room), not a finish or equipment reference tied to the bid item. 3) Without the bid item, the region would be interpreted as a small room/door area, not electrical work. 4) There is no direct drawing evidence linking this region to Furnish & Install Unidentified Electrical Components. 5) OCR hints do not provide a direct, explicit association. 6) No assumption is used beyond the visible drawing evidence."
region_000481,A-005,Electrical,Furnish & Install Unidentified Electrical Components for Estimator Review,EV,EQUIPMENT_TAG,NONE,"Circular blue tags with two-letter codes (e.g., EV, EW) connected by dashed lines to roof-plan features.","No explicit reference to the bid item. The region shows generic equipment/marking tags (EV/EW) without a labeled item, schedule, or text that directly identifies a Furnish & Install Unidentified Electrical Components item.","The highlighted region contains equipment tags (EV, EW) on circular markers with dashed connection lines, indicating labeled equipment locations on the roof plan. There is no direct indication of a specific electrical component, any ‘Furnish & Install…’ item, or a schedule/detail that explicitly references the bid item. This constitutes no direct evidence linking the region to the original bid item; an indirect association would be insufficient per the rules."
region_000482,A-005,Electrical,Furnish & Install Unidentified Electrical Components for Estimator Review,EZ,EQUIPMENT_TAG,INDIRECT,EY,"The highlighted region shows an equipment tag 'EY' inside a circle within a small interior area; there is no explicit reference, part number, or schedule item identifying a specific electrical component or work item; no finish/material indication tied to the bid item.","The region contains an equipment tag, not a direct identification of a specific electrical component or electrical work item. Per the rules, a room label or equipment tag alone does not establish the bid item. Without a direct reference (such as a labeled component, schedule entry, or component-specific note), the region does not provide direct evidence for the original bid item; its relation would be only indirect."
region_000484,A-005,Electrical,Furnish & Install Unidentified Electrical Components for Estimator Review,E2,GRID_REFERENCE,NONE,Grid reference label E2 with adjacent grid lines and callouts on a roof plan portion.,"No direct electrical component tag, equipment label, finish, or schedule visible in the highlighted region.","The highlighted area shows grid references (e.g., E2) and plan geometry markers. There is no explicit depiction or labeling of an electrical component, equipment, or related bid-item work. Grid references are a coordination/locational element, not a bid-item deliverable. Therefore there is no direct association with the bid item.”} } } }? (Note: The trailing characters were accidental; please use the structured JSON content above.)*|*|*|*|*|*|*|*|*|*|*|*|*|*|*|*|*|*|*|*|*|*|*|*|*|*|*|*|*|*|*|*|*|*|*|*|*|*|*|*|*|*|*|*|*|*|*|*|*|*|*|*|*|*|*|*|*|*|*|*|*|*|*|*|*|*|*|* (The above note is extraneous and should be ignored. Use only the JSON object in the first block.)} }> (Apologies for the formatting glitch.) JSON content reproduced below clearly for parsing. Please ignore the trailing text above.  {"
region_000485,A-005,Electrical,Furnish & Install Unidentified Electrical Components for Estimator Review,E2,GRID_REFERENCE,NONE,GRID_REFERENCE: E2 (grid bubble),No direct bid item evidence; region is a grid reference and does not identify any electrical component or work.,"The highlighted region visibly contains a grid reference callout (E2) rather than any material, equipment, finish, or schedule entry that would explicitly identify the electrical bid item. Per the special rule for GRID REFERENCES, a grid bubble/line reference is not a bid item and does not directly establish Furnish & Install of unidentified electrical components. Therefore there is no direct association with the bid item; the evidence points to location labeling rather than a specific electrical item."
region_000486,A-005,Electrical,Furnish & Install Unidentified Electrical Components for Estimator Review,E3,GRID_REFERENCE,NONE,E3,"Region shows a grid reference (E3) on the plan with associated grid lines/callouts. There is no visible electrical component, equipment tag, finish reference, room label, schedule, or detail that directly identifies or references the Bid Item (Furnish & Install Unidentified Electrical Components).","The highlighted region is a grid reference element on the roof plan (E3). It does not visually contain or identify any electrical component, equipment, or work item that would directly satisfy the Bid Item. No finish/work indicators, equipment tags, or schedule entries are present in the region to support a direct association. OCR merely notes E3 as text, but OCR is not sufficient evidence; the image content must directly identify the bid item, which it does not."
region_000487,A-005,Electrical,Furnish & Install Unidentified Electrical Components for Estimator Review,E3,GRID_REFERENCE,NONE,E3,No direct evidence; region is a grid reference label and does not identify electrical components or bid-item work.,"The highlighted region visibly contains the grid reference 'E3' (grid location) and does not visibly identify any electrical component, equipment tag, finish, or other bid-item work. Grid references are not bid items themselves, and there is no direct labeling or tagging in the region that ties it to the 'Furnish & Install Unidentified Electrical Components' bid item. Therefore, there is no direct association."
region_000488,A-005,Electrical,Furnish & Install Unidentified Electrical Components for Estimator Review,E5,GRID_REFERENCE,NONE,E5,"The region shows a circular grid bubble with the label 'E5' connected by dashed grid lines. It does not display any equipment tag, room label, finish/finish schedule, or specific bid-item related annotation.","The highlighted region is a grid reference bubble ('E5'), used only to locate positions on the plan. It contains no direct identification of electrical components, finishes, or bid-item elements. Per the GRID_REFERENCE rule, this does not constitute direct evidence for the bid item; therefore the association is incorrect."
region_000489,A-005,Electrical,Furnish & Install Unidentified Electrical Components for Estimator Review,E5,GRID_REFERENCE,NONE,Grid reference callout E5 (blue circle) on the roof plan,"No direct label or symbol identifying electrical components, schedules, or detailed bid-item work is shown; E5 is a grid coordinate/callout, not a component or work item.","The highlighted region contains a grid reference marker (E5) used for locating positions on the plan. Grid references are not bid items and do not explicitly identify, locate, or reference a specific electrical component or work. Therefore there is no direct evidence linking this region to the Bid Item 'Furnish & Install Unidentified Electrical Components'."
region_000490,A-005,Electrical,Furnish & Install Unidentified Electrical Components for Estimator Review,EW,DETAIL,NONE,Detail callout bubble containing A-203 (detail reference) within a small architectural enclosure on the roof plan; appears to point to a detail rather than an electrical component.,"No visible electrical component symbol, tag, or designation directly identifying an electrical item in this region; the callout suggests a detail on another sheet rather than furnishing/installing an electrical component on this region.","The highlighted region shows a detail callout (A-203) rather than a specific electrical component or finish/work item. There is no direct visual evidence of a bid-item electrical component (no equipment tag, symbol, or explicit reference to electrical installation). A detail callout implies content on a different sheet, not the bid item. Therefore, there is NO direct association with the original bid item."
region_000491,A-005,Electrical,Furnish & Install Unidentified Electrical Components for Estimator Review,EW,EQUIPMENT_TAG,INDIRECT,"Blue circular tags labeled EW and EX scattered along the roof-plan region, without explicit component names or identifiers for a specific electrical item.","No visible label or symbol within the region directly naming or depicting an electrical component (e.g., outlet, panel, junction box) or a schedule/detail entry that corresponds to the Bid Item.","The region contains generic equipment tags (EW/EX) that indicate electrical annotation but do not directly identify or reference a specific electrical component or installation. There is no explicit indication of a particular bid item (furnish and install unidentified electrical components) within this region. OCR hints exist but are not a substitute for direct visual evidence. Therefore, there is no direct association to the bid item; any relation is only indirect at best."
region_000493,A-005,Electrical,Furnish & Install Unidentified Electrical Components for Estimator Review,EY,EQUIPMENT_TAG,NONE,"Circular blue callouts with two-letter codes (e.g., EV, EZ, EY, EX) placed along roof-plan grid lines on the sheet.","There is no explicit item name, schedule entry, or direct reference identifying a specific electrical component to be furnished and installed. The region only shows generic equipment tags without linking to a named electrical component or a schedule item that corresponds to the bid item.","The region visually shows equipment tag callouts (two-letter abbreviations) on the roof plan. There is no direct evidence (no component name, schedule, or explicit reference) tying these tags to the bid item 'Furnish & Install Unidentified Electrical Components'. Without a direct association, the region cannot be considered a correct direct match to the bid item."
region_000494,A-005,Electrical,Furnish & Install Unidentified Electrical Components for Estimator Review,E1,GRID_REFERENCE,NONE,E1,"The region shows a grid reference bubble (E1) used for locating grid lines on the roof plan. There is no label, tag, or symbol directly identifying electrical components, finishes, equipment, or a schedule/detail that corresponds to the bid item.",The highlighted region is a grid reference marker (E1) and does not directly identify or reference the original bid item (Furnish & Install Unidentified Electrical Components). There is no direct drawing evidence linking this grid bubble to the bid item; any relevance would be indirect at best and is not acceptable per the DIRECT ASSOCIATION requirement.
region_000495,A-005,Electrical,Furnish & Install Unidentified Electrical Components for Estimator Review,E1,ROOM_LABEL,NONE,E1,No direct evidence; the region only shows a room label 'E1' with no explicit electrical components or bid-item related annotation.,"The region contains only the room label E1; per the Special RULE — ROOM LABEL, a room name alone does not establish the bid item and does not directly identify electrical work. No explicit electrical component, finish, or equipment tag is visible in this region."
region_000496,A-005,Electrical,Furnish & Install Unidentified Electrical Components for Estimator Review,E4,GRID_REFERENCE,NONE,E4 (grid reference bubble),"No direct evidence of electrical components, equipment tags, or bid-item work in this region. The visible element is a grid reference bubble (E4) used for locating elements on the roof plan, not a component or installation item.","The highlighted region shows a grid reference (E4) which serves to locate the plan grid. It does not identify, label, or reference any electrical components or equipment. According to the SPECIAL RULES, a grid reference is NOT a bid item, so there is no direct association to the bid item 'Furnish & Install Unidentified Electrical Components'."
region_000497,A-005,Electrical,Furnish & Install Unidentified Electrical Components for Estimator Review,E4,GRID_REFERENCE,NONE,E4,No direct bid-item evidence; region shows grid reference E4 and architectural plan labels; no electrical component tag or reference to 'Furnish & Install' or 'Electrical' elements.,"The highlighted region visibly contains a blue circled grid reference 'E4'. This is a plan-grid indicator and not a bid item. There are no electrical equipment tags, component identifiers, or explicit references to electrical work within this region. According to the Special Rule for Grid References, a grid bubble/reference is not a bid item; therefore there is no direct association to the bid item 'Furnish & Install Unidentified Electrical Components'."
region_000499,A-005,Electrical,Furnish & Install Unidentified Electrical Components for Estimator Review,EX,OTHER,NONE,A narrow vertical rectangular annotation area with text that appears to read '50%' (not clearly an electrical symbol or tag).,NONE,"The highlighted region does not visibly contain explicit electrical components, equipment tags, or any direct reference to electrical work that would identify it as part of the bid item 'Furnish & Install Unidentified Electrical Components'. There are no electrical symbols, circuit tags, or equipment-callouts visible in the region; the legible text appears to be a generic annotation not tied to electrical work. Therefore, there is no direct evidence linking this region to the bid item."
region_000501,A-005,Electrical,Furnish & Install Unidentified Electrical Components for Estimator Review,EV,EQUIPMENT_TAG,INDIRECT,Equipment tag label 'EV' (blue circle) shown in the region,"The region contains a generic equipment tag (EV) with no specific electrical component description, quantity, or schedule reference that directly ties to the bid item (Furnish & Install Unidentified Electrical Components). There is no explicit component name or itemized entry visible within the region.","The highlighted region visibly shows a two-letter equipment callout ('EV'), which is an equipment tag used for labeling purposes. This does not directly identify or reference a specific electrical component or a schedule entry that corresponds to the bid item. Without a direct component description or a schedule link visible in the region, the association is only indirect and not a direct representation of the bid item."
region_000503,A-005,Electrical,Furnish & Install Unidentified Electrical Components for Estimator Review,EZ,EQUIPMENT_TAG,NONE,"Blue circular tag labeled 'EZ' (part of a bracelet of similar tags like EX, EY, EW) placed on the roof plan with dashed reference lines.","No direct evidence that this tag identifies or references a specific electrical component, device, or installation detail. The tag appears as a generic plan annotation rather than a component description or schedule item.","The highlighted region is a generic equipment tag on the Bldg Types Roof Plan (EQUIPMENT_TAG). It does not directly identify an electrical component to furnish/install, nor does it reference a schedule/detail explicitly tied to the bid item. This provides no direct evidence for the original bid item; OCR/content does not alter this assessment."
region_000504,A-005,Electrical,Furnish & Install Unidentified Electrical Components for Estimator Review,E2,GRID_REFERENCE,NONE,E2,,"The highlighted region contains a blue circular tag reading 'E2', which is a grid reference bubble used to locate elements on the roof plan. It does not identify, locate, or explicitly reference the bid item (Furnish & Install Unidentified Electrical Components for Estimator Review) and provides no direct evidence of the electrical components bid item. Per the rules, a grid reference is not a bid item, so there is NO direct association to the bid item."
region_000505,A-005,Electrical,Furnish & Install Unidentified Electrical Components for Estimator Review,E2,GRID_REFERENCE,NONE,E2,NONE,"1) The highlighted region visibly shows the grid reference label E2 (a plan/grid coordinate marker), not a finish tag, equipment tag, room label with finished work, schedule, or any electrical component. 2) This region represents a plan reference, not a bid-item element. 3) Independently, without knowing the bid item, I would identify it as a grid reference on a floor/roof plan. 4) There is no direct drawing evidence linking this region to the bid item 'Furnish & Install Unidentified Electrical Components for Estimator Review' (no electrical symbol, component tag, or explicit reference to electrical work). 5) Any association would be indirect at best (same discipline/trade) and does not satisfy a direct association requirement. 6) OCR evidence is not used to justify the association; the image itself shows a grid label. 7) No assumptions were used."
region_000506,A-005,Electrical,Furnish & Install Unidentified Electrical Components for Estimator Review,E3,GRID_REFERENCE,NONE,E3,"No direct bid-item tag or indication visible (region shows a grid reference bubble 'E3' with no electrical component label, equipment tag, schedule entry, or finish reference).","The highlighted region contains a grid reference label 'E3' (a circular grid tag) and does not display any electrical component reference, equipment tag, finish indicator, or schedule/detail entry that explicitly identifies or locates the Bid Item. Grid references are not bid items per the rules for direct association, so there is no direct evidence linking this region to the bid item."
region_000507,A-005,Electrical,Furnish & Install Unidentified Electrical Components for Estimator Review,E3,DETAIL,NONE,Detail callout B5 A-201,"The region shows a detail reference (B5 A-201) and does not directly identify or label any electrical components, equipment, finish, or work item related to the bid item. It is a cross-reference cross-sheet callout, not a direct reference to the electrical components scope.","The highlighted region contains a detail callout (B5 A-201) rather than any explicit electrical component tag, equipment label, or work description that would directly tie to the bid item (Furnish & Install Unidentified Electrical Components). According to the guidance, a direct association requires the region itself to identify or label the relevant work; a cross-reference detail callout does not meet this requirement. No direct evidence connects this region to the bid item."
region_000508,A-005,Electrical,Furnish & Install Unidentified Electrical Components for Estimator Review,E5,GRID_REFERENCE,NONE,E5 grid reference bubble,"No direct evidence; region is a grid reference label (E5) not a component, schedule, or finish/work identifying item.","The highlighted region shows a blue-circled 'E5' grid reference bubble with dashed lines. There is no depiction of electrical components, equipment tags, finishes, or a schedule entry that explicitly identifies or references the Bid Item 'Furnish & Install Unidentified Electrical Components for Estimator Review'. According to the guidelines, a grid reference is not a bid item and cannot provide direct evidence of the bid work. Therefore, the region has NO direct association with the bid item."
region_000509,A-005,Electrical,Furnish & Install Unidentified Electrical Components for Estimator Review,E5,GRID_REFERENCE,NONE,E5,"Region contains only a grid reference label 'E5' with no explicit bid-item content (no equipment tag, finish, or schedule entry). Grid references are not bid items per the rules.","The highlighted region shows a grid reference label (E5) and does not depict any direct indication of electrical components or related work. According to the Special Rule GRID REFERENCES, a grid reference is not a bid item and does not provide direct evidence for the bid item. Therefore there is no direct association to the bid item 'Furnish & Install Unidentified Electrical Components'."
region_000510,A-005,Electrical,Furnish & Install Unidentified Electrical Components for Estimator Review,EW,EQUIPMENT_TAG,NONE,EW,"No direct evidence detected. The region shows a blue-circled equipment tag labeled 'EW' but there is no explicit reference to electrical components to be furnished and installed, no part numbers, no equipment descriptions, and no installation details within this region.","What is visibly present: a blue circled tag 'EW' adjacent to a small interior area on the roof plan. What it represents: an equipment tag label, not a specific electrical component or installation instruction. Direct evidence connecting this region to the Bid Item 'Furnish & Install Unidentified Electrical Components' is not observed—the tag alone does not identify a particular electrical work, equipment, or installation scope. No schedule, detail, or component description explicitly tied to electrical installation is visible in this region. Therefore, the region does not provide direct evidence for the bid item and is considered a WRONG association (NONE)."
region_000511,A-005,Electrical,Furnish & Install Unidentified Electrical Components for Estimator Review,EW,SPECIFICATION_TEXT,NONE,A small vertical rectangular label with the text '50A' located in the highlighted region (an annotation within the roof plan). The text appears to be a rating/value rather than a drawing of an electrical component or equipment tag.,"No direct visual evidence of a furnished/installed electrical component. The region shows only a textual/specification annotation ('50A') and a detail callout context (A-201) rather than an identifiable electrical device, panel, fixture, or equipment tag that would directly correspond to the bid item.","The region contains a specification/text element ('50A') within a rectangular annotation, which does not directly identify or label a specific electrical component or work item. The bid item requires a direct depiction/label of the electrical components to be furnished and installed; a stray rating text or annotation does not provide direct evidence of that work."
region_000512,A-005,Electrical,Furnish & Install Unidentified Electrical Components for Estimator Review,EY,EQUIPMENT_TAG,NONE,EY,"The region shows EY equipment tags (blue circled EY labels) but there is no explicit reference to the bid item text (Furnish & Install Unidentified Electrical Components) or any specific electrical component/work. No label, schedule, detail, or tag directly tying this region to the bid item.","The highlighted region contains only generic EY equipment tags without explicit identification of the electrical components or installation work described in the bid item. There is no direct evidence in the region that identifies, locates, or references the bid item; relying on indirect associations (same trade, general electrical context) is not permitted for a direct association."
region_000513,A-005,Electrical,Furnish & Install Unidentified Electrical Components for Estimator Review,EY,EQUIPMENT_TAG,INDIRECT,EY,No direct bid item evidence observed; region shows only an equipment tag (EY) without a schedule reference or explicit item description.,"The highlighted region displays a blue circular equipment tag labeled EY, which denotes an EQUIPMENT_TAG used to reference electrical components on the plan. There is no explicit text, note, or schedule entry within the region that directly identifies or maps to the Bid Item 'Furnish & Install Unidentified Electrical Components' (Others). Therefore the region does not provide direct evidence of the bid item; at best it offers an indirect electrical-tag association. A direct association would require an explicit schedule entry or label within the region that ties EY to the bid item."
region_000514,A-005,Wall Finishes,Furnish & Install Wall Base,B1,PLAN_GEOMETRY,NONE,"A small segment of the architectural roof plan showing interior wall lines and a doorway; no finish calls, baseboard tags, or Wall Base-related labels are visible within this highlighted region.",None – no wall base or finish tag/schedule visible in the region.,"The highlighted region contains basic plan geometry (walls/door) with no explicit reference to Furnish & Install Wall Base. There is no finish indication, baseboard symbol, or schedule entry directly tying this region to the bid item. Any relevance would be indirect at best, which does not meet the DIRECT association requirement."
region_000515,A-005,Wall Finishes,Furnish & Install Wall Base,B1,GRID_REFERENCE,NONE,B1,"No direct bid item evidence; the region is a circular grid reference bubble (B1) used for sheet/location reference, not a finish/work item.","The highlighted region is a grid reference bubble labeled B1, which serves to locate features on the plan. It does not identify or reference the bid item 'Furnish & Install Wall Base' in any direct manner (no finish/material, room label, schedule, or detail linked to the bid item is shown)."
region_000516,A-005,Wall Finishes,Furnish & Install Wall Base,B4,GRID_REFERENCE,NONE,B4,"Grid reference bubble/line (B4); does not identify finish, material, or work related to Furnish & Install Wall Base.","The highlighted region shows a grid reference label 'B4' along a grid line. It does not depict any finish/work, material, or item related to the Bid Item (Furnish & Install Wall Base). According to the GRID_REFERENCE rule, a grid bubble/line does not constitute direct evidence of the bid item, so there is no direct association with the bid item."
region_000517,A-005,Wall Finishes,Furnish & Install Wall Base,B4,GRID_REFERENCE,NONE,B4,No direct bid item evidence; region shows a grid reference bubble 'B4' with no finish/work indication tied to 'Furnish & Install Wall Base'.,"The highlighted region visibly contains a blue circular label reading 'B4' (grid reference) with a dashed leader. This is a location reference, not a finish item or work description. A grid reference does not directly identify or reference the bid item 'Furnish & Install Wall Base' (no material, finish, or schedule detail is shown). Therefore there is no direct association to the bid item. The evidence is based on the image content (grid bubble) rather than OCR alone. No assumption is required."
region_000518,A-005,Wall Finishes,Furnish & Install Wall Base,BX,FINISH_TAG,NONE,Multiple small circular callouts labeled 'FX' along interior walls/edge lines in the roof-plan region (centered area).,"The region only shows generic finish tags 'FX' with no explicit label, schedule entry, or symbol identifying 'Wall Base' or any specific work item from 'Furnish & Install Wall Base'. There is no WB/Wall Base notation, no related finish schedule reference, and no explicit reference to the bid item.","The highlighted region visually contains generic finish tags ('FX') and does not directly identify or reference the bid item 'Furnish & Install Wall Base'. There is no explicit 'Wall Base' label, schedule, or other finish indication that directly ties this region to the bid item. Without direct evidence, the association is not valid per the required criteria."
region_000519,A-005,Wall Finishes,Furnish & Install Wall Base,BX,PLAN_GEOMETRY,NONE,"Callout bubbles with two-letter codes (BX, CX, FX) aligned along a continuous plan line; no label or symbol indicating wall base or other finish related to the bid item.","No direct depiction, label, or symbol for Furnish & Install Wall Base; only grid/callout references present","The highlighted region shows plan geometry with circular two-letter callouts (BX, CX, FX) along a line. There is no explicit finish reference, baseboard symbol, or text stating 'Wall Base' or related finish, which would be required for a direct association to the bid item. Grid/callout references are not evidence of the bid item."
region_000520,A-005,Wall Finishes,Furnish & Install Wall Base,BV,FINISH_TAG,NONE,"Circular finish tag labeled ""FV"" (finish tag) located along a wall segment in a roof-plan region on sheet A-005.","No explicit reference to 'Wall Base', 'WB', baseboard, or any direct indication of furnish/install wall base in this highlighted region.","The highlighted region shows a finish tag (FV) on a roof plan, which does not directly identify or reference the bid item 'Furnish & Install Wall Base'. There is no explicit label for wall base, baseboard, or related work. The finish tag alone does not constitute a direct association to the bid item; its meaning is generic finish labeling rather than a specific wall-base installation item."
region_000521,A-005,Wall Finishes,Furnish & Install Wall Base,BV,EQUIPMENT_TAG,NONE,BV,"There is a 'BV' equipment tag visible on a roof plan; no text, symbol, or reference directly indicating the bid item 'Furnish & Install Wall Base' or any wall finish work; no finish tag, schedule, or detail entry that explicitly ties to wall base.","The highlighted region contains a two-letter equipment tag (BV) on a roof plan. It does not directly identify the bid item (Furnish & Install Wall Base). There is no wall base finish reference, schedule, or detail in or linked to this region. The tag is not a direct reference to the bid item; this is no direct association."
region_000522,A-005,Wall Finishes,Furnish & Install Wall Base,BZ,PLAN_GEOMETRY,NONE,"A small rectangular feature centered on a wall line within the roof plan. It shows two inner vertical lines and nearby dimension text (approx. 1-7/8) along the central area, with surrounding walls and plan geometry. No explicit finish or wall-base labeling is visible in the highlighted region.","No finish, material tag, or bid-item labeling related to Furnish & Install Wall Base is visible in the region. The region lacks any baseboard indication or schedule reference.","The region contains a small, unlabeled rectangular feature on the roof plan with no finish/work indication or bid-item reference to 'Furnish & Install Wall Base.' Without explicit labeling or a direct finish reference, it does not visibly identify, locate, or reference the bid item. Therefore, there is no direct association to the original bid item; the evidence is purely plan geometry rather than a finish item."
region_000523,A-005,Wall Finishes,Furnish & Install Wall Base,BZ,GRID_REFERENCE,NONE,BZ,"Region contains a grid/axis tag 'BZ'; no wall base, finish, schedule, or bid-item related notation present.","The highlighted region shows only a grid reference label 'BZ' (a blue circular tag) and does not identify, locate, or reference the bid item 'Furnish & Install Wall Base'. There is no finish/work legend, material, or bid-item detail visible in this region to support a direct association."
region_000524,A-005,Wall Finishes,Furnish & Install Wall Base,B2,GRID_REFERENCE,NONE,Grid reference bubble labeled B2,No direct evidence of Furnish & Install Wall Base; region only shows a grid reference (B2),"The highlighted region contains a grid reference (B2) which does not identify, locate, or reference the bid item. Grid references are not bid items and provide no direct evidence for Furnish & Install Wall Base. Therefore there is no direct association between this region and the original bid item."
region_000525,A-005,Wall Finishes,Furnish & Install Wall Base,B2,GRID_REFERENCE,NONE,B2,No direct bid item evidence; region shows a grid reference bubble (B2) and does not identify any furnishing/installation work.,"The highlighted region visibly contains a circular blue grid bubble labeled 'B2'. This is a grid reference, not a bid item or finish/work indication. Special rule for GRID_REFERENCE states it is NOT a bid item. Therefore there is no direct evidence connecting this region to the Bid Item 'Furnish & Install Wall Base', so the association is NONE (WRONG)."
region_000526,A-005,Wall Finishes,Furnish & Install Wall Base,B3,GRID_REFERENCE,NONE,B3,No direct bid item evidence; region shows a grid reference bubble labeled 'B3' used for locating elements on the sheet.,"The highlighted region contains a circular blue grid reference bubble with the label 'B3'. This is a grid reference indication, not a finish, material, or work item. There is no direct evidence that this region identifies, locates, or references the bid item 'Furnish & Install Wall Base'. Therefore, no direct association to the bid item is established."
region_000527,A-005,Wall Finishes,Furnish & Install Wall Base,B3,GRID_REFERENCE,NONE,B3 grid reference bubble,"No direct evidence linking this region to the bid item. The region shows a grid reference bubble (B3) and does not depict a wall base, finish, or any work item directly associated with 'Furnish & Install Wall Base'.","The highlighted region contains a circular grid bubble labeled B3, which is a grid reference marker. According to the rules, a grid reference is not a bid item and does not provide direct evidence of the bid item. Therefore it does not directly identify or reference the 'Furnish & Install Wall Base' region."
region_000528,A-005,Wall Finishes,Furnish & Install Wall Base,B1,GRID_REFERENCE,NONE,Grid reference bubble containing 'B1',"No direct evidence; region is a grid reference, not a finish/work tag or bid item.","The highlighted region shows a grid reference bubble with 'B1'. Grid references are not bid items and do not directly identify the work (Furnish & Install Wall Base). There is no finish tag, material reference, or schedule entry directly tied to the bid item in this region; therefore the association is not direct."
region_000529,A-005,Wall Finishes,Furnish & Install Wall Base,B1,GRID_REFERENCE,NONE,B1,"The region shows a B1 grid reference bubble/callout with dashed leader lines. There is no finish tag, material label, room label, schedule/detail entry, or any explicit reference to wall base or related bid item.","A grid reference alone does not identify or locate the Furnish & Install Wall Base. The region must directly depict or label the bid item (e.g., wall base symbol/finish callout or a corresponding schedule/detail). Here, only a grid reference is visible, which provides location context but no direct evidence of the bid item."
region_000530,A-005,Wall Finishes,Furnish & Install Wall Base,B4,GRID_REFERENCE,NONE,B4,No direct bid-item content visible; region shows only grid reference callout B4; grid references do not identify wall base or any furnish & install work.,"The highlighted region contains a grid reference bubble 'B4' and no indication of finish/work relevant to 'Furnish & Install Wall Base'. Per the GRID_REFERENCE rule, grid bubbles are not bid items and do not provide direct evidence for the specified bid item. Therefore, there is no direct association to the bid item."
region_000531,A-005,Wall Finishes,Furnish & Install Wall Base,B4,GRID_REFERENCE,NONE,B4,"The region shows a grid callout labeled 'B4' with vertical dashed lines indicating grid positioning. There is no text, symbol, or tag that directly identifies or labels the wall base, finish, or any bid-item-related work.","B4 is a grid reference bubble, not a bid-item or finish reference. It does not directly identify, locate, or reference the bid item 'Furnish & Install Wall Base'. Grid references are not bid items per the guidance, so no direct association exists."
region_000532,A-005,Wall Finishes,Furnish & Install Wall Base,BX,OTHER,NONE,BX,NONE,"The highlighted region contains a circular tag with the text 'BX' only. There is no explicit label, symbol, or schedule in this region that directly identifies the bid item 'Furnish & Install Wall Base' (e.g., no 'Wall Base', baseboard detail, or item/Schedule reference). The surrounding context shows general finish markers (FX) along walls, but these do not constitute direct evidence linking this region to the bid item. Therefore, there is no direct association to the bid item; the correct decision is WRONG with low confidence due to very limited evidence."
region_000533,A-005,Wall Finishes,Furnish & Install Wall Base,BX,EQUIPMENT_TAG,NONE,"Blue circular callouts along a line labeled BX, CX, FX (finish/equipment tag markers) visible on the roof plan region.",No direct text or tag within the region that names or uniquely references 'Furnish & Install Wall Base' or its finish/work; the markers appear to be generic tags not tied to the bid-item description.,"The region contains generic two-letter tag markers (BX, CX, FX) that function as equipment/finish tags, not as a direct reference to the bid item 'Furnish & Install Wall Base'. The sheet is a roof plan (A-005) where wall-base work would not be directly represented or explicitly identified by these tags. No explicit finish/work for wall base is shown in this region."
region_000534,A-005,Wall Finishes,Furnish & Install Wall Base,BV,FINISH_TAG,NONE,Blue circular finish-tag symbols labeled 'FV' located along wall lines within the highlighted region (indicative of finish labeling). No explicit 'WALL BASE' or baseboard symbol/text is visible in this region.,"No direct reference to 'Furnish & Install Wall Base' (no baseboard callout, symbol, or note identifying wall base). Finish tags present appear to relate to other finishes (likely floor-related) rather than wall base.","The highlighted region shows finish-tag symbols (FV) along walls but contains no direct evidence of wall-base installation (no 'wall base' labeling, symbol, or related detailing). This sheet is a roof plan page (A-005, Bldg Types Roof Plan); there is no explicit wall-base detail visible in this region. OCR evidence is not sufficient to establish a direct association. Therefore, the bid item 'Furnish & Install Wall Base' is not directly represented by this region."
region_000535,A-005,Wall Finishes,Furnish & Install Wall Base,BV,PLAN_GEOMETRY,NONE,"Portion of the roof plan geometry (roof area shading and structural lines) with surrounding grid/callout markers. No finish tags, room labels, schedules, or explicit bid-item references related to wall base are visible in this region.","No direct evidence of Furnish & Install Wall Base (no wall-base or baseboard labels, no finish schedule entry, no detail referencing wall base, no tag/symbol that explicitly ties to the bid item).","The region shows roof-plan geometry and generic grid/callout annotations, not any finish/work identifying or labeling the bid item (Furnish & Install Wall Base). Special rules require direct identification of the bid item; none is present here. OCR hints (BV, CZ, etc.) refer to generic tags, not wall-base work. Therefore there is no direct association to the bid item."
region_000536,A-005,Wall Finishes,Furnish & Install Wall Base,BZ,PLAN_GEOMETRY,NONE,"A small portion of the interior wall/door area at the base of a wall. The region contains plan geometry and callouts (e.g., A-203/A-210) but no explicit finish label, no wall-base or baseboard tags, and no text referencing 'wall base' or related furnishing/install work.","No direct labeling or symbol indicating 'wall base' or any finish/work specific to furnishing and installing wall base. The region lacks a finish tag, finish schedule, or detail/detail callout tied to the bid item.",The highlighted region does not directly identify or reference the bid item 'Furnish & Install Wall Base'. It shows generic plan geometry and cross-references without any explicit finish/installation indication for wall base. No direct evidence ties this region to the bid item; OCR cues are not sufficient to override the visual evidence.
region_000537,A-005,Wall Finishes,Furnish & Install Wall Base,BZ,FINISH_TAG,NONE,Finish-tag callouts (FZ) visible as blue circled labels along the bottom edge of the highlighted region.,"The region shows finish-tag symbols (FZ) but contains no explicit reference to 'Furnish & Install Wall Base' or any wall-base work. There is no label, note, schedule, or detail in this region that directly identifies or links to the bid item.","The highlighted region explicitly contains finish-tag callouts (FZ) on a roof plan. There is no direct evidence (no label, finish description, schedule, or detail) tying this region to 'Furnish & Install Wall Base'. A roof plan typically does not directly depict interior wall-base work, and no explicit wall-base reference is visible in the region. Therefore, there is NO DIRECT association with the bid item; the correct classification is WRONG."
region_000538,A-005,Wall Finishes,Furnish & Install Wall Base,B2,GRID_REFERENCE,NONE,B2,"Region shows a blue-circled grid reference bubble with the text 'B2'. There is no label, symbol, or note that directly identifies or describes the bid item (Furnish & Install Wall Base) or its associated finish/work.","The region is a grid reference bubble (B2), not a finish tag, room label with finish, detail/equipment tag, or any direct indication of the bid item. Per the guidance, grid references are not bid items and cannot constitute a direct association to 'Furnish & Install Wall Base'. Independent identification yields grid reference rather than a bid-item element; therefore no direct evidence links to the bid item."
region_000539,A-005,Wall Finishes,Furnish & Install Wall Base,B2,GRID_REFERENCE,NONE,B2,No direct bid item evidence observed; region is a grid reference bubble.,"1) The highlighted region contains a grid reference label 'B2' (grid bubble). 2) Grid references are not bid items and do not directly identify or reference furnishing/installation work. 3) There is no finish/specification text, room label with finishes, schedule, or detail entry in this region that directly ties to 'Furnish & Install Wall Base'. 4) Therefore the region does not provide direct evidence for the original bid item; the association is NOT direct."
region_000540,A-005,Wall Finishes,Furnish & Install Wall Base,B3,GRID_REFERENCE,NONE,B3,,"The highlighted region depicts a blue grid reference bubble labeled 'B3' along a dashed grid line. This is a grid reference indicator, not a bid item, finish, or work element. There is no direct evidence that this region identifies or references the original bid item (Furnish & Install Wall Base). Therefore, the association is NONE and the decision is WRONG."
region_000541,A-005,Wall Finishes,Furnish & Install Wall Base,B3,GRID_REFERENCE,NONE,B3,Region contains a grid bubble with the label 'B3'; no text or symbol directly describing or labeling the bid item (Furnish & Install Wall Base).,"The highlighted region visibly shows a grid reference bubble labeled 'B3' rather than any finish, material, or work item. There is no direct labeling or depiction of 'Furnish & Install Wall Base' in this region. According to the rules, a grid reference is not a bid-item item and cannot directly establish the bid item."
region_000542,A-005,Precast Concrete,Furnish & Install Precast Concrete Stair Treads,T 801.924.5000,GENERAL_NOTE,NONE,GENERAL NOTES - ROOF PLANS (A. COORDINATE ALL PENETRATIONS... I. DO NOT SCALE DRAWINGS),No direct evidence linking to 'Furnish & Install Precast Concrete Stair Treads'; the region presents general roof notes only.,"The highlighted region comprises General Notes for the Roof Plans, not any direct reference to the bid item 'Furnish & Install Precast Concrete Stair Treads.' There is no explicit finish/work item, material, or schedule for stairs or precast stair treads visible in this region; OCR/text does not show a direct association to the bid item."
region_000543,A-101CD,Wall Finishes,Furnish & Install Wall Finishes Per Finish Schedule And Elevations,A B BR C BR A,PLAN_GEOMETRY,NONE,"BLDG TYPE KEY PLAN with small blocks labeled A, B, C, D (building type key plan)","No direct finish or wall-covering reference is visible in this region. It shows a building-type key plan (BLDG TYPE KEY PLAN) used for type identification, not a finish schedule or wall finish reference.","The region visibly contains a building-type key plan with labeled blocks (A, B, C, D) and the title 'BLDG TYPE KEY PLAN'. There is no explicit indication of wall finishes, finish schedule, or wall coverings. Thus there is no direct evidence that this region identifies, locates, or references the Bid Item 'Furnish & Install Wall Finishes Per Finish Schedule And Elevations'. It represents plan geometry/type classification, not the wall finish work. Therefore the association is NONE (not direct)."
region_000544,A-101CD,Wall Finishes,Furnish & Install Wall Finishes Per Finish Schedule And Elevations,A C BR C BR A,PLAN_GEOMETRY,NONE,"BLDG TYPE KEY PLAN inset showing small block diagrams labeled 1–5 with color-coding; text 'BUILDING TYPE KEY PLAN' appears. No finish-related text, schedules, or material references are visible in this highlighted region.","No direct reference to wall finishes, wall coverings, finish schedules, or elevations within this region. It is a Building Type Key Plan inset, not a finish item.","The region visually depicts a Building Type Key Plan inset (PLAN_GEOMETRY) and does not identify, locate, or reference the original bid item 'Furnish & Install Wall Finishes Per Finish Schedule And Elevations' (Wall Covering). There is no finish-related tag, schedule entry, or material indication visible in the region. Therefore there is no direct evidence linking this region to the bid item; the proper decision is WRONG."
region_000545,A-101CD,Wall Finishes,Furnish & Install Wall Finishes Per Finish Schedule And Elevations,A B BR C BR D,PLAN_GEOMETRY,NONE,"BLDG TYPE KEY PLAN inset showing unit labels A, B, BR, C, BR, D (the region contains the text A B BR C BR D and small schematic boxes)","No direct reference to wall finishes or finish schedule; the region is a Building Type Key Plan inset, not a finish detail","The highlighted region is a Building Type Key Plan inset. It displays unit/type labels (A, B, C, D) and bedroom abbreviations (BR) within a schematic key, not any finish or wall-covering information. There is no explicit indication of wall finishes, finish schedules, or elevations. Without relying on OCR, the image evidence shows only plan-geometry labeling, which does not directly identify the bid item. Therefore, there is no direct association to Furnish & Install Wall Finishes."
region_000546,A-101CD,Wall Finishes,Furnish & Install Wall Finishes Per Finish Schedule And Elevations,A BR A,PLAN_GEOMETRY,NONE,BLDG TYPE KEY PLAN panel image showing small inset diagrams labeled 1–5 with color shading (inset titled 'BLDG TYPE KEY PLAN'),"Region contains only a Building Type Key Plan; there is no finish schedule, wall covering label, or finish-related notation visible that would directly identify Furnish & Install Wall Finishes.","The highlighted region visibly shows a Building Type Key Plan (BLDG TYPE KEY PLAN) used to distinguish building blocks/types. It does not contain any finish-related content (no wall finishes, finish schedule, or wall covering labeling). Therefore there is no direct evidence linking this region to the Bid Item 'Furnish & Install Wall Finishes Per Finish Schedule And Elevations'; any relation would be indirect at best and not sufficient for a direct association."
region_000547,A-101CD,Wall Finishes,Furnish & Install Wall Finishes Per Finish Schedule And Elevations,E BR A,PLAN_GEOMETRY,NONE,"Small cluster of room blocks with abbreviations such as BR, A, B, C, D and numbers (1–5); appears to be a portion of the floor plan with room labels and color shading, not a finish tag. The OCR reads “E BR A” in the region, but there is no finish schedule text.","No explicit finish or wall covering tag, finish schedule reference, or wall finish note is visible within the highlighted region. The region shows layout/room labeling rather than a finish-related designation.","Direct evidence linking this region to the bid item “Furnish & Install Wall Finishes Per Finish Schedule And Elevations” is missing. The region contains plan geometry and room labels (e.g., BR) with color blocks, but no explicit wall finish type, finish schedule reference, or finish callout that directly identifies wall finishes for the bid item. OCR content alone does not establish a direct association, and relying on same-trade or related concepts would be indirect, which is not permitted for a RIGHT association."
region_000551,A-101CD,Drywall,Furnish & Install Wall Framing Layout And Coordination,F.O.S.,GENERAL_NOTE,NONE,F.O.S.,NONE,"1) The highlighted region shows the text 'F.O.S.' (Face Of Stud) as a general framing annotation on the Level 01 floor plan. 2) This is a typical drafting note used in wall framing drawings, not a direct label or explicit reference to a specific bid item. It does not identify or label the work as 'Furnish & Install Wall Framing Layout And Coordination', nor does it show a detail, schedule, or explicit coordination reference tied to the bid item. 3) If evaluated independently of the bid item, the region would be interpreted as a construction note for wall framing conventions rather than as evidence of the required bid item. 4) There is no direct evidence (e.g., a wall-framing layout callout, a coordination detail, or a schedule item that explicitly corresponds to the bid item) tying this region to the Original Bid Item. 5) Relying on same-trade or proximity arguments would be indirect and not acceptable per the audit rules. Therefore, the association is not direct, and the region is incorrectly associated with the bid item."
region_000563,A-101CD,Drywall,Furnish & Install Wall Framing Layout And Coordination,F.O.S.,GRID_REFERENCE,NONE,"Circular grid reference bubble labeled 'E5' along the plan boundary (grid E, line 5).","No direct evidence of bid item; region shows a grid/reference marker, not a finish, material, or detail identifying the wall framing work.","The highlighted region is a grid reference bubble (E5) used for locating plan geometry. It does not identify, locate, or explicitly reference the bid item 'Furnish & Install Wall Framing Layout And Coordination' (Metal Framing). There is no direct drawing evidence tying this region to the bid item; relying on grid markers is indirect at best and not a direct association."
region_000564,A-101CD,Drywall,Furnish & Install Wall Framing Layout And Coordination,F.O.S.,DETAIL,NONE,"Diamond callouts with text: ""D2 – A-30"" and ""A2 – A-210"" (detail references)","No direct evidence visible linking this region to ""Furnish & Install Wall Framing Layout And Coordination"" (metal framing). The region only shows cross-reference callouts to other details, not wall framing layout or metal framing indications.","1) The region contains diamond-shaped callout symbols with cross-reference text (D2 A-30 and A2 A-210), which are detail references rather than any material, finish, or framing indication. 2) There is no visible indication of wall framing layout, metal studs, or any direct reference to the bid item (Furnish & Install Wall Framing Layout And Coordination). 3) The cross-references point to other sheets/details, which is indirect at best and does not establish a direct association with the bid item. 4) OCR evidence is not used as primary evidence; the image itself shows no direct evidence of wall framing. 5) Therefore the region does not directly identify, locate, or reference the original bid item."
region_000569,A-101CD,Drywall,Furnish & Install Wall Framing Layout And Coordination,F.O.S.,GRID_REFERENCE,NONE,"Grid callouts E4 and E5 (grid bubbles) with plan geometry and a dimension line (11' 0"")","No direct bid item evidence visible. The region shows grid references and general plan geometry, not explicit wall framing layout, metal framing, studs, or a labeled “wall framing layout” detail.","The highlighted region contains grid reference bubbles (E4, E5) and plan geometry, which are used to locate elements on the floor plan. There is no explicit indication of wall framing, metal framing, or a wall framing layout detail. The Special Rules specify that a grid reference or plan geometry alone does not prove association to the Bid Item for Furnish & Install Wall Framing Layout and Coordination. Therefore, there is no direct evidence tying this region to the original bid item; the association is not direct (classified as NONE)."
region_000570,A-101CD,Rough Carpentry,Furnish & Install Wood Blocking and Backing,"D. PROVIDE BACKING / SUPPORT FOR ALL MOUNTED FIXTURES, EQUIPMENT, CASEWORK, AND/OR SYSTEMS FURNITURE. COORDINATE WITH FLOOR PLANS, AND INTERIOR ELEVATIONS PRIOR TO THE COVERING OF STUD FRAMING. REFER TO MANUFACTURER'S RECOMMENDATIONS WHERE APPLICABLE, OTHERWISE REFER TO DETAILS ON A700s SHEET SERIES.",SPECIFICATION_TEXT,INDIRECT,"D. PROVIDE BACKING / SUPPORT FOR ALL MOUNTED FIXTURES, EQUIPMENT, CASEWORK, AND/OR SYSTEMS FURNITURE. COORDINATE WITH FLOOR PLANS, AND INTERIOR ELEVATIONS PRIOR TO THE COVERING OF STUD FRAMING. REFER TO MANUFACTURER'S RECOMMENDATIONS WHERE APPLICABLE, OTHERWISE REFER TO DETAILS ON A700s SHEET SERIES.","No explicit reference to the bid item ""Furnish & Install Wood Blocking and Backing"" or to a specific wood blocking/backing work item. The text is a general backing specification and does not directly name wood blocking, installation, or a detail/schedule tied to the bid item.","The region contains a general specification note about providing backing for mounted fixtures, not an explicit, direct identification of the bid item (wood blocking and backing) nor a label/schedule/detail that matches the bid item. This constitutes indirect relevance at best and does not provide a direct association to the original bid item."
region_000572,A-101CD,"Doors, Frames & Hardware",Furnish & Install Layout For Undimensioned Door Rough Openings,"I. WHERE DOOR LOCATIONS ARE NOT DIMENSIONED, SEE DETAILS REFERENCED IN DOOR SCHEDULE BY SPECIFIC CONDITION. OTHERWISE, THE HINGE SIDE OF DOOR ROUGH OPENINGS SHALL BE LOCATED 4"" FROM THE ADJACENT PERPENDICULAR WALL, SUBJECT TO MAINTENANCE OF REQUIRED ADA CLEARANCES REFERENCED IN THE G700s SHEET SERIES.",GENERAL_NOTE,NONE,General notes about door locations and hinge-side rough openings; references to door schedule and ADA clearances.,"No explicit reference to the Bid Item 'Furnish & Install Layout For Undimensioned Door Rough Openings'; text discusses door rough openings and door schedule in general notes, not a specific layout/install action.","The highlighted region contains general notes (H/I) about door locations and rough openings, mentioning 'door rough openings' and a 'door schedule' but it does not explicitly identify, locate, or reference the Bid Item 'Furnish & Install Layout For Undimensioned Door Rough Openings'. There is no direct element in the region that represents the layout task or undimensioned rough openings as required by the bid item. OCR confirms wording about door locations and ADA clearances, but this is not a direct, explicit reference to the specific bid item. Therefore, the region has no direct association to the Bid Item and is classified WRONG; at best it is an indirect contextual note."
region_000576,A-101CD,Information Specialties,"Furnish & Install — Room, Area, and Unit Identification Signage",LIVING A,ROOM_LABEL,NONE,LIVING A,No direct signage element visible; region shows a room label on the floor plan rather than a signage component,"The highlighted region shows the room label 'LIVING A' on the Level 01 floor plan. This is a ROOM_LABEL (space identifier) and does not depict any Room, Area, or Unit Identification Signage, sign panel, or explicit signage detail. The Special Rule for ROOM_LABEL states that a room name alone does not establish the bid item (Furnish & Install — Room, Area, and Unit Identification Signage); there is no direct evidence of signage work. Therefore, there is no direct association to the bid item, only an indirect contextual relationship at best, which is not sufficient for a RIGHT decision."
region_000578,A-101CD,Information Specialties,"Furnish & Install — Room, Area, and Unit Identification Signage",MECH M,ROOM_LABEL,NONE,MECH (Mechanical room label) with an 'M' tag near the door,"The region shows a room label on the plan (MECH) rather than a dedicated interior signage element for room/area/unit identification. There is no signifying plaque, wall sign, or schedule entry explicitly identifying signage to be furnished and installed.","The highlighted region visibly contains a mechanical room label ('MECH') on the floor plan, which is a space label, not a signage item. The bid item is Furnish & Install — Room, Area, and Unit Identification Signage (interior signage). There is no direct evidence of a signage element in this region; it is an ordinary room label, not a sign to be furnished/installed. Therefore, no direct association to the bid item. If uncertain, verify any explicit sign symbols or schedules in other views, but based on the given region alone, the association is WRONG."
region_000580,A-101CD,Information Specialties,"Furnish & Install — Room, Area, and Unit Identification Signage",CLOSET C,ROOM_LABEL,NONE,CLOSET C,"No direct signage element observed; region contains only a room label on the floor plan with no sign icon, finish indicator, schedule entry, or other signage explicit to Furnish & Install — Room, Area, and Unit Identification Signage.","The highlighted region shows the plan’s room label 'CLOSET C' as a label within the floor plan. There is no visible sign element, symbol, or explicit indication of interior signage to identify rooms (e.g., signage panels, callouts, or a signed schedule) that would directly correspond to the bid item. According to the rules, a room label alone is not direct evidence of the required signage work, so there is NO direct association to the bid item."
region_000583,A-101CD,Information Specialties,"Furnish & Install — Room, Area, and Unit Identification Signage",PRIMARY BEDROOM F,ROOM_LABEL,INDIRECT,PRIMARY BEDROOM (text) with a small rounded rectangle containing the letter 'F',"No explicit interior signage content is visible (no 'Room Identification Signage' text, symbol, or sign graphic tied to the bid item). The region shows a standard room label from the floor plan rather than a furnished/installed sign.","The region contains a room name label ('PRIMARY BEDROOM'), which is part of the architectural plan labeling rather than a direct sign to be furnished and installed. There is no direct element indicating room identification signage content or placement, so it does not directly satisfy the bid item. Only an indirect association (same room label) exists."
region_000584,A-101CD,Information Specialties,"Furnish & Install — Room, Area, and Unit Identification Signage",BEDROOM G,ROOM_LABEL,NONE,BEDROOM G,No direct signage element is shown; the region only displays the room name label 'BEDROOM G' inside the space.,"The highlighted region contains a plain room name label (BEDROOM G) and does not depict or explicitly reference the interior signage work described by the Bid Item (Furnish & Install — Room, Area, and Unit Identification Signage). Per the ROOM_LABEL special rule, a room name alone does not prove signage work; there is no direct evidence linking this region to the bid item."
region_000585,A-101CD,Information Specialties,"Furnish & Install — Room, Area, and Unit Identification Signage",LIVING A,ROOM_LABEL,NONE,LIVING A,"No sign-identification element visible; content is a room name label (LIVING A) on the plan, not an actual interior signage component or explicit sign schedule/details.","The highlighted region shows the room label 'LIVING A' as a plan annotation, not furnished/installed interior signage. There is no direct element (signage graphic, callout, sign schedule, or explicit reference) that ties this region to the Bid Item 'Furnish & Install — Room, Area, and Unit Identification Signage'. OCR matches the room label, but OCR alone is not evidence of signage work; the region must directly identify the signage to be considered RIGHT."
region_000586,A-101CD,Information Specialties,"Furnish & Install — Room, Area, and Unit Identification Signage",KITCHEN B,ROOM_LABEL,NONE,KITCHEN B,"Room label tag 'KITCHEN B' visible on the floor plan; there is no explicit signage element or callout for room identification signage (no sign symbol, schedule entry, or separate sign material shown) that directly corresponds to the bid item.","The highlighted region shows a room name tag ('KITCHEN B') as part of the floor plan. The bid item is for Furnish & Install — Room, Area, and Unit Identification Signage, which requires a direct signage element identifying the space. A room label alone is not evidence of the signage work; per the special ROOM_LABEL rule, this does not directly establish the bid item. There is no direct sign evidence linking this region to the bid item."
region_000587,A-101CD,Information Specialties,"Furnish & Install — Room, Area, and Unit Identification Signage",MECH M,ROOM_LABEL,INDIRECT,MeCH room label with an 'M' tag near a door (mechanical room).,NONE,"The region shows a room label ('MECH') and a small 'M' tag, which identifies the room function on the plan. It does not present a standalone interior signage element (e.g., a sign plate with room/area name to be furnished and installed). The bid item requires Furnish & Install — Room, Area, and Unit Identification Signage, which would be explicit wall/door signage. Therefore the region does not provide direct evidence of the signage work; the association is indirect at best and not a direct match to the bid item."
region_000588,A-101CD,Information Specialties,"Furnish & Install — Room, Area, and Unit Identification Signage",HALL H,ROOM_LABEL,NONE,HALL H,"The region contains only the room label 'HALL H' as shown on the Level 01 floor plan. There is no signage graphic, symbol, finish indication, or detail that directly identifies interior signage work. It is merely a space label on the plan.","This is a room label on the floor plan. Per the Special Rule for ROOM_LABEL, a label alone does not establish the Furnish & Install — Room, Area, and Unit Identification Signage bid item. There is no direct evidence of signage work in this region; OCR and label content do not create a direct association to the bid item."
region_000589,A-101CD,Information Specialties,"Furnish & Install — Room, Area, and Unit Identification Signage",CLOSET C,ROOM_LABEL,INDIRECT,CLOSET C,"The region shows only a room label (CLOSET C) on the floor plan with no sign symbol, wall plaque, callout, schedule entry, or other explicit signage element that would constitute the Furnish & Install — Room, Area, and Unit Identification Signage requirement.","What is visible: the region contains the text 'CLOSET C', a room-label on the architectural plan. It does not display or reference the actual interior signage to be furnished/installed (no signage symbol, text plaque, or schedule entry tied to the bid item). According to the rules, a room label alone is not direct evidence of the bid item and is considered an indirect association (same room) at best. Therefore, the region does not directly represent the original bid item and is classified WRONG."
region_000590,A-101CD,Information Specialties,"Furnish & Install — Room, Area, and Unit Identification Signage",BATH D,ROOM_LABEL,NONE,BATH D,"The region shows a room label 'BATH D' on the floor plan with no depiction of an interior signage element (no wall plaque, sign graphic, or finish/installation reference). It is simply a plan label, not a sign item.","The highlighted region contains only a room label 'BATH D' as part of the floor plan. Per the ROOM_LABEL rule, a room name alone does not directly establish Furnish & Install — Room, Area, and Unit Identification Signage. There is no direct evidence of a signage item (identification sign) in this region; thus there is no direct association with the bid item."
region_000592,A-101CD,Information Specialties,"Furnish & Install — Room, Area, and Unit Identification Signage",PRIMARY BEDROOM F,ROOM_LABEL,NONE,PRIMARY BEDROOM F,,"The highlighted region shows the room label 'PRIMARY BEDROOM' with a small rounded tag 'F', which is a room-label element on the floor plan. It does not depict a dedicated interior signage element (e.g., a physical sign fixture or finish/work item) that directly identifies or references the bid item 'Furnish & Install — Room, Area, and Unit Identification Signage'. Per the ROOM LABEL special rule, a room name alone does not establish the bid item. Therefore there is no direct association to the bid item."
region_000593,A-101CD,Information Specialties,"Furnish & Install — Room, Area, and Unit Identification Signage",BEDROOM G,ROOM_LABEL,NONE,BEDROOM G,"No direct signage element is shown. This region only displays a room name label within the floor plan (BEDROOM G); there is no sign graphic, symbol, schedule, or detail entry that explicitly corresponds to furnishing and installing interior room/area signage.","The highlighted region contains the room label 'BEDROOM G' inside the room boundary. This is a room identification label on the plan, not a dedicated interior signage element. The Original Bid Item is 'Furnish & Install — Room, Area, and Unit Identification Signage' (Interior Signage). For a DIRECT association, the region would need to visibly identify a signage device or a schedule/detail explicitly tied to the signage item. There is no such evidence in the region; it is an ordinary room label rather than the actual signage artifact. Therefore, the association is not direct (NONE), and the audit result is WRONG."
region_000594,A-101CD,Information Specialties,"Furnish & Install — Room, Area, and Unit Identification Signage",LIVING A,ROOM_LABEL,NONE,LIVING A,"No direct evidential content linking to the Furnish & Install — Room, Area, and Unit Identification Signage bid item; the region shows a room label bubble rather than a wall sign specimen.","The highlighted region visibly contains a room label 'LIVING A' in a small rounded label. This is a room name tag, not a signage element for installation. The bid item requires room/area identification signage (a physical sign), whereas this region provides only the room name label as depicted in the plan. According to the ROOM_LABEL special rule, a room name alone does not establish the bid item and does not provide direct evidence of the required signage work. Therefore there is no direct association to the bid item, and the correct decision is WRONG with HIGH confidence."
region_000595,A-101CD,Information Specialties,"Furnish & Install — Room, Area, and Unit Identification Signage",KITCHEN B,ROOM_LABEL,NONE,KITCHEN B,"The region shows a room label 'KITCHEN B' (likely an annotation tag on the plan). There is no visible sign fixture, symbol, schedule entry, or detail reference that directly denotes interior signage to be furnished and installed. The content is a room label, not a signage element.","ROOM LABELS alone do not establish the required signage bid item per the special rules. There is no direct evidence of interior identification signage being furnished or installed for this region; OCR content of 'KITCHEN B' reflects a plan annotation, not a signed identification element."
region_000597,A-101CD,Information Specialties,"Furnish & Install — Room, Area, and Unit Identification Signage",HALL J,ROOM_LABEL,NONE,HALL J,"The region shows only the plan label 'HALL J' with no physical sign, symbol, or schedule indicating furnishing/installation of interior room/area signage.","The highlighted region contains only a room label (HALL J) within the floor plan, not a sign panel or signage element. Per the Special Rule for ROOM LABEL, a room name alone does not establish the bid item (Furnish & Install — Room, Area, and Unit Identification Signage). There is no explicit signage reference, schedule, or sign graphic directly tied to the bid item in this region. Therefore, there is no direct evidence linking this region to the required interior signage bid item; it is not a direct association."
region_000598,A-101CD,Information Specialties,"Furnish & Install — Room, Area, and Unit Identification Signage",BATH D,ROOM_LABEL,INDIRECT,BATH D,"The region shows a room name tag 'BATH D' within the floor plan. This is a room-label/identification tag on the drawing, not a distinct interior signage element (no sign graphics, callouts, or material/finish references for a sign to be furnished and installed).","A room label alone does not constitute direct evidence of Furnish & Install — Room, Area, and Unit Identification Signage. The region appears to be a plan annotation (room identification) rather than a sign fixture or explicit signage item. Therefore there is no direct evidence linking this region to the bid item; the association is indirect at best."
region_000601,A-101CD,Information Specialties,"Furnish & Install — Room, Area, and Unit Identification Signage",BEDROOM G,ROOM_LABEL,NONE,BEDROOM G,"No direct signage element is visible. The region shows a room label (BEDROOM G) on the floor plan, not a room identification sign or a callout indicating signage fabrication/installation.","The highlighted region contains only the room label 'BEDROOM G' within the bedroom area. This is a room name label on the drawing, not a physical or explicit signage reference. Per the SPECIAL RULE for ROOM LABELs, a room name alone does not establish the bid item for interior signage. There is no direct indication of signage work (e.g., a sign symbol, callout, or labeling indicating 'Room Identification Signage'). Therefore there is no DIRECT evidence linking this region to the Bid Item, making the association WRONG."
region_000602,A-101CD,Information Specialties,"Furnish & Install — Room, Area, and Unit Identification Signage",BEDROOM H,ROOM_LABEL,NONE,BEDROOM H,"The region shows the room label 'BEDROOM H' within the floor plan. There is no visible signage element (no room/area/unit identification sign or schedule entry) that directly corresponds to the bid item 'Furnish & Install — Room, Area, and Unit Identification Signage'. The label appears to be a planning room name rather than a designated sign to be furnished and installed.",A room name label alone does not establish the required signage for the bid item. There is no direct signage element or explicit reference to the interior room identification signage in this region; it is simply a room name label on the plan.
region_000603,A-101CD,Information Specialties,"Furnish & Install — Room, Area, and Unit Identification Signage",LIVING,ROOM_LABEL,NONE,LIVING,"No direct signage element is visible; the region shows a room label ('LIVING') on the floor plan, not a physical room/area identification sign or a signage callout.","The highlighted region contains the room label 'LIVING' as a plan label, not a sign fixture or explicit signage reference. According to the ROOM_LABEL rule, a room name alone does not establish the bid item 'Furnish & Install — Room, Area, and Unit Identification Signage.' Therefore there is no direct evidence linking this region to the bid item."
region_000604,A-101CD,Information Specialties,"Furnish & Install — Room, Area, and Unit Identification Signage",KITCHEN,ROOM_LABEL,NONE,KITCHEN B,"No direct signage element is visible; region shows a room name tag on the floor plan, not a wall identification sign or a schedule/detail referencing Room Identification Signage.","The highlighted region contains a room label (KITCHEN B) rendered as a standard floor plan tag, not a signage element. According to the Special Rule for ROOM LABELS, a room name alone does not establish the bid item (Furnish & Install — Room, Area, and Unit Identification Signage). There is no explicit evidence of signage to be furnished/installed (no sign symbol, callout, or signage schedule) directly associated with this region. Therefore, it does not provide DIRECT evidence linking to the bid item; at best it offers an INDIRECT or no association, which is not acceptable per the REQUIRED DIRECT association rule."
region_000605,A-101CD,Information Specialties,"Furnish & Install — Room, Area, and Unit Identification Signage",MECH,ROOM_LABEL,NONE,MECH,"The region shows a room label 'MECH' on the plan, not a physical signage element or signage schedule. It appears to be the architectural room labeling used in the drawing, not an installed interior sign for room/area/unit identification.","The region contains the text 'MECH' within a room-label style tag. This is a plan-level room designation, not a Furnish & Install — Room, Area, and Unit Identification Signage element. Room labels alone do not establish the bid item for interior signage. To directly prove the bid item, evidence would need to show an actual signage element, sign schedule, or a dedicated interior signage detail indicating room/area/unit identifiers. OCR text alone is insufficient; the visual evidence shows a plan annotation, not a signage installation."
region_000606,A-101CD,Information Specialties,"Furnish & Install — Room, Area, and Unit Identification Signage",HALL,ROOM_LABEL,NONE,HALL,"Region shows a plain room label 'HALL' on the floor plan with no dedicated signage symbol, callout, or schedule entry visible that explicitly references interior signage (furnish & install room/area signage). It appears as a plan label for the corridor rather than an actual sign graphic or sign schedule item.","The highlighted region is a room label (HALL) on the plan. It does not itself depict a sign panel, signage graphic, or sign schedule that directly identifies the bid item (Furnish & Install — Room, Area, and Unit Identification Signage). Room labels alone are not sufficient for direct association per the Special Rules. There is no explicit evidence of a hall-specific sign element tied to the bid item in the region."
region_000607,A-101CD,Information Specialties,"Furnish & Install — Room, Area, and Unit Identification Signage",CLOSET,ROOM_LABEL,NONE,CLOSET,"Region shows the text 'CLOSET' as a room label; no sign plaque, symbol, or leader indicating a furniture/signage element is present.","The highlighted area only contains a room name label ('CLOSET') on the plan. The required bid item is 'Furnish & Install — Room, Area, and Unit Identification Signage' (interior signage). There is no direct signage element shown to identify or reference the closet as a sign in this region; a room label alone does not constitute the required sign work per the special rule for room labels."
region_000608,A-101CD,Information Specialties,"Furnish & Install — Room, Area, and Unit Identification Signage",BATH,ROOM_LABEL,NONE,BATH,"The region shows only the room name 'BATH' with no signage graphic, symbol, or callout that identifies or locates the interior signage item required by the Bid Item. There is no sign element or tag present; thus no direct reference to 'Furnish & Install — Room, Area, and Unit Identification Signage'.","1) The highlighted region contains the text 'BATH' which is a room label in the plan. 2) It does not depict a sign, labeling plaque, or any element that directly identifies the sign to be furnished and installed under the bid item. 3) A room name alone is not sufficient to establish signage; per the special rules, this region does not directly reference the bid item."
region_000610,A-101CD,Information Specialties,"Furnish & Install — Room, Area, and Unit Identification Signage",PRIMARY BEDROOM,ROOM_LABEL,NONE,PRIMARY BEDROOM with a small rounded rectangle containing the letter F,"The region shows only a room name label ('PRIMARY BEDROOM') and a room tag (the small rounded rectangle with 'F'). There is no explicit room/area identification signage graphic, symbol, schedule entry, or text that says or clearly designates 'Furnish & Install — Room, Area, and Unit Identification Signage' or any signage element directly referencing the bid item.","Special Rule — ROOM LABEL applies: a room name alone does not establish the bid item. The region visually presents a room label ('PRIMARY BEDROOM') and an accompanying room tag, not an actual identification signage element. There is no direct evidence of signage content or a schedule/detail entry that explicitly corresponds to 'Furnish & Install — Room, Area, and Unit Identification Signage'. Therefore, the region does not directly identify or locate the bid item."
region_000612,A-101CD,Information Specialties,"Furnish & Install — Room, Area, and Unit Identification Signage",BEDROOM,ROOM_LABEL,NONE,BEDROOM,"The region only shows a room name label 'BEDROOM' with no explicit signage element (no sign plaque, symbol, or installation details) that would directly represent the Furnish & Install — Room Identification Signage bid item.","The highlighted region is a ROOM_LABEL (bedroom name) on the Level 01 floor plan. A direct association would require an explicit room-identification sign element (sign plaque, mounting detail, or explicit signage label) corresponding to the bid item. The rules state a room name alone does not establish the bid item. There is no direct signage evidence in the region; OCR confirms 'BEDROOM' but provides no sign-specific evidence. Therefore the region does not directly identify or reference the original bid item."
region_000613,A-101CD,Information Specialties,"Furnish & Install — Room, Area, and Unit Identification Signage",BREEZEWAY,ROOM_LABEL,NONE,BREEZEWAY,"No direct signage element visible; region shows space name label (BREEZEWAY) on the floor plan, with no sign symbol, callout, or sign schedule that explicitly references or identifies the required Room/Area/Unit Identification Signage bid item.","The highlighted region contains the room/space label 'BREEZEWAY' on the Level 01 floor plan. This is a space name label, not a physical identification sign nor a sign schedule. The Special Rule for ROOM LABEL indicates that a room name alone does not establish the bid item for interior signage. There is no direct evidence (e.g., a sign symbol, callout, or schedule item explicitly identifying signage for 'BREEZEWAY') linking this region to the 'Furnish & Install — Room, Area, and Unit Identification Signage' bid item. Therefore, the region does not provide DIRECT evidence of the bid item and is classified WRONG with NO direct association."
region_000614,A-101CD,Information Specialties,"Furnish & Install — Room, Area, and Unit Identification Signage",PRIMARY BEDROOM F,ROOM_LABEL,INDIRECT,PRIMARY BEDROOM (with a small rounded-rectangle tag containing 'F'),The region shows a room label 'PRIMARY BEDROOM' and a small badge with 'F'. There is no explicit signage label or graphic indicating 'Room Identification Signage' or other signage content; no text referring to 'furnish & install' signage is visible.,"The region visibly contains the room name 'PRIMARY BEDROOM' which is a room label. It does not present explicit signage content or a sign design that would directly identify, locate, or reference the Room Identification Signage bid item. Per the Special RULE — ROOM LABEL, a room name alone does not establish the bid item, and this constitutes indirect (not direct) evidence at best. Therefore, the REGION is not a direct representation of the original bid item."
region_000615,A-101CD,Information Specialties,"Furnish & Install — Room, Area, and Unit Identification Signage",LAUNDRY E,ROOM_LABEL,NONE,LAUNDRY E,"No direct signage element is visible; only a room name label on the plan. The bid item requires furnishing and installing actual identification signage (wall/door signs), which is not depicted in this region.","The region shows the room name label 'LAUNDRY E' on the floor plan, not a physical room/signage element. Per the ROOM_LABEL special rule, a room name alone does not establish the bid item for interior signage. There is no direct evidence of a furnished/installed identification sign here, only plan labeling."
region_000625,A-101CD,Thermal Protection,Furnish & Install Wall Partition Assemblies As Per Wall Type Schedules And Tags,FB1 XW6 XW6 BR1 BR1 BR1 BR1 XW6 BR1,PLAN_GEOMETRY,NONE,"Interior partition walls within Unit 2 on Level 01 Floor Plan (Blocks C & D). Room labels such as PRIMARY BEDROOM, LIVING, KITCHEN, LAUNDRY are visible. No explicit wall-type tag or wall-type schedule reference is visible in this highlighted region.","No direct wall-type tag (e.g., WT-#, TYPE S) or wall-type schedule shown within the region; OCR hints (BR1, XW6) do not constitute a direct reference to Wall Type Schedules and Tags.","Direct association to the bid item requires the region itself to visibly identify the wall partition work or its exact wall type tag/schedule. The highlighted region shows general plan geometry and room labels without any wall-type designation or schedule reference, so there is no direct evidence linking this region to 'Furnish & Install Wall Partition Assemblies As Per Wall Type Schedules And Tags'."
region_000627,A-101CD,Thermal Protection,Furnish & Install Wall Partition Assemblies As Per Wall Type Schedules And Tags,XW6 FB1 XW6 XW6 BR1 BR1 XW6 BR1 BR1 XW6 FB1 XW6 XW6 BR1 BR1 XW6 BR1 BR1 XW6 XW6 XW6 XW6 FB1 WD40A,PLAN_GEOMETRY,NONE,Interior wall partition walls within Unit 3 / Unit 3A and surrounding spaces on Level 01 Floor Plan - Blocks C & D,"No explicit wall-type tag (e.g., WT or W1/W2) or wall-type schedule callout visible in the highlighted region; the region shows generic partition lines and room delineations without a direct label tying to a wall type schedule.","The highlighted region contains interior partition walls as depicted on the floor plan, but there is no visible, direct evidence (such as a wall-type tag or reference to a wall-type schedule) within this region that explicitly associates it with the Bid Item: Furnish & Install Wall Partition Assemblies As Per Wall Type Schedules And Tags. Without a direct tag or schedule reference in the region, the association cannot be considered direct."
region_000628,A-101CD,Precast Concrete,Furnish & Install Precast Concrete Stair Treads,T 801.924.5000,TITLE_BLOCK,NONE,Arch Nexus logo and contact block in the title block area (right margin of sheet),NONE,"The highlighted region visually contains Arch Nexus branding and contact information within the title block area, not any direct reference to the bid item 'Furnish & Install Precast Concrete Stair Treads' or stairs work. There is no explicit indication of stairs, precast treads, or related bid-item work in this region. Therefore there is NO direct evidence linking this region to the bid item; relying on OCR or general alignment would constitute indirect or no association."
region_000629,A-153E,Rough Carpentry,Furnish & Install Wood Blocking and Backing,D. PROVIDE REQUIRED BLOCKING AND SUPPORT FOR CEILING FANS AND ALL OTHER CEILING MOUNTED FIXTURES.,GENERAL_NOTE,INDIRECT,D. PROVIDE REQUIRED BLOCKING AND SUPPORT FOR CEILING FANS AND ALL OTHER CEILING MOUNTED FIXTURES.,The region contains a general blocking requirement but does not explicitly state the bid item 'Furnish & Install Wood Blocking and Backing' or specify wood blocking/backing as the material; it lacks a direct reference to the exact bid item.,The highlighted region is a general note about blocking for ceiling fixtures. It does not explicitly identify or label the original bid item (wood blocking and backing) or specify the material/type (wood) or backing. This is indirect evidence at best and not a direct association to the bid item.
region_000632,A-153E,Drywall,Furnish & Install Framing And Sealing For Ceiling Penetrations And Box Outs,F. LIGHT FIXTURES IN CEILINGS TO RECEIVE BATT INSULATION ON TOP SHALL HAVE A BOX OUT TO PROTECT THE INSULATION FROM THE HEAT OF THE LIGHT SOURCE.,GENERAL_NOTE,INDIRECT,General note text on the reflected ceiling plans indicating: “F. LIGHT FIXTURES IN CEILINGS TO RECEIVE BATT INSULATION ON TOP SHALL HAVE A BOX OUT TO PROTECT THE INSULATION FROM THE HEAT OF THE LIGHT SOURCE.” (part of a list of notes visible on the sheet).,"No explicit reference to the bid item 'Furnish & Install Framing And Sealing For Ceiling Penetrations And Box Outs' or to a detailed box-out/framing detail. The region shows a general note about a box-out concept, not a direct specification of the bid-item work.","The region is a General Note containing a general instruction about box-outs for light fixtures, not an explicit identification, labeling, or detailing of the bid item work (framing and sealing for ceiling penetrations and box-outs). Per the special rule for specification text, this does not directly establish the bid item. The evidence is textual rather than a direct plan/detail specific to the bid item, giving only an indirect association at best."
region_000633,A-153E,Drywall,Furnish & Install Framing For Soffits,G. ALL SOFFIT DIMENSIONS ARE TO FACE OF FINISH MATERIAL.,GENERAL_NOTE,INDIRECT,G. ALL SOFFIT DIMENSIONS ARE TO FACE OF FINISH MATERIAL.,No direct reference to 'Furnish & Install Framing For Soffits' or 'Soffits and Bulkheads'; only a general note about soffits.,"The highlighted region contains a general note about soffits (dimensions to face of finish material). It does not visually identify the bid item work (furnish and install framing for soffits), nor does it label a schedule, detail, or explicit instruction tied to the bid item. Therefore there is no direct evidence linking this region to the original bid item; at best it relates to soffits conceptually (INDIRECT), but not directly."
region_000634,A-153E,Drywall,Furnish & Install Seismic Bracing For Walls And Ceilings,"I. FOR TYPICAL CEILING AND SEISMIC BRACING DETAILS, REFER TO A700s SHEET SERIES.",GENERAL_NOTE,NONE,"I. FOR TYPICAL CEILING AND SEISMIC BRACING DETAILS, REFER TO A700s SHEET SERIES.","No direct evidence; the text is a generic cross-reference instruction to other sheets (A700s) for details, not naming or depicting the bid item.","The highlighted region contains a general note directing the reader to consult A700s for typical ceiling and seismic bracing details. It does not visually identify, label, or reference the bid item 'Furnish & Install Seismic Bracing For Walls And Ceilings' on this sheet. There is no explicit detail, schedule, or label that directly corresponds to the bid item. Therefore, there is NO DIRECT evidence linking this region to the bid item, and the correct classification is WRONG with NONE association."
region_000649,A-203,Roofing and Siding Panels,Furnish & Install Fiber Cement Siding,"FB1 FIBER BOARD, HORIZONTAL",FINISH_TAG,NONE,"BLDG ELEVATION LEGEND; FB1 FIBER BOARD, HORIZONTAL; FB2 FIBER BOARD, VERTICAL; BR1 BRICK VENEER; RW4 ASPHALT SHINGLE","No direct reference to 'Fiber Cement Siding' or any explicit finish/work for the bid item. The region only lists FB1/FIBER BOARD, HORIZONTAL and FB2/FIBER BOARD, VERTICAL among other finishes.","The highlighted region visibly shows a BLDG ELEVATION LEGEND with finish tags including FB1 FIBER BOARD, HORIZONTAL and FB2 FIBER BOARD, VERTICAL, plus BR1 BRICK VENEER and RW4 ASPHALT SHINGLE. There is no explicit reference to Fiber Cement Siding, nor any label that directly identifies or references the bid item 'Furnish & Install Fiber Cement Siding'. The region thus does not provide direct evidence for the bid item; it is a legend for several finishes, not a direct item for the bid."
region_000650,A-203,Roofing and Siding Panels,Furnish & Install Fiber Cement Siding,"FB2 FIBER BOARD, VERTICAL",MATERIAL_TAG,INDIRECT,"FB2 FIBER BOARD, VERTICAL","The region shows a finish/material tag 'FB2 FIBER BOARD, VERTICAL' in the BLDG ELEVATION LEGEND. There is no explicit reference to 'Fiber Cement Siding' or any direct mapping to the bid item. The label denotes fiber board (vertical orientation), not fiber cement siding.","The highlighted region visibly contains the finish tag 'FB2 FIBER BOARD, VERTICAL' within the BLDG Elevation Legend. This is a material tag for fiber board, not for fiber cement siding. The original bid item is 'Furnish & Install Fiber Cement Siding.' There is no direct label, schedule, or detail in the region that explicitly references 'fiber cement siding' or ties the region to the bid item. According to the Special Rules, this does not provide direct evidence for the bid item and would be considered an indirect or no association. Therefore, the region does not directly identify the bid item."
region_000659,A-203,Roofing and Siding Panels,Furnish & Install Fiber Cement Siding,FB1,FINISH_TAG,NONE,FB1,FB1 finish tag present on siding area; no explicit text or schedule mapping visible that directly names or references 'Fiber Cement Siding' in this region.,"The highlighted region shows a finish tag 'FB1' on the siding surface. There is no explicit label or evidence within the region that directly states 'Fiber Cement Siding' or directly maps to the bid item. Finish tags require a direct reference or a schedule mapping to prove direct association; without it, the evidence is not sufficient for a direct association to the original bid item. Therefore the region does not directly identify the bid item."
region_000666,A-203,Electrical,Furnish & Install Exterior Lighting Above Doors,LIGHTS ABOVE DOORS. SEE ELECTRICAL,GENERAL_NOTE,NONE,LIGHTS ABOVE DOORS. SEE ELECTRICAL,"The region shows a generic note about lights above doors with a cross-reference to electrical drawings; there is no explicit fixture type, label, schedule, or installation detail directly identifying the exterior lighting above doors as the bid item on this region.","The highlighted region contains only a general note about lighting above doors and a cross-reference to electrical details. It does not visibly identify a specific lighting fixture, schedule, tag, or detail that directly corresponds to the bid item “Furnish & Install Exterior Lighting Above Doors.” Without a direct depiction or explicit labeling of the exterior lighting work on this region, the association is not direct; OCR text alone is not sufficient and the note only points to electrical drawings for details."
region_000668,A-203,Signage,Furnish & Install Building Address Signage,"Architectural NEXUS, Inc.",FINISH_TAG,NONE,"BLDG ELEVATION LEGEND - Refer to G501 for product information. BR1 BRICK VENEER; FB1 FIBER BOARD, HORIZONTAL; FB2 FIBER BOARD, VERTICAL; RW4 ASPHALT SHINGLE.","No direct evidence of address signage or signage installation; region shows a legend of elevation finishes, not signage.","The highlighted region contains a BUILDING ELEVATION LEGEND listing finish tags (BR1, FB1, FB2, RW4) and associated materials for elevations. There is no reference, label, or depiction of building address signage or any element that explicitly identifies or references the 'Furnish & Install Building Address Signage' bid item. Therefore, there is no direct association to the bid item; any connection would be indirect at best and must be ruled wrong per the direct-association requirement."
region_000669,A-203,Signage,Furnish & Install Building Address Signage,2505 East Parleys Way,TITLE_BLOCK,NONE,"ARCH Nexus logo with project/address block showing ""2505 East Parleys Way"" (title/header area including firm address).","No direct evidence of the bid item 'Furnish & Install Building Address Signage' or 'Exterior Signage' within this region; content is branding and project address in a title block, not a signage element.","The highlighted region is the title/header area containing the ARCH Nexus logo and the project address. It does not identify, label, or reference the bid item (Furnish & Install Building Address Signage). There is no explicit signage element or text indicating exterior address signage; the presence of the project address in a title block is not the signage work itself, and cannot be considered a direct reference to the bid item."
region_000670,A-203,Signage,Furnish & Install Building Address Signage,"Salt Lake City, Utah 84109",GENERAL_NOTE,NONE,GENERAL NOTES - BUILDING ELEVATIONS; BLDG ELEVATION LEGEND (BR1 BRICK VENEER; FB1 FIBER BOARD HORIZONTAL; FB2 FIBER BOARD VERTICAL; RW4 ASPHALT SHINGLE),"No direct evidence of Furnish & Install Building Address Signage or exterior signage in this region; the content shown relates to general notes and a legend for elevations, not to the bid item.","The highlighted region contains GENERAL NOTES - BUILDING ELEVATIONS and the BLDG ELEVATION LEGEND. There is no visible reference, label, symbol, schedule, or detail that identifies or references the bid item 'Furnish & Install Building Address Signage' (Exterior Signage). Therefore, it does not provide direct evidence for the bid item."
region_000672,A-351,Wall Finishes,Furnish & Install Wall Finishes Per Finish Schedule And Elevations,XW6,DETAIL,NONE,XW6,XW6 is a cross-reference tag to a wall section detail; it does not name or identify any wall finish or finish schedule item.,"The highlighted region contains only the callout 'XW6' and does not directly name, identify, or reference a wall finish/wall covering as required by the bid item. It appears to be a cross-reference to a wall section detail rather than a finish specification, providing no direct evidence that this region represents the Furnish & Install Wall Finishes bid item."
region_000674,A-351,Wall Finishes,Furnish & Install Wall Finishes Per Finish Schedule And Elevations,XW6,EQUIPMENT_TAG,NONE,D3 A-602 (Door 3) with FB2 label,NONE,"The highlighted region contains an equipment tag for a door (D3 A-602) and an adjacent tag (FB2). There is no finish-related tag, finish schedule reference, or wall-covering indication visible in this region. The bid item is “Furnish & Install Wall Finishes Per Finish Schedule And Elevations” (Wall Covering). There is no direct evidence in this region that identifies, locates, or explicitly references wall finishes or wall coverings. Therefore, there is no DIRECT association to the bid item; at best an indirect or unrelated relationship could be inferred, which is not acceptable for a RIGHT designation."
region_000676,A-351,Wall Finishes,Furnish & Install Wall Finishes Per Finish Schedule And Elevations,XW6,DETAIL,NONE,XW6,"The region shows only the callout 'XW6', which is a cross-reference/detail marker rather than a finish label, material callout, or finish schedule entry.","1) The region visibly contains the label 'XW6' which functions as a detail/callout reference on the wall section sheet. 2) It does not identify a wall finish, finish schedule item, or any material/work directly related to the bid item (Furnish & Install Wall Finishes). 3) There is no finish type, finish schedule reference, or material tag within the highlighted region. 4) Therefore, there is no direct evidence linking this region to the bid item; at best it is a cross-reference to another detail, not a finish installation reference."
region_000677,A-351,Wall Finishes,Furnish & Install Wall Finishes Per Finish Schedule And Elevations,XW6,FINISH_TAG,NONE,XW6,"XW6 is a wall-type tag visible on the wall section. There is no explicit finish description, finish schedule reference, or elevation detail in this region that directly identifies a wall finish (as required by the bid item: Furnish & Install Wall Finishes per Finish Schedule and Elevations). The tag likely cross-references a finish schedule, not a direct finish spec shown in this region.","The highlighted region shows a wall-section label XW6, which appears to be a wall-type/finish tag used for cross-reference. It does not itself specify or identify a wall finish or a finish schedule entry. The bid item requires finishes per the Finish Schedule/Elevations, and a direct association would require the region to show a finish description or explicit finish indication. Therefore, there is no direct evidence linking this region to the bid item; the association is not direct."
region_000678,A-351,Wall Finishes,Furnish & Install Wall Finishes Per Finish Schedule And Elevations,XW6,DETAIL,NONE,XW6 label (wall-type designation) along a wall-section detail,No direct finish/material reference or finish-schedule indication visible in the highlighted region; region shows a wall-section tag rather than a finish item,"The highlighted region contains a wall-section detail with the tag XW6 but provides no explicit finish information (e.g., finish schedule entry, wall covering material, or finish callout). The bid item is for furnishing and installing wall finishes, which requires direct evidence of the finish material or schedule within the region. There is no such direct association visible; the region instead appears to identify a wall-type designation within the structural wall section."
region_000679,A-351,Wall Finishes,Furnish & Install Wall Finishes Per Finish Schedule And Elevations,XW6,OTHER,NONE,Annotation text 'XW6' located next to a wall section (tight region crop). It appears to be a region/callout tag rather than a finish label.,"No direct finish schedule reference, finish tag, or itemized wall finish description is visible in this highlighted region. The label 'XW6' does not explicitly identify a wall finish or wall covering work.","1. The highlighted region contains only a small callout/tag ('XW6') adjacent to the wall section, not a finish designation, material name, or schedule entry. 2. There is no explicit reference to wall finishes (per finish schedule or elevations) within this region; the finish-related work is not directly identified. 3. If I did not know the bid item, I would still describe this as a region tag rather than a finish/covering element. 4. Therefore, there is no direct evidence linking this specific region to the 'Furnish & Install Wall Finishes' bid item; reliance on general overlap (same trade or sheet) would be indirect and not acceptable per the audit rules."
region_000681,A-351,Wall Finishes,Furnish & Install Wall Finishes Per Finish Schedule And Elevations,XW6,DETAIL,NONE,XW6,Contains only a detail callout 'XW6'; no finish label or wall covering specification visible.,"The region shows a small callout label 'XW6' (a detail/section reference). There is no direct indication of wall finishes or wall covering (no finish schedule, finish note, or wall covering description) in this region. Therefore it does not directly identify, locate, or reference the original bid item (Furnish & Install Wall Finishes per Finish Schedule and Elevations). It is a cross-reference to another detail rather than a finish specification."
region_000682,A-351,Wall Finishes,Furnish & Install Wall Finishes Per Finish Schedule And Elevations,XW6,DETAIL,NONE,XW6,"No explicit finish tag, schedule, or material callout visible in the highlighted region. The region appears to be a wall-section detail with structural/assembly elements (labels like XW6, D3, FB1) rather than a finish specification or finish-label reference.","The highlighted region does not contain a direct finish reference for the Bid Item 'Furnish & Install Wall Finishes Per Finish Schedule And Elevations'. It shows a wall-section detail with mechanical/assembly elements and a label (XW6) that does not constitute a wall finish callout (e.g., wall covering, paint, gypsum board thickness labeled as a finish). Without explicit finish material identification, labeling, or a finish schedule callout within this region, there is no direct evidence tying this region to the bid item. The region would need a finish tag, material tag, or schedule entry to be considered a DIRECT association."
region_000684,A-351,Wall Finishes,Furnish & Install Wall Finishes Per Finish Schedule And Elevations,XW6,OTHER,NONE,XW6,"XW6 is a wall-type tag/callout visible on the wall section, not a finish specification or finish schedule entry.","The highlighted region shows only the wall-type label 'XW6' and a portion of the wall, with no explicit finish description (e.g., wallpaper, paint, texture) or reference to a finish schedule. The original bid item requires furnishing and installing wall finishes per a Finish Schedule/Elevations, which requires direct identification of the finish in the region. Since the region does not directly identify the finish work, there is no direct association."
region_000685,A-351,Wall Finishes,Furnish & Install Wall Finishes Per Finish Schedule And Elevations,XW6,DETAIL,NONE,XW6 (wall section detail) showing exterior wall assembly with footing and studs; includes callout XW6,"No finish-related label or schedule entry is visible in the region; the region depicts structural components (foundation, wall studs, sheathing, insulation, gypsum board) rather than wall finishes; no explicit reference to 'wall finishes' or 'wall covering' in this crop.","The highlighted region is a wall-section detail showing structural assembly (foundation, floor slab, stud wall, sheathings, insulation, interior gypsum board). There is no visible finish schedule entry, finish label, or wall covering material tied to the Bid Item. Therefore, it does not provide direct evidence that this region represents the original bid item."
region_000686,A-351,Wall Finishes,Furnish & Install Wall Finishes Per Finish Schedule And Elevations,XW6,DETAIL,NONE,XW6,"No direct finish reference found; region shows a wall-type label 'XW6' embedded in a wall-section detail with structural components (studs, insulation, vapor barrier). There are no explicit wall finish notes, materials, or finish-schedule references visible in this region.","The highlighted region contains only a wall-type/section label (XW6) and underlying wall assembly details with structural elements. There is no explicit finish indication (e.g., wall covering material, finish schedule callouts, or elevations referencing finishes). The 'Furnish & Install Wall Finishes Per Finish Schedule And Elevations' bid item requires visible finish identification; this region does not provide such direct evidence. Therefore, the association is not Direct and should be considered WRONG."
region_000687,A-351,Wall Finishes,Furnish & Install Wall Finishes Per Finish Schedule And Elevations,XW6,DETAIL,NONE,"Wall section detail from A-351 showing interior living room wall assembly with studs, insulation, vapor barrier, plywood/sheathing, and gypsum board; no explicit wall finish or wall covering is identified in this region.","No direct finish tag, finish schedule reference, or explicit wall covering note visible in the highlighted region; region appears to be a structural/wall assembly detail rather than a finish annotation.","The highlighted region is a wall-section detail showing the wall assembly (studs, insulation, sheathing, gypsum board, vapor barrier). It does not contain or reference a wall finish or finish schedule entry (e.g., paint, wallpaper, or wall covering) that would directly identify the Bid Item: Furnish & Install Wall Finishes Per Finish Schedule And Elevations. A room label (LIVING) and general wall-section content do not provide a direct association to the finish item per the required criteria."
region_000689,A-351,Windows,Furnish & Install Vinyl Clad Windows,FW22,EQUIPMENT_TAG,NONE,FW22,"The highlighted region shows only the tag 'FW22' placed on a wall/structural member. There is no depiction of a window, vinyl-clad finish, window sash, or a window-specific designation. No window schedule reference or explicit 'Vinyl Windows' or 'Vinyl Clad Window' labeling is visible in this region. Therefore, there is no direct evidence linking this region to the bid item 'Furnish & Install Vinyl Clad Windows'.","Direct evidence connecting the region to the bid item is absent. The region contains a component tag (FW22) on a structural/ partition element, not a window element or finish callout. Without a window-specific tag, symbol, or window schedule reference, the region does not directly identify or reference vinyl windows. Relying on same-trade or OCR alone would be indirect and not acceptable per the audit rules."
region_000690,A-351,Windows,Furnish & Install Vinyl Clad Windows,FW22,FINISH_TAG,NONE,FW22,"No direct window reference visible. The region shows only the tag 'FW22' near the wall detail; there is no window symbol, callout, or explicit label stating vinyl clad windows.",Direct association requires explicit evidence that the region identifies or references the bid item (vinyl clad windows). The visible content is a simple tag 'FW22' with wall detail and no window depiction or window-specific annotation. An OCR entry or a generic finish tag does not prove that this region corresponds to the vinyl window bid item per the audit rules.
region_000691,A-351,Windows,Furnish & Install Vinyl Clad Windows,FW22,DETAIL,NONE,FW22 (fenestration/window detail callout) labeled in wall section,"No explicit reference in the region to vinyl clad windows or window finish; no visible text such as 'Vinyl', 'Vinyl Clad', or a window schedule entry within the highlighted area","The highlighted region shows a window-related callout (FW22) within a wall section, but it does not directly identify or reference the original bid item 'Furnish & Install Vinyl Clad Windows' nor show a window finish/specification. Without explicit window type/finish labeling or schedule entry in this region, there is no direct evidence linking it to the bid item."
region_000692,A-351,Windows,Furnish & Install Vinyl Clad Windows,FW22,DETAIL,NONE,"Wall-section detail of a vertical wall assembly with insulation, brick veneer, and callouts (A-521, CG1.11); no window finish or label visible within the highlighted region.",NONE,"The highlighted region shows a generic wall-section detail (vertical wall assembly) with structural/finish elements and detail callouts. There is no explicit label, symbol, or finish schedule entry in this region identifying 'Vinyl Clad Windows' or 'Vinyl Windows'. No window opening, window type, or window finish reference is visible that directly ties to the Bid Item. The window-related bid item would require a direct reference to vinyl windows (e.g., 'Vinyl Windows', window schedule, or a window detail label) within this region, which is not present. Therefore, the region does not directly represent the original bid item."
region_000693,A-351,Windows,Furnish & Install Vinyl Clad Windows,FW22,EQUIPMENT_TAG,NONE,FW22,"No direct evidence that FW22 refers to Vinyl Windows; FW22 appears to be a wall/fire-wall tag within a Wall Section, not a window type or window finish item.","The highlighted region contains the tag 'FW22', which in the context of the wall section is a fire wall/feature label. There is no window reference, window tag, or finish callout that directly identifies or references the bid item 'Furnish & Install Vinyl Clad Windows' (Vinyl Windows). The region does not visually indicate a window or a finish/work item assigned to vinyl windows, and the OCR alone does not establish a direct association. Therefore, the region does not provide direct evidence for the original bid item."
region_000695,A-351,Windows,Furnish & Install Vinyl Clad Windows,FW22,DETAIL,NONE,Cross-section detail of a wall with a window opening/finishing around a window in the living area; includes framing and hatch lines but no explicit window type or vinyl/window labeling.,"No explicit indication of vinyl clad windows (no text such as 'Vinyl Window', 'Vinyl Clad', or other direct window fabrication/installation callouts). The visible callout CG1.11 appears to reference a detail, not a window type, and there is no direct label tying this region to the bid item.","The highlighted region is a wall-section detail that shows a window opening element, but it does not contain explicit evidence identifying the work as 'Furnish & Install Vinyl Clad Windows'. There is no window type label, material indication, or schedule entry directly associating this region with the bid item. OCR hints (FW22) do not supersede the need for direct visual evidence. Therefore, NO DIRECT association to the bid item is demonstrated."
region_000697,A-351,Masonry,Furnish & Install Brick Veneer System,FB2,FINISH_TAG,INDIRECT,FB2,"The region only shows a finish tag labeled FB2; there is no explicit reference to Brick Veneer or a veneer system; no depiction of brick, veneer anchors, or backup wall.","The highlighted region contains only a finish tag (FB2) with no explicit indication of Brick Veneer or its installation details. A direct association would require visible labeling, symbols, or notes that expressly identify Brick Veneer System (e.g., “Brick Veneer,” veneer anchors, or a specific veneer assembly detail). The absence of such direct evidence means the region does not directly represent the original bid item, though it may relate to finishes in a broader sense. No assumptions beyond what is visible are made."
region_000703,A-351,Masonry,Furnish & Install Brick Veneer System,FB2,FINISH_TAG,NONE,FB2,No explicit indication of Brick Veneer or install details; region only shows a finish-code tag without the material/work label,"The highlighted region contains only the finish tag 'FB2' and does not explicitly identify or reference Brick Veneer, nor show any installation indication. A finish tag requires cross-reference to a finish schedule to prove association. Without such direct evidence on this region, there is no direct linkage to the Bid Item 'Furnish & Install Brick Veneer System'."
region_000706,A-351,Masonry,Furnish & Install Brick Veneer System,FB1,DETAIL,NONE,FB1,"No explicit Bid Item indication is visible. The region only shows a small detail label/tag (FB1) adjacent to a wall section, with no direct reference to Brick Veneer, Brick Veneer System, or related finish/assembly. The sheet legend mentions composite siding wall assembly elsewhere (G-501), but this region itself does not show a brick veneer finish or a direct veneer detail.","The highlighted region contains only a detail callout label (FB1) and a portion of a wall section. There is no visible evidence (finish labels, material callouts, or explicit brick/veneer detail) that directly identifies or references the Furnish & Install Brick Veneer System. OCR may show FB1, but the image evidence does not establish a direct association to the brick veneer bid item; it would be an indirect or unrelated reference if any."
region_000707,A-351,Masonry,Furnish & Install Brick Veneer System,FB1,DETAIL,NONE,FB1; D3 A-602,NONE,"The highlighted region contains labels/notes (FB1 and D3 A-602) within a wall-section detail near the roof eave. There is no visible brick veneer finish, brick masonry, or a brick veneer assembly depicted in this specific region. The region shows structural wall components, roof overhang, and related details, not the brick veneer system referenced by the Bid Item (Furnish & Install Brick Veneer System) or its associated exterior cladding details. Therefore, there is no direct evidence linking this exact region to the original bid item; any association would be indirect at best, which is not acceptable per the audit rules."
region_000710,A-351,Masonry,Furnish & Install Brick Veneer System,FB1,DETAIL,INDIRECT,FB1 (circular detail callout label),"The region only shows a circular callout labeled FB1 and does not contain any text or graphic directly describing Brick Veneer, brick veneer components, or a finish/installation element. There is no visible evidence in this region that identifies or locates the Furnish & Install Brick Veneer System itself. It appears to be a cross-reference to another detail on the sheet or plan, not a direct depiction of the brick veneer work.","The region contains a detail-callout symbol (FB1) rather than explicit finish/work identification for brick veneer. It does not visually identify the brick veneer system or its installation; at best it references another detail. Therefore, there is no direct evidence that this region independently represents the original bid item (Furnish & Install Brick Veneer System)."
region_000711,A-351,Masonry,Furnish & Install Brick Veneer System,FB1,FINISH_TAG,NONE,FB1,"Region shows only 'FB1' finish tag; no explicit 'Brick Veneer' wording, schedule reference, or graphic indication of brick veneer within the highlighted region.","The highlighted region contains a finish tag 'FB1' but provides no direct identification of brick veneer work. There is no explicit label, finish description, or detailing within this region that ties it unambiguously to the bid item 'Furnish & Install Brick Veneer System.'"
region_000712,A-351,Flashing and Sheet Metal,"Furnish & Install Gutters, Downspouts, and Associated Accessories",RW4,GRID_REFERENCE,NONE,RW4,"No direct evidence linking this region to gutters, downspouts, or associated accessories; the visible label is the grid/reference text 'RW4' rather than a bid-item identifier.","The highlighted region shows the grid reference 'RW4' and does not contain any explicit indication of gutter/downspout work, finishes, schedules, or detail entries directly associated with the bid item. Per the required criteria, a grid reference is not a bid-item indicator and provides no direct drawing evidence for Furnish & Install Gutters, Downspouts, and Associated Accessories."
region_000713,A-351,Flashing and Sheet Metal,"Furnish & Install Gutters, Downspouts, and Associated Accessories",RW4,DETAIL,NONE,RW4 (roof/wall detail marker),"No direct evidence of gutters, downspouts, or associated accessories in this region; the detail shows a roof/wall intersection with structural components and roofing assembly, but no gutter/downspout element or label tying to the bid item.","The highlighted region appears to be a roof-wall detail (A-351 Wall Sections) with RW4 marker. There is no visible gutter or downspout depiction, no annotation or symbol directly identifying gutters, downspouts, or related accessories. The bid item is Furnish & Install Gutters, Downspouts, and Associated Accessories, which requires direct depiction/labeling of that work in the region. Since the region does not provide direct evidence of gutters or downspouts, the association is not valid."
region_000714,A-351,Flashing and Sheet Metal,"Furnish & Install Gutters, Downspouts, and Associated Accessories",RW4,DETAIL,NONE,"Roof edge/eave construction detail showing roof deck/rafters and fascia; no gutter, downspout, or associated accessories visibly depicted.",NONE,"The highlighted region displays a roof-edge detail (eave) with structural members and fascia, but there is no explicit gutter, downspout, or accessory shown or labeled. The bid item is Furnish & Install Gutters, Downspouts, and Associated Accessories, which requires direct evidence of gutters/downspouts on the region. Since the region does not visibly identify or depict that work, there is no direct association to the bid item."
region_000716,A-351,Flashing and Sheet Metal,"Furnish & Install Gutters, Downspouts, and Associated Accessories",RW4,DETAIL,NONE,"Roof edge / eave area cross-section (RW4) showing roof assembly, fascia, and membrane; no gutters, downspouts, or gutter accessories visible.",NO,"The highlighted region visually depicts a roof-edge detail within a wall-section (RW4) and does not show or label gutters, downspouts, or any associated accessories. There is no explicit indication that this region references the bid item “Furnish & Install Gutters, Downspouts, and Associated Accessories.” By the audit rules, this constitutes no direct evidence for the bid item, and any association would be indirect at best, which is insufficient for a RIGHT decision."
region_000717,A-351,Flashing and Sheet Metal,Furnish & Install Self-Adhered and Flexible Flashing Membrane,SELF ADHERED FLASHING MEMBRANE,MATERIAL_TAG,NONE,SELF ADHERED FLASHING MEMBRANE,"The region shows a membrane type label within the Membrane Legend. It does not explicitly reference the bid item actions (Furnish & Install) or the full scope (Self-Adhered and Flexible) nor tie to a specific location/detail on the wall. It is a legend entry, not a direct work instruction or detail for the bid item.","The highlighted region is a membrane legend entry reading 'SELF ADHERED FLASHING MEMBRANE'. It is part of a legend on the General Notes page and does not itself identify the actual work to be performed (furnish & install) or the full scope (includes Flexible) of the bid item. There is no direct reference to the bid item as a task/location detail; at best it is a material type listed in a legend, which constitutes an indirect or no association rather than a direct one."
region_000718,A-351,Flashing and Sheet Metal,Furnish & Install Continuous Flexible Silicone Membrane Flashing,CONTINUOUS FLEXIBLE SILICONE MEMBRANE FLASHING,SPECIFICATION_TEXT,NONE,CONTINUOUS FLEXIBLE SILICONE MEMBRANE FLASHING (shown as an item in the Membrane Legend on Sheet A-351),"No direct evidence that the highlighted region itself identifies or labels the specific work to be performed at a location on the drawing. The text is part of a membrane legend describing a line type/material, not a callout for furnishing/installation at a defined region.","The highlighted region is part of a legend (Membrane Legend) listing types of membrane flashing. While the OCR text matches the bid item wording, the region does not directly identify a concrete work location, assembly, or finish tied to a specific region in the drawing. The Legend is a specification/notation aid, not a direct depiction or callout of the furnishing/installation work for this bid item. Per the rules, specification text in this context does not constitute direct evidence of the bid item for this specific region. Therefore, no direct association is established."
region_000728,A-351,Dampproofing and Waterproofing,Furnish & Install Fluid-Applied Waterproofing,FLUID-APPLIED WATERPROOFING,FINISH_TAG,NONE,FLUID-APPLIED WATERPROOFING,Legend/finish listing on the sheet; does not tie to a specific location or detail that shows installation of fluid-applied waterproofing for a below-grade area.,"The highlighted region appears to be a legend/finish label reading 'FLUID-APPLIED WATERPROOFING' rather than a region that directly identifies, locates, or references the actual below-grade waterproofing work. Specification text or legend entries are not direct evidence of the bid item in a specific drawing region, per the required direct association criteria."
region_000751,A-421,Drywall,Furnish & Install Wall Framing Continuous To Deck And As Per General Notes,G. ALL SOFFIT DIMENSIONS ARE TO FACE OF FINISH MATERIAL.,GENERAL_NOTE,NONE,G. ALL SOFFIT DIMENSIONS ARE TO FACE OF FINISH MATERIAL.,NONE,"The highlighted region contains a General Note about soffit dimensions and finish material, not a direct reference to the bid item. It does not identify, label, locate, or explicitly reference the original bid item (Furnish & Install Wall Framing Continuous To Deck). There is no direct evidence connecting this region to wall framing; any link would be indirect and not sufficient for a RIGHT association."
region_000752,A-421,Drywall,Furnish & Install Wall Framing Continuous To Deck And As Per General Notes,"I. FOR TYPICAL CEILING AND SEISMIC BRACING DETAILS, REFER TO A700s SHEET SERIES.",GENERAL_NOTE,NONE,GENERAL NOTES - ENLARGED FLOOR PLANS (header and related notes text),"No direct reference to Furnish & Install Wall Framing or Metal Framing; region shows general notes only (ceiling heights, finishes, etc.) and a stamp, not a bid-item label, schedule, or detail explicitly identifying wall framing.","1) The region is a GENERAL NOTES block labeled 'GENERAL NOTES - ENLARGED FLOOR PLANS' with bullet-type content about ceiling heights and related notes, not a component that directly names or details wall framing or metal framing. 2) There is no explicit text, label, schedule, or detail that identifiably corresponds to the Bid Item 'Furnish & Install Wall Framing Continuous To Deck And As Per General Notes' (Metal Framing). 3) Without relying on OCR hints, the visual evidence does not show a direct association to the bid item; the content is generic notes applicable to multiple aspects of the plan set. 4) Therefore, the region does not provide DIRECT evidence linking it to the bid item; the correct classification is NONE, and the overall decision is WRONG."
region_000754,A-421,Rough Carpentry,Furnish & Install Wood Blocking and Backing,D. PROVIDE REQUIRED BLOCKING AND SUPPORT FOR CEILING FANS AND ALL OTHER CEILING MOUNTED FIXTURES.,GENERAL_NOTE,NONE,D. PROVIDE REQUIRED BLOCKING AND SUPPORT FOR CEILING FANS AND ALL OTHER CEILING MOUNTED FIXTURES.,Region states generic blocking for ceiling fixtures; no explicit reference to 'WOOD BLOCKING' or 'BACKING' or the exact bid item phrasing.,"The region shows a general blocking requirement for ceiling fixtures but does not explicitly identify or reference the original bid item 'Furnish & Install Wood Blocking and Backing' (no 'wood' or 'backing' specified). Therefore there is no direct evidence tying this region to the bid item; at best it is an indirect/similar concept, not a direct association."
region_000755,A-421,Rough Carpentry,Furnish & Install Wood Blocking and Backing,"D. PROVIDE BACKING / SUPPORT FOR ALL MOUNTED FIXTURES, EQUIPMENT, CASEWORK, AND/OR SYSTEMS FURNITURE. COORDINATE WITH FLOOR PLANS, AND INTERIOR ELEVATIONS PRIOR TO THE COVERING OF STUD FRAMING. REFER TO MANUFACTURER'S RECOMMENDATIONS WHERE APPLICABLE, OTHERWISE REFER TO DETAILS ON A700s SHEET SERIES.",GENERAL_NOTE,INDIRECT,"D. PROVIDE BACKING / SUPPORT FOR ALL MOUNTED FIXTURES, EQUIPMENT, CASEWORK, AND/OR SYSTEMS FURNITURE. COORDINATE WITH FLOOR PLANS, AND INTERIOR ELEVATIONS PRIOR TO THE COVERING OF STUD FRAMING. REFER TO MANUFACTURER'S RECOMMENDATIONS WHERE APPLICABLE, OTHERWISE REFER TO DETAILS ON A700S SHEET SERIES.",No explicit reference to 'Furnish & Install Wood Blocking and Backing' or to a specific 'Blocking' detail; the text only states a general backing requirement.,"The region is a general note about backing for fixtures/equipment and does not directly identify or label the bid item (Furnish & Install Wood Blocking and Backing). It does not explicitly reference 'wood blocking' or an associated detail/schedule that maps unambiguously to the bid item. Therefore, it does not meet the DIRECT association requirement; the link is only indirect."
region_000756,A-421,Rough Carpentry,Furnish & Install Wood Blocking and Backing,"D. PROVIDE BACKING / SUPPORT FOR ALL MOUNTED FIXTURES, EQUIPMENT, CASEWORK, AND/OR SYSTEMS FURNITURE. COORDINATE WITH FLOOR PLANS, AND INTERIOR ELEVATIONS PRIOR TO THE COVERING OF STUD FRAMING. REFER TO MANUFACTURER'S RECOMMENDATIONS WHERE APPLICABLE, OTHERWISE REFER TO DETAILS ON A700s SHEET SERIES.",GENERAL_NOTE,INDIRECT,"D. PROVIDE BACKING / SUPPORT FOR ALL MOUNTED FIXTURES, EQUIPMENT, CASEWORK, AND/OR SYSTEMS FURNITURE. COORDINATE WITH FLOOR PLANS, AND INTERIOR ELEVATIONS PRIOR TO THE COVERING OF STUD FRAMING. REFER TO MANUFACTURER'S RECOMMENDATIONS WHERE APPLICABLE, OTHERWISE REFER TO DETAILS ON A700s SHEET SERIES.","Contains the word BACKING and discusses backing/support for fixtures, which conceptually aligns with the 'Backing' portion of the bid item but does not explicitly state or illustrate 'WOOD BLOCKING' or tie to a specific location/detail for blocking.","The region explicitly mentions BACKING as a requirement, which relates to part of the bid item, but it does not explicitly identify 'Wood Blocking' nor link to a specific location, finish, or detail that would prove a direct association to the ORIGINAL BID ITEM as furnished. It is a general note rather than a direct depiction of the wood blocking/work."
region_000758,A-421,Flashing and Sheet Metal,"Furnish & Install Gutters, Downspouts, and Associated Accessories",DS,PLAN_GEOMETRY,NONE,"Bathroom interior fixture layout (tub, toilet, sink) within the bath area of Unit 2 finish floor plan.","No direct evidence of gutters, downspouts, or associated accessories in this region; no finishing or equipment tags pointing to exterior drainage components.","The highlighted region shows an interior bathroom layout with plumbing fixtures, not any gutter or downspout work. There is no direct indication (label, symbol, or detail) that ties this region to the bid item 'Furnish & Install Gutters, Downspouts, and Associated Accessories'. OCR text is not considered decisive evidence, and the region does not explicitly reference the bid item."
region_000761,A-421,"Doors, Frames & Hardware",Furnish & Install Coordination For Reversed Door Handings In Mirrored Units,SOME UNITS MAY BE MIRRORED IN OVERALL PLANS OR UNIT SCHEDULE. DOOR HANDINGS AND LOCKSETS WILL BE REVERSED.,GENERAL_NOTE,INDIRECT,SOME UNITS MAY BE MIRRORED IN OVERALL PLANS OR UNIT SCHEDULE. DOOR HANDINGS AND LOCKSETS WILL BE REVERSED.,NONE,"The highlighted text is a general note about potential unit mirroring and reversed door handings. It does not label, identify, or explicitly reference the specific bid item work (Furnish & Install Coordination For Reversed Door Handings In Mirrored Units) as a task or detail. Although it mentions reversed handings, it is not a direct coordinate/install instruction or schedule entry for the bid item, so the association is indirect rather than direct."
region_000762,A-421,"Doors, Frames & Hardware",Furnish & Install Coordination For Reversed Door Handings In Mirrored Units,"I. WHERE DOOR LOCATIONS ARE NOT DIMENSIONED, SEE DETAILS REFERENCED IN DOOR SCHEDULE BY SPECIFIC CONDITION. OTHERWISE, THE HINGE SIDE OF DOOR ROUGH OPENINGS SHALL BE LOCATED 4"" FROM THE ADJACENT PERPENDICULAR WALL, SUBJECT TO MAINTENANCE OF REQUIRED ADA CLEARANCES REFERENCED IN THE G700s SHEET SERIES.",GENERAL_NOTE,INDIRECT,"I. WHERE DOOR LOCATIONS ARE NOT DIMENSIONED, SEE DETAILS REFERENCED IN DOOR SCHEDULE BY SPECIFIC CONDITION. OTHERWISE, THE HINGE SIDE OF DOOR ROUGH OPENINGS SHALL BE LOCATED 4"" FROM THE ADJACENT PERPENDICULAR WALL, SUBJECT TO MAINTENANCE OF REQUIRED ADA CLEARANCES REFERENCED IN THE G700s SHEET SERIES.",No direct evidence linking to Bid Item: Furnish & Install Coordination For Reversed Door Handings In Mirrored Units.,"The region shown is a GENERAL NOTE about door locations and hinge-side offsets, referencing the door schedule and ADA clearances. It does not explicitly identify, label, or indicate any coordination task specific to reversed door handings in mirrored units. Therefore there is no direct evidence connecting this region to the bid item; any relevance is indirect at best."
region_000772,A-421,Flooring,Furnish & Install Rubber Base,RB-1,FINISH_TAG,NONE,RB-1,"RB-1 is visible as a finish tag adjacent to the base/finish area, but the region does not display the explicit designation 'Rubber Base' nor a schedule entry mapping RB-1 to the bid item. There is no direct text or schedule reference in this region that proves RB-1 corresponds to 'Furnish & Install Rubber Base' without cross-referencing a separate finish schedule on the sheet.","The region shows a finish tag 'RB-1' at the base area, which is a finish-tag notation. However, there is no direct evidence on this region itself that RB-1 equals 'Rubber Base' (no explicit material name or schedule item shown). Direct association would require visible text or a clearly labeled schedule entry tying RB-1 to the bid item. Without that, the evidence is insufficient for a direct association."
region_000783,A-421,Flooring,Furnish & Install Carpet,LIVING A GB-1 P-1 RB-1 C-1 180 SF,ROOM_LABEL,NONE,LIVING A GB-1 P-1 RB-1 C-1 180 SF,,"The highlighted region shows the room label 'LIVING A' with an area annotation '180 SF' and accompanying codes (GB-1 P-1 RB-1 C-1). There is no explicit reference to carpet or a finish/tag that directly assigns carpet to this region. A ROOM_LABEL with area alone does not establish the bid item (Furnish & Install Carpet) per the guidelines; there is no 'CARPET', finish schedule entry, or finish tag directly linking this region to carpet. Therefore, there is no direct evidence connecting this region to the bid item, and the association is NONE (WRONG)."
region_000784,A-421,Flooring,Furnish & Install Carpet,BEDROOM G GB-1 P-1 CB-1 C-1 128 SF,ROOM_LABEL,NONE,BEDROOM G GB-1 P-1 CB-1 C-1 128 SF,No explicit carpet/floor finish callout visible. The region shows only a BEDROOM room label with associated codes and an area value (128 SF); there is no direct reference to carpet or finish specific to the bid item.,The region contains only a room label (BEDROOM) and an area value; there is no explicit finish indicator such as CARPET or a carpet finish tag. Special rules require a direct association to the bid item; a room label alone does not establish carpet installation. Therefore this region does not directly represent the Furnish & Install Carpet bid item.
region_000785,A-421,Flooring,Furnish & Install Carpet,PRIMARY BEDROOM F GB-1 P-1 CB-1 C-1 141 SF,ROOM_LABEL,NONE,"PRIMARY BEDROOM label with area 141 SF; appears to be a room label block (GB-1, P-1, CB-1, C-1 codes visible in the region).","No direct evidence of carpet or carpet finish (no 'CARPET', 'CARPET C-1', or carpet-related finish tag) within the highlighted region.","The region contains the room name 'PRIMARY BEDROOM' and an area '141 SF' with small tag codes, but it does not show any carpet finish, carpet schedule, or finish tag directly linking to the bid item 'Furnish & Install Carpet'. According to the ROOM_LABEL special rule, a room name alone does not establish the bid item, and there is no explicit finish/work reference for carpet in this region. Therefore the association is not direct and is considered WRONG with high confidence."
region_000787,A-421,Flooring,Furnish & Install Carpet Base,PRIMARY BEDROOM F GB-1 P-1 CB-1 C-1 141 SF,ROOM_LABEL,NONE,PRIMARY BEDROOM,"The region shows only a room label (PRIMARY BEDROOM) with a small schedule block and area (141 SF); there is no explicit finish tag, base/trim indication, or label referencing carpet base.","The highlighted region contains a room label and area, not a carpet base finish or baseboard detail. There is no direct evidence (e.g., finish tag, baseboard symbol, or note) that ties this region to the bid item (Furnish & Install Carpet Base). A room label alone does not establish the bid item, and no direct reference to carpet base is visible in the region."
